id,document,canton,year,n,form,depos,delemma,lang,list
w_DE_BE_2010_44113,DE_BE,BE,2010,44113,Bewegungen,NN,Bewegung,DE,lemmesMotiliteDE
w_DE_LU_2025_9556,DE_LU,LU,2025,9556,Bewegungen,NN,Bewegung,DE,lemmesMotiliteDE
w_DE_GL_2025_24656,DE_GL,GL,2025,24656,Bewegung,NN,Bewegung,DE,lemmesMotiliteDE
w_DE_BS_2024_3349,DE_BS,BS,2024,3349,Bewegung,NN,Bewegung,DE,lemmesMotiliteDE
w_DE_BS_2024_9705,DE_BS,BS,2024,9705,Bewegung,NN,Bewegung,DE,lemmesMotiliteDE
w_DE_BS_2024_10042,DE_BS,BS,2024,10042,Bewegung,NN,Bewegung,DE,lemmesMotiliteDE
w_DE_BS_2024_10470,DE_BS,BS,2024,10470,Bewegung,NN,Bewegung,DE,lemmesMotiliteDE
w_DE_BS_2024_10481,DE_BS,BS,2024,10481,Bewegung,NN,Bewegung,DE,lemmesMotiliteDE
w_DE_BS_2024_17564,DE_BS,BS,2024,17564,Bewegung,NN,Bewegung,DE,lemmesMotiliteDE
w_DE_BS_2024_17591,DE_BS,BS,2024,17591,Bewegung,NN,Bewegung,DE,lemmesMotiliteDE
w_DE_BS_2024_17725,DE_BS,BS,2024,17725,Bewegung,NN,Bewegung,DE,lemmesMotiliteDE
w_DE_BS_2024_17741,DE_BS,BS,2024,17741,Bewegung,NN,Bewegung,DE,lemmesMotiliteDE
w_DE_BS_2024_17927,DE_BS,BS,2024,17927,Bewegung,NN,Bewegung,DE,lemmesMotiliteDE
w_DE_BS_2024_17996,DE_BS,BS,2024,17996,Bewegung,NN,Bewegung,DE,lemmesMotiliteDE
w_DE_BS_2024_18007,DE_BS,BS,2024,18007,Bewegung,NN,Bewegung,DE,lemmesMotiliteDE
w_DE_BS_2024_21992,DE_BS,BS,2024,21992,Bewegungen,NN,Bewegung,DE,lemmesMotiliteDE
w_DE_BS_2024_22828,DE_BS,BS,2024,22828,Bewegungen,NN,Bewegung,DE,lemmesMotiliteDE
w_DE_BS_2024_22846,DE_BS,BS,2024,22846,Bewegungen,NN,Bewegung,DE,lemmesMotiliteDE
w_DE_ZG_2025_3780,DE_ZG,ZG,2025,3780,Bewegungen,NN,Bewegung,DE,lemmesMotiliteDE
w_DE_BE_2008_40884,DE_BE,BE,2008,40884,Bewegungen,NN,Bewegung,DE,lemmesMotiliteDE
w_DE_BE_2002_37110,DE_BE,BE,2002,37110,Bewegungen,NN,Bewegung,DE,lemmesMotiliteDE
w_DE_BS_2010_823,DE_BS,BS,2010,823,Bewegung,NN,Bewegung,DE,lemmesMotiliteDE
w_DE_BS_2010_22684,DE_BS,BS,2010,22684,Bewegung,NN,Bewegung,DE,lemmesMotiliteDE
w_DE_BS_2010_22749,DE_BS,BS,2010,22749,Bewegung,NN,Bewegung,DE,lemmesMotiliteDE
w_DE_BS_2010_23005,DE_BS,BS,2010,23005,Bewegung,NN,Bewegung,DE,lemmesMotiliteDE
w_DE_BS_2010_23505,DE_BS,BS,2010,23505,Bewegung,NN,Bewegung,DE,lemmesMotiliteDE
w_DE_BS_2010_23544,DE_BS,BS,2010,23544,Bewegung,NN,Bewegung,DE,lemmesMotiliteDE
w_DE_BS_2010_33614,DE_BS,BS,2010,33614,Bewegungen,NN,Bewegung,DE,lemmesMotiliteDE
w_DE_BS_2010_62770,DE_BS,BS,2010,62770,Bewegung,NN,Bewegung,DE,lemmesMotiliteDE
w_DE_BS_2010_62840,DE_BS,BS,2010,62840,Bewegung,NN,Bewegung,DE,lemmesMotiliteDE
w_DE_BS_2010_62996,DE_BS,BS,2010,62996,Bewegung,NN,Bewegung,DE,lemmesMotiliteDE
w_DE_BS_2025_6323,DE_BS,BS,2025,6323,Bewegung,NN,Bewegung,DE,lemmesMotiliteDE
w_DE_BS_2025_14720,DE_BS,BS,2025,14720,Bewegung,NN,Bewegung,DE,lemmesMotiliteDE
w_DE_BS_2025_15057,DE_BS,BS,2025,15057,Bewegung,NN,Bewegung,DE,lemmesMotiliteDE
w_DE_BS_2025_15480,DE_BS,BS,2025,15480,Bewegung,NN,Bewegung,DE,lemmesMotiliteDE
w_DE_BS_2025_15491,DE_BS,BS,2025,15491,Bewegung,NN,Bewegung,DE,lemmesMotiliteDE
w_DE_BS_2025_20304,DE_BS,BS,2025,20304,Bewegung,NN,Bewegung,DE,lemmesMotiliteDE
w_DE_BS_2025_26600,DE_BS,BS,2025,26600,Bewegung,NN,Bewegung,DE,lemmesMotiliteDE
w_DE_BS_2025_26627,DE_BS,BS,2025,26627,Bewegung,NN,Bewegung,DE,lemmesMotiliteDE
w_DE_BS_2025_26775,DE_BS,BS,2025,26775,Bewegung,NN,Bewegung,DE,lemmesMotiliteDE
w_DE_BS_2025_26791,DE_BS,BS,2025,26791,Bewegung,NN,Bewegung,DE,lemmesMotiliteDE
w_DE_BS_2025_26977,DE_BS,BS,2025,26977,Bewegung,NN,Bewegung,DE,lemmesMotiliteDE
w_DE_BS_2025_27049,DE_BS,BS,2025,27049,Bewegung,NN,Bewegung,DE,lemmesMotiliteDE
w_DE_BS_2025_27060,DE_BS,BS,2025,27060,Bewegung,NN,Bewegung,DE,lemmesMotiliteDE
w_DE_BS_2025_33832,DE_BS,BS,2025,33832,Bewegungen,NN,Bewegung,DE,lemmesMotiliteDE
w_DE_BS_2025_34659,DE_BS,BS,2025,34659,Bewegungen,NN,Bewegung,DE,lemmesMotiliteDE
w_DE_BS_2025_34677,DE_BS,BS,2025,34677,Bewegungen,NN,Bewegung,DE,lemmesMotiliteDE
w_DE_BE_2004_37225,DE_BE,BE,2004,37225,Bewegungen,NN,Bewegung,DE,lemmesMotiliteDE
w_DE_SH_2021_61035,DE_SH,SH,2021,61035,Bewegung,NN,Bewegung,DE,lemmesMotiliteDE
w_DE_SH_2021_61055,DE_SH,SH,2021,61055,Bewegung,NN,Bewegung,DE,lemmesMotiliteDE
w_DE_SH_2021_61099,DE_SH,SH,2021,61099,Bewegung,NN,Bewegung,DE,lemmesMotiliteDE
w_DE_SH_2021_61111,DE_SH,SH,2021,61111,Bewegung,NN,Bewegung,DE,lemmesMotiliteDE
w_DE_BE_2006_41401,DE_BE,BE,2006,41401,Bewegungen,NN,Bewegung,DE,lemmesMotiliteDE
w_DE_BE_2013_43316,DE_BE,BE,2013,43316,Bewegungen,NN,Bewegung,DE,lemmesMotiliteDE
w_DE_AG_1996_36549,DE_AG,AG,1996,36549,Bewegungen,NN,Bewegung,DE,lemmesMotiliteDE
w_DE_AG_1996_36554,DE_AG,AG,1996,36554,Bewegungen,NN,Bewegung,DE,lemmesMotiliteDE
w_DE_AG_1996_37089,DE_AG,AG,1996,37089,Bewegungen,NN,Bewegung,DE,lemmesMotiliteDE
w_DE_AG_1996_37094,DE_AG,AG,1996,37094,Bewegungen,NN,Bewegung,DE,lemmesMotiliteDE
w_DE_BE_2012_44120,DE_BE,BE,2012,44120,Bewegungen,NN,Bewegung,DE,lemmesMotiliteDE
w_DE_BS_2012_23100,DE_BS,BS,2012,23100,Bewegung,NN,Bewegung,DE,lemmesMotiliteDE
w_DE_BS_2012_23165,DE_BS,BS,2012,23165,Bewegung,NN,Bewegung,DE,lemmesMotiliteDE
w_DE_BS_2012_23427,DE_BS,BS,2012,23427,Bewegung,NN,Bewegung,DE,lemmesMotiliteDE
w_DE_BS_2012_23936,DE_BS,BS,2012,23936,Bewegung,NN,Bewegung,DE,lemmesMotiliteDE
w_DE_BS_2012_23975,DE_BS,BS,2012,23975,Bewegung,NN,Bewegung,DE,lemmesMotiliteDE
w_DE_BS_2012_36512,DE_BS,BS,2012,36512,Bewegungen,NN,Bewegung,DE,lemmesMotiliteDE
w_DE_BS_2018_13565,DE_BS,BS,2018,13565,Bewegung,NN,Bewegung,DE,lemmesMotiliteDE
w_DE_BS_2018_13879,DE_BS,BS,2018,13879,Bewegung,NN,Bewegung,DE,lemmesMotiliteDE
w_DE_BS_2018_14311,DE_BS,BS,2018,14311,Bewegung,NN,Bewegung,DE,lemmesMotiliteDE
w_DE_BS_2018_14322,DE_BS,BS,2018,14322,Bewegung,NN,Bewegung,DE,lemmesMotiliteDE
w_DE_BS_2018_29978,DE_BS,BS,2018,29978,Bewegung,NN,Bewegung,DE,lemmesMotiliteDE
w_DE_BS_2018_30086,DE_BS,BS,2018,30086,Bewegung,NN,Bewegung,DE,lemmesMotiliteDE
w_DE_BS_2018_34598,DE_BS,BS,2018,34598,Bewegungen,NN,Bewegung,DE,lemmesMotiliteDE
w_DE_TG_2018_48371,DE_TG,TG,2018,48371,Einzugsgebieten,NN,Einzugsgebiet,DE,lemmesMotiliteDE
w_DE_AG_2025_38361,DE_AG,AG,2025,38361,Einzugsgebieten,NN,Einzugsgebiet,DE,lemmesMotiliteDE
w_DE_AG_2025_38802,DE_AG,AG,2025,38802,Einzugsgebieten,NN,Einzugsgebiet,DE,lemmesMotiliteDE
w_DE_AG_2025_38844,DE_AG,AG,2025,38844,Einzugsgebiet,NN,Einzugsgebiet,DE,lemmesMotiliteDE
w_DE_AG_2025_39178,DE_AG,AG,2025,39178,Einzugsgebieten,NN,Einzugsgebiet,DE,lemmesMotiliteDE
w_DE_AG_2025_53490,DE_AG,AG,2025,53490,Einzugsgebiet,NN,Einzugsgebiet,DE,lemmesMotiliteDE
w_DE_AG_2025_77704,DE_AG,AG,2025,77704,Einzugsgebiet,NN,Einzugsgebiet,DE,lemmesMotiliteDE
w_DE_AG_2025_84659,DE_AG,AG,2025,84659,Einzugsgebiet,NN,Einzugsgebiet,DE,lemmesMotiliteDE
w_DE_AG_2025_91548,DE_AG,AG,2025,91548,Einzugsgebiet,NN,Einzugsgebiet,DE,lemmesMotiliteDE
w_DE_AG_2025_91751,DE_AG,AG,2025,91751,Einzugsgebiete,NN,Einzugsgebiet,DE,lemmesMotiliteDE
w_DE_AG_2025_91769,DE_AG,AG,2025,91769,Einzugsgebiete,NN,Einzugsgebiet,DE,lemmesMotiliteDE
w_DE_AG_2025_91792,DE_AG,AG,2025,91792,Einzugsgebiet,NN,Einzugsgebiet,DE,lemmesMotiliteDE
w_DE_AG_2025_91818,DE_AG,AG,2025,91818,Einzugsgebiet,NN,Einzugsgebiet,DE,lemmesMotiliteDE
w_DE_AG_2025_91835,DE_AG,AG,2025,91835,Einzugsgebiet,NN,Einzugsgebiet,DE,lemmesMotiliteDE
w_DE_AG_2025_91876,DE_AG,AG,2025,91876,Einzugsgebiete,NN,Einzugsgebiet,DE,lemmesMotiliteDE
w_DE_AG_2025_91890,DE_AG,AG,2025,91890,Einzugsgebiet,NN,Einzugsgebiet,DE,lemmesMotiliteDE
w_DE_AG_2025_91909,DE_AG,AG,2025,91909,Einzugsgebiete,NN,Einzugsgebiet,DE,lemmesMotiliteDE
w_DE_AG_2025_91929,DE_AG,AG,2025,91929,Einzugsgebiet,NN,Einzugsgebiet,DE,lemmesMotiliteDE
w_DE_AG_2025_92036,DE_AG,AG,2025,92036,Einzugsgebiet,NN,Einzugsgebiet,DE,lemmesMotiliteDE
w_DE_AG_2025_92048,DE_AG,AG,2025,92048,Einzugsgebiet,NN,Einzugsgebiet,DE,lemmesMotiliteDE
w_DE_BS_1986_26938,DE_BS,BS,1986,26938,Einzugsgebiet,NN,Einzugsgebiet,DE,lemmesMotiliteDE
w_DE_BS_1986_33535,DE_BS,BS,1986,33535,Einzugsgebiet,NN,Einzugsgebiet,DE,lemmesMotiliteDE
w_DE_BE_2010_17213,DE_BE,BE,2010,17213,Einzugsgebiet,NN,Einzugsgebiet,DE,lemmesMotiliteDE
w_DE_BE_2010_17534,DE_BE,BE,2010,17534,Einzugsgebiet,NN,Einzugsgebiet,DE,lemmesMotiliteDE
w_DE_BE_2010_47915,DE_BE,BE,2010,47915,Einzugsgebiet,NN,Einzugsgebiet,DE,lemmesMotiliteDE
w_DE_BE_2010_58588,DE_BE,BE,2010,58588,Einzugsgebiet,NN,Einzugsgebiet,DE,lemmesMotiliteDE
w_DE_AR_1987_48280,DE_AR,AR,1987,48280,Einzugsgebiet,NN,Einzugsgebiet,DE,lemmesMotiliteDE
w_DE_LU_2025_9382,DE_LU,LU,2025,9382,Einzugsgebiets,NN,Einzugsgebiet,DE,lemmesMotiliteDE
w_DE_LU_2025_9473,DE_LU,LU,2025,9473,Einzugsgebiet,NN,Einzugsgebiet,DE,lemmesMotiliteDE
w_DE_LU_2025_12321,DE_LU,LU,2025,12321,Einzugsgebiet,NN,Einzugsgebiet,DE,lemmesMotiliteDE
w_DE_LU_2025_14823,DE_LU,LU,2025,14823,Einzugsgebiet,NN,Einzugsgebiet,DE,lemmesMotiliteDE
w_DE_LU_2025_17177,DE_LU,LU,2025,17177,Einzugsgebiets,NN,Einzugsgebiet,DE,lemmesMotiliteDE
w_DE_LU_2025_31443,DE_LU,LU,2025,31443,Einzugsgebiet,NN,Einzugsgebiet,DE,lemmesMotiliteDE
w_DE_LU_2025_40526,DE_LU,LU,2025,40526,Einzugsgebiet,NN,Einzugsgebiet,DE,lemmesMotiliteDE
w_DE_LU_2025_44548,DE_LU,LU,2025,44548,Einzugsgebiet,NN,Einzugsgebiet,DE,lemmesMotiliteDE
w_DE_LU_2025_44919,DE_LU,LU,2025,44919,Einzugsgebiete,NN,Einzugsgebiet,DE,lemmesMotiliteDE
w_DE_NW_2024_36056,DE_NW,NW,2024,36056,Einzugsgebiete,NN,Einzugsgebiet,DE,lemmesMotiliteDE
w_DE_NW_2024_67905,DE_NW,NW,2024,67905,Einzugsgebietes,NN,Einzugsgebiet,DE,lemmesMotiliteDE
w_DE_AI_2011_2328,DE_AI,AI,2011,2328,Einzugsgebiet,NN,Einzugsgebiet,DE,lemmesMotiliteDE
w_DE_SO_2023_24432,DE_SO,SO,2023,24432,Einzugsgebiet,NN,Einzugsgebiet,DE,lemmesMotiliteDE
w_DE_SO_2023_51940,DE_SO,SO,2023,51940,Einzugsgebieten,NN,Einzugsgebiet,DE,lemmesMotiliteDE
w_DE_SO_2023_54089,DE_SO,SO,2023,54089,Einzugsgebieten,NN,Einzugsgebiet,DE,lemmesMotiliteDE
w_DE_SO_2023_54147,DE_SO,SO,2023,54147,Einzugsgebiete,NN,Einzugsgebiet,DE,lemmesMotiliteDE
w_DE_SO_2023_65260,DE_SO,SO,2023,65260,Einzugsgebiete,NN,Einzugsgebiet,DE,lemmesMotiliteDE
w_DE_OW_2006_17461,DE_OW,OW,2006,17461,Einzugsgebiet,NN,Einzugsgebiet,DE,lemmesMotiliteDE
w_DE_OW_2006_26939,DE_OW,OW,2006,26939,Einzugsgebiet,NN,Einzugsgebiet,DE,lemmesMotiliteDE
w_DE_UR_2023_21417,DE_UR,UR,2023,21417,Einzugsgebietes,NN,Einzugsgebiet,DE,lemmesMotiliteDE
w_DE_UR_2023_41070,DE_UR,UR,2023,41070,Einzugsgebiete,NN,Einzugsgebiet,DE,lemmesMotiliteDE
w_DE_UR_2023_41221,DE_UR,UR,2023,41221,Einzugsgebiete,NN,Einzugsgebiet,DE,lemmesMotiliteDE
w_DE_UR_2023_41410,DE_UR,UR,2023,41410,Einzugsgebiete,NN,Einzugsgebiet,DE,lemmesMotiliteDE
w_DE_UR_2023_48370,DE_UR,UR,2023,48370,Einzugsgebiet,NN,Einzugsgebiet,DE,lemmesMotiliteDE
w_DE_UR_2023_49630,DE_UR,UR,2023,49630,Einzugsgebiets,NN,Einzugsgebiet,DE,lemmesMotiliteDE
w_DE_UR_2023_49757,DE_UR,UR,2023,49757,Einzugsgebietes,NN,Einzugsgebiet,DE,lemmesMotiliteDE
w_DE_GL_2025_4956,DE_GL,GL,2025,4956,Einzugsgebiet,NN,Einzugsgebiet,DE,lemmesMotiliteDE
w_DE_GL_2025_6175,DE_GL,GL,2025,6175,Einzugsgebiet,NN,Einzugsgebiet,DE,lemmesMotiliteDE
w_DE_GL_2025_11794,DE_GL,GL,2025,11794,Einzugsgebiet,NN,Einzugsgebiet,DE,lemmesMotiliteDE
w_DE_SZ_2008_8087,DE_SZ,SZ,2008,8087,Einzugsgebiet,NN,Einzugsgebiet,DE,lemmesMotiliteDE
w_DE_SZ_2008_17665,DE_SZ,SZ,2008,17665,Einzugsgebieten,NN,Einzugsgebiet,DE,lemmesMotiliteDE
w_DE_SZ_2008_20332,DE_SZ,SZ,2008,20332,Einzugsgebiet,NN,Einzugsgebiet,DE,lemmesMotiliteDE
w_DE_BS_2019_17671,DE_BS,BS,2019,17671,Einzugsgebiets,NN,Einzugsgebiet,DE,lemmesMotiliteDE
w_DE_BS_2024_22717,DE_BS,BS,2024,22717,Einzugsgebiet,NN,Einzugsgebiet,DE,lemmesMotiliteDE
w_DE_BS_2024_36510,DE_BS,BS,2024,36510,Einzugsgebiete,NN,Einzugsgebiet,DE,lemmesMotiliteDE
w_DE_BS_2024_36782,DE_BS,BS,2024,36782,Einzugsgebiets,NN,Einzugsgebiet,DE,lemmesMotiliteDE
w_DE_BS_2024_37188,DE_BS,BS,2024,37188,Einzugsgebiet,NN,Einzugsgebiet,DE,lemmesMotiliteDE
w_DE_ZG_2004_30036,DE_ZG,ZG,2004,30036,Einzugsgebiet,NN,Einzugsgebiet,DE,lemmesMotiliteDE
w_DE_BE_2008_21491,DE_BE,BE,2008,21491,Einzugsgebiet,NN,Einzugsgebiet,DE,lemmesMotiliteDE
w_DE_BE_2008_44957,DE_BE,BE,2008,44957,Einzugsgebiet,NN,Einzugsgebiet,DE,lemmesMotiliteDE
w_DE_BE_2002_20470,DE_BE,BE,2002,20470,Einzugsgebiet,NN,Einzugsgebiet,DE,lemmesMotiliteDE
w_DE_SZ_2004_7195,DE_SZ,SZ,2004,7195,Einzugsgebiet,NN,Einzugsgebiet,DE,lemmesMotiliteDE
w_DE_BS_2010_15827,DE_BS,BS,2010,15827,Einzugsgebiet,NN,Einzugsgebiet,DE,lemmesMotiliteDE
w_DE_BS_2010_21612,DE_BS,BS,2010,21612,Einzugsgebiet,NN,Einzugsgebiet,DE,lemmesMotiliteDE
w_DE_BS_2010_21636,DE_BS,BS,2010,21636,Einzugsgebiet,NN,Einzugsgebiet,DE,lemmesMotiliteDE
w_DE_BS_2010_25686,DE_BS,BS,2010,25686,Einzugsgebiet,NN,Einzugsgebiet,DE,lemmesMotiliteDE
w_DE_BS_2010_47323,DE_BS,BS,2010,47323,Einzugsgebiets,NN,Einzugsgebiet,DE,lemmesMotiliteDE
w_DE_BS_2010_52018,DE_BS,BS,2010,52018,Einzugsgebiet,NN,Einzugsgebiet,DE,lemmesMotiliteDE
w_DE_BS_2010_52733,DE_BS,BS,2010,52733,Einzugsgebiete,NN,Einzugsgebiet,DE,lemmesMotiliteDE
w_DE_BS_2010_52758,DE_BS,BS,2010,52758,Einzugsgebietes,NN,Einzugsgebiet,DE,lemmesMotiliteDE
w_DE_BS_2010_59530,DE_BS,BS,2010,59530,Einzugsgebiet,NN,Einzugsgebiet,DE,lemmesMotiliteDE
w_DE_BS_2010_76879,DE_BS,BS,2010,76879,Einzugsgebiete,NN,Einzugsgebiet,DE,lemmesMotiliteDE
w_DE_BS_2010_76888,DE_BS,BS,2010,76888,Einzugsgebiet,NN,Einzugsgebiet,DE,lemmesMotiliteDE
w_DE_BS_2010_77207,DE_BS,BS,2010,77207,Einzugsgebieten,NN,Einzugsgebiet,DE,lemmesMotiliteDE
w_DE_SZ_2010_5161,DE_SZ,SZ,2010,5161,Einzugsgebiet,NN,Einzugsgebiet,DE,lemmesMotiliteDE
w_DE_OW_1987_47368,DE_OW,OW,1987,47368,Einzugsgebiet,NN,Einzugsgebiet,DE,lemmesMotiliteDE
w_DE_OW_1987_47389,DE_OW,OW,1987,47389,Einzugsgebietes,NN,Einzugsgebiet,DE,lemmesMotiliteDE
w_DE_LU_2009_15695,DE_LU,LU,2009,15695,Einzugsgebietes,NN,Einzugsgebiet,DE,lemmesMotiliteDE
w_DE_LU_2009_16512,DE_LU,LU,2009,16512,Einzugsgebiet,NN,Einzugsgebiet,DE,lemmesMotiliteDE
w_DE_LU_2009_37272,DE_LU,LU,2009,37272,Einzugsgebietes,NN,Einzugsgebiet,DE,lemmesMotiliteDE
w_DE_LU_2009_37595,DE_LU,LU,2009,37595,Einzugsgebiet,NN,Einzugsgebiet,DE,lemmesMotiliteDE
w_DE_LU_2009_37877,DE_LU,LU,2009,37877,Einzugsgebieten,NN,Einzugsgebiet,DE,lemmesMotiliteDE
w_DE_LU_2009_52550,DE_LU,LU,2009,52550,Einzugsgebiete,NN,Einzugsgebiet,DE,lemmesMotiliteDE
w_DE_LU_2009_58161,DE_LU,LU,2009,58161,Einzugsgebiet,NN,Einzugsgebiet,DE,lemmesMotiliteDE
w_DE_LU_2009_59360,DE_LU,LU,2009,59360,Einzugsgebietes,NN,Einzugsgebiet,DE,lemmesMotiliteDE
w_DE_LU_2009_61466,DE_LU,LU,2009,61466,Einzugsgebiet,NN,Einzugsgebiet,DE,lemmesMotiliteDE
w_DE_LU_2009_68188,DE_LU,LU,2009,68188,Einzugsgebiet,NN,Einzugsgebiet,DE,lemmesMotiliteDE
w_DE_LU_2009_68213,DE_LU,LU,2009,68213,Einzugsgebiet,NN,Einzugsgebiet,DE,lemmesMotiliteDE
w_DE_LU_2009_68227,DE_LU,LU,2009,68227,Einzugsgebietes,NN,Einzugsgebiet,DE,lemmesMotiliteDE
w_DE_SH_2004_30775,DE_SH,SH,2004,30775,Einzugsgebiet,NN,Einzugsgebiet,DE,lemmesMotiliteDE
w_DE_SH_2004_68750,DE_SH,SH,2004,68750,Einzugsgebiet,NN,Einzugsgebiet,DE,lemmesMotiliteDE
w_DE_SH_2004_69268,DE_SH,SH,2004,69268,Einzugsgebiet,NN,Einzugsgebiet,DE,lemmesMotiliteDE
w_DE_SH_2004_104159,DE_SH,SH,2004,104159,Einzugsgebiet,NN,Einzugsgebiet,DE,lemmesMotiliteDE
w_DE_BS_2025_23752,DE_BS,BS,2025,23752,Einzugsgebiet,NN,Einzugsgebiet,DE,lemmesMotiliteDE
w_DE_BS_2025_24913,DE_BS,BS,2025,24913,Einzugsgebiet,NN,Einzugsgebiet,DE,lemmesMotiliteDE
w_DE_BS_2025_24937,DE_BS,BS,2025,24937,Einzugsgebiet,NN,Einzugsgebiet,DE,lemmesMotiliteDE
w_DE_BS_2025_34548,DE_BS,BS,2025,34548,Einzugsgebiet,NN,Einzugsgebiet,DE,lemmesMotiliteDE
w_DE_BS_2025_63304,DE_BS,BS,2025,63304,Einzugsgebiets,NN,Einzugsgebiet,DE,lemmesMotiliteDE
w_DE_BS_2025_69034,DE_BS,BS,2025,69034,Einzugsgebiete,NN,Einzugsgebiet,DE,lemmesMotiliteDE
w_DE_BS_2025_69301,DE_BS,BS,2025,69301,Einzugsgebiets,NN,Einzugsgebiet,DE,lemmesMotiliteDE
w_DE_BS_2025_69702,DE_BS,BS,2025,69702,Einzugsgebiet,NN,Einzugsgebiet,DE,lemmesMotiliteDE
w_DE_BE_2024_12412,DE_BE,BE,2024,12412,Einzugsgebiet,NN,Einzugsgebiet,DE,lemmesMotiliteDE
w_DE_BE_2024_13540,DE_BE,BE,2024,13540,Einzugsgebieten,NN,Einzugsgebiet,DE,lemmesMotiliteDE
w_DE_BE_2024_32959,DE_BE,BE,2024,32959,Einzugsgebiet,NN,Einzugsgebiet,DE,lemmesMotiliteDE
w_DE_BE_2024_53094,DE_BE,BE,2024,53094,Einzugsgebiet,NN,Einzugsgebiet,DE,lemmesMotiliteDE
w_DE_BE_2004_20468,DE_BE,BE,2004,20468,Einzugsgebiet,NN,Einzugsgebiet,DE,lemmesMotiliteDE
w_DE_AI_2002_1932,DE_AI,AI,2002,1932,Einzugsgebiet,NN,Einzugsgebiet,DE,lemmesMotiliteDE
w_DE_AI_2002_36599,DE_AI,AI,2002,36599,Einzugsgebiet,NN,Einzugsgebiet,DE,lemmesMotiliteDE
w_DE_SH_2021_31904,DE_SH,SH,2021,31904,Einzugsgebiet,NN,Einzugsgebiet,DE,lemmesMotiliteDE
w_DE_SH_2021_58998,DE_SH,SH,2021,58998,Einzugsgebiet,NN,Einzugsgebiet,DE,lemmesMotiliteDE
w_DE_SZ_2022_17218,DE_SZ,SZ,2022,17218,Einzugsgebiet,NN,Einzugsgebiet,DE,lemmesMotiliteDE
w_DE_SZ_2022_40972,DE_SZ,SZ,2022,40972,Einzugsgebieten,NN,Einzugsgebiet,DE,lemmesMotiliteDE
w_DE_SZ_2022_41205,DE_SZ,SZ,2022,41205,Einzugsgebiet,NN,Einzugsgebiet,DE,lemmesMotiliteDE
w_DE_SZ_2022_47411,DE_SZ,SZ,2022,47411,Einzugsgebiet,NN,Einzugsgebiet,DE,lemmesMotiliteDE
w_DE_SZ_2022_47724,DE_SZ,SZ,2022,47724,Einzugsgebiete,NN,Einzugsgebiet,DE,lemmesMotiliteDE
w_DE_SZ_2022_47737,DE_SZ,SZ,2022,47737,Einzugsgebiet,NN,Einzugsgebiet,DE,lemmesMotiliteDE
w_DE_SZ_2022_47893,DE_SZ,SZ,2022,47893,Einzugsgebiet,NN,Einzugsgebiet,DE,lemmesMotiliteDE
w_DE_SZ_2022_48074,DE_SZ,SZ,2022,48074,Einzugsgebiets,NN,Einzugsgebiet,DE,lemmesMotiliteDE
w_DE_SZ_2022_48100,DE_SZ,SZ,2022,48100,Einzugsgebiete,NN,Einzugsgebiet,DE,lemmesMotiliteDE
w_DE_BE_2006_21490,DE_BE,BE,2006,21490,Einzugsgebiet,NN,Einzugsgebiet,DE,lemmesMotiliteDE
w_DE_BE_2006_45489,DE_BE,BE,2006,45489,Einzugsgebiet,NN,Einzugsgebiet,DE,lemmesMotiliteDE
w_DE_BE_2013_17189,DE_BE,BE,2013,17189,Einzugsgebiet,NN,Einzugsgebiet,DE,lemmesMotiliteDE
w_DE_BE_2013_17510,DE_BE,BE,2013,17510,Einzugsgebiet,NN,Einzugsgebiet,DE,lemmesMotiliteDE
w_DE_BE_2013_46633,DE_BE,BE,2013,46633,Einzugsgebiet,NN,Einzugsgebiet,DE,lemmesMotiliteDE
w_DE_AG_1996_20730,DE_AG,AG,1996,20730,Einzugsgebiet,NN,Einzugsgebiet,DE,lemmesMotiliteDE
w_DE_AG_1996_36286,DE_AG,AG,1996,36286,Einzugsgebiet,NN,Einzugsgebiet,DE,lemmesMotiliteDE
w_DE_AG_1996_42494,DE_AG,AG,1996,42494,Einzugsgebiet,NN,Einzugsgebiet,DE,lemmesMotiliteDE
w_DE_AI_2017_9631,DE_AI,AI,2017,9631,Einzugsgebiet,NN,Einzugsgebiet,DE,lemmesMotiliteDE
w_DE_AI_2017_9692,DE_AI,AI,2017,9692,Einzugsgebiet,NN,Einzugsgebiet,DE,lemmesMotiliteDE
w_DE_AI_2017_39507,DE_AI,AI,2017,39507,Einzugsgebiet,NN,Einzugsgebiet,DE,lemmesMotiliteDE
w_DE_AI_2017_39591,DE_AI,AI,2017,39591,Einzugsgebiet,NN,Einzugsgebiet,DE,lemmesMotiliteDE
w_DE_AI_2017_45054,DE_AI,AI,2017,45054,Einzugsgebiete,NN,Einzugsgebiet,DE,lemmesMotiliteDE
w_DE_AI_2017_45581,DE_AI,AI,2017,45581,Einzugsgebiete,NN,Einzugsgebiet,DE,lemmesMotiliteDE
w_DE_AI_2017_47690,DE_AI,AI,2017,47690,Einzugsgebiete,NN,Einzugsgebiet,DE,lemmesMotiliteDE
w_DE_AI_2017_47810,DE_AI,AI,2017,47810,Einzugsgebiete,NN,Einzugsgebiet,DE,lemmesMotiliteDE
w_DE_AI_2017_47818,DE_AI,AI,2017,47818,Einzugsgebiete,NN,Einzugsgebiet,DE,lemmesMotiliteDE
w_DE_AI_2017_47827,DE_AI,AI,2017,47827,Einzugsgebiete,NN,Einzugsgebiet,DE,lemmesMotiliteDE
w_DE_AR_2025_21701,DE_AR,AR,2025,21701,Einzugsgebiet,NN,Einzugsgebiet,DE,lemmesMotiliteDE
w_DE_AR_2025_48431,DE_AR,AR,2025,48431,Einzugsgebiete,NN,Einzugsgebiet,DE,lemmesMotiliteDE
w_DE_BL_2025_16661,DE_BL,BL,2025,16661,Einzugsgebiet,NN,Einzugsgebiet,DE,lemmesMotiliteDE
w_DE_BL_2025_58210,DE_BL,BL,2025,58210,Einzugsgebietes,NN,Einzugsgebiet,DE,lemmesMotiliteDE
w_DE_BE_2012_17224,DE_BE,BE,2012,17224,Einzugsgebiet,NN,Einzugsgebiet,DE,lemmesMotiliteDE
w_DE_BE_2012_17545,DE_BE,BE,2012,17545,Einzugsgebiet,NN,Einzugsgebiet,DE,lemmesMotiliteDE
w_DE_BE_2012_47922,DE_BE,BE,2012,47922,Einzugsgebiet,NN,Einzugsgebiet,DE,lemmesMotiliteDE
w_DE_BE_2012_58600,DE_BE,BE,2012,58600,Einzugsgebiet,NN,Einzugsgebiet,DE,lemmesMotiliteDE
w_DE_BS_2012_13670,DE_BS,BS,2012,13670,Einzugsgebiet,NN,Einzugsgebiet,DE,lemmesMotiliteDE
w_DE_BS_2012_22107,DE_BS,BS,2012,22107,Einzugsgebiet,NN,Einzugsgebiet,DE,lemmesMotiliteDE
w_DE_BS_2012_22131,DE_BS,BS,2012,22131,Einzugsgebiet,NN,Einzugsgebiet,DE,lemmesMotiliteDE
w_DE_BS_2012_26552,DE_BS,BS,2012,26552,Einzugsgebiet,NN,Einzugsgebiet,DE,lemmesMotiliteDE
w_DE_BS_2012_53130,DE_BS,BS,2012,53130,Einzugsgebiets,NN,Einzugsgebiet,DE,lemmesMotiliteDE
w_DE_BS_2012_58103,DE_BS,BS,2012,58103,Einzugsgebiet,NN,Einzugsgebiet,DE,lemmesMotiliteDE
w_DE_BS_2012_58762,DE_BS,BS,2012,58762,Einzugsgebiete,NN,Einzugsgebiet,DE,lemmesMotiliteDE
w_DE_BS_2012_58787,DE_BS,BS,2012,58787,Einzugsgebietes,NN,Einzugsgebiet,DE,lemmesMotiliteDE
w_DE_BS_2018_26146,DE_BS,BS,2018,26146,Einzugsgebiet,NN,Einzugsgebiet,DE,lemmesMotiliteDE
w_DE_BS_2018_27340,DE_BS,BS,2018,27340,Einzugsgebiet,NN,Einzugsgebiet,DE,lemmesMotiliteDE
w_DE_BS_2018_27362,DE_BS,BS,2018,27362,Einzugsgebiet,NN,Einzugsgebiet,DE,lemmesMotiliteDE
w_DE_BS_2018_40692,DE_BS,BS,2018,40692,Einzugsgebiet,NN,Einzugsgebiet,DE,lemmesMotiliteDE
w_DE_BS_2018_51803,DE_BS,BS,2018,51803,Einzugsgebiets,NN,Einzugsgebiet,DE,lemmesMotiliteDE
w_DE_BS_2018_56930,DE_BS,BS,2018,56930,Einzugsgebiet,NN,Einzugsgebiet,DE,lemmesMotiliteDE
w_DE_BS_2018_57589,DE_BS,BS,2018,57589,Einzugsgebiete,NN,Einzugsgebiet,DE,lemmesMotiliteDE
w_DE_BS_2018_57614,DE_BS,BS,2018,57614,Einzugsgebietes,NN,Einzugsgebiet,DE,lemmesMotiliteDE
w_DE_ZH_2020_25777,DE_ZH,ZH,2020,25777,Einzugsgebiet,NN,Einzugsgebiet,DE,lemmesMotiliteDE
w_DE_ZH_2020_30166,DE_ZH,ZH,2020,30166,Einzugsgebieten,NN,Einzugsgebiet,DE,lemmesMotiliteDE
w_DE_ZH_2020_32037,DE_ZH,ZH,2020,32037,Einzugsgebiet,NN,Einzugsgebiet,DE,lemmesMotiliteDE
w_DE_ZH_2020_32072,DE_ZH,ZH,2020,32072,Einzugsgebiet,NN,Einzugsgebiet,DE,lemmesMotiliteDE
w_DE_ZH_2020_32109,DE_ZH,ZH,2020,32109,Einzugsgebiet,NN,Einzugsgebiet,DE,lemmesMotiliteDE
w_DE_AR_2008_4615,DE_AR,AR,2008,4615,Erreichbarkeit,NN,Erreichbarkeit,DE,lemmesMotiliteDE
w_DE_AR_2008_8468,DE_AR,AR,2008,8468,Erreichbarkeit,NN,Erreichbarkeit,DE,lemmesMotiliteDE
w_DE_ZG_1987_6732,DE_ZG,ZG,1987,6732,Erreichbarkeit,NN,Erreichbarkeit,DE,lemmesMotiliteDE
w_DE_ZG_1987_22006,DE_ZG,ZG,1987,22006,Erreichbarkeit,NN,Erreichbarkeit,DE,lemmesMotiliteDE
w_DE_TG_2018_3479,DE_TG,TG,2018,3479,Erreichbarkeit,NN,Erreichbarkeit,DE,lemmesMotiliteDE
w_DE_TG_2018_6874,DE_TG,TG,2018,6874,Erreichbarkeit,NN,Erreichbarkeit,DE,lemmesMotiliteDE
w_DE_TG_2018_52433,DE_TG,TG,2018,52433,Erreichbarkeit,NN,Erreichbarkeit,DE,lemmesMotiliteDE
w_DE_AG_2025_9752,DE_AG,AG,2025,9752,Erreichbarkeit,NN,Erreichbarkeit,DE,lemmesMotiliteDE
w_DE_AG_2025_10725,DE_AG,AG,2025,10725,Erreichbarkeit,NN,Erreichbarkeit,DE,lemmesMotiliteDE
w_DE_AG_2025_12173,DE_AG,AG,2025,12173,Erreichbarkeit,NN,Erreichbarkeit,DE,lemmesMotiliteDE
w_DE_AG_2025_12633,DE_AG,AG,2025,12633,Erreichbarkeit,NN,Erreichbarkeit,DE,lemmesMotiliteDE
w_DE_AG_2025_12803,DE_AG,AG,2025,12803,Erreichbarkeit,NN,Erreichbarkeit,DE,lemmesMotiliteDE
w_DE_AG_2025_20503,DE_AG,AG,2025,20503,Erreichbarkeit,NN,Erreichbarkeit,DE,lemmesMotiliteDE
w_DE_AG_2025_27355,DE_AG,AG,2025,27355,Erreichbarkeit,NN,Erreichbarkeit,DE,lemmesMotiliteDE
w_DE_AG_2025_32668,DE_AG,AG,2025,32668,Erreichbarkeit,NN,Erreichbarkeit,DE,lemmesMotiliteDE
w_DE_AG_2025_37091,DE_AG,AG,2025,37091,Erreichbarkeit,NN,Erreichbarkeit,DE,lemmesMotiliteDE
w_DE_AG_2025_53494,DE_AG,AG,2025,53494,Erreichbarkeit,NN,Erreichbarkeit,DE,lemmesMotiliteDE
w_DE_AG_2025_60007,DE_AG,AG,2025,60007,Erreichbarkeit,NN,Erreichbarkeit,DE,lemmesMotiliteDE
w_DE_AG_2025_60084,DE_AG,AG,2025,60084,Erreichbarkeit,NN,Erreichbarkeit,DE,lemmesMotiliteDE
w_DE_AG_2025_60811,DE_AG,AG,2025,60811,Erreichbarkeit,NN,Erreichbarkeit,DE,lemmesMotiliteDE
w_DE_AG_2025_61945,DE_AG,AG,2025,61945,Erreichbarkeit,NN,Erreichbarkeit,DE,lemmesMotiliteDE
w_DE_AG_2025_68449,DE_AG,AG,2025,68449,Erreichbarkeit,NN,Erreichbarkeit,DE,lemmesMotiliteDE
w_DE_AG_2025_68544,DE_AG,AG,2025,68544,Erreichbarkeit,NN,Erreichbarkeit,DE,lemmesMotiliteDE
w_DE_AG_2025_70414,DE_AG,AG,2025,70414,Erreichbarkeit,NN,Erreichbarkeit,DE,lemmesMotiliteDE
w_DE_AG_2025_78551,DE_AG,AG,2025,78551,Erreichbarkeit,NN,Erreichbarkeit,DE,lemmesMotiliteDE
w_DE_AG_2025_80358,DE_AG,AG,2025,80358,Erreichbarkeit,NN,Erreichbarkeit,DE,lemmesMotiliteDE
w_DE_BE_2010_9518,DE_BE,BE,2010,9518,Erreichbarkeit,NN,Erreichbarkeit,DE,lemmesMotiliteDE
w_DE_BE_2010_13245,DE_BE,BE,2010,13245,Erreichbarkeit,NN,Erreichbarkeit,DE,lemmesMotiliteDE
w_DE_BE_2010_13269,DE_BE,BE,2010,13269,Erreichbarkeit,NN,Erreichbarkeit,DE,lemmesMotiliteDE
w_DE_BE_2010_13366,DE_BE,BE,2010,13366,Erreichbarkeit,NN,Erreichbarkeit,DE,lemmesMotiliteDE
w_DE_BE_2010_16988,DE_BE,BE,2010,16988,Erreichbarkeit,NN,Erreichbarkeit,DE,lemmesMotiliteDE
w_DE_BE_2010_47942,DE_BE,BE,2010,47942,Erreichbarkeit,NN,Erreichbarkeit,DE,lemmesMotiliteDE
w_DE_AR_1987_3347,DE_AR,AR,1987,3347,Erreichbarkeit,NN,Erreichbarkeit,DE,lemmesMotiliteDE
w_DE_AR_1987_11222,DE_AR,AR,1987,11222,Erreichbarkeit,NN,Erreichbarkeit,DE,lemmesMotiliteDE
w_DE_LU_2025_3092,DE_LU,LU,2025,3092,Erreichbarkeit,NN,Erreichbarkeit,DE,lemmesMotiliteDE
w_DE_LU_2025_3223,DE_LU,LU,2025,3223,Erreichbarkeit,NN,Erreichbarkeit,DE,lemmesMotiliteDE
w_DE_LU_2025_3230,DE_LU,LU,2025,3230,Erreichbarkeit,NN,Erreichbarkeit,DE,lemmesMotiliteDE
w_DE_LU_2025_4585,DE_LU,LU,2025,4585,Erreichbarkeit,NN,Erreichbarkeit,DE,lemmesMotiliteDE
w_DE_LU_2025_4655,DE_LU,LU,2025,4655,Erreichbarkeit,NN,Erreichbarkeit,DE,lemmesMotiliteDE
w_DE_LU_2025_5208,DE_LU,LU,2025,5208,Erreichbarkeit,NN,Erreichbarkeit,DE,lemmesMotiliteDE
w_DE_LU_2025_5543,DE_LU,LU,2025,5543,Erreichbarkeit,NN,Erreichbarkeit,DE,lemmesMotiliteDE
w_DE_LU_2025_27147,DE_LU,LU,2025,27147,Erreichbarkeit,NN,Erreichbarkeit,DE,lemmesMotiliteDE
w_DE_LU_2025_28043,DE_LU,LU,2025,28043,Erreichbarkeit,NN,Erreichbarkeit,DE,lemmesMotiliteDE
w_DE_NW_2024_3392,DE_NW,NW,2024,3392,Erreichbarkeit,NN,Erreichbarkeit,DE,lemmesMotiliteDE
w_DE_NW_2024_42132,DE_NW,NW,2024,42132,Erreichbarkeit,NN,Erreichbarkeit,DE,lemmesMotiliteDE
w_DE_NW_2024_42578,DE_NW,NW,2024,42578,Erreichbarkeit,NN,Erreichbarkeit,DE,lemmesMotiliteDE
w_DE_NW_2024_48860,DE_NW,NW,2024,48860,Erreichbarkeit,NN,Erreichbarkeit,DE,lemmesMotiliteDE
w_DE_NW_2024_56736,DE_NW,NW,2024,56736,Erreichbarkeit,NN,Erreichbarkeit,DE,lemmesMotiliteDE
w_DE_AI_2011_6339,DE_AI,AI,2011,6339,Erreichbarkeit,NN,Erreichbarkeit,DE,lemmesMotiliteDE
w_DE_SO_2023_13017,DE_SO,SO,2023,13017,Erreichbarkeit,NN,Erreichbarkeit,DE,lemmesMotiliteDE
w_DE_SO_2023_24451,DE_SO,SO,2023,24451,Erreichbarkeit,NN,Erreichbarkeit,DE,lemmesMotiliteDE
w_DE_OW_2006_5956,DE_OW,OW,2006,5956,Erreichbarkeit,NN,Erreichbarkeit,DE,lemmesMotiliteDE
w_DE_OW_2006_8919,DE_OW,OW,2006,8919,Erreichbarkeit,NN,Erreichbarkeit,DE,lemmesMotiliteDE
w_DE_OW_2006_23098,DE_OW,OW,2006,23098,Erreichbarkeit,NN,Erreichbarkeit,DE,lemmesMotiliteDE
w_DE_OW_2006_23161,DE_OW,OW,2006,23161,Erreichbarkeit,NN,Erreichbarkeit,DE,lemmesMotiliteDE
w_DE_OW_2006_23784,DE_OW,OW,2006,23784,Erreichbarkeit,NN,Erreichbarkeit,DE,lemmesMotiliteDE
w_DE_UR_2023_4751,DE_UR,UR,2023,4751,Erreichbarkeit,NN,Erreichbarkeit,DE,lemmesMotiliteDE
w_DE_UR_2023_5284,DE_UR,UR,2023,5284,Erreichbarkeit,NN,Erreichbarkeit,DE,lemmesMotiliteDE
w_DE_UR_2023_7692,DE_UR,UR,2023,7692,Erreichbarkeit,NN,Erreichbarkeit,DE,lemmesMotiliteDE
w_DE_UR_2023_7717,DE_UR,UR,2023,7717,Erreichbarkeit,NN,Erreichbarkeit,DE,lemmesMotiliteDE
w_DE_UR_2023_8233,DE_UR,UR,2023,8233,Erreichbarkeit,NN,Erreichbarkeit,DE,lemmesMotiliteDE
w_DE_UR_2023_29312,DE_UR,UR,2023,29312,Erreichbarkeit,NN,Erreichbarkeit,DE,lemmesMotiliteDE
w_DE_UR_2023_31266,DE_UR,UR,2023,31266,Erreichbarkeit,NN,Erreichbarkeit,DE,lemmesMotiliteDE
w_DE_GL_2025_3816,DE_GL,GL,2025,3816,Erreichbarkeit,NN,Erreichbarkeit,DE,lemmesMotiliteDE
w_DE_GL_2025_5379,DE_GL,GL,2025,5379,Erreichbarkeit,NN,Erreichbarkeit,DE,lemmesMotiliteDE
w_DE_GL_2025_8937,DE_GL,GL,2025,8937,Erreichbarkeit,NN,Erreichbarkeit,DE,lemmesMotiliteDE
w_DE_GL_2025_11792,DE_GL,GL,2025,11792,Erreichbarkeit,NN,Erreichbarkeit,DE,lemmesMotiliteDE
w_DE_GL_2025_19307,DE_GL,GL,2025,19307,Erreichbarkeit,NN,Erreichbarkeit,DE,lemmesMotiliteDE
w_DE_GL_2025_19313,DE_GL,GL,2025,19313,Erreichbarkeit,NN,Erreichbarkeit,DE,lemmesMotiliteDE
w_DE_GL_2025_20895,DE_GL,GL,2025,20895,Erreichbarkeit,NN,Erreichbarkeit,DE,lemmesMotiliteDE
w_DE_GL_2025_33060,DE_GL,GL,2025,33060,Erreichbarkeit,NN,Erreichbarkeit,DE,lemmesMotiliteDE
w_DE_GL_2025_33584,DE_GL,GL,2025,33584,Erreichbarkeit,NN,Erreichbarkeit,DE,lemmesMotiliteDE
w_DE_GL_2025_36133,DE_GL,GL,2025,36133,Erreichbarkeit,NN,Erreichbarkeit,DE,lemmesMotiliteDE
w_DE_SZ_2008_1294,DE_SZ,SZ,2008,1294,Erreichbarkeit,NN,Erreichbarkeit,DE,lemmesMotiliteDE
w_DE_SZ_2008_4794,DE_SZ,SZ,2008,4794,Erreichbarkeit,NN,Erreichbarkeit,DE,lemmesMotiliteDE
w_DE_SZ_2008_19682,DE_SZ,SZ,2008,19682,Erreichbarkeit,NN,Erreichbarkeit,DE,lemmesMotiliteDE
w_DE_BS_2019_479,DE_BS,BS,2019,479,ERREICHBARKEIT,NN,Erreichbarkeit,DE,lemmesMotiliteDE
w_DE_BS_2019_519,DE_BS,BS,2019,519,Erreichbarkeit,NN,Erreichbarkeit,DE,lemmesMotiliteDE
w_DE_BS_2019_2669,DE_BS,BS,2019,2669,Erreichbarkeit,NN,Erreichbarkeit,DE,lemmesMotiliteDE
w_DE_BS_2019_2732,DE_BS,BS,2019,2732,Erreichbarkeit,NN,Erreichbarkeit,DE,lemmesMotiliteDE
w_DE_BS_2019_11999,DE_BS,BS,2019,11999,Erreichbarkeit,NN,Erreichbarkeit,DE,lemmesMotiliteDE
w_DE_BS_2019_13358,DE_BS,BS,2019,13358,Erreichbarkeit,NN,Erreichbarkeit,DE,lemmesMotiliteDE
w_DE_BS_2019_14589,DE_BS,BS,2019,14589,Erreichbarkeit,NN,Erreichbarkeit,DE,lemmesMotiliteDE
w_DE_BS_2019_16659,DE_BS,BS,2019,16659,Erreichbarkeit,NN,Erreichbarkeit,DE,lemmesMotiliteDE
w_DE_BS_2024_2435,DE_BS,BS,2024,2435,Erreichbarkeit,NN,Erreichbarkeit,DE,lemmesMotiliteDE
w_DE_BS_2024_2731,DE_BS,BS,2024,2731,Erreichbarkeit,NN,Erreichbarkeit,DE,lemmesMotiliteDE
w_DE_BS_2024_2764,DE_BS,BS,2024,2764,Erreichbarkeit,NN,Erreichbarkeit,DE,lemmesMotiliteDE
w_DE_BS_2024_2956,DE_BS,BS,2024,2956,Erreichbarkeit,NN,Erreichbarkeit,DE,lemmesMotiliteDE
w_DE_BS_2024_3797,DE_BS,BS,2024,3797,ERREICHBARKEIT,NN,Erreichbarkeit,DE,lemmesMotiliteDE
w_DE_BS_2024_3837,DE_BS,BS,2024,3837,Erreichbarkeit,NN,Erreichbarkeit,DE,lemmesMotiliteDE
w_DE_BS_2024_19506,DE_BS,BS,2024,19506,Erreichbarkeit,NN,Erreichbarkeit,DE,lemmesMotiliteDE
w_DE_BS_2024_20390,DE_BS,BS,2024,20390,Erreichbarkeit,NN,Erreichbarkeit,DE,lemmesMotiliteDE
w_DE_ZG_2004_4963,DE_ZG,ZG,2004,4963,Erreichbarkeit,NN,Erreichbarkeit,DE,lemmesMotiliteDE
w_DE_ZG_2004_23464,DE_ZG,ZG,2004,23464,Erreichbarkeit,NN,Erreichbarkeit,DE,lemmesMotiliteDE
w_DE_ZG_2025_1848,DE_ZG,ZG,2025,1848,Erreichbarkeit,NN,Erreichbarkeit,DE,lemmesMotiliteDE
w_DE_ZG_2025_12122,DE_ZG,ZG,2025,12122,Erreichbarkeit,NN,Erreichbarkeit,DE,lemmesMotiliteDE
w_DE_BE_2008_9346,DE_BE,BE,2008,9346,Erreichbarkeit,NN,Erreichbarkeit,DE,lemmesMotiliteDE
w_DE_BE_2008_41663,DE_BE,BE,2008,41663,Erreichbarkeit,NN,Erreichbarkeit,DE,lemmesMotiliteDE
w_DE_BE_2008_44984,DE_BE,BE,2008,44984,Erreichbarkeit,NN,Erreichbarkeit,DE,lemmesMotiliteDE
w_DE_BE_2002_9306,DE_BE,BE,2002,9306,Erreichbarkeit,NN,Erreichbarkeit,DE,lemmesMotiliteDE
w_DE_BE_2002_37842,DE_BE,BE,2002,37842,Erreichbarkeit,NN,Erreichbarkeit,DE,lemmesMotiliteDE
w_DE_BE_2002_62309,DE_BE,BE,2002,62309,Erreichbarkeit,NN,Erreichbarkeit,DE,lemmesMotiliteDE
w_DE_BE_2002_64852,DE_BE,BE,2002,64852,Erreichbarkeit,NN,Erreichbarkeit,DE,lemmesMotiliteDE
w_DE_SZ_2004_4464,DE_SZ,SZ,2004,4464,Erreichbarkeit,NN,Erreichbarkeit,DE,lemmesMotiliteDE
w_DE_AR_2002_4996,DE_AR,AR,2002,4996,Erreichbarkeit,NN,Erreichbarkeit,DE,lemmesMotiliteDE
w_DE_AR_2002_9920,DE_AR,AR,2002,9920,Erreichbarkeit,NN,Erreichbarkeit,DE,lemmesMotiliteDE
w_DE_BS_2010_8501,DE_BS,BS,2010,8501,Erreichbarkeit,NN,Erreichbarkeit,DE,lemmesMotiliteDE
w_DE_BS_2010_25170,DE_BS,BS,2010,25170,Erreichbarkeit,NN,Erreichbarkeit,DE,lemmesMotiliteDE
w_DE_BS_2010_25619,DE_BS,BS,2010,25619,Erreichbarkeit,NN,Erreichbarkeit,DE,lemmesMotiliteDE
w_DE_BS_2010_27439,DE_BS,BS,2010,27439,Erreichbarkeit,NN,Erreichbarkeit,DE,lemmesMotiliteDE
w_DE_BS_2010_60263,DE_BS,BS,2010,60263,Erreichbarkeit,NN,Erreichbarkeit,DE,lemmesMotiliteDE
w_DE_BS_2010_60528,DE_BS,BS,2010,60528,Erreichbarkeit,NN,Erreichbarkeit,DE,lemmesMotiliteDE
w_DE_BS_2010_60701,DE_BS,BS,2010,60701,Erreichbarkeit,NN,Erreichbarkeit,DE,lemmesMotiliteDE
w_DE_BS_2010_71541,DE_BS,BS,2010,71541,Erreichbarkeit,NN,Erreichbarkeit,DE,lemmesMotiliteDE
w_DE_SZ_2010_910,DE_SZ,SZ,2010,910,Erreichbarkeit,NN,Erreichbarkeit,DE,lemmesMotiliteDE
w_DE_SZ_2010_5015,DE_SZ,SZ,2010,5015,Erreichbarkeit,NN,Erreichbarkeit,DE,lemmesMotiliteDE
w_DE_OW_1987_53925,DE_OW,OW,1987,53925,Erreichbarkeit,NN,Erreichbarkeit,DE,lemmesMotiliteDE
w_DE_LU_2009_7093,DE_LU,LU,2009,7093,Erreichbarkeit,NN,Erreichbarkeit,DE,lemmesMotiliteDE
w_DE_LU_2009_9173,DE_LU,LU,2009,9173,Erreichbarkeit,NN,Erreichbarkeit,DE,lemmesMotiliteDE
w_DE_LU_2009_12324,DE_LU,LU,2009,12324,Erreichbarkeit,NN,Erreichbarkeit,DE,lemmesMotiliteDE
w_DE_LU_2009_16505,DE_LU,LU,2009,16505,Erreichbarkeit,NN,Erreichbarkeit,DE,lemmesMotiliteDE
w_DE_LU_2009_23162,DE_LU,LU,2009,23162,Erreichbarkeit,NN,Erreichbarkeit,DE,lemmesMotiliteDE
w_DE_LU_2009_31087,DE_LU,LU,2009,31087,Erreichbarkeit,NN,Erreichbarkeit,DE,lemmesMotiliteDE
w_DE_LU_2009_34979,DE_LU,LU,2009,34979,Erreichbarkeit,NN,Erreichbarkeit,DE,lemmesMotiliteDE
w_DE_LU_2009_38008,DE_LU,LU,2009,38008,Erreichbarkeit,NN,Erreichbarkeit,DE,lemmesMotiliteDE
w_DE_LU_2009_39834,DE_LU,LU,2009,39834,Erreichbarkeit,NN,Erreichbarkeit,DE,lemmesMotiliteDE
w_DE_LU_2009_39864,DE_LU,LU,2009,39864,Erreichbarkeit,NN,Erreichbarkeit,DE,lemmesMotiliteDE
w_DE_LU_2009_39937,DE_LU,LU,2009,39937,Erreichbarkeit,NN,Erreichbarkeit,DE,lemmesMotiliteDE
w_DE_LU_2009_40626,DE_LU,LU,2009,40626,Erreichbarkeit,NN,Erreichbarkeit,DE,lemmesMotiliteDE
w_DE_LU_2009_42946,DE_LU,LU,2009,42946,Erreichbarkeit,NN,Erreichbarkeit,DE,lemmesMotiliteDE
w_DE_LU_2009_44958,DE_LU,LU,2009,44958,Erreichbarkeit,NN,Erreichbarkeit,DE,lemmesMotiliteDE
w_DE_LU_2009_47319,DE_LU,LU,2009,47319,Erreichbarkeit,NN,Erreichbarkeit,DE,lemmesMotiliteDE
w_DE_SH_2004_29434,DE_SH,SH,2004,29434,Erreichbarkeit,NN,Erreichbarkeit,DE,lemmesMotiliteDE
w_DE_BS_2025_4111,DE_BS,BS,2025,4111,Erreichbarkeit,NN,Erreichbarkeit,DE,lemmesMotiliteDE
w_DE_BS_2025_5424,DE_BS,BS,2025,5424,Erreichbarkeit,NN,Erreichbarkeit,DE,lemmesMotiliteDE
w_DE_BS_2025_5715,DE_BS,BS,2025,5715,Erreichbarkeit,NN,Erreichbarkeit,DE,lemmesMotiliteDE
w_DE_BS_2025_5748,DE_BS,BS,2025,5748,Erreichbarkeit,NN,Erreichbarkeit,DE,lemmesMotiliteDE
w_DE_BS_2025_5935,DE_BS,BS,2025,5935,Erreichbarkeit,NN,Erreichbarkeit,DE,lemmesMotiliteDE
w_DE_BS_2025_6764,DE_BS,BS,2025,6764,ERREICHBARKEIT,NN,Erreichbarkeit,DE,lemmesMotiliteDE
w_DE_BS_2025_6804,DE_BS,BS,2025,6804,Erreichbarkeit,NN,Erreichbarkeit,DE,lemmesMotiliteDE
w_DE_BS_2025_23633,DE_BS,BS,2025,23633,Erreichbarkeit,NN,Erreichbarkeit,DE,lemmesMotiliteDE
w_DE_BS_2025_28991,DE_BS,BS,2025,28991,Erreichbarkeit,NN,Erreichbarkeit,DE,lemmesMotiliteDE
w_DE_BS_2025_29512,DE_BS,BS,2025,29512,Erreichbarkeit,NN,Erreichbarkeit,DE,lemmesMotiliteDE
w_DE_BS_2025_31227,DE_BS,BS,2025,31227,Erreichbarkeit,NN,Erreichbarkeit,DE,lemmesMotiliteDE
w_DE_BS_2025_48269,DE_BS,BS,2025,48269,Erreichbarkeit,NN,Erreichbarkeit,DE,lemmesMotiliteDE
w_DE_BS_2025_48332,DE_BS,BS,2025,48332,Erreichbarkeit,NN,Erreichbarkeit,DE,lemmesMotiliteDE
w_DE_BS_2025_57634,DE_BS,BS,2025,57634,Erreichbarkeit,NN,Erreichbarkeit,DE,lemmesMotiliteDE
w_DE_BS_2025_58997,DE_BS,BS,2025,58997,Erreichbarkeit,NN,Erreichbarkeit,DE,lemmesMotiliteDE
w_DE_BS_2025_60233,DE_BS,BS,2025,60233,Erreichbarkeit,NN,Erreichbarkeit,DE,lemmesMotiliteDE
w_DE_BS_2025_62305,DE_BS,BS,2025,62305,Erreichbarkeit,NN,Erreichbarkeit,DE,lemmesMotiliteDE
w_DE_BE_2024_5590,DE_BE,BE,2024,5590,Erreichbarkeit,NN,Erreichbarkeit,DE,lemmesMotiliteDE
w_DE_BE_2024_7316,DE_BE,BE,2024,7316,Erreichbarkeit,NN,Erreichbarkeit,DE,lemmesMotiliteDE
w_DE_BE_2024_7369,DE_BE,BE,2024,7369,Erreichbarkeit,NN,Erreichbarkeit,DE,lemmesMotiliteDE
w_DE_BE_2024_12179,DE_BE,BE,2024,12179,Erreichbarkeit,NN,Erreichbarkeit,DE,lemmesMotiliteDE
w_DE_BE_2024_12204,DE_BE,BE,2024,12204,Erreichbarkeit,NN,Erreichbarkeit,DE,lemmesMotiliteDE
w_DE_BE_2024_12545,DE_BE,BE,2024,12545,Erreichbarkeit,NN,Erreichbarkeit,DE,lemmesMotiliteDE
w_DE_BE_2024_28049,DE_BE,BE,2024,28049,Erreichbarkeit,NN,Erreichbarkeit,DE,lemmesMotiliteDE
w_DE_BE_2024_32986,DE_BE,BE,2024,32986,Erreichbarkeit,NN,Erreichbarkeit,DE,lemmesMotiliteDE
w_DE_BE_2024_38967,DE_BE,BE,2024,38967,Erreichbarkeit,NN,Erreichbarkeit,DE,lemmesMotiliteDE
w_DE_BE_2004_9306,DE_BE,BE,2004,9306,Erreichbarkeit,NN,Erreichbarkeit,DE,lemmesMotiliteDE
w_DE_BE_2004_37957,DE_BE,BE,2004,37957,Erreichbarkeit,NN,Erreichbarkeit,DE,lemmesMotiliteDE
w_DE_BE_2004_63573,DE_BE,BE,2004,63573,Erreichbarkeit,NN,Erreichbarkeit,DE,lemmesMotiliteDE
w_DE_BE_2004_66136,DE_BE,BE,2004,66136,Erreichbarkeit,NN,Erreichbarkeit,DE,lemmesMotiliteDE
w_DE_AI_2002_40613,DE_AI,AI,2002,40613,Erreichbarkeit,NN,Erreichbarkeit,DE,lemmesMotiliteDE
w_DE_SH_2021_7544,DE_SH,SH,2021,7544,Erreichbarkeit,NN,Erreichbarkeit,DE,lemmesMotiliteDE
w_DE_SH_2021_7789,DE_SH,SH,2021,7789,Erreichbarkeit,NN,Erreichbarkeit,DE,lemmesMotiliteDE
w_DE_SH_2021_8363,DE_SH,SH,2021,8363,Erreichbarkeit,NN,Erreichbarkeit,DE,lemmesMotiliteDE
w_DE_SH_2021_8561,DE_SH,SH,2021,8561,Erreichbarkeit,NN,Erreichbarkeit,DE,lemmesMotiliteDE
w_DE_SH_2021_9500,DE_SH,SH,2021,9500,Erreichbarkeit,NN,Erreichbarkeit,DE,lemmesMotiliteDE
w_DE_SH_2021_9768,DE_SH,SH,2021,9768,Erreichbarkeit,NN,Erreichbarkeit,DE,lemmesMotiliteDE
w_DE_SH_2021_9816,DE_SH,SH,2021,9816,Erreichbarkeit,NN,Erreichbarkeit,DE,lemmesMotiliteDE
w_DE_SH_2021_9965,DE_SH,SH,2021,9965,Erreichbarkeit,NN,Erreichbarkeit,DE,lemmesMotiliteDE
w_DE_SH_2021_10036,DE_SH,SH,2021,10036,Erreichbarkeit,NN,Erreichbarkeit,DE,lemmesMotiliteDE
w_DE_SH_2021_10070,DE_SH,SH,2021,10070,Erreichbarkeit,NN,Erreichbarkeit,DE,lemmesMotiliteDE
w_DE_SH_2021_41617,DE_SH,SH,2021,41617,Erreichbarkeit,NN,Erreichbarkeit,DE,lemmesMotiliteDE
w_DE_SH_2021_41860,DE_SH,SH,2021,41860,Erreichbarkeit,NN,Erreichbarkeit,DE,lemmesMotiliteDE
w_DE_SH_2021_42092,DE_SH,SH,2021,42092,Erreichbarkeit,NN,Erreichbarkeit,DE,lemmesMotiliteDE
w_DE_SH_2021_46315,DE_SH,SH,2021,46315,Erreichbarkeit,NN,Erreichbarkeit,DE,lemmesMotiliteDE
w_DE_SH_2021_47395,DE_SH,SH,2021,47395,Erreichbarkeit,NN,Erreichbarkeit,DE,lemmesMotiliteDE
w_DE_SH_2021_49185,DE_SH,SH,2021,49185,Erreichbarkeit,NN,Erreichbarkeit,DE,lemmesMotiliteDE
w_DE_SZ_2022_5661,DE_SZ,SZ,2022,5661,Erreichbarkeit,NN,Erreichbarkeit,DE,lemmesMotiliteDE
w_DE_SZ_2022_5977,DE_SZ,SZ,2022,5977,Erreichbarkeit,NN,Erreichbarkeit,DE,lemmesMotiliteDE
w_DE_SZ_2022_9069,DE_SZ,SZ,2022,9069,Erreichbarkeit,NN,Erreichbarkeit,DE,lemmesMotiliteDE
w_DE_SZ_2022_17653,DE_SZ,SZ,2022,17653,Erreichbarkeit,NN,Erreichbarkeit,DE,lemmesMotiliteDE
w_DE_SZ_2022_24372,DE_SZ,SZ,2022,24372,Erreichbarkeit,NN,Erreichbarkeit,DE,lemmesMotiliteDE
w_DE_SZ_2022_24942,DE_SZ,SZ,2022,24942,Erreichbarkeit,NN,Erreichbarkeit,DE,lemmesMotiliteDE
w_DE_SZ_2022_28119,DE_SZ,SZ,2022,28119,Erreichbarkeit,NN,Erreichbarkeit,DE,lemmesMotiliteDE
w_DE_SZ_2022_28259,DE_SZ,SZ,2022,28259,Erreichbarkeit,NN,Erreichbarkeit,DE,lemmesMotiliteDE
w_DE_BE_2006_9345,DE_BE,BE,2006,9345,Erreichbarkeit,NN,Erreichbarkeit,DE,lemmesMotiliteDE
w_DE_BE_2006_42171,DE_BE,BE,2006,42171,Erreichbarkeit,NN,Erreichbarkeit,DE,lemmesMotiliteDE
w_DE_BE_2006_45516,DE_BE,BE,2006,45516,Erreichbarkeit,NN,Erreichbarkeit,DE,lemmesMotiliteDE
w_DE_BE_2013_9494,DE_BE,BE,2013,9494,Erreichbarkeit,NN,Erreichbarkeit,DE,lemmesMotiliteDE
w_DE_BE_2013_13221,DE_BE,BE,2013,13221,Erreichbarkeit,NN,Erreichbarkeit,DE,lemmesMotiliteDE
w_DE_BE_2013_13245,DE_BE,BE,2013,13245,Erreichbarkeit,NN,Erreichbarkeit,DE,lemmesMotiliteDE
w_DE_BE_2013_13342,DE_BE,BE,2013,13342,Erreichbarkeit,NN,Erreichbarkeit,DE,lemmesMotiliteDE
w_DE_BE_2013_16964,DE_BE,BE,2013,16964,Erreichbarkeit,NN,Erreichbarkeit,DE,lemmesMotiliteDE
w_DE_BE_2013_46660,DE_BE,BE,2013,46660,Erreichbarkeit,NN,Erreichbarkeit,DE,lemmesMotiliteDE
w_DE_AG_1996_24307,DE_AG,AG,1996,24307,Erreichbarkeit,NN,Erreichbarkeit,DE,lemmesMotiliteDE
w_DE_AG_1996_25210,DE_AG,AG,1996,25210,Erreichbarkeit,NN,Erreichbarkeit,DE,lemmesMotiliteDE
w_DE_AR_2012_4738,DE_AR,AR,2012,4738,Erreichbarkeit,NN,Erreichbarkeit,DE,lemmesMotiliteDE
w_DE_AR_2012_12663,DE_AR,AR,2012,12663,Erreichbarkeit,NN,Erreichbarkeit,DE,lemmesMotiliteDE
w_DE_AR_2012_12724,DE_AR,AR,2012,12724,Erreichbarkeit,NN,Erreichbarkeit,DE,lemmesMotiliteDE
w_DE_AI_2017_4459,DE_AI,AI,2017,4459,Erreichbarkeit,NN,Erreichbarkeit,DE,lemmesMotiliteDE
w_DE_AI_2017_39159,DE_AI,AI,2017,39159,Erreichbarkeit,NN,Erreichbarkeit,DE,lemmesMotiliteDE
w_DE_OW_2019_4474,DE_OW,OW,2019,4474,Erreichbarkeit,NN,Erreichbarkeit,DE,lemmesMotiliteDE
w_DE_AR_2025_6657,DE_AR,AR,2025,6657,Erreichbarkeit,NN,Erreichbarkeit,DE,lemmesMotiliteDE
w_DE_AR_2025_13779,DE_AR,AR,2025,13779,Erreichbarkeit,NN,Erreichbarkeit,DE,lemmesMotiliteDE
w_DE_AR_2025_22871,DE_AR,AR,2025,22871,Erreichbarkeit,NN,Erreichbarkeit,DE,lemmesMotiliteDE
w_DE_AR_2025_22942,DE_AR,AR,2025,22942,Erreichbarkeit,NN,Erreichbarkeit,DE,lemmesMotiliteDE
w_DE_AR_2025_28093,DE_AR,AR,2025,28093,Erreichbarkeit,NN,Erreichbarkeit,DE,lemmesMotiliteDE
w_DE_BL_2025_7979,DE_BL,BL,2025,7979,Erreichbarkeit,NN,Erreichbarkeit,DE,lemmesMotiliteDE
w_DE_BL_2025_18067,DE_BL,BL,2025,18067,Erreichbarkeit,NN,Erreichbarkeit,DE,lemmesMotiliteDE
w_DE_BL_2025_29313,DE_BL,BL,2025,29313,Erreichbarkeit,NN,Erreichbarkeit,DE,lemmesMotiliteDE
w_DE_BL_2025_29721,DE_BL,BL,2025,29721,Erreichbarkeit,NN,Erreichbarkeit,DE,lemmesMotiliteDE
w_DE_BL_2025_29889,DE_BL,BL,2025,29889,Erreichbarkeit,NN,Erreichbarkeit,DE,lemmesMotiliteDE
w_DE_BL_2025_29898,DE_BL,BL,2025,29898,Erreichbarkeit,NN,Erreichbarkeit,DE,lemmesMotiliteDE
w_DE_BL_2025_34345,DE_BL,BL,2025,34345,Erreichbarkeit,NN,Erreichbarkeit,DE,lemmesMotiliteDE
w_DE_BL_2025_34593,DE_BL,BL,2025,34593,Erreichbarkeit,NN,Erreichbarkeit,DE,lemmesMotiliteDE
w_DE_BL_2025_36112,DE_BL,BL,2025,36112,Erreichbarkeit,NN,Erreichbarkeit,DE,lemmesMotiliteDE
w_DE_BL_2025_36291,DE_BL,BL,2025,36291,Erreichbarkeit,NN,Erreichbarkeit,DE,lemmesMotiliteDE
w_DE_BL_2025_37226,DE_BL,BL,2025,37226,Erreichbarkeit,NN,Erreichbarkeit,DE,lemmesMotiliteDE
w_DE_BL_2025_38606,DE_BL,BL,2025,38606,Erreichbarkeit,NN,Erreichbarkeit,DE,lemmesMotiliteDE
w_DE_BL_2025_40155,DE_BL,BL,2025,40155,Erreichbarkeit,NN,Erreichbarkeit,DE,lemmesMotiliteDE
w_DE_BL_2025_40374,DE_BL,BL,2025,40374,Erreichbarkeit,NN,Erreichbarkeit,DE,lemmesMotiliteDE
w_DE_BL_2025_40882,DE_BL,BL,2025,40882,Erreichbarkeit,NN,Erreichbarkeit,DE,lemmesMotiliteDE
w_DE_BL_2025_41335,DE_BL,BL,2025,41335,Erreichbarkeit,NN,Erreichbarkeit,DE,lemmesMotiliteDE
w_DE_BL_2025_42753,DE_BL,BL,2025,42753,Erreichbarkeit,NN,Erreichbarkeit,DE,lemmesMotiliteDE
w_DE_BL_2025_45950,DE_BL,BL,2025,45950,Erreichbarkeit,NN,Erreichbarkeit,DE,lemmesMotiliteDE
w_DE_BL_2025_46381,DE_BL,BL,2025,46381,Erreichbarkeit,NN,Erreichbarkeit,DE,lemmesMotiliteDE
w_DE_BL_2025_46996,DE_BL,BL,2025,46996,Erreichbarkeit,NN,Erreichbarkeit,DE,lemmesMotiliteDE
w_DE_BL_2025_47073,DE_BL,BL,2025,47073,Erreichbarkeit,NN,Erreichbarkeit,DE,lemmesMotiliteDE
w_DE_BL_2025_47281,DE_BL,BL,2025,47281,Erreichbarkeit,NN,Erreichbarkeit,DE,lemmesMotiliteDE
w_DE_BL_2025_48763,DE_BL,BL,2025,48763,Erreichbarkeit,NN,Erreichbarkeit,DE,lemmesMotiliteDE
w_DE_BL_2025_50040,DE_BL,BL,2025,50040,Erreichbarkeit,NN,Erreichbarkeit,DE,lemmesMotiliteDE
w_DE_BL_2025_53281,DE_BL,BL,2025,53281,Erreichbarkeit,NN,Erreichbarkeit,DE,lemmesMotiliteDE
w_DE_BE_2012_9529,DE_BE,BE,2012,9529,Erreichbarkeit,NN,Erreichbarkeit,DE,lemmesMotiliteDE
w_DE_BE_2012_13256,DE_BE,BE,2012,13256,Erreichbarkeit,NN,Erreichbarkeit,DE,lemmesMotiliteDE
w_DE_BE_2012_13280,DE_BE,BE,2012,13280,Erreichbarkeit,NN,Erreichbarkeit,DE,lemmesMotiliteDE
w_DE_BE_2012_13377,DE_BE,BE,2012,13377,Erreichbarkeit,NN,Erreichbarkeit,DE,lemmesMotiliteDE
w_DE_BE_2012_16999,DE_BE,BE,2012,16999,Erreichbarkeit,NN,Erreichbarkeit,DE,lemmesMotiliteDE
w_DE_BE_2012_47949,DE_BE,BE,2012,47949,Erreichbarkeit,NN,Erreichbarkeit,DE,lemmesMotiliteDE
w_DE_BS_2012_6322,DE_BS,BS,2012,6322,Erreichbarkeit,NN,Erreichbarkeit,DE,lemmesMotiliteDE
w_DE_BS_2012_6937,DE_BS,BS,2012,6937,Erreichbarkeit,NN,Erreichbarkeit,DE,lemmesMotiliteDE
w_DE_BS_2012_25868,DE_BS,BS,2012,25868,Erreichbarkeit,NN,Erreichbarkeit,DE,lemmesMotiliteDE
w_DE_BS_2012_26389,DE_BS,BS,2012,26389,Erreichbarkeit,NN,Erreichbarkeit,DE,lemmesMotiliteDE
w_DE_BS_2012_30424,DE_BS,BS,2012,30424,Erreichbarkeit,NN,Erreichbarkeit,DE,lemmesMotiliteDE
w_DE_BS_2012_43154,DE_BS,BS,2012,43154,Erreichbarkeit,NN,Erreichbarkeit,DE,lemmesMotiliteDE
w_DE_BS_2012_60704,DE_BS,BS,2012,60704,Erreichbarkeit,NN,Erreichbarkeit,DE,lemmesMotiliteDE
w_DE_BS_2018_5440,DE_BS,BS,2018,5440,Erreichbarkeit,NN,Erreichbarkeit,DE,lemmesMotiliteDE
w_DE_BS_2018_5691,DE_BS,BS,2018,5691,Erreichbarkeit,NN,Erreichbarkeit,DE,lemmesMotiliteDE
w_DE_BS_2018_5723,DE_BS,BS,2018,5723,Erreichbarkeit,NN,Erreichbarkeit,DE,lemmesMotiliteDE
w_DE_BS_2018_5909,DE_BS,BS,2018,5909,Erreichbarkeit,NN,Erreichbarkeit,DE,lemmesMotiliteDE
w_DE_BS_2018_6596,DE_BS,BS,2018,6596,Erreichbarkeit,NN,Erreichbarkeit,DE,lemmesMotiliteDE
w_DE_BS_2018_15896,DE_BS,BS,2018,15896,Erreichbarkeit,NN,Erreichbarkeit,DE,lemmesMotiliteDE
w_DE_BS_2018_26026,DE_BS,BS,2018,26026,Erreichbarkeit,NN,Erreichbarkeit,DE,lemmesMotiliteDE
w_DE_BS_2018_31880,DE_BS,BS,2018,31880,Erreichbarkeit,NN,Erreichbarkeit,DE,lemmesMotiliteDE
w_DE_BS_2018_42100,DE_BS,BS,2018,42100,Erreichbarkeit,NN,Erreichbarkeit,DE,lemmesMotiliteDE
w_DE_ZH_2020_4300,DE_ZH,ZH,2020,4300,Erreichbarkeit,NN,Erreichbarkeit,DE,lemmesMotiliteDE
w_DE_ZH_2020_5814,DE_ZH,ZH,2020,5814,Erreichbarkeit,NN,Erreichbarkeit,DE,lemmesMotiliteDE
w_DE_ZH_2020_12427,DE_ZH,ZH,2020,12427,Erreichbarkeit,NN,Erreichbarkeit,DE,lemmesMotiliteDE
w_DE_ZH_2020_13179,DE_ZH,ZH,2020,13179,Erreichbarkeit,NN,Erreichbarkeit,DE,lemmesMotiliteDE
w_DE_ZH_2020_35005,DE_ZH,ZH,2020,35005,Erreichbarkeit,NN,Erreichbarkeit,DE,lemmesMotiliteDE
w_DE_ZH_2020_41530,DE_ZH,ZH,2020,41530,Erreichbarkeit,NN,Erreichbarkeit,DE,lemmesMotiliteDE
w_DE_ZH_2020_41787,DE_ZH,ZH,2020,41787,Erreichbarkeit,NN,Erreichbarkeit,DE,lemmesMotiliteDE
w_DE_ZH_2020_43742,DE_ZH,ZH,2020,43742,Erreichbarkeit,NN,Erreichbarkeit,DE,lemmesMotiliteDE
w_DE_ZH_2020_45768,DE_ZH,ZH,2020,45768,Erreichbarkeit,NN,Erreichbarkeit,DE,lemmesMotiliteDE
w_DE_ZH_2020_45846,DE_ZH,ZH,2020,45846,Erreichbarkeit,NN,Erreichbarkeit,DE,lemmesMotiliteDE
w_DE_ZH_2020_71163,DE_ZH,ZH,2020,71163,Erreichbarkeit,NN,Erreichbarkeit,DE,lemmesMotiliteDE
w_DE_ZH_2020_73090,DE_ZH,ZH,2020,73090,Erreichbarkeit,NN,Erreichbarkeit,DE,lemmesMotiliteDE
w_DE_TG_2018_36494,DE_TG,TG,2018,36494,Fortbewegung,NN,Fortbewegung,DE,lemmesMotiliteDE
w_DE_TG_2018_36513,DE_TG,TG,2018,36513,Fortbewegung,NN,Fortbewegung,DE,lemmesMotiliteDE
w_DE_TG_2018_36525,DE_TG,TG,2018,36525,Fortbewegung,NN,Fortbewegung,DE,lemmesMotiliteDE
w_DE_BL_2025_31496,DE_BL,BL,2025,31496,Fortbewegung,NN,Fortbewegung,DE,lemmesMotiliteDE
w_DE_AI_2015_5223,DE_AI,AI,2015,5223,Konnektivität,NN,Konnektivität,DE,lemmesMotiliteDE
w_DE_AR_2008_13096,DE_AR,AR,2008,13096,Mobilität,NN,Mobilität,DE,lemmesMotiliteDE
w_DE_ZG_1987_17660,DE_ZG,ZG,1987,17660,Mobilität,NN,Mobilität,DE,lemmesMotiliteDE
w_DE_TG_2018_4224,DE_TG,TG,2018,4224,Mobilität,NN,Mobilität,DE,lemmesMotiliteDE
w_DE_TG_2018_4233,DE_TG,TG,2018,4233,Mobilität,NN,Mobilität,DE,lemmesMotiliteDE
w_DE_TG_2018_4254,DE_TG,TG,2018,4254,Mobilität,NN,Mobilität,DE,lemmesMotiliteDE
w_DE_TG_2018_4446,DE_TG,TG,2018,4446,Mobilität,NN,Mobilität,DE,lemmesMotiliteDE
w_DE_TG_2018_6748,DE_TG,TG,2018,6748,Mobilität,NN,Mobilität,DE,lemmesMotiliteDE
w_DE_TG_2018_31172,DE_TG,TG,2018,31172,Mobilität,NN,Mobilität,DE,lemmesMotiliteDE
w_DE_TG_2018_31600,DE_TG,TG,2018,31600,Mobilität,NN,Mobilität,DE,lemmesMotiliteDE
w_DE_TG_2018_31615,DE_TG,TG,2018,31615,Mobilität,NN,Mobilität,DE,lemmesMotiliteDE
w_DE_TG_2018_31772,DE_TG,TG,2018,31772,Mobilität,NN,Mobilität,DE,lemmesMotiliteDE
w_DE_TG_2018_31825,DE_TG,TG,2018,31825,Mobilität,NN,Mobilität,DE,lemmesMotiliteDE
w_DE_TG_2018_31833,DE_TG,TG,2018,31833,Mobilität,NN,Mobilität,DE,lemmesMotiliteDE
w_DE_TG_2018_31839,DE_TG,TG,2018,31839,Mobilität,NN,Mobilität,DE,lemmesMotiliteDE
w_DE_TG_2018_31848,DE_TG,TG,2018,31848,Mobilität,NN,Mobilität,DE,lemmesMotiliteDE
w_DE_TG_2018_31882,DE_TG,TG,2018,31882,Mobilität,NN,Mobilität,DE,lemmesMotiliteDE
w_DE_TG_2018_31912,DE_TG,TG,2018,31912,Mobilität,NN,Mobilität,DE,lemmesMotiliteDE
w_DE_TG_2018_31978,DE_TG,TG,2018,31978,Mobilität,NN,Mobilität,DE,lemmesMotiliteDE
w_DE_TG_2018_32012,DE_TG,TG,2018,32012,Mobilität,NN,Mobilität,DE,lemmesMotiliteDE
w_DE_TG_2018_32800,DE_TG,TG,2018,32800,Mobilität,NN,Mobilität,DE,lemmesMotiliteDE
w_DE_TG_2018_42543,DE_TG,TG,2018,42543,Mobilität,NN,Mobilität,DE,lemmesMotiliteDE
w_DE_AG_2025_502,DE_AG,AG,2025,502,Mobilität,NN,Mobilität,DE,lemmesMotiliteDE
w_DE_AG_2025_560,DE_AG,AG,2025,560,Mobilität,NN,Mobilität,DE,lemmesMotiliteDE
w_DE_AG_2025_562,DE_AG,AG,2025,562,Mobilität,NN,Mobilität,DE,lemmesMotiliteDE
w_DE_AG_2025_809,DE_AG,AG,2025,809,Mobilität,NN,Mobilität,DE,lemmesMotiliteDE
w_DE_AG_2025_1554,DE_AG,AG,2025,1554,Mobilität,NN,Mobilität,DE,lemmesMotiliteDE
w_DE_AG_2025_3377,DE_AG,AG,2025,3377,Mobilität,NN,Mobilität,DE,lemmesMotiliteDE
w_DE_AG_2025_5702,DE_AG,AG,2025,5702,Mobilität,NN,Mobilität,DE,lemmesMotiliteDE
w_DE_AG_2025_11278,DE_AG,AG,2025,11278,Mobilität,NN,Mobilität,DE,lemmesMotiliteDE
w_DE_AG_2025_12727,DE_AG,AG,2025,12727,Mobilität,NN,Mobilität,DE,lemmesMotiliteDE
w_DE_AG_2025_14470,DE_AG,AG,2025,14470,Mobilität,NN,Mobilität,DE,lemmesMotiliteDE
w_DE_AG_2025_14646,DE_AG,AG,2025,14646,Mobilität,NN,Mobilität,DE,lemmesMotiliteDE
w_DE_AG_2025_27853,DE_AG,AG,2025,27853,Mobilität,NN,Mobilität,DE,lemmesMotiliteDE
w_DE_AG_2025_59296,DE_AG,AG,2025,59296,Mobilität,NN,Mobilität,DE,lemmesMotiliteDE
w_DE_AG_2025_59864,DE_AG,AG,2025,59864,Mobilität,NN,Mobilität,DE,lemmesMotiliteDE
w_DE_AG_2025_60424,DE_AG,AG,2025,60424,Mobilität,NN,Mobilität,DE,lemmesMotiliteDE
w_DE_AG_2025_66562,DE_AG,AG,2025,66562,Mobilität,NN,Mobilität,DE,lemmesMotiliteDE
w_DE_AG_2025_69385,DE_AG,AG,2025,69385,Mobilität,NN,Mobilität,DE,lemmesMotiliteDE
w_DE_AG_2025_70754,DE_AG,AG,2025,70754,Mobilität,NN,Mobilität,DE,lemmesMotiliteDE
w_DE_AG_2025_73637,DE_AG,AG,2025,73637,Mobilität,NN,Mobilität,DE,lemmesMotiliteDE
w_DE_AG_2025_73728,DE_AG,AG,2025,73728,Mobilität,NN,Mobilität,DE,lemmesMotiliteDE
w_DE_AG_2025_74038,DE_AG,AG,2025,74038,Mobilität,NN,Mobilität,DE,lemmesMotiliteDE
w_DE_AG_2025_74170,DE_AG,AG,2025,74170,Mobilität,NN,Mobilität,DE,lemmesMotiliteDE
w_DE_AG_2025_74222,DE_AG,AG,2025,74222,Mobilität,NN,Mobilität,DE,lemmesMotiliteDE
w_DE_AG_2025_74396,DE_AG,AG,2025,74396,Mobilität,NN,Mobilität,DE,lemmesMotiliteDE
w_DE_AG_2025_74814,DE_AG,AG,2025,74814,Mobilität,NN,Mobilität,DE,lemmesMotiliteDE
w_DE_AG_2025_74863,DE_AG,AG,2025,74863,Mobilität,NN,Mobilität,DE,lemmesMotiliteDE
w_DE_AG_2025_74868,DE_AG,AG,2025,74868,Mobilität,NN,Mobilität,DE,lemmesMotiliteDE
w_DE_AG_2025_90267,DE_AG,AG,2025,90267,Mobilität,NN,Mobilität,DE,lemmesMotiliteDE
w_DE_BE_2010_9462,DE_BE,BE,2010,9462,Mobilität,NN,Mobilität,DE,lemmesMotiliteDE
w_DE_BE_2010_12882,DE_BE,BE,2010,12882,Mobilität,NN,Mobilität,DE,lemmesMotiliteDE
w_DE_BE_2010_15073,DE_BE,BE,2010,15073,Mobilität,NN,Mobilität,DE,lemmesMotiliteDE
w_DE_BE_2010_17499,DE_BE,BE,2010,17499,Mobilität,NN,Mobilität,DE,lemmesMotiliteDE
w_DE_BE_2010_25865,DE_BE,BE,2010,25865,Mobilität,NN,Mobilität,DE,lemmesMotiliteDE
w_DE_AR_1987_5245,DE_AR,AR,1987,5245,Mobilität,NN,Mobilität,DE,lemmesMotiliteDE
w_DE_AR_1987_6384,DE_AR,AR,1987,6384,Mobilität,NN,Mobilität,DE,lemmesMotiliteDE
w_DE_LU_2025_554,DE_LU,LU,2025,554,Mobilität,NN,Mobilität,DE,lemmesMotiliteDE
w_DE_LU_2025_1363,DE_LU,LU,2025,1363,Mobilität,NN,Mobilität,DE,lemmesMotiliteDE
w_DE_LU_2025_3147,DE_LU,LU,2025,3147,Mobilität,NN,Mobilität,DE,lemmesMotiliteDE
w_DE_LU_2025_3152,DE_LU,LU,2025,3152,Mobilität,NN,Mobilität,DE,lemmesMotiliteDE
w_DE_LU_2025_3285,DE_LU,LU,2025,3285,Mobilität,NN,Mobilität,DE,lemmesMotiliteDE
w_DE_LU_2025_5280,DE_LU,LU,2025,5280,Mobilität,NN,Mobilität,DE,lemmesMotiliteDE
w_DE_LU_2025_6586,DE_LU,LU,2025,6586,Mobilität,NN,Mobilität,DE,lemmesMotiliteDE
w_DE_LU_2025_6979,DE_LU,LU,2025,6979,Mobilität,NN,Mobilität,DE,lemmesMotiliteDE
w_DE_LU_2025_7115,DE_LU,LU,2025,7115,Mobilität,NN,Mobilität,DE,lemmesMotiliteDE
w_DE_LU_2025_7412,DE_LU,LU,2025,7412,Mobilität,NN,Mobilität,DE,lemmesMotiliteDE
w_DE_LU_2025_8308,DE_LU,LU,2025,8308,Mobilität,NN,Mobilität,DE,lemmesMotiliteDE
w_DE_LU_2025_9219,DE_LU,LU,2025,9219,Mobilität,NN,Mobilität,DE,lemmesMotiliteDE
w_DE_LU_2025_9818,DE_LU,LU,2025,9818,Mobilität,NN,Mobilität,DE,lemmesMotiliteDE
w_DE_LU_2025_10311,DE_LU,LU,2025,10311,Mobilität,NN,Mobilität,DE,lemmesMotiliteDE
w_DE_LU_2025_12156,DE_LU,LU,2025,12156,Mobilität,NN,Mobilität,DE,lemmesMotiliteDE
w_DE_LU_2025_13906,DE_LU,LU,2025,13906,Mobilität,NN,Mobilität,DE,lemmesMotiliteDE
w_DE_LU_2025_14576,DE_LU,LU,2025,14576,Mobilität,NN,Mobilität,DE,lemmesMotiliteDE
w_DE_LU_2025_17738,DE_LU,LU,2025,17738,Mobilität,NN,Mobilität,DE,lemmesMotiliteDE
w_DE_LU_2025_18319,DE_LU,LU,2025,18319,Mobilität,NN,Mobilität,DE,lemmesMotiliteDE
w_DE_LU_2025_22649,DE_LU,LU,2025,22649,Mobilität,NN,Mobilität,DE,lemmesMotiliteDE
w_DE_LU_2025_22650,DE_LU,LU,2025,22650,Mobilität,NN,Mobilität,DE,lemmesMotiliteDE
w_DE_LU_2025_22658,DE_LU,LU,2025,22658,Mobilität,NN,Mobilität,DE,lemmesMotiliteDE
w_DE_LU_2025_22660,DE_LU,LU,2025,22660,Mobilität,NN,Mobilität,DE,lemmesMotiliteDE
w_DE_LU_2025_22696,DE_LU,LU,2025,22696,Mobilität,NN,Mobilität,DE,lemmesMotiliteDE
w_DE_LU_2025_22707,DE_LU,LU,2025,22707,Mobilität,NN,Mobilität,DE,lemmesMotiliteDE
w_DE_LU_2025_22713,DE_LU,LU,2025,22713,Mobilität,NN,Mobilität,DE,lemmesMotiliteDE
w_DE_LU_2025_22874,DE_LU,LU,2025,22874,Mobilität,NN,Mobilität,DE,lemmesMotiliteDE
w_DE_LU_2025_22946,DE_LU,LU,2025,22946,Mobilität,NN,Mobilität,DE,lemmesMotiliteDE
w_DE_LU_2025_23098,DE_LU,LU,2025,23098,Mobilität,NN,Mobilität,DE,lemmesMotiliteDE
w_DE_LU_2025_23257,DE_LU,LU,2025,23257,Mobilität,NN,Mobilität,DE,lemmesMotiliteDE
w_DE_LU_2025_23287,DE_LU,LU,2025,23287,Mobilität,NN,Mobilität,DE,lemmesMotiliteDE
w_DE_LU_2025_23497,DE_LU,LU,2025,23497,Mobilität,NN,Mobilität,DE,lemmesMotiliteDE
w_DE_LU_2025_23504,DE_LU,LU,2025,23504,Mobilität,NN,Mobilität,DE,lemmesMotiliteDE
w_DE_LU_2025_23626,DE_LU,LU,2025,23626,Mobilität,NN,Mobilität,DE,lemmesMotiliteDE
w_DE_LU_2025_24047,DE_LU,LU,2025,24047,Mobilität,NN,Mobilität,DE,lemmesMotiliteDE
w_DE_LU_2025_24240,DE_LU,LU,2025,24240,Mobilität,NN,Mobilität,DE,lemmesMotiliteDE
w_DE_LU_2025_24301,DE_LU,LU,2025,24301,Mobilität,NN,Mobilität,DE,lemmesMotiliteDE
w_DE_LU_2025_24359,DE_LU,LU,2025,24359,Mobilität,NN,Mobilität,DE,lemmesMotiliteDE
w_DE_LU_2025_24448,DE_LU,LU,2025,24448,Mobilität,NN,Mobilität,DE,lemmesMotiliteDE
w_DE_LU_2025_24554,DE_LU,LU,2025,24554,Mobilität,NN,Mobilität,DE,lemmesMotiliteDE
w_DE_LU_2025_24886,DE_LU,LU,2025,24886,Mobilität,NN,Mobilität,DE,lemmesMotiliteDE
w_DE_LU_2025_25085,DE_LU,LU,2025,25085,Mobilität,NN,Mobilität,DE,lemmesMotiliteDE
w_DE_LU_2025_25141,DE_LU,LU,2025,25141,Mobilität,NN,Mobilität,DE,lemmesMotiliteDE
w_DE_LU_2025_25277,DE_LU,LU,2025,25277,Mobilität,NN,Mobilität,DE,lemmesMotiliteDE
w_DE_LU_2025_25582,DE_LU,LU,2025,25582,Mobilität,NN,Mobilität,DE,lemmesMotiliteDE
w_DE_LU_2025_25721,DE_LU,LU,2025,25721,Mobilität,NN,Mobilität,DE,lemmesMotiliteDE
w_DE_LU_2025_25757,DE_LU,LU,2025,25757,Mobilität,NN,Mobilität,DE,lemmesMotiliteDE
w_DE_LU_2025_25988,DE_LU,LU,2025,25988,Mobilität,NN,Mobilität,DE,lemmesMotiliteDE
w_DE_LU_2025_26333,DE_LU,LU,2025,26333,Mobilität,NN,Mobilität,DE,lemmesMotiliteDE
w_DE_LU_2025_26655,DE_LU,LU,2025,26655,Mobilität,NN,Mobilität,DE,lemmesMotiliteDE
w_DE_LU_2025_26906,DE_LU,LU,2025,26906,Mobilität,NN,Mobilität,DE,lemmesMotiliteDE
w_DE_LU_2025_26966,DE_LU,LU,2025,26966,Mobilität,NN,Mobilität,DE,lemmesMotiliteDE
w_DE_LU_2025_27427,DE_LU,LU,2025,27427,Mobilität,NN,Mobilität,DE,lemmesMotiliteDE
w_DE_LU_2025_27807,DE_LU,LU,2025,27807,Mobilität,NN,Mobilität,DE,lemmesMotiliteDE
w_DE_LU_2025_27888,DE_LU,LU,2025,27888,Mobilität,NN,Mobilität,DE,lemmesMotiliteDE
w_DE_LU_2025_28005,DE_LU,LU,2025,28005,Mobilität,NN,Mobilität,DE,lemmesMotiliteDE
w_DE_LU_2025_28132,DE_LU,LU,2025,28132,Mobilität,NN,Mobilität,DE,lemmesMotiliteDE
w_DE_LU_2025_28348,DE_LU,LU,2025,28348,Mobilität,NN,Mobilität,DE,lemmesMotiliteDE
w_DE_LU_2025_28605,DE_LU,LU,2025,28605,Mobilität,NN,Mobilität,DE,lemmesMotiliteDE
w_DE_LU_2025_28659,DE_LU,LU,2025,28659,Mobilität,NN,Mobilität,DE,lemmesMotiliteDE
w_DE_LU_2025_29095,DE_LU,LU,2025,29095,Mobilität,NN,Mobilität,DE,lemmesMotiliteDE
w_DE_LU_2025_29245,DE_LU,LU,2025,29245,Mobilität,NN,Mobilität,DE,lemmesMotiliteDE
w_DE_LU_2025_29293,DE_LU,LU,2025,29293,Mobilität,NN,Mobilität,DE,lemmesMotiliteDE
w_DE_LU_2025_29544,DE_LU,LU,2025,29544,Mobilität,NN,Mobilität,DE,lemmesMotiliteDE
w_DE_LU_2025_29856,DE_LU,LU,2025,29856,Mobilität,NN,Mobilität,DE,lemmesMotiliteDE
w_DE_LU_2025_30193,DE_LU,LU,2025,30193,Mobilität,NN,Mobilität,DE,lemmesMotiliteDE
w_DE_LU_2025_30336,DE_LU,LU,2025,30336,Mobilität,NN,Mobilität,DE,lemmesMotiliteDE
w_DE_LU_2025_30403,DE_LU,LU,2025,30403,Mobilität,NN,Mobilität,DE,lemmesMotiliteDE
w_DE_LU_2025_30813,DE_LU,LU,2025,30813,Mobilität,NN,Mobilität,DE,lemmesMotiliteDE
w_DE_LU_2025_31185,DE_LU,LU,2025,31185,Mobilität,NN,Mobilität,DE,lemmesMotiliteDE
w_DE_LU_2025_31611,DE_LU,LU,2025,31611,Mobilität,NN,Mobilität,DE,lemmesMotiliteDE
w_DE_LU_2025_31902,DE_LU,LU,2025,31902,Mobilität,NN,Mobilität,DE,lemmesMotiliteDE
w_DE_LU_2025_31991,DE_LU,LU,2025,31991,Mobilität,NN,Mobilität,DE,lemmesMotiliteDE
w_DE_LU_2025_32031,DE_LU,LU,2025,32031,Mobilität,NN,Mobilität,DE,lemmesMotiliteDE
w_DE_LU_2025_32427,DE_LU,LU,2025,32427,Mobilität,NN,Mobilität,DE,lemmesMotiliteDE
w_DE_LU_2025_32596,DE_LU,LU,2025,32596,Mobilität,NN,Mobilität,DE,lemmesMotiliteDE
w_DE_LU_2025_51608,DE_LU,LU,2025,51608,Mobilität,NN,Mobilität,DE,lemmesMotiliteDE
w_DE_LU_2025_52442,DE_LU,LU,2025,52442,Mobilität,NN,Mobilität,DE,lemmesMotiliteDE
w_DE_NW_2024_1118,DE_NW,NW,2024,1118,Mobilität,NN,Mobilität,DE,lemmesMotiliteDE
w_DE_NW_2024_24034,DE_NW,NW,2024,24034,Mobilität,NN,Mobilität,DE,lemmesMotiliteDE
w_DE_NW_2024_27007,DE_NW,NW,2024,27007,Mobilität,NN,Mobilität,DE,lemmesMotiliteDE
w_DE_NW_2024_51248,DE_NW,NW,2024,51248,Mobilität,NN,Mobilität,DE,lemmesMotiliteDE
w_DE_AI_2011_7139,DE_AI,AI,2011,7139,Mobilität,NN,Mobilität,DE,lemmesMotiliteDE
w_DE_AI_2011_19819,DE_AI,AI,2011,19819,Mobilität,NN,Mobilität,DE,lemmesMotiliteDE
w_DE_SO_2023_3319,DE_SO,SO,2023,3319,Mobilität,NN,Mobilität,DE,lemmesMotiliteDE
w_DE_SO_2023_7822,DE_SO,SO,2023,7822,Mobilität,NN,Mobilität,DE,lemmesMotiliteDE
w_DE_SO_2023_7939,DE_SO,SO,2023,7939,Mobilität,NN,Mobilität,DE,lemmesMotiliteDE
w_DE_SO_2023_8001,DE_SO,SO,2023,8001,Mobilität,NN,Mobilität,DE,lemmesMotiliteDE
w_DE_SO_2023_8727,DE_SO,SO,2023,8727,Mobilität,NN,Mobilität,DE,lemmesMotiliteDE
w_DE_SO_2023_8756,DE_SO,SO,2023,8756,Mobilität,NN,Mobilität,DE,lemmesMotiliteDE
w_DE_SO_2023_11056,DE_SO,SO,2023,11056,Mobilität,NN,Mobilität,DE,lemmesMotiliteDE
w_DE_SO_2023_11134,DE_SO,SO,2023,11134,Mobilität,NN,Mobilität,DE,lemmesMotiliteDE
w_DE_SO_2023_12014,DE_SO,SO,2023,12014,Mobilität,NN,Mobilität,DE,lemmesMotiliteDE
w_DE_SO_2023_13872,DE_SO,SO,2023,13872,Mobilität,NN,Mobilität,DE,lemmesMotiliteDE
w_DE_SO_2023_13877,DE_SO,SO,2023,13877,Mobilität,NN,Mobilität,DE,lemmesMotiliteDE
w_DE_SO_2023_37084,DE_SO,SO,2023,37084,Mobilität,NN,Mobilität,DE,lemmesMotiliteDE
w_DE_SO_2023_42927,DE_SO,SO,2023,42927,Mobilität,NN,Mobilität,DE,lemmesMotiliteDE
w_DE_SO_2023_42947,DE_SO,SO,2023,42947,Mobilität,NN,Mobilität,DE,lemmesMotiliteDE
w_DE_SO_2023_43106,DE_SO,SO,2023,43106,Mobilität,NN,Mobilität,DE,lemmesMotiliteDE
w_DE_SO_2023_43513,DE_SO,SO,2023,43513,Mobilität,NN,Mobilität,DE,lemmesMotiliteDE
w_DE_SO_2023_48165,DE_SO,SO,2023,48165,Mobilität,NN,Mobilität,DE,lemmesMotiliteDE
w_DE_SO_2023_48476,DE_SO,SO,2023,48476,Mobilität,NN,Mobilität,DE,lemmesMotiliteDE
w_DE_SO_2023_48534,DE_SO,SO,2023,48534,Mobilität,NN,Mobilität,DE,lemmesMotiliteDE
w_DE_OW_2006_9788,DE_OW,OW,2006,9788,Mobilität,NN,Mobilität,DE,lemmesMotiliteDE
w_DE_OW_2006_22611,DE_OW,OW,2006,22611,Mobilität,NN,Mobilität,DE,lemmesMotiliteDE
w_DE_OW_2006_23231,DE_OW,OW,2006,23231,Mobilität,NN,Mobilität,DE,lemmesMotiliteDE
w_DE_OW_2006_23440,DE_OW,OW,2006,23440,Mobilität,NN,Mobilität,DE,lemmesMotiliteDE
w_DE_UR_2023_545,DE_UR,UR,2023,545,Mobilität,NN,Mobilität,DE,lemmesMotiliteDE
w_DE_UR_2023_5556,DE_UR,UR,2023,5556,Mobilität,NN,Mobilität,DE,lemmesMotiliteDE
w_DE_UR_2023_16827,DE_UR,UR,2023,16827,Mobilität,NN,Mobilität,DE,lemmesMotiliteDE
w_DE_UR_2023_23360,DE_UR,UR,2023,23360,Mobilität,NN,Mobilität,DE,lemmesMotiliteDE
w_DE_UR_2023_24379,DE_UR,UR,2023,24379,Mobilität,NN,Mobilität,DE,lemmesMotiliteDE
w_DE_UR_2023_24494,DE_UR,UR,2023,24494,Mobilität,NN,Mobilität,DE,lemmesMotiliteDE
w_DE_UR_2023_26263,DE_UR,UR,2023,26263,Mobilität,NN,Mobilität,DE,lemmesMotiliteDE
w_DE_UR_2023_26573,DE_UR,UR,2023,26573,Mobilität,NN,Mobilität,DE,lemmesMotiliteDE
w_DE_UR_2023_26609,DE_UR,UR,2023,26609,Mobilität,NN,Mobilität,DE,lemmesMotiliteDE
w_DE_UR_2023_26882,DE_UR,UR,2023,26882,Mobilität,NN,Mobilität,DE,lemmesMotiliteDE
w_DE_UR_2023_27152,DE_UR,UR,2023,27152,Mobilität,NN,Mobilität,DE,lemmesMotiliteDE
w_DE_UR_2023_27633,DE_UR,UR,2023,27633,Mobilität,NN,Mobilität,DE,lemmesMotiliteDE
w_DE_UR_2023_27975,DE_UR,UR,2023,27975,Mobilität,NN,Mobilität,DE,lemmesMotiliteDE
w_DE_UR_2023_28296,DE_UR,UR,2023,28296,Mobilität,NN,Mobilität,DE,lemmesMotiliteDE
w_DE_UR_2023_28394,DE_UR,UR,2023,28394,Mobilität,NN,Mobilität,DE,lemmesMotiliteDE
w_DE_UR_2023_28729,DE_UR,UR,2023,28729,Mobilität,NN,Mobilität,DE,lemmesMotiliteDE
w_DE_UR_2023_29143,DE_UR,UR,2023,29143,Mobilität,NN,Mobilität,DE,lemmesMotiliteDE
w_DE_UR_2023_29231,DE_UR,UR,2023,29231,Mobilität,NN,Mobilität,DE,lemmesMotiliteDE
w_DE_UR_2023_29284,DE_UR,UR,2023,29284,Mobilität,NN,Mobilität,DE,lemmesMotiliteDE
w_DE_UR_2023_29708,DE_UR,UR,2023,29708,Mobilität,NN,Mobilität,DE,lemmesMotiliteDE
w_DE_UR_2023_30161,DE_UR,UR,2023,30161,Mobilität,NN,Mobilität,DE,lemmesMotiliteDE
w_DE_UR_2023_30544,DE_UR,UR,2023,30544,Mobilität,NN,Mobilität,DE,lemmesMotiliteDE
w_DE_UR_2023_30565,DE_UR,UR,2023,30565,Mobilität,NN,Mobilität,DE,lemmesMotiliteDE
w_DE_UR_2023_31051,DE_UR,UR,2023,31051,Mobilität,NN,Mobilität,DE,lemmesMotiliteDE
w_DE_UR_2023_31380,DE_UR,UR,2023,31380,Mobilität,NN,Mobilität,DE,lemmesMotiliteDE
w_DE_UR_2023_31745,DE_UR,UR,2023,31745,Mobilität,NN,Mobilität,DE,lemmesMotiliteDE
w_DE_UR_2023_31830,DE_UR,UR,2023,31830,Mobilität,NN,Mobilität,DE,lemmesMotiliteDE
w_DE_UR_2023_32242,DE_UR,UR,2023,32242,Mobilität,NN,Mobilität,DE,lemmesMotiliteDE
w_DE_UR_2023_32557,DE_UR,UR,2023,32557,Mobilität,NN,Mobilität,DE,lemmesMotiliteDE
w_DE_UR_2023_33036,DE_UR,UR,2023,33036,Mobilität,NN,Mobilität,DE,lemmesMotiliteDE
w_DE_UR_2023_33215,DE_UR,UR,2023,33215,Mobilität,NN,Mobilität,DE,lemmesMotiliteDE
w_DE_UR_2023_33664,DE_UR,UR,2023,33664,Mobilität,NN,Mobilität,DE,lemmesMotiliteDE
w_DE_UR_2023_34067,DE_UR,UR,2023,34067,Mobilität,NN,Mobilität,DE,lemmesMotiliteDE
w_DE_UR_2023_34504,DE_UR,UR,2023,34504,Mobilität,NN,Mobilität,DE,lemmesMotiliteDE
w_DE_UR_2023_34968,DE_UR,UR,2023,34968,Mobilität,NN,Mobilität,DE,lemmesMotiliteDE
w_DE_UR_2023_44856,DE_UR,UR,2023,44856,Mobilität,NN,Mobilität,DE,lemmesMotiliteDE
w_DE_GL_2025_17733,DE_GL,GL,2025,17733,Mobilität,NN,Mobilität,DE,lemmesMotiliteDE
w_DE_GL_2025_21852,DE_GL,GL,2025,21852,Mobilität,NN,Mobilität,DE,lemmesMotiliteDE
w_DE_GL_2025_21883,DE_GL,GL,2025,21883,Mobilität,NN,Mobilität,DE,lemmesMotiliteDE
w_DE_GL_2025_21926,DE_GL,GL,2025,21926,Mobilität,NN,Mobilität,DE,lemmesMotiliteDE
w_DE_BS_2019_8,DE_BS,BS,2019,8,Mobilität,NN,Mobilität,DE,lemmesMotiliteDE
w_DE_BS_2019_14,DE_BS,BS,2019,14,Mobilität,NN,Mobilität,DE,lemmesMotiliteDE
w_DE_BS_2019_66,DE_BS,BS,2019,66,Mobilität,NN,Mobilität,DE,lemmesMotiliteDE
w_DE_BS_2019_171,DE_BS,BS,2019,171,Mobilität,NN,Mobilität,DE,lemmesMotiliteDE
w_DE_BS_2019_473,DE_BS,BS,2019,473,Mobilität,NN,Mobilität,DE,lemmesMotiliteDE
w_DE_BS_2019_476,DE_BS,BS,2019,476,MOBILITÄT,NN,Mobilität,DE,lemmesMotiliteDE
w_DE_BS_2019_561,DE_BS,BS,2019,561,Mobilität,NN,Mobilität,DE,lemmesMotiliteDE
w_DE_BS_2019_581,DE_BS,BS,2019,581,Mobilität,NN,Mobilität,DE,lemmesMotiliteDE
w_DE_BS_2019_2650,DE_BS,BS,2019,2650,Mobilität,NN,Mobilität,DE,lemmesMotiliteDE
w_DE_BS_2019_2653,DE_BS,BS,2019,2653,MOBILITÄT,NN,Mobilität,DE,lemmesMotiliteDE
w_DE_BS_2019_2665,DE_BS,BS,2019,2665,Mobilität,NN,Mobilität,DE,lemmesMotiliteDE
w_DE_BS_2019_2673,DE_BS,BS,2019,2673,Mobilität,NN,Mobilität,DE,lemmesMotiliteDE
w_DE_BS_2019_3360,DE_BS,BS,2019,3360,Mobilität,NN,Mobilität,DE,lemmesMotiliteDE
w_DE_BS_2019_3365,DE_BS,BS,2019,3365,MOBILITÄT,NN,Mobilität,DE,lemmesMotiliteDE
w_DE_BS_2019_4040,DE_BS,BS,2019,4040,Mobilität,NN,Mobilität,DE,lemmesMotiliteDE
w_DE_BS_2019_4385,DE_BS,BS,2019,4385,Mobilität,NN,Mobilität,DE,lemmesMotiliteDE
w_DE_BS_2019_4685,DE_BS,BS,2019,4685,Mobilität,NN,Mobilität,DE,lemmesMotiliteDE
w_DE_BS_2019_5491,DE_BS,BS,2019,5491,Mobilität,NN,Mobilität,DE,lemmesMotiliteDE
w_DE_BS_2019_6285,DE_BS,BS,2019,6285,Mobilität,NN,Mobilität,DE,lemmesMotiliteDE
w_DE_BS_2019_7077,DE_BS,BS,2019,7077,Mobilität,NN,Mobilität,DE,lemmesMotiliteDE
w_DE_BS_2019_7619,DE_BS,BS,2019,7619,Mobilität,NN,Mobilität,DE,lemmesMotiliteDE
w_DE_BS_2019_7628,DE_BS,BS,2019,7628,MOBILITÄT,NN,Mobilität,DE,lemmesMotiliteDE
w_DE_BS_2019_8234,DE_BS,BS,2019,8234,Mobilität,NN,Mobilität,DE,lemmesMotiliteDE
w_DE_BS_2019_8434,DE_BS,BS,2019,8434,Mobilität,NN,Mobilität,DE,lemmesMotiliteDE
w_DE_BS_2019_8620,DE_BS,BS,2019,8620,Mobilität,NN,Mobilität,DE,lemmesMotiliteDE
w_DE_BS_2019_9388,DE_BS,BS,2019,9388,Mobilität,NN,Mobilität,DE,lemmesMotiliteDE
w_DE_BS_2019_10195,DE_BS,BS,2019,10195,Mobilität,NN,Mobilität,DE,lemmesMotiliteDE
w_DE_BS_2019_10483,DE_BS,BS,2019,10483,Mobilität,NN,Mobilität,DE,lemmesMotiliteDE
w_DE_BS_2019_10509,DE_BS,BS,2019,10509,Mobilität,NN,Mobilität,DE,lemmesMotiliteDE
w_DE_BS_2019_10518,DE_BS,BS,2019,10518,MOBILITÄT,NN,Mobilität,DE,lemmesMotiliteDE
w_DE_BS_2019_10689,DE_BS,BS,2019,10689,Mobilität,NN,Mobilität,DE,lemmesMotiliteDE
w_DE_BS_2019_10729,DE_BS,BS,2019,10729,Mobilität,NN,Mobilität,DE,lemmesMotiliteDE
w_DE_BS_2019_10943,DE_BS,BS,2019,10943,Mobilität,NN,Mobilität,DE,lemmesMotiliteDE
w_DE_BS_2019_10951,DE_BS,BS,2019,10951,MOBILITÄT,NN,Mobilität,DE,lemmesMotiliteDE
w_DE_BS_2019_11214,DE_BS,BS,2019,11214,Mobilität,NN,Mobilität,DE,lemmesMotiliteDE
w_DE_BS_2019_11427,DE_BS,BS,2019,11427,Mobilität,NN,Mobilität,DE,lemmesMotiliteDE
w_DE_BS_2019_11933,DE_BS,BS,2019,11933,Mobilität,NN,Mobilität,DE,lemmesMotiliteDE
w_DE_BS_2019_12210,DE_BS,BS,2019,12210,Mobilität,NN,Mobilität,DE,lemmesMotiliteDE
w_DE_BS_2019_12386,DE_BS,BS,2019,12386,Mobilität,NN,Mobilität,DE,lemmesMotiliteDE
w_DE_BS_2019_12504,DE_BS,BS,2019,12504,Mobilität,NN,Mobilität,DE,lemmesMotiliteDE
w_DE_BS_2019_13227,DE_BS,BS,2019,13227,Mobilität,NN,Mobilität,DE,lemmesMotiliteDE
w_DE_BS_2019_13461,DE_BS,BS,2019,13461,Mobilität,NN,Mobilität,DE,lemmesMotiliteDE
w_DE_BS_2019_13496,DE_BS,BS,2019,13496,Mobilität,NN,Mobilität,DE,lemmesMotiliteDE
w_DE_BS_2019_13509,DE_BS,BS,2019,13509,Mobilität,NN,Mobilität,DE,lemmesMotiliteDE
w_DE_BS_2019_13769,DE_BS,BS,2019,13769,Mobilität,NN,Mobilität,DE,lemmesMotiliteDE
w_DE_BS_2019_13940,DE_BS,BS,2019,13940,Mobilität,NN,Mobilität,DE,lemmesMotiliteDE
w_DE_BS_2019_14201,DE_BS,BS,2019,14201,Mobilität,NN,Mobilität,DE,lemmesMotiliteDE
w_DE_BS_2019_14852,DE_BS,BS,2019,14852,Mobilität,NN,Mobilität,DE,lemmesMotiliteDE
w_DE_BS_2019_15342,DE_BS,BS,2019,15342,Mobilität,NN,Mobilität,DE,lemmesMotiliteDE
w_DE_BS_2019_15351,DE_BS,BS,2019,15351,MOBILITÄT,NN,Mobilität,DE,lemmesMotiliteDE
w_DE_BS_2019_15382,DE_BS,BS,2019,15382,Mobilität,NN,Mobilität,DE,lemmesMotiliteDE
w_DE_BS_2019_15596,DE_BS,BS,2019,15596,Mobilität,NN,Mobilität,DE,lemmesMotiliteDE
w_DE_BS_2019_15765,DE_BS,BS,2019,15765,Mobilität,NN,Mobilität,DE,lemmesMotiliteDE
w_DE_BS_2019_16083,DE_BS,BS,2019,16083,Mobilität,NN,Mobilität,DE,lemmesMotiliteDE
w_DE_BS_2019_16738,DE_BS,BS,2019,16738,Mobilität,NN,Mobilität,DE,lemmesMotiliteDE
w_DE_BS_2019_17417,DE_BS,BS,2019,17417,Mobilität,NN,Mobilität,DE,lemmesMotiliteDE
w_DE_BS_2019_17617,DE_BS,BS,2019,17617,Mobilität,NN,Mobilität,DE,lemmesMotiliteDE
w_DE_BS_2019_17984,DE_BS,BS,2019,17984,Mobilität,NN,Mobilität,DE,lemmesMotiliteDE
w_DE_BS_2019_18088,DE_BS,BS,2019,18088,Mobilität,NN,Mobilität,DE,lemmesMotiliteDE
w_DE_BS_2019_18095,DE_BS,BS,2019,18095,MOBILITÄT,NN,Mobilität,DE,lemmesMotiliteDE
w_DE_BS_2019_18493,DE_BS,BS,2019,18493,Mobilität,NN,Mobilität,DE,lemmesMotiliteDE
w_DE_BS_2019_18649,DE_BS,BS,2019,18649,Mobilität,NN,Mobilität,DE,lemmesMotiliteDE
w_DE_BS_2019_18836,DE_BS,BS,2019,18836,Mobilität,NN,Mobilität,DE,lemmesMotiliteDE
w_DE_BS_2019_18841,DE_BS,BS,2019,18841,MOBILITÄT,NN,Mobilität,DE,lemmesMotiliteDE
w_DE_BS_2019_19329,DE_BS,BS,2019,19329,Mobilität,NN,Mobilität,DE,lemmesMotiliteDE
w_DE_BS_2019_19477,DE_BS,BS,2019,19477,Mobilität,NN,Mobilität,DE,lemmesMotiliteDE
w_DE_BS_2024_1616,DE_BS,BS,2024,1616,Mobilität,NN,Mobilität,DE,lemmesMotiliteDE
w_DE_BS_2024_1738,DE_BS,BS,2024,1738,Mobilität,NN,Mobilität,DE,lemmesMotiliteDE
w_DE_BS_2024_2697,DE_BS,BS,2024,2697,Mobilität,NN,Mobilität,DE,lemmesMotiliteDE
w_DE_BS_2024_2726,DE_BS,BS,2024,2726,MOBILITÄT,NN,Mobilität,DE,lemmesMotiliteDE
w_DE_BS_2024_2760,DE_BS,BS,2024,2760,Mobilität,NN,Mobilität,DE,lemmesMotiliteDE
w_DE_BS_2024_3790,DE_BS,BS,2024,3790,Mobilität,NN,Mobilität,DE,lemmesMotiliteDE
w_DE_BS_2024_3794,DE_BS,BS,2024,3794,MOBILITÄT,NN,Mobilität,DE,lemmesMotiliteDE
w_DE_BS_2024_3880,DE_BS,BS,2024,3880,Mobilität,NN,Mobilität,DE,lemmesMotiliteDE
w_DE_BS_2024_3900,DE_BS,BS,2024,3900,Mobilität,NN,Mobilität,DE,lemmesMotiliteDE
w_DE_BS_2024_6207,DE_BS,BS,2024,6207,Mobilität,NN,Mobilität,DE,lemmesMotiliteDE
w_DE_BS_2024_13874,DE_BS,BS,2024,13874,Mobilität,NN,Mobilität,DE,lemmesMotiliteDE
w_DE_BS_2024_15616,DE_BS,BS,2024,15616,Mobilität,NN,Mobilität,DE,lemmesMotiliteDE
w_DE_BS_2024_30481,DE_BS,BS,2024,30481,Mobilität,NN,Mobilität,DE,lemmesMotiliteDE
w_DE_BS_2024_43179,DE_BS,BS,2024,43179,Mobilität,NN,Mobilität,DE,lemmesMotiliteDE
w_DE_ZG_2004_20475,DE_ZG,ZG,2004,20475,Mobilität,NN,Mobilität,DE,lemmesMotiliteDE
w_DE_ZG_2025_391,DE_ZG,ZG,2025,391,Mobilität,NN,Mobilität,DE,lemmesMotiliteDE
w_DE_ZG_2025_513,DE_ZG,ZG,2025,513,Mobilität,NN,Mobilität,DE,lemmesMotiliteDE
w_DE_ZG_2025_523,DE_ZG,ZG,2025,523,Mobilität,NN,Mobilität,DE,lemmesMotiliteDE
w_DE_ZG_2025_527,DE_ZG,ZG,2025,527,Mobilität,NN,Mobilität,DE,lemmesMotiliteDE
w_DE_ZG_2025_531,DE_ZG,ZG,2025,531,Mobilität,NN,Mobilität,DE,lemmesMotiliteDE
w_DE_ZG_2025_535,DE_ZG,ZG,2025,535,Mobilität,NN,Mobilität,DE,lemmesMotiliteDE
w_DE_ZG_2025_1727,DE_ZG,ZG,2025,1727,Mobilität,NN,Mobilität,DE,lemmesMotiliteDE
w_DE_ZG_2025_1732,DE_ZG,ZG,2025,1732,Mobilität,NN,Mobilität,DE,lemmesMotiliteDE
w_DE_ZG_2025_1806,DE_ZG,ZG,2025,1806,Mobilität,NN,Mobilität,DE,lemmesMotiliteDE
w_DE_ZG_2025_1838,DE_ZG,ZG,2025,1838,Mobilität,NN,Mobilität,DE,lemmesMotiliteDE
w_DE_ZG_2025_1897,DE_ZG,ZG,2025,1897,Mobilität,NN,Mobilität,DE,lemmesMotiliteDE
w_DE_ZG_2025_10101,DE_ZG,ZG,2025,10101,Mobilität,NN,Mobilität,DE,lemmesMotiliteDE
w_DE_ZG_2025_10105,DE_ZG,ZG,2025,10105,Mobilität,NN,Mobilität,DE,lemmesMotiliteDE
w_DE_ZG_2025_10122,DE_ZG,ZG,2025,10122,Mobilität,NN,Mobilität,DE,lemmesMotiliteDE
w_DE_ZG_2025_10249,DE_ZG,ZG,2025,10249,Mobilität,NN,Mobilität,DE,lemmesMotiliteDE
w_DE_ZG_2025_10383,DE_ZG,ZG,2025,10383,Mobilität,NN,Mobilität,DE,lemmesMotiliteDE
w_DE_ZG_2025_10432,DE_ZG,ZG,2025,10432,Mobilität,NN,Mobilität,DE,lemmesMotiliteDE
w_DE_ZG_2025_10484,DE_ZG,ZG,2025,10484,Mobilität,NN,Mobilität,DE,lemmesMotiliteDE
w_DE_ZG_2025_10516,DE_ZG,ZG,2025,10516,Mobilität,NN,Mobilität,DE,lemmesMotiliteDE
w_DE_ZG_2025_10548,DE_ZG,ZG,2025,10548,Mobilität,NN,Mobilität,DE,lemmesMotiliteDE
w_DE_ZG_2025_13989,DE_ZG,ZG,2025,13989,Mobilität,NN,Mobilität,DE,lemmesMotiliteDE
w_DE_ZG_2025_14043,DE_ZG,ZG,2025,14043,Mobilität,NN,Mobilität,DE,lemmesMotiliteDE
w_DE_ZG_2025_14127,DE_ZG,ZG,2025,14127,Mobilität,NN,Mobilität,DE,lemmesMotiliteDE
w_DE_ZG_2025_14198,DE_ZG,ZG,2025,14198,Mobilität,NN,Mobilität,DE,lemmesMotiliteDE
w_DE_BE_2008_9290,DE_BE,BE,2008,9290,Mobilität,NN,Mobilität,DE,lemmesMotiliteDE
w_DE_BE_2008_12706,DE_BE,BE,2008,12706,Mobilität,NN,Mobilität,DE,lemmesMotiliteDE
w_DE_BE_2008_12734,DE_BE,BE,2008,12734,Mobilität,NN,Mobilität,DE,lemmesMotiliteDE
w_DE_BE_2008_13127,DE_BE,BE,2008,13127,Mobilität,NN,Mobilität,DE,lemmesMotiliteDE
w_DE_BE_2008_14038,DE_BE,BE,2008,14038,Mobilität,NN,Mobilität,DE,lemmesMotiliteDE
w_DE_BE_2008_23318,DE_BE,BE,2008,23318,Mobilität,NN,Mobilität,DE,lemmesMotiliteDE
w_DE_BE_2008_39175,DE_BE,BE,2008,39175,Mobilität,NN,Mobilität,DE,lemmesMotiliteDE
w_DE_BE_2008_44141,DE_BE,BE,2008,44141,Mobilität,NN,Mobilität,DE,lemmesMotiliteDE
w_DE_BE_2002_9250,DE_BE,BE,2002,9250,Mobilität,NN,Mobilität,DE,lemmesMotiliteDE
w_DE_BE_2002_12639,DE_BE,BE,2002,12639,Mobilität,NN,Mobilität,DE,lemmesMotiliteDE
w_DE_BE_2002_35108,DE_BE,BE,2002,35108,Mobilität,NN,Mobilität,DE,lemmesMotiliteDE
w_DE_BE_2002_59389,DE_BE,BE,2002,59389,Mobilität,NN,Mobilität,DE,lemmesMotiliteDE
w_DE_AR_2002_14169,DE_AR,AR,2002,14169,Mobilität,NN,Mobilität,DE,lemmesMotiliteDE
w_DE_BS_2010_167,DE_BS,BS,2010,167,Mobilität,NN,Mobilität,DE,lemmesMotiliteDE
w_DE_BS_2010_478,DE_BS,BS,2010,478,Mobilität,NN,Mobilität,DE,lemmesMotiliteDE
w_DE_BS_2010_540,DE_BS,BS,2010,540,Mobilität,NN,Mobilität,DE,lemmesMotiliteDE
w_DE_BS_2010_1127,DE_BS,BS,2010,1127,Mobilität,NN,Mobilität,DE,lemmesMotiliteDE
w_DE_BS_2010_3807,DE_BS,BS,2010,3807,Mobilität,NN,Mobilität,DE,lemmesMotiliteDE
w_DE_BS_2010_5010,DE_BS,BS,2010,5010,Mobilität,NN,Mobilität,DE,lemmesMotiliteDE
w_DE_BS_2010_5032,DE_BS,BS,2010,5032,Mobilität,NN,Mobilität,DE,lemmesMotiliteDE
w_DE_BS_2010_5181,DE_BS,BS,2010,5181,Mobilität,NN,Mobilität,DE,lemmesMotiliteDE
w_DE_BS_2010_8267,DE_BS,BS,2010,8267,Mobilität,NN,Mobilität,DE,lemmesMotiliteDE
w_DE_BS_2010_8976,DE_BS,BS,2010,8976,Mobilität,NN,Mobilität,DE,lemmesMotiliteDE
w_DE_BS_2010_9455,DE_BS,BS,2010,9455,Mobilität,NN,Mobilität,DE,lemmesMotiliteDE
w_DE_BS_2010_25189,DE_BS,BS,2010,25189,Mobilität,NN,Mobilität,DE,lemmesMotiliteDE
w_DE_BS_2010_25558,DE_BS,BS,2010,25558,Mobilität,NN,Mobilität,DE,lemmesMotiliteDE
w_DE_BS_2010_39243,DE_BS,BS,2010,39243,Mobilität,NN,Mobilität,DE,lemmesMotiliteDE
w_DE_BS_2010_39295,DE_BS,BS,2010,39295,MOBILITÄT,NN,Mobilität,DE,lemmesMotiliteDE
w_DE_BS_2010_39297,DE_BS,BS,2010,39297,Mobilität,NN,Mobilität,DE,lemmesMotiliteDE
w_DE_BS_2010_39299,DE_BS,BS,2010,39299,Mobilität,NN,Mobilität,DE,lemmesMotiliteDE
w_DE_BS_2010_39306,DE_BS,BS,2010,39306,Mobilität,NN,Mobilität,DE,lemmesMotiliteDE
w_DE_BS_2010_39308,DE_BS,BS,2010,39308,Mobilität,NN,Mobilität,DE,lemmesMotiliteDE
w_DE_BS_2010_39583,DE_BS,BS,2010,39583,MOBILITÄT,NN,Mobilität,DE,lemmesMotiliteDE
w_DE_BS_2010_39953,DE_BS,BS,2010,39953,MOBILITÄT,NN,Mobilität,DE,lemmesMotiliteDE
w_DE_BS_2010_40656,DE_BS,BS,2010,40656,MOBILITÄT,NN,Mobilität,DE,lemmesMotiliteDE
w_DE_BS_2010_41274,DE_BS,BS,2010,41274,MOBILITÄT,NN,Mobilität,DE,lemmesMotiliteDE
w_DE_BS_2010_41820,DE_BS,BS,2010,41820,MOBILITÄT,NN,Mobilität,DE,lemmesMotiliteDE
w_DE_BS_2010_42445,DE_BS,BS,2010,42445,MOBILITÄT,NN,Mobilität,DE,lemmesMotiliteDE
w_DE_BS_2010_43061,DE_BS,BS,2010,43061,MOBILITÄT,NN,Mobilität,DE,lemmesMotiliteDE
w_DE_BS_2010_43619,DE_BS,BS,2010,43619,MOBILITÄT,NN,Mobilität,DE,lemmesMotiliteDE
w_DE_BS_2010_44415,DE_BS,BS,2010,44415,MOBILITÄT,NN,Mobilität,DE,lemmesMotiliteDE
w_DE_BS_2010_45242,DE_BS,BS,2010,45242,MOBILITÄT,NN,Mobilität,DE,lemmesMotiliteDE
w_DE_BS_2010_46480,DE_BS,BS,2010,46480,MOBILITÄT,NN,Mobilität,DE,lemmesMotiliteDE
w_DE_BS_2010_47001,DE_BS,BS,2010,47001,MOBILITÄT,NN,Mobilität,DE,lemmesMotiliteDE
w_DE_BS_2010_47635,DE_BS,BS,2010,47635,MOBILITÄT,NN,Mobilität,DE,lemmesMotiliteDE
w_DE_BS_2010_48108,DE_BS,BS,2010,48108,MOBILITÄT,NN,Mobilität,DE,lemmesMotiliteDE
w_DE_BS_2010_48676,DE_BS,BS,2010,48676,MOBILITÄT,NN,Mobilität,DE,lemmesMotiliteDE
w_DE_BS_2010_51663,DE_BS,BS,2010,51663,Mobilität,NN,Mobilität,DE,lemmesMotiliteDE
w_DE_BS_2010_51666,DE_BS,BS,2010,51666,Mobilität,NN,Mobilität,DE,lemmesMotiliteDE
w_DE_BS_2010_55685,DE_BS,BS,2010,55685,Mobilität,NN,Mobilität,DE,lemmesMotiliteDE
w_DE_BS_2010_55979,DE_BS,BS,2010,55979,Mobilität,NN,Mobilität,DE,lemmesMotiliteDE
w_DE_BS_2010_61061,DE_BS,BS,2010,61061,Mobilität,NN,Mobilität,DE,lemmesMotiliteDE
w_DE_BS_2010_67891,DE_BS,BS,2010,67891,Mobilität,NN,Mobilität,DE,lemmesMotiliteDE
w_DE_BS_2010_68111,DE_BS,BS,2010,68111,Mobilität,NN,Mobilität,DE,lemmesMotiliteDE
w_DE_BS_2010_68149,DE_BS,BS,2010,68149,Mobilität,NN,Mobilität,DE,lemmesMotiliteDE
w_DE_BS_2010_73913,DE_BS,BS,2010,73913,Mobilität,NN,Mobilität,DE,lemmesMotiliteDE
w_DE_BS_2010_80658,DE_BS,BS,2010,80658,Mobilität,NN,Mobilität,DE,lemmesMotiliteDE
w_DE_SZ_2012_5608,DE_SZ,SZ,2012,5608,Mobilität,NN,Mobilität,DE,lemmesMotiliteDE
w_DE_SZ_2012_5650,DE_SZ,SZ,2012,5650,Mobilität,NN,Mobilität,DE,lemmesMotiliteDE
w_DE_SZ_2012_7181,DE_SZ,SZ,2012,7181,Mobilität,NN,Mobilität,DE,lemmesMotiliteDE
w_DE_LU_2009_488,DE_LU,LU,2009,488,Mobilität,NN,Mobilität,DE,lemmesMotiliteDE
w_DE_LU_2009_1216,DE_LU,LU,2009,1216,Mobilität,NN,Mobilität,DE,lemmesMotiliteDE
w_DE_LU_2009_5994,DE_LU,LU,2009,5994,Mobilität,NN,Mobilität,DE,lemmesMotiliteDE
w_DE_LU_2009_8816,DE_LU,LU,2009,8816,Mobilität,NN,Mobilität,DE,lemmesMotiliteDE
w_DE_LU_2009_9091,DE_LU,LU,2009,9091,Mobilität,NN,Mobilität,DE,lemmesMotiliteDE
w_DE_LU_2009_12616,DE_LU,LU,2009,12616,Mobilität,NN,Mobilität,DE,lemmesMotiliteDE
w_DE_LU_2009_23745,DE_LU,LU,2009,23745,Mobilität,NN,Mobilität,DE,lemmesMotiliteDE
w_DE_LU_2009_39236,DE_LU,LU,2009,39236,MOBILITÄT,NN,Mobilität,DE,lemmesMotiliteDE
w_DE_LU_2009_39247,DE_LU,LU,2009,39247,Mobilität,NN,Mobilität,DE,lemmesMotiliteDE
w_DE_LU_2009_39249,DE_LU,LU,2009,39249,Mobilität,NN,Mobilität,DE,lemmesMotiliteDE
w_DE_LU_2009_39376,DE_LU,LU,2009,39376,Mobilität,NN,Mobilität,DE,lemmesMotiliteDE
w_DE_LU_2009_39572,DE_LU,LU,2009,39572,Mobilität,NN,Mobilität,DE,lemmesMotiliteDE
w_DE_LU_2009_39711,DE_LU,LU,2009,39711,Mobilität,NN,Mobilität,DE,lemmesMotiliteDE
w_DE_LU_2009_40174,DE_LU,LU,2009,40174,Mobilität,NN,Mobilität,DE,lemmesMotiliteDE
w_DE_LU_2009_40333,DE_LU,LU,2009,40333,Mobilität,NN,Mobilität,DE,lemmesMotiliteDE
w_DE_LU_2009_40515,DE_LU,LU,2009,40515,Mobilität,NN,Mobilität,DE,lemmesMotiliteDE
w_DE_LU_2009_40862,DE_LU,LU,2009,40862,Mobilität,NN,Mobilität,DE,lemmesMotiliteDE
w_DE_LU_2009_41205,DE_LU,LU,2009,41205,Mobilität,NN,Mobilität,DE,lemmesMotiliteDE
w_DE_LU_2009_41386,DE_LU,LU,2009,41386,Mobilität,NN,Mobilität,DE,lemmesMotiliteDE
w_DE_LU_2009_41643,DE_LU,LU,2009,41643,Mobilität,NN,Mobilität,DE,lemmesMotiliteDE
w_DE_LU_2009_41975,DE_LU,LU,2009,41975,Mobilität,NN,Mobilität,DE,lemmesMotiliteDE
w_DE_LU_2009_42113,DE_LU,LU,2009,42113,Mobilität,NN,Mobilität,DE,lemmesMotiliteDE
w_DE_LU_2009_42412,DE_LU,LU,2009,42412,Mobilität,NN,Mobilität,DE,lemmesMotiliteDE
w_DE_LU_2009_42780,DE_LU,LU,2009,42780,Mobilität,NN,Mobilität,DE,lemmesMotiliteDE
w_DE_LU_2009_42857,DE_LU,LU,2009,42857,Mobilität,NN,Mobilität,DE,lemmesMotiliteDE
w_DE_LU_2009_43268,DE_LU,LU,2009,43268,Mobilität,NN,Mobilität,DE,lemmesMotiliteDE
w_DE_LU_2009_43455,DE_LU,LU,2009,43455,Mobilität,NN,Mobilität,DE,lemmesMotiliteDE
w_DE_LU_2009_43958,DE_LU,LU,2009,43958,Mobilität,NN,Mobilität,DE,lemmesMotiliteDE
w_DE_LU_2009_44450,DE_LU,LU,2009,44450,Mobilität,NN,Mobilität,DE,lemmesMotiliteDE
w_DE_LU_2009_44933,DE_LU,LU,2009,44933,Mobilität,NN,Mobilität,DE,lemmesMotiliteDE
w_DE_LU_2009_45250,DE_LU,LU,2009,45250,Mobilität,NN,Mobilität,DE,lemmesMotiliteDE
w_DE_LU_2009_45620,DE_LU,LU,2009,45620,Mobilität,NN,Mobilität,DE,lemmesMotiliteDE
w_DE_LU_2009_45971,DE_LU,LU,2009,45971,Mobilität,NN,Mobilität,DE,lemmesMotiliteDE
w_DE_LU_2009_46206,DE_LU,LU,2009,46206,Mobilität,NN,Mobilität,DE,lemmesMotiliteDE
w_DE_LU_2009_46259,DE_LU,LU,2009,46259,Mobilität,NN,Mobilität,DE,lemmesMotiliteDE
w_DE_LU_2009_46646,DE_LU,LU,2009,46646,Mobilität,NN,Mobilität,DE,lemmesMotiliteDE
w_DE_LU_2009_47041,DE_LU,LU,2009,47041,Mobilität,NN,Mobilität,DE,lemmesMotiliteDE
w_DE_LU_2009_47249,DE_LU,LU,2009,47249,Mobilität,NN,Mobilität,DE,lemmesMotiliteDE
w_DE_LU_2009_47567,DE_LU,LU,2009,47567,Mobilität,NN,Mobilität,DE,lemmesMotiliteDE
w_DE_LU_2009_48011,DE_LU,LU,2009,48011,Mobilität,NN,Mobilität,DE,lemmesMotiliteDE
w_DE_LU_2009_50921,DE_LU,LU,2009,50921,Mobilität,NN,Mobilität,DE,lemmesMotiliteDE
w_DE_LU_2009_59818,DE_LU,LU,2009,59818,Mobilität,NN,Mobilität,DE,lemmesMotiliteDE
w_DE_SH_2004_29015,DE_SH,SH,2004,29015,Mobilität,NN,Mobilität,DE,lemmesMotiliteDE
w_DE_SH_2004_30101,DE_SH,SH,2004,30101,Mobilität,NN,Mobilität,DE,lemmesMotiliteDE
w_DE_SH_2004_44891,DE_SH,SH,2004,44891,Mobilität,NN,Mobilität,DE,lemmesMotiliteDE
w_DE_SH_2004_50047,DE_SH,SH,2004,50047,Mobilität,NN,Mobilität,DE,lemmesMotiliteDE
w_DE_SH_2004_64552,DE_SH,SH,2004,64552,Mobilität,NN,Mobilität,DE,lemmesMotiliteDE
w_DE_SH_2004_107466,DE_SH,SH,2004,107466,Mobilität,NN,Mobilität,DE,lemmesMotiliteDE
w_DE_BS_2025_160,DE_BS,BS,2025,160,Mobilität,NN,Mobilität,DE,lemmesMotiliteDE
w_DE_BS_2025_307,DE_BS,BS,2025,307,Mobilität,NN,Mobilität,DE,lemmesMotiliteDE
w_DE_BS_2025_2010,DE_BS,BS,2025,2010,Mobilität,NN,Mobilität,DE,lemmesMotiliteDE
w_DE_BS_2025_3993,DE_BS,BS,2025,3993,Mobilität,NN,Mobilität,DE,lemmesMotiliteDE
w_DE_BS_2025_4106,DE_BS,BS,2025,4106,Mobilität,NN,Mobilität,DE,lemmesMotiliteDE
w_DE_BS_2025_4108,DE_BS,BS,2025,4108,Mobilität,NN,Mobilität,DE,lemmesMotiliteDE
w_DE_BS_2025_4554,DE_BS,BS,2025,4554,Mobilität,NN,Mobilität,DE,lemmesMotiliteDE
w_DE_BS_2025_4611,DE_BS,BS,2025,4611,Mobilität,NN,Mobilität,DE,lemmesMotiliteDE
w_DE_BS_2025_5686,DE_BS,BS,2025,5686,Mobilität,NN,Mobilität,DE,lemmesMotiliteDE
w_DE_BS_2025_5710,DE_BS,BS,2025,5710,MOBILITÄT,NN,Mobilität,DE,lemmesMotiliteDE
w_DE_BS_2025_5744,DE_BS,BS,2025,5744,Mobilität,NN,Mobilität,DE,lemmesMotiliteDE
w_DE_BS_2025_6757,DE_BS,BS,2025,6757,Mobilität,NN,Mobilität,DE,lemmesMotiliteDE
w_DE_BS_2025_6761,DE_BS,BS,2025,6761,MOBILITÄT,NN,Mobilität,DE,lemmesMotiliteDE
w_DE_BS_2025_6847,DE_BS,BS,2025,6847,Mobilität,NN,Mobilität,DE,lemmesMotiliteDE
w_DE_BS_2025_6867,DE_BS,BS,2025,6867,Mobilität,NN,Mobilität,DE,lemmesMotiliteDE
w_DE_BS_2025_11277,DE_BS,BS,2025,11277,Mobilität,NN,Mobilität,DE,lemmesMotiliteDE
w_DE_BS_2025_19601,DE_BS,BS,2025,19601,Mobilität,NN,Mobilität,DE,lemmesMotiliteDE
w_DE_BS_2025_21328,DE_BS,BS,2025,21328,Mobilität,NN,Mobilität,DE,lemmesMotiliteDE
w_DE_BS_2025_21702,DE_BS,BS,2025,21702,Mobilität,NN,Mobilität,DE,lemmesMotiliteDE
w_DE_BS_2025_21937,DE_BS,BS,2025,21937,Mobilität,NN,Mobilität,DE,lemmesMotiliteDE
w_DE_BS_2025_22191,DE_BS,BS,2025,22191,Mobilität,NN,Mobilität,DE,lemmesMotiliteDE
w_DE_BS_2025_22532,DE_BS,BS,2025,22532,Mobilität,NN,Mobilität,DE,lemmesMotiliteDE
w_DE_BS_2025_23342,DE_BS,BS,2025,23342,Mobilität,NN,Mobilität,DE,lemmesMotiliteDE
w_DE_BS_2025_42475,DE_BS,BS,2025,42475,Mobilität,NN,Mobilität,DE,lemmesMotiliteDE
w_DE_BS_2025_47415,DE_BS,BS,2025,47415,Mobilität,NN,Mobilität,DE,lemmesMotiliteDE
w_DE_BS_2025_47857,DE_BS,BS,2025,47857,MOBILITÄT,NN,Mobilität,DE,lemmesMotiliteDE
w_DE_BS_2025_47859,DE_BS,BS,2025,47859,Mobilität,NN,Mobilität,DE,lemmesMotiliteDE
w_DE_BS_2025_48253,DE_BS,BS,2025,48253,Mobilität,NN,Mobilität,DE,lemmesMotiliteDE
w_DE_BS_2025_48265,DE_BS,BS,2025,48265,Mobilität,NN,Mobilität,DE,lemmesMotiliteDE
w_DE_BS_2025_48273,DE_BS,BS,2025,48273,Mobilität,NN,Mobilität,DE,lemmesMotiliteDE
w_DE_BS_2025_48539,DE_BS,BS,2025,48539,Mobilität,NN,Mobilität,DE,lemmesMotiliteDE
w_DE_BS_2025_48950,DE_BS,BS,2025,48950,Mobilität,NN,Mobilität,DE,lemmesMotiliteDE
w_DE_BS_2025_48957,DE_BS,BS,2025,48957,MOBILITÄT,NN,Mobilität,DE,lemmesMotiliteDE
w_DE_BS_2025_49625,DE_BS,BS,2025,49625,Mobilität,NN,Mobilität,DE,lemmesMotiliteDE
w_DE_BS_2025_49972,DE_BS,BS,2025,49972,Mobilität,NN,Mobilität,DE,lemmesMotiliteDE
w_DE_BS_2025_50280,DE_BS,BS,2025,50280,Mobilität,NN,Mobilität,DE,lemmesMotiliteDE
w_DE_BS_2025_51091,DE_BS,BS,2025,51091,Mobilität,NN,Mobilität,DE,lemmesMotiliteDE
w_DE_BS_2025_51901,DE_BS,BS,2025,51901,Mobilität,NN,Mobilität,DE,lemmesMotiliteDE
w_DE_BS_2025_52712,DE_BS,BS,2025,52712,Mobilität,NN,Mobilität,DE,lemmesMotiliteDE
w_DE_BS_2025_53206,DE_BS,BS,2025,53206,Mobilität,NN,Mobilität,DE,lemmesMotiliteDE
w_DE_BS_2025_53214,DE_BS,BS,2025,53214,MOBILITÄT,NN,Mobilität,DE,lemmesMotiliteDE
w_DE_BS_2025_53816,DE_BS,BS,2025,53816,Mobilität,NN,Mobilität,DE,lemmesMotiliteDE
w_DE_BS_2025_54015,DE_BS,BS,2025,54015,Mobilität,NN,Mobilität,DE,lemmesMotiliteDE
w_DE_BS_2025_54181,DE_BS,BS,2025,54181,Mobilität,NN,Mobilität,DE,lemmesMotiliteDE
w_DE_BS_2025_54924,DE_BS,BS,2025,54924,Mobilität,NN,Mobilität,DE,lemmesMotiliteDE
w_DE_BS_2025_55746,DE_BS,BS,2025,55746,Mobilität,NN,Mobilität,DE,lemmesMotiliteDE
w_DE_BS_2025_56055,DE_BS,BS,2025,56055,Mobilität,NN,Mobilität,DE,lemmesMotiliteDE
w_DE_BS_2025_56078,DE_BS,BS,2025,56078,Mobilität,NN,Mobilität,DE,lemmesMotiliteDE
w_DE_BS_2025_56259,DE_BS,BS,2025,56259,Mobilität,NN,Mobilität,DE,lemmesMotiliteDE
w_DE_BS_2025_56313,DE_BS,BS,2025,56313,Mobilität,NN,Mobilität,DE,lemmesMotiliteDE
w_DE_BS_2025_56508,DE_BS,BS,2025,56508,Mobilität,NN,Mobilität,DE,lemmesMotiliteDE
w_DE_BS_2025_56517,DE_BS,BS,2025,56517,MOBILITÄT,NN,Mobilität,DE,lemmesMotiliteDE
w_DE_BS_2025_56784,DE_BS,BS,2025,56784,Mobilität,NN,Mobilität,DE,lemmesMotiliteDE
w_DE_BS_2025_57036,DE_BS,BS,2025,57036,Mobilität,NN,Mobilität,DE,lemmesMotiliteDE
w_DE_BS_2025_57568,DE_BS,BS,2025,57568,Mobilität,NN,Mobilität,DE,lemmesMotiliteDE
w_DE_BS_2025_57841,DE_BS,BS,2025,57841,Mobilität,NN,Mobilität,DE,lemmesMotiliteDE
w_DE_BS_2025_58017,DE_BS,BS,2025,58017,Mobilität,NN,Mobilität,DE,lemmesMotiliteDE
w_DE_BS_2025_58143,DE_BS,BS,2025,58143,Mobilität,NN,Mobilität,DE,lemmesMotiliteDE
w_DE_BS_2025_58865,DE_BS,BS,2025,58865,Mobilität,NN,Mobilität,DE,lemmesMotiliteDE
w_DE_BS_2025_59101,DE_BS,BS,2025,59101,Mobilität,NN,Mobilität,DE,lemmesMotiliteDE
w_DE_BS_2025_59140,DE_BS,BS,2025,59140,Mobilität,NN,Mobilität,DE,lemmesMotiliteDE
w_DE_BS_2025_59153,DE_BS,BS,2025,59153,Mobilität,NN,Mobilität,DE,lemmesMotiliteDE
w_DE_BS_2025_59409,DE_BS,BS,2025,59409,Mobilität,NN,Mobilität,DE,lemmesMotiliteDE
w_DE_BS_2025_59581,DE_BS,BS,2025,59581,Mobilität,NN,Mobilität,DE,lemmesMotiliteDE
w_DE_BS_2025_59843,DE_BS,BS,2025,59843,Mobilität,NN,Mobilität,DE,lemmesMotiliteDE
w_DE_BS_2025_60497,DE_BS,BS,2025,60497,Mobilität,NN,Mobilität,DE,lemmesMotiliteDE
w_DE_BS_2025_60988,DE_BS,BS,2025,60988,Mobilität,NN,Mobilität,DE,lemmesMotiliteDE
w_DE_BS_2025_60997,DE_BS,BS,2025,60997,MOBILITÄT,NN,Mobilität,DE,lemmesMotiliteDE
w_DE_BS_2025_61028,DE_BS,BS,2025,61028,Mobilität,NN,Mobilität,DE,lemmesMotiliteDE
w_DE_BS_2025_61239,DE_BS,BS,2025,61239,Mobilität,NN,Mobilität,DE,lemmesMotiliteDE
w_DE_BS_2025_61408,DE_BS,BS,2025,61408,Mobilität,NN,Mobilität,DE,lemmesMotiliteDE
w_DE_BS_2025_61727,DE_BS,BS,2025,61727,Mobilität,NN,Mobilität,DE,lemmesMotiliteDE
w_DE_BS_2025_62384,DE_BS,BS,2025,62384,Mobilität,NN,Mobilität,DE,lemmesMotiliteDE
w_DE_BS_2025_63059,DE_BS,BS,2025,63059,Mobilität,NN,Mobilität,DE,lemmesMotiliteDE
w_DE_BS_2025_63254,DE_BS,BS,2025,63254,Mobilität,NN,Mobilität,DE,lemmesMotiliteDE
w_DE_BS_2025_63264,DE_BS,BS,2025,63264,MOBILITÄT,NN,Mobilität,DE,lemmesMotiliteDE
w_DE_BS_2025_63622,DE_BS,BS,2025,63622,Mobilität,NN,Mobilität,DE,lemmesMotiliteDE
w_DE_BS_2025_63728,DE_BS,BS,2025,63728,Mobilität,NN,Mobilität,DE,lemmesMotiliteDE
w_DE_BS_2025_63733,DE_BS,BS,2025,63733,MOBILITÄT,NN,Mobilität,DE,lemmesMotiliteDE
w_DE_BS_2025_64132,DE_BS,BS,2025,64132,Mobilität,NN,Mobilität,DE,lemmesMotiliteDE
w_DE_BS_2025_64458,DE_BS,BS,2025,64458,Mobilität,NN,Mobilität,DE,lemmesMotiliteDE
w_DE_BS_2025_64463,DE_BS,BS,2025,64463,MOBILITÄT,NN,Mobilität,DE,lemmesMotiliteDE
w_DE_BS_2025_64948,DE_BS,BS,2025,64948,Mobilität,NN,Mobilität,DE,lemmesMotiliteDE
w_DE_BS_2025_65098,DE_BS,BS,2025,65098,Mobilität,NN,Mobilität,DE,lemmesMotiliteDE
w_DE_BS_2025_75793,DE_BS,BS,2025,75793,Mobilität,NN,Mobilität,DE,lemmesMotiliteDE
w_DE_BS_2025_76569,DE_BS,BS,2025,76569,Mobilität,NN,Mobilität,DE,lemmesMotiliteDE
w_DE_BE_2024_10908,DE_BE,BE,2024,10908,Mobilität,NN,Mobilität,DE,lemmesMotiliteDE
w_DE_BE_2024_11103,DE_BE,BE,2024,11103,Mobilität,NN,Mobilität,DE,lemmesMotiliteDE
w_DE_BE_2024_11132,DE_BE,BE,2024,11132,Mobilität,NN,Mobilität,DE,lemmesMotiliteDE
w_DE_BE_2024_11165,DE_BE,BE,2024,11165,Mobilität,NN,Mobilität,DE,lemmesMotiliteDE
w_DE_BE_2024_11269,DE_BE,BE,2024,11269,Mobilität,NN,Mobilität,DE,lemmesMotiliteDE
w_DE_BE_2024_13636,DE_BE,BE,2024,13636,Mobilität,NN,Mobilität,DE,lemmesMotiliteDE
w_DE_BE_2024_16557,DE_BE,BE,2024,16557,Mobilität,NN,Mobilität,DE,lemmesMotiliteDE
w_DE_BE_2024_18352,DE_BE,BE,2024,18352,Mobilität,NN,Mobilität,DE,lemmesMotiliteDE
w_DE_BE_2004_9250,DE_BE,BE,2004,9250,Mobilität,NN,Mobilität,DE,lemmesMotiliteDE
w_DE_BE_2004_12639,DE_BE,BE,2004,12639,Mobilität,NN,Mobilität,DE,lemmesMotiliteDE
w_DE_BE_2004_35223,DE_BE,BE,2004,35223,Mobilität,NN,Mobilität,DE,lemmesMotiliteDE
w_DE_BE_2004_60654,DE_BE,BE,2004,60654,Mobilität,NN,Mobilität,DE,lemmesMotiliteDE
w_DE_AI_2002_41416,DE_AI,AI,2002,41416,Mobilität,NN,Mobilität,DE,lemmesMotiliteDE
w_DE_AI_2002_52838,DE_AI,AI,2002,52838,Mobilität,NN,Mobilität,DE,lemmesMotiliteDE
w_DE_SH_2021_27170,DE_SH,SH,2021,27170,Mobilität,NN,Mobilität,DE,lemmesMotiliteDE
w_DE_SH_2021_30075,DE_SH,SH,2021,30075,Mobilität,NN,Mobilität,DE,lemmesMotiliteDE
w_DE_SH_2021_41650,DE_SH,SH,2021,41650,Mobilität,NN,Mobilität,DE,lemmesMotiliteDE
w_DE_SH_2021_42392,DE_SH,SH,2021,42392,Mobilität,NN,Mobilität,DE,lemmesMotiliteDE
w_DE_SH_2021_49234,DE_SH,SH,2021,49234,Mobilität,NN,Mobilität,DE,lemmesMotiliteDE
w_DE_SZ_2022_357,DE_SZ,SZ,2022,357,Mobilität,NN,Mobilität,DE,lemmesMotiliteDE
w_DE_SZ_2022_3009,DE_SZ,SZ,2022,3009,Mobilität,NN,Mobilität,DE,lemmesMotiliteDE
w_DE_SZ_2022_17331,DE_SZ,SZ,2022,17331,Mobilität,NN,Mobilität,DE,lemmesMotiliteDE
w_DE_SZ_2022_27848,DE_SZ,SZ,2022,27848,Mobilität,NN,Mobilität,DE,lemmesMotiliteDE
w_DE_SZ_2022_28166,DE_SZ,SZ,2022,28166,Mobilität,NN,Mobilität,DE,lemmesMotiliteDE
w_DE_SZ_2022_28254,DE_SZ,SZ,2022,28254,MOBILITÄT,NN,Mobilität,DE,lemmesMotiliteDE
w_DE_SZ_2022_39356,DE_SZ,SZ,2022,39356,Mobilität,NN,Mobilität,DE,lemmesMotiliteDE
w_DE_SZ_2022_39749,DE_SZ,SZ,2022,39749,Mobilität,NN,Mobilität,DE,lemmesMotiliteDE
w_DE_SZ_2022_39822,DE_SZ,SZ,2022,39822,Mobilität,NN,Mobilität,DE,lemmesMotiliteDE
w_DE_SZ_2022_45134,DE_SZ,SZ,2022,45134,Mobilität,NN,Mobilität,DE,lemmesMotiliteDE
w_DE_SZ_2022_45984,DE_SZ,SZ,2022,45984,Mobilität,NN,Mobilität,DE,lemmesMotiliteDE
w_DE_SZ_2022_49521,DE_SZ,SZ,2022,49521,Mobilität,NN,Mobilität,DE,lemmesMotiliteDE
w_DE_BE_2006_9289,DE_BE,BE,2006,9289,Mobilität,NN,Mobilität,DE,lemmesMotiliteDE
w_DE_BE_2006_12705,DE_BE,BE,2006,12705,Mobilität,NN,Mobilität,DE,lemmesMotiliteDE
w_DE_BE_2006_12733,DE_BE,BE,2006,12733,Mobilität,NN,Mobilität,DE,lemmesMotiliteDE
w_DE_BE_2006_13126,DE_BE,BE,2006,13126,Mobilität,NN,Mobilität,DE,lemmesMotiliteDE
w_DE_BE_2006_14037,DE_BE,BE,2006,14037,Mobilität,NN,Mobilität,DE,lemmesMotiliteDE
w_DE_BE_2006_23317,DE_BE,BE,2006,23317,Mobilität,NN,Mobilität,DE,lemmesMotiliteDE
w_DE_BE_2006_39238,DE_BE,BE,2006,39238,Mobilität,NN,Mobilität,DE,lemmesMotiliteDE
w_DE_BE_2006_44689,DE_BE,BE,2006,44689,Mobilität,NN,Mobilität,DE,lemmesMotiliteDE
w_DE_AI_2015_1121,DE_AI,AI,2015,1121,Mobilität,NN,Mobilität,DE,lemmesMotiliteDE
w_DE_AI_2015_1165,DE_AI,AI,2015,1165,Mobilität,NN,Mobilität,DE,lemmesMotiliteDE
w_DE_AI_2015_2466,DE_AI,AI,2015,2466,Mobilität,NN,Mobilität,DE,lemmesMotiliteDE
w_DE_AI_2015_2486,DE_AI,AI,2015,2486,Mobilität,NN,Mobilität,DE,lemmesMotiliteDE
w_DE_AI_2015_11205,DE_AI,AI,2015,11205,Mobilität,NN,Mobilität,DE,lemmesMotiliteDE
w_DE_AI_2015_11290,DE_AI,AI,2015,11290,Mobilität,NN,Mobilität,DE,lemmesMotiliteDE
w_DE_AI_2015_14277,DE_AI,AI,2015,14277,Mobilität,NN,Mobilität,DE,lemmesMotiliteDE
w_DE_BE_2013_9438,DE_BE,BE,2013,9438,Mobilität,NN,Mobilität,DE,lemmesMotiliteDE
w_DE_BE_2013_12858,DE_BE,BE,2013,12858,Mobilität,NN,Mobilität,DE,lemmesMotiliteDE
w_DE_BE_2013_15049,DE_BE,BE,2013,15049,Mobilität,NN,Mobilität,DE,lemmesMotiliteDE
w_DE_BE_2013_17475,DE_BE,BE,2013,17475,Mobilität,NN,Mobilität,DE,lemmesMotiliteDE
w_DE_BE_2013_25841,DE_BE,BE,2013,25841,Mobilität,NN,Mobilität,DE,lemmesMotiliteDE
w_DE_AI_2017_5043,DE_AI,AI,2017,5043,Mobilität,NN,Mobilität,DE,lemmesMotiliteDE
w_DE_AI_2017_44210,DE_AI,AI,2017,44210,Mobilität,NN,Mobilität,DE,lemmesMotiliteDE
w_DE_AR_2025_6624,DE_AR,AR,2025,6624,Mobilität,NN,Mobilität,DE,lemmesMotiliteDE
w_DE_AR_2025_41346,DE_AR,AR,2025,41346,Mobilität,NN,Mobilität,DE,lemmesMotiliteDE
w_DE_BL_2025_1704,DE_BL,BL,2025,1704,Mobilität,NN,Mobilität,DE,lemmesMotiliteDE
w_DE_BL_2025_5493,DE_BL,BL,2025,5493,Mobilität,NN,Mobilität,DE,lemmesMotiliteDE
w_DE_BL_2025_20057,DE_BL,BL,2025,20057,Mobilität,NN,Mobilität,DE,lemmesMotiliteDE
w_DE_BL_2025_30462,DE_BL,BL,2025,30462,Mobilität,NN,Mobilität,DE,lemmesMotiliteDE
w_DE_BL_2025_31476,DE_BL,BL,2025,31476,Mobilität,NN,Mobilität,DE,lemmesMotiliteDE
w_DE_BL_2025_31564,DE_BL,BL,2025,31564,Mobilität,NN,Mobilität,DE,lemmesMotiliteDE
w_DE_BL_2025_31603,DE_BL,BL,2025,31603,Mobilität,NN,Mobilität,DE,lemmesMotiliteDE
w_DE_BL_2025_31989,DE_BL,BL,2025,31989,Mobilität,NN,Mobilität,DE,lemmesMotiliteDE
w_DE_BL_2025_33013,DE_BL,BL,2025,33013,Mobilität,NN,Mobilität,DE,lemmesMotiliteDE
w_DE_BL_2025_46195,DE_BL,BL,2025,46195,Mobilität,NN,Mobilität,DE,lemmesMotiliteDE
w_DE_BL_2025_48632,DE_BL,BL,2025,48632,Mobilität,NN,Mobilität,DE,lemmesMotiliteDE
w_DE_BL_2025_48648,DE_BL,BL,2025,48648,Mobilität,NN,Mobilität,DE,lemmesMotiliteDE
w_DE_BL_2025_48724,DE_BL,BL,2025,48724,Mobilität,NN,Mobilität,DE,lemmesMotiliteDE
w_DE_BL_2025_48871,DE_BL,BL,2025,48871,Mobilität,NN,Mobilität,DE,lemmesMotiliteDE
w_DE_BL_2025_49452,DE_BL,BL,2025,49452,Mobilität,NN,Mobilität,DE,lemmesMotiliteDE
w_DE_BL_2025_50085,DE_BL,BL,2025,50085,Mobilität,NN,Mobilität,DE,lemmesMotiliteDE
w_DE_BL_2025_53656,DE_BL,BL,2025,53656,Mobilität,NN,Mobilität,DE,lemmesMotiliteDE
w_DE_BL_2025_56369,DE_BL,BL,2025,56369,Mobilität,NN,Mobilität,DE,lemmesMotiliteDE
w_DE_BE_2012_9473,DE_BE,BE,2012,9473,Mobilität,NN,Mobilität,DE,lemmesMotiliteDE
w_DE_BE_2012_12893,DE_BE,BE,2012,12893,Mobilität,NN,Mobilität,DE,lemmesMotiliteDE
w_DE_BE_2012_15084,DE_BE,BE,2012,15084,Mobilität,NN,Mobilität,DE,lemmesMotiliteDE
w_DE_BE_2012_17510,DE_BE,BE,2012,17510,Mobilität,NN,Mobilität,DE,lemmesMotiliteDE
w_DE_BE_2012_25876,DE_BE,BE,2012,25876,Mobilität,NN,Mobilität,DE,lemmesMotiliteDE
w_DE_BS_2012_267,DE_BS,BS,2012,267,Mobilität,NN,Mobilität,DE,lemmesMotiliteDE
w_DE_BS_2012_643,DE_BS,BS,2012,643,Mobilität,NN,Mobilität,DE,lemmesMotiliteDE
w_DE_BS_2012_700,DE_BS,BS,2012,700,Mobilität,NN,Mobilität,DE,lemmesMotiliteDE
w_DE_BS_2012_1319,DE_BS,BS,2012,1319,Mobilität,NN,Mobilität,DE,lemmesMotiliteDE
w_DE_BS_2012_3041,DE_BS,BS,2012,3041,Mobilität,NN,Mobilität,DE,lemmesMotiliteDE
w_DE_BS_2012_6042,DE_BS,BS,2012,6042,Mobilität,NN,Mobilität,DE,lemmesMotiliteDE
w_DE_BS_2012_6104,DE_BS,BS,2012,6104,Mobilität,NN,Mobilität,DE,lemmesMotiliteDE
w_DE_BS_2012_6772,DE_BS,BS,2012,6772,Mobilität,NN,Mobilität,DE,lemmesMotiliteDE
w_DE_BS_2012_6777,DE_BS,BS,2012,6777,Mobilität,NN,Mobilität,DE,lemmesMotiliteDE
w_DE_BS_2012_6907,DE_BS,BS,2012,6907,Mobilität,NN,Mobilität,DE,lemmesMotiliteDE
w_DE_BS_2012_6922,DE_BS,BS,2012,6922,Mobilität,NN,Mobilität,DE,lemmesMotiliteDE
w_DE_BS_2012_25760,DE_BS,BS,2012,25760,Mobilität,NN,Mobilität,DE,lemmesMotiliteDE
w_DE_BS_2012_26386,DE_BS,BS,2012,26386,Mobilität,NN,Mobilität,DE,lemmesMotiliteDE
w_DE_BS_2012_27713,DE_BS,BS,2012,27713,Mobilität,NN,Mobilität,DE,lemmesMotiliteDE
w_DE_BS_2012_28223,DE_BS,BS,2012,28223,Mobilität,NN,Mobilität,DE,lemmesMotiliteDE
w_DE_BS_2012_43098,DE_BS,BS,2012,43098,Mobilität,NN,Mobilität,DE,lemmesMotiliteDE
w_DE_BS_2012_43110,DE_BS,BS,2012,43110,MOBILITÄT,NN,Mobilität,DE,lemmesMotiliteDE
w_DE_BS_2012_43112,DE_BS,BS,2012,43112,Mobilität,NN,Mobilität,DE,lemmesMotiliteDE
w_DE_BS_2012_43114,DE_BS,BS,2012,43114,Mobilität,NN,Mobilität,DE,lemmesMotiliteDE
w_DE_BS_2012_43121,DE_BS,BS,2012,43121,Mobilität,NN,Mobilität,DE,lemmesMotiliteDE
w_DE_BS_2012_43124,DE_BS,BS,2012,43124,Mobilität,NN,Mobilität,DE,lemmesMotiliteDE
w_DE_BS_2012_43268,DE_BS,BS,2012,43268,MOBILITÄT,NN,Mobilität,DE,lemmesMotiliteDE
w_DE_BS_2012_43388,DE_BS,BS,2012,43388,MOBILITÄT,NN,Mobilität,DE,lemmesMotiliteDE
w_DE_BS_2012_43620,DE_BS,BS,2012,43620,MOBILITÄT,NN,Mobilität,DE,lemmesMotiliteDE
w_DE_BS_2012_43756,DE_BS,BS,2012,43756,MOBILITÄT,NN,Mobilität,DE,lemmesMotiliteDE
w_DE_BS_2012_44185,DE_BS,BS,2012,44185,MOBILITÄT,NN,Mobilität,DE,lemmesMotiliteDE
w_DE_BS_2012_44522,DE_BS,BS,2012,44522,MOBILITÄT,NN,Mobilität,DE,lemmesMotiliteDE
w_DE_BS_2012_44886,DE_BS,BS,2012,44886,MOBILITÄT,NN,Mobilität,DE,lemmesMotiliteDE
w_DE_BS_2012_45895,DE_BS,BS,2012,45895,MOBILITÄT,NN,Mobilität,DE,lemmesMotiliteDE
w_DE_BS_2012_46317,DE_BS,BS,2012,46317,MOBILITÄT,NN,Mobilität,DE,lemmesMotiliteDE
w_DE_BS_2012_46889,DE_BS,BS,2012,46889,MOBILITÄT,NN,Mobilität,DE,lemmesMotiliteDE
w_DE_BS_2012_47394,DE_BS,BS,2012,47394,MOBILITÄT,NN,Mobilität,DE,lemmesMotiliteDE
w_DE_BS_2012_48278,DE_BS,BS,2012,48278,MOBILITÄT,NN,Mobilität,DE,lemmesMotiliteDE
w_DE_BS_2012_48429,DE_BS,BS,2012,48429,MOBILITÄT,NN,Mobilität,DE,lemmesMotiliteDE
w_DE_BS_2012_48770,DE_BS,BS,2012,48770,MOBILITÄT,NN,Mobilität,DE,lemmesMotiliteDE
w_DE_BS_2012_49074,DE_BS,BS,2012,49074,MOBILITÄT,NN,Mobilität,DE,lemmesMotiliteDE
w_DE_BS_2012_49442,DE_BS,BS,2012,49442,MOBILITÄT,NN,Mobilität,DE,lemmesMotiliteDE
w_DE_BS_2012_49826,DE_BS,BS,2012,49826,MOBILITÄT,NN,Mobilität,DE,lemmesMotiliteDE
w_DE_BS_2012_50182,DE_BS,BS,2012,50182,MOBILITÄT,NN,Mobilität,DE,lemmesMotiliteDE
w_DE_BS_2012_50929,DE_BS,BS,2012,50929,MOBILITÄT,NN,Mobilität,DE,lemmesMotiliteDE
w_DE_BS_2012_51570,DE_BS,BS,2012,51570,MOBILITÄT,NN,Mobilität,DE,lemmesMotiliteDE
w_DE_BS_2012_52188,DE_BS,BS,2012,52188,MOBILITÄT,NN,Mobilität,DE,lemmesMotiliteDE
w_DE_BS_2012_52808,DE_BS,BS,2012,52808,MOBILITÄT,NN,Mobilität,DE,lemmesMotiliteDE
w_DE_BS_2012_53421,DE_BS,BS,2012,53421,MOBILITÄT,NN,Mobilität,DE,lemmesMotiliteDE
w_DE_BS_2012_53946,DE_BS,BS,2012,53946,MOBILITÄT,NN,Mobilität,DE,lemmesMotiliteDE
w_DE_BS_2012_54646,DE_BS,BS,2012,54646,MOBILITÄT,NN,Mobilität,DE,lemmesMotiliteDE
w_DE_BS_2012_57754,DE_BS,BS,2012,57754,Mobilität,NN,Mobilität,DE,lemmesMotiliteDE
w_DE_BS_2012_57757,DE_BS,BS,2012,57757,Mobilität,NN,Mobilität,DE,lemmesMotiliteDE
w_DE_BS_2012_60552,DE_BS,BS,2012,60552,Mobilität,NN,Mobilität,DE,lemmesMotiliteDE
w_DE_BS_2012_62785,DE_BS,BS,2012,62785,Mobilität,NN,Mobilität,DE,lemmesMotiliteDE
w_DE_BS_2018_166,DE_BS,BS,2018,166,Mobilität,NN,Mobilität,DE,lemmesMotiliteDE
w_DE_BS_2018_2195,DE_BS,BS,2018,2195,Mobilität,NN,Mobilität,DE,lemmesMotiliteDE
w_DE_BS_2018_4220,DE_BS,BS,2018,4220,Mobilität,NN,Mobilität,DE,lemmesMotiliteDE
w_DE_BS_2018_4328,DE_BS,BS,2018,4328,Mobilität,NN,Mobilität,DE,lemmesMotiliteDE
w_DE_BS_2018_4331,DE_BS,BS,2018,4331,Mobilität,NN,Mobilität,DE,lemmesMotiliteDE
w_DE_BS_2018_5686,DE_BS,BS,2018,5686,MOBILITÄT,NN,Mobilität,DE,lemmesMotiliteDE
w_DE_BS_2018_5719,DE_BS,BS,2018,5719,Mobilität,NN,Mobilität,DE,lemmesMotiliteDE
w_DE_BS_2018_6434,DE_BS,BS,2018,6434,Mobilität,NN,Mobilität,DE,lemmesMotiliteDE
w_DE_BS_2018_6438,DE_BS,BS,2018,6438,MOBILITÄT,NN,Mobilität,DE,lemmesMotiliteDE
w_DE_BS_2018_6566,DE_BS,BS,2018,6566,Mobilität,NN,Mobilität,DE,lemmesMotiliteDE
w_DE_BS_2018_6581,DE_BS,BS,2018,6581,Mobilität,NN,Mobilität,DE,lemmesMotiliteDE
w_DE_BS_2018_10205,DE_BS,BS,2018,10205,Mobilität,NN,Mobilität,DE,lemmesMotiliteDE
w_DE_BS_2018_10597,DE_BS,BS,2018,10597,Mobilität,NN,Mobilität,DE,lemmesMotiliteDE
w_DE_BS_2018_10701,DE_BS,BS,2018,10701,Mobilität,NN,Mobilität,DE,lemmesMotiliteDE
w_DE_BS_2018_10830,DE_BS,BS,2018,10830,Mobilität,NN,Mobilität,DE,lemmesMotiliteDE
w_DE_BS_2018_11377,DE_BS,BS,2018,11377,Mobilität,NN,Mobilität,DE,lemmesMotiliteDE
w_DE_BS_2018_24000,DE_BS,BS,2018,24000,Mobilität,NN,Mobilität,DE,lemmesMotiliteDE
w_DE_BS_2018_24235,DE_BS,BS,2018,24235,Mobilität,NN,Mobilität,DE,lemmesMotiliteDE
w_DE_BS_2018_24491,DE_BS,BS,2018,24491,Mobilität,NN,Mobilität,DE,lemmesMotiliteDE
w_DE_BS_2018_24786,DE_BS,BS,2018,24786,Mobilität,NN,Mobilität,DE,lemmesMotiliteDE
w_DE_BS_2018_25688,DE_BS,BS,2018,25688,Mobilität,NN,Mobilität,DE,lemmesMotiliteDE
w_DE_BS_2018_32530,DE_BS,BS,2018,32530,Mobilität,NN,Mobilität,DE,lemmesMotiliteDE
w_DE_BS_2018_32532,DE_BS,BS,2018,32532,Mobilität,NN,Mobilität,DE,lemmesMotiliteDE
w_DE_BS_2018_41222,DE_BS,BS,2018,41222,Mobilität,NN,Mobilität,DE,lemmesMotiliteDE
w_DE_BS_2018_41687,DE_BS,BS,2018,41687,MOBILITÄT,NN,Mobilität,DE,lemmesMotiliteDE
w_DE_BS_2018_41690,DE_BS,BS,2018,41690,Mobilität,NN,Mobilität,DE,lemmesMotiliteDE
w_DE_BS_2018_42035,DE_BS,BS,2018,42035,Mobilität,NN,Mobilität,DE,lemmesMotiliteDE
w_DE_BS_2018_42037,DE_BS,BS,2018,42037,Mobilität,NN,Mobilität,DE,lemmesMotiliteDE
w_DE_BS_2018_42050,DE_BS,BS,2018,42050,Mobilität,NN,Mobilität,DE,lemmesMotiliteDE
w_DE_BS_2018_42053,DE_BS,BS,2018,42053,Mobilität,NN,Mobilität,DE,lemmesMotiliteDE
w_DE_BS_2018_42066,DE_BS,BS,2018,42066,Mobilität,NN,Mobilität,DE,lemmesMotiliteDE
w_DE_BS_2018_42070,DE_BS,BS,2018,42070,Mobilität,NN,Mobilität,DE,lemmesMotiliteDE
w_DE_BS_2018_42310,DE_BS,BS,2018,42310,Mobilität,NN,Mobilität,DE,lemmesMotiliteDE
w_DE_BS_2018_42312,DE_BS,BS,2018,42312,Mobilität,NN,Mobilität,DE,lemmesMotiliteDE
w_DE_BS_2018_42672,DE_BS,BS,2018,42672,Mobilität,NN,Mobilität,DE,lemmesMotiliteDE
w_DE_BS_2018_43080,DE_BS,BS,2018,43080,Mobilität,NN,Mobilität,DE,lemmesMotiliteDE
w_DE_BS_2018_43357,DE_BS,BS,2018,43357,Mobilität,NN,Mobilität,DE,lemmesMotiliteDE
w_DE_BS_2018_43497,DE_BS,BS,2018,43497,Mobilität,NN,Mobilität,DE,lemmesMotiliteDE
w_DE_BS_2018_44267,DE_BS,BS,2018,44267,Mobilität,NN,Mobilität,DE,lemmesMotiliteDE
w_DE_BS_2018_45031,DE_BS,BS,2018,45031,Mobilität,NN,Mobilität,DE,lemmesMotiliteDE
w_DE_BS_2018_45349,DE_BS,BS,2018,45349,Mobilität,NN,Mobilität,DE,lemmesMotiliteDE
w_DE_BS_2018_45894,DE_BS,BS,2018,45894,Mobilität,NN,Mobilität,DE,lemmesMotiliteDE
w_DE_BS_2018_46040,DE_BS,BS,2018,46040,Mobilität,NN,Mobilität,DE,lemmesMotiliteDE
w_DE_BS_2018_46214,DE_BS,BS,2018,46214,Mobilität,NN,Mobilität,DE,lemmesMotiliteDE
w_DE_BS_2018_46945,DE_BS,BS,2018,46945,Mobilität,NN,Mobilität,DE,lemmesMotiliteDE
w_DE_BS_2018_47402,DE_BS,BS,2018,47402,Mobilität,NN,Mobilität,DE,lemmesMotiliteDE
w_DE_BS_2018_47478,DE_BS,BS,2018,47478,Mobilität,NN,Mobilität,DE,lemmesMotiliteDE
w_DE_BS_2018_47619,DE_BS,BS,2018,47619,Mobilität,NN,Mobilität,DE,lemmesMotiliteDE
w_DE_BS_2018_47798,DE_BS,BS,2018,47798,Mobilität,NN,Mobilität,DE,lemmesMotiliteDE
w_DE_BS_2018_48158,DE_BS,BS,2018,48158,Mobilität,NN,Mobilität,DE,lemmesMotiliteDE
w_DE_BS_2018_48347,DE_BS,BS,2018,48347,Mobilität,NN,Mobilität,DE,lemmesMotiliteDE
w_DE_BS_2018_48559,DE_BS,BS,2018,48559,Mobilität,NN,Mobilität,DE,lemmesMotiliteDE
w_DE_BS_2018_48649,DE_BS,BS,2018,48649,Mobilität,NN,Mobilität,DE,lemmesMotiliteDE
w_DE_BS_2018_49181,DE_BS,BS,2018,49181,Mobilität,NN,Mobilität,DE,lemmesMotiliteDE
w_DE_BS_2018_49409,DE_BS,BS,2018,49409,Mobilität,NN,Mobilität,DE,lemmesMotiliteDE
w_DE_BS_2018_49563,DE_BS,BS,2018,49563,Mobilität,NN,Mobilität,DE,lemmesMotiliteDE
w_DE_BS_2018_49753,DE_BS,BS,2018,49753,Mobilität,NN,Mobilität,DE,lemmesMotiliteDE
w_DE_BS_2018_50338,DE_BS,BS,2018,50338,Mobilität,NN,Mobilität,DE,lemmesMotiliteDE
w_DE_BS_2018_50448,DE_BS,BS,2018,50448,Mobilität,NN,Mobilität,DE,lemmesMotiliteDE
w_DE_BS_2018_50640,DE_BS,BS,2018,50640,Mobilität,NN,Mobilität,DE,lemmesMotiliteDE
w_DE_BS_2018_50837,DE_BS,BS,2018,50837,Mobilität,NN,Mobilität,DE,lemmesMotiliteDE
w_DE_BS_2018_51042,DE_BS,BS,2018,51042,Mobilität,NN,Mobilität,DE,lemmesMotiliteDE
w_DE_BS_2018_51614,DE_BS,BS,2018,51614,Mobilität,NN,Mobilität,DE,lemmesMotiliteDE
w_DE_BS_2018_51752,DE_BS,BS,2018,51752,Mobilität,NN,Mobilität,DE,lemmesMotiliteDE
w_DE_BS_2018_52089,DE_BS,BS,2018,52089,Mobilität,NN,Mobilität,DE,lemmesMotiliteDE
w_DE_BS_2018_52192,DE_BS,BS,2018,52192,Mobilität,NN,Mobilität,DE,lemmesMotiliteDE
w_DE_BS_2018_52800,DE_BS,BS,2018,52800,Mobilität,NN,Mobilität,DE,lemmesMotiliteDE
w_DE_BS_2018_52878,DE_BS,BS,2018,52878,Mobilität,NN,Mobilität,DE,lemmesMotiliteDE
w_DE_BS_2018_53253,DE_BS,BS,2018,53253,Mobilität,NN,Mobilität,DE,lemmesMotiliteDE
w_DE_BS_2018_53381,DE_BS,BS,2018,53381,Mobilität,NN,Mobilität,DE,lemmesMotiliteDE
w_DE_BS_2018_56538,DE_BS,BS,2018,56538,Mobilität,NN,Mobilität,DE,lemmesMotiliteDE
w_DE_BS_2018_56541,DE_BS,BS,2018,56541,Mobilität,NN,Mobilität,DE,lemmesMotiliteDE
w_DE_BS_2018_62128,DE_BS,BS,2018,62128,Mobilität,NN,Mobilität,DE,lemmesMotiliteDE
w_DE_BS_2018_62901,DE_BS,BS,2018,62901,Mobilität,NN,Mobilität,DE,lemmesMotiliteDE
w_DE_BS_2018_62914,DE_BS,BS,2018,62914,Mobilität,NN,Mobilität,DE,lemmesMotiliteDE
w_DE_BS_2018_62989,DE_BS,BS,2018,62989,Mobilität,NN,Mobilität,DE,lemmesMotiliteDE
w_DE_ZH_2020_34092,DE_ZH,ZH,2020,34092,Mobilität,NN,Mobilität,DE,lemmesMotiliteDE
w_DE_ZH_2020_34362,DE_ZH,ZH,2020,34362,Mobilität,NN,Mobilität,DE,lemmesMotiliteDE
w_DE_ZH_2020_34901,DE_ZH,ZH,2020,34901,Mobilität,NN,Mobilität,DE,lemmesMotiliteDE
w_DE_ZH_2020_38809,DE_ZH,ZH,2020,38809,Mobilität,NN,Mobilität,DE,lemmesMotiliteDE
w_DE_ZH_2020_41419,DE_ZH,ZH,2020,41419,Mobilität,NN,Mobilität,DE,lemmesMotiliteDE
w_DE_ZH_2020_47888,DE_ZH,ZH,2020,47888,Mobilität,NN,Mobilität,DE,lemmesMotiliteDE
w_DE_TG_2018_32163,DE_TG,TG,2018,32163,Mobilitätskosten,NN,Mobilitätskosten,DE,lemmesMotiliteDE
w_DE_BS_2019_15696,DE_BS,BS,2019,15696,Mobilitätskultur,NN,Mobilitätskultur,DE,lemmesMotiliteDE
w_DE_BS_2025_61318,DE_BS,BS,2025,61318,Mobilitätskultur,NN,Mobilitätskultur,DE,lemmesMotiliteDE
w_DE_AG_2025_14461,DE_AG,AG,2025,14461,Mobilitätsstrategie,NN,Mobilitätsstrategie,DE,lemmesMotiliteDE
w_DE_AG_2025_60446,DE_AG,AG,2025,60446,Mobilitätsstrategie,NN,Mobilitätsstrategie,DE,lemmesMotiliteDE
w_DE_AG_2025_61880,DE_AG,AG,2025,61880,Mobilitätsstrategie,NN,Mobilitätsstrategie,DE,lemmesMotiliteDE
w_DE_AG_2025_62271,DE_AG,AG,2025,62271,Mobilitätsstrategie,NN,Mobilitätsstrategie,DE,lemmesMotiliteDE
w_DE_LU_2025_11126,DE_LU,LU,2025,11126,Mobilitätsstrategie,NN,Mobilitätsstrategie,DE,lemmesMotiliteDE
w_DE_SO_2023_43314,DE_SO,SO,2023,43314,Mobilitätsstrategien,NN,Mobilitätsstrategie,DE,lemmesMotiliteDE
w_DE_SO_2023_43484,DE_SO,SO,2023,43484,Mobilitätsstrategien,NN,Mobilitätsstrategie,DE,lemmesMotiliteDE
w_DE_BS_2024_7219,DE_BS,BS,2024,7219,Mobilitätsstrategie,NN,Mobilitätsstrategie,DE,lemmesMotiliteDE
w_DE_BE_2002_35183,DE_BE,BE,2002,35183,Mobilitätsstrategien,NN,Mobilitätsstrategie,DE,lemmesMotiliteDE
w_DE_BE_2002_35601,DE_BE,BE,2002,35601,Mobilitätsstrategie,ADJA,Mobilitätsstrategie,DE,lemmesMotiliteDE
w_DE_BS_2010_54214,DE_BS,BS,2010,54214,Mobilitätsstrategie,NN,Mobilitätsstrategie,DE,lemmesMotiliteDE
w_DE_BS_2010_54355,DE_BS,BS,2010,54355,Mobilitätsstrategie,NN,Mobilitätsstrategie,DE,lemmesMotiliteDE
w_DE_BS_2010_54378,DE_BS,BS,2010,54378,Mobilitätsstrategie,NN,Mobilitätsstrategie,DE,lemmesMotiliteDE
w_DE_BS_2025_12287,DE_BS,BS,2025,12287,Mobilitätsstrategie,NN,Mobilitätsstrategie,DE,lemmesMotiliteDE
w_DE_BE_2024_12100,DE_BE,BE,2024,12100,Mobilitätsstrategien,NN,Mobilitätsstrategie,DE,lemmesMotiliteDE
w_DE_BE_2004_35298,DE_BE,BE,2004,35298,Mobilitätsstrategien,NN,Mobilitätsstrategie,DE,lemmesMotiliteDE
w_DE_BE_2004_35716,DE_BE,BE,2004,35716,Mobilitätsstrategie,ADJA,Mobilitätsstrategie,DE,lemmesMotiliteDE
w_DE_BL_2025_30664,DE_BL,BL,2025,30664,Mobilitätsstrategie,NN,Mobilitätsstrategie,DE,lemmesMotiliteDE
w_DE_BS_2012_60421,DE_BS,BS,2012,60421,Mobilitätsstrategie,NN,Mobilitätsstrategie,DE,lemmesMotiliteDE
w_DE_AR_2008_12923,DE_AR,AR,2008,12923,Verkehrsstrategien,NN,Verkehrsstrategie,DE,lemmesMotiliteDE
w_DE_AI_2011_19594,DE_AI,AI,2011,19594,Verkehrsstrategien,NN,Verkehrsstrategie,DE,lemmesMotiliteDE
w_DE_ZG_2004_38854,DE_ZG,ZG,2004,38854,Verkehrsstrategie,NN,Verkehrsstrategie,DE,lemmesMotiliteDE
w_DE_ZG_2004_38909,DE_ZG,ZG,2004,38909,Verkehrsstrategie,NN,Verkehrsstrategie,DE,lemmesMotiliteDE
w_DE_ZG_2004_38925,DE_ZG,ZG,2004,38925,Verkehrsstrategie,NN,Verkehrsstrategie,DE,lemmesMotiliteDE
w_DE_AR_2002_13959,DE_AR,AR,2002,13959,Verkehrsstrategien,NN,Verkehrsstrategie,DE,lemmesMotiliteDE
w_DE_AI_2002_52613,DE_AI,AI,2002,52613,Verkehrsstrategien,NN,Verkehrsstrategie,DE,lemmesMotiliteDE
w_DE_AR_2012_12582,DE_AR,AR,2012,12582,Verkehrsstrategie,NN,Verkehrsstrategie,DE,lemmesMotiliteDE
w_DE_AI_2017_43958,DE_AI,AI,2017,43958,Verkehrsstrategien,NN,Verkehrsstrategie,DE,lemmesMotiliteDE
w_DE_AR_2025_22792,DE_AR,AR,2025,22792,Verkehrsstrategie,NN,Verkehrsstrategie,DE,lemmesMotiliteDE
w_DE_BE_2010_14274,DE_BE,BE,2010,14274,Verkehrsverhaltens,NN,Verkehrsverhalten,DE,lemmesMotiliteDE
w_DE_BS_2010_72841,DE_BS,BS,2010,72841,Verkehrsverhalten,NN,Verkehrsverhalten,DE,lemmesMotiliteDE
w_DE_LU_2009_40741,DE_LU,LU,2009,40741,Verkehrsverhalten,NN,Verkehrsverhalten,DE,lemmesMotiliteDE
w_DE_BE_2013_14250,DE_BE,BE,2013,14250,Verkehrsverhaltens,NN,Verkehrsverhalten,DE,lemmesMotiliteDE
w_DE_BL_2025_32986,DE_BL,BL,2025,32986,Verkehrsverhalten,NN,Verkehrsverhalten,DE,lemmesMotiliteDE
w_DE_BE_2012_14285,DE_BE,BE,2012,14285,Verkehrsverhaltens,NN,Verkehrsverhalten,DE,lemmesMotiliteDE
w_DE_ZH_2020_40864,DE_ZH,ZH,2020,40864,Verkehrsverhalten,NN,Verkehrsverhalten,DE,lemmesMotiliteDE
w_DE_AI_2011_2423,DE_AI,AI,2011,2423,Verwurzelung,NN,Verwurzelung,DE,lemmesMotiliteDE
w_DE_AI_2011_5789,DE_AI,AI,2011,5789,Verwurzelung,NN,Verwurzelung,DE,lemmesMotiliteDE
w_DE_AI_2011_15826,DE_AI,AI,2011,15826,Verwurzelung,NN,Verwurzelung,DE,lemmesMotiliteDE
w_DE_AI_2002_36694,DE_AI,AI,2002,36694,Verwurzelung,NN,Verwurzelung,DE,lemmesMotiliteDE
w_DE_AI_2002_40066,DE_AI,AI,2002,40066,Verwurzelung,NN,Verwurzelung,DE,lemmesMotiliteDE
w_DE_AI_2002_50123,DE_AI,AI,2002,50123,Verwurzelung,NN,Verwurzelung,DE,lemmesMotiliteDE
w_DE_BS_2024_13750,DE_BS,BS,2024,13750,Ankündigung,NN,Ankündigung,DE,lemmesTempsDE
w_DE_BS_2025_19477,DE_BS,BS,2025,19477,Ankündigung,NN,Ankündigung,DE,lemmesTempsDE
w_DE_ZG_1987_21386,DE_ZG,ZG,1987,21386,Auto,NN,Auto,DE,lemmesTempsDE
w_DE_TG_2018_52379,DE_TG,TG,2018,52379,Autos,NN,Auto,DE,lemmesTempsDE
w_DE_TG_2018_82597,DE_TG,TG,2018,82597,Autos,NN,Auto,DE,lemmesTempsDE
w_DE_AG_2025_29426,DE_AG,AG,2025,29426,Auto,NN,Auto,DE,lemmesTempsDE
w_DE_AG_2025_74044,DE_AG,AG,2025,74044,Autos,NN,Auto,DE,lemmesTempsDE
w_DE_BS_1986_13715,DE_BS,BS,1986,13715,Autos,NN,Auto,DE,lemmesTempsDE
w_DE_BS_1986_19955,DE_BS,BS,1986,19955,Auto,NN,Auto,DE,lemmesTempsDE
w_DE_BE_2010_14456,DE_BE,BE,2010,14456,Auto,NN,Auto,DE,lemmesTempsDE
w_DE_BE_2010_16518,DE_BE,BE,2010,16518,Auto,NN,Auto,DE,lemmesTempsDE
w_DE_AR_1987_20488,DE_AR,AR,1987,20488,Autos,NN,Auto,DE,lemmesTempsDE
w_DE_NW_2024_45493,DE_NW,NW,2024,45493,Autos,NN,Auto,DE,lemmesTempsDE
w_DE_NW_2024_45496,DE_NW,NW,2024,45496,Autos,NN,Auto,DE,lemmesTempsDE
w_DE_NW_2024_48531,DE_NW,NW,2024,48531,Auto,NN,Auto,DE,lemmesTempsDE
w_DE_NW_2024_49243,DE_NW,NW,2024,49243,Auto,NN,Auto,DE,lemmesTempsDE
w_DE_NW_2024_51102,DE_NW,NW,2024,51102,Auto,NN,Auto,DE,lemmesTempsDE
w_DE_SO_2023_23870,DE_SO,SO,2023,23870,Auto,NN,Auto,DE,lemmesTempsDE
w_DE_UR_2023_29477,DE_UR,UR,2023,29477,Auto,NN,Auto,DE,lemmesTempsDE
w_DE_UR_2023_63718,DE_UR,UR,2023,63718,Auto,NN,Auto,DE,lemmesTempsDE
w_DE_GL_2025_18459,DE_GL,GL,2025,18459,Autos,NN,Auto,DE,lemmesTempsDE
w_DE_ZG_2004_8540,DE_ZG,ZG,2004,8540,Auto,NN,Auto,DE,lemmesTempsDE
w_DE_BE_2008_13834,DE_BE,BE,2008,13834,Auto,NN,Auto,DE,lemmesTempsDE
w_DE_BE_2008_14080,DE_BE,BE,2008,14080,Auto,NN,Auto,DE,lemmesTempsDE
w_DE_BE_2008_14695,DE_BE,BE,2008,14695,Auto,NN,Auto,DE,lemmesTempsDE
w_DE_BE_2002_13143,DE_BE,BE,2002,13143,Auto,NN,Auto,DE,lemmesTempsDE
w_DE_BE_2002_13358,DE_BE,BE,2002,13358,Auto,NN,Auto,DE,lemmesTempsDE
w_DE_BE_2002_13943,DE_BE,BE,2002,13943,Auto,NN,Auto,DE,lemmesTempsDE
w_DE_BS_2010_63614,DE_BS,BS,2010,63614,Autos,NN,Auto,DE,lemmesTempsDE
w_DE_BS_2010_70341,DE_BS,BS,2010,70341,Auto,NN,Auto,DE,lemmesTempsDE
w_DE_BS_2010_71450,DE_BS,BS,2010,71450,Auto,NN,Auto,DE,lemmesTempsDE
w_DE_SZ_2010_5625,DE_SZ,SZ,2010,5625,Auto,NN,Auto,DE,lemmesTempsDE
w_DE_OW_1987_83276,DE_OW,OW,1987,83276,Autos,NN,Auto,DE,lemmesTempsDE
w_DE_SH_2004_30114,DE_SH,SH,2004,30114,Auto,NN,Auto,DE,lemmesTempsDE
w_DE_BE_2024_11389,DE_BE,BE,2024,11389,Autos,NN,Auto,DE,lemmesTempsDE
w_DE_BE_2004_13143,DE_BE,BE,2004,13143,Auto,NN,Auto,DE,lemmesTempsDE
w_DE_BE_2004_13358,DE_BE,BE,2004,13358,Auto,NN,Auto,DE,lemmesTempsDE
w_DE_BE_2004_13943,DE_BE,BE,2004,13943,Auto,NN,Auto,DE,lemmesTempsDE
w_DE_AI_2002_26076,DE_AI,AI,2002,26076,Autos,NN,Auto,DE,lemmesTempsDE
w_DE_AI_2002_26256,DE_AI,AI,2002,26256,Auto,NN,Auto,DE,lemmesTempsDE
w_DE_AI_2002_26262,DE_AI,AI,2002,26262,Auto,NN,Auto,DE,lemmesTempsDE
w_DE_SH_2021_9684,DE_SH,SH,2021,9684,Auto,NN,Auto,DE,lemmesTempsDE
w_DE_SH_2021_49166,DE_SH,SH,2021,49166,Auto,NN,Auto,DE,lemmesTempsDE
w_DE_BE_2006_13833,DE_BE,BE,2006,13833,Auto,NN,Auto,DE,lemmesTempsDE
w_DE_BE_2006_14079,DE_BE,BE,2006,14079,Auto,NN,Auto,DE,lemmesTempsDE
w_DE_BE_2006_14694,DE_BE,BE,2006,14694,Auto,NN,Auto,DE,lemmesTempsDE
w_DE_BE_2013_14432,DE_BE,BE,2013,14432,Auto,NN,Auto,DE,lemmesTempsDE
w_DE_BE_2013_16494,DE_BE,BE,2013,16494,Auto,NN,Auto,DE,lemmesTempsDE
w_DE_AG_1996_17099,DE_AG,AG,1996,17099,Auto,NN,Auto,DE,lemmesTempsDE
w_DE_AR_2025_21724,DE_AR,AR,2025,21724,Auto,NN,Auto,DE,lemmesTempsDE
w_DE_BL_2025_13090,DE_BL,BL,2025,13090,Auto,NN,Auto,DE,lemmesTempsDE
w_DE_BE_2012_14467,DE_BE,BE,2012,14467,Auto,NN,Auto,DE,lemmesTempsDE
w_DE_BE_2012_16529,DE_BE,BE,2012,16529,Auto,NN,Auto,DE,lemmesTempsDE
w_DE_BE_2024_14393,DE_BE,BE,2024,14393,Barrierefreiheit,NN,Barrierefreiheit,DE,lemmesTempsDE
w_DE_OW_2006_17057,DE_OW,OW,2006,17057,Beleuchtungen,NN,Beleuchtung,DE,lemmesTempsDE
w_DE_BS_2024_19657,DE_BS,BS,2024,19657,Beleuchtung,NN,Beleuchtung,DE,lemmesTempsDE
w_DE_BS_2024_19751,DE_BS,BS,2024,19751,Beleuchtung,NN,Beleuchtung,DE,lemmesTempsDE
w_DE_BS_2024_20024,DE_BS,BS,2024,20024,Beleuchtungen,NN,Beleuchtung,DE,lemmesTempsDE
w_DE_BS_2024_20039,DE_BS,BS,2024,20039,Beleuchtung,NN,Beleuchtung,DE,lemmesTempsDE
w_DE_BS_2024_20146,DE_BS,BS,2024,20146,Beleuchtung,NN,Beleuchtung,DE,lemmesTempsDE
w_DE_BS_2024_20177,DE_BS,BS,2024,20177,Beleuchtung,NN,Beleuchtung,DE,lemmesTempsDE
w_DE_BS_2024_30840,DE_BS,BS,2024,30840,Beleuchtung,NN,Beleuchtung,DE,lemmesTempsDE
w_DE_LU_2009_66805,DE_LU,LU,2009,66805,Beleuchtung,NN,Beleuchtung,DE,lemmesTempsDE
w_DE_BS_2025_30503,DE_BS,BS,2025,30503,Beleuchtung,NN,Beleuchtung,DE,lemmesTempsDE
w_DE_BS_2025_30597,DE_BS,BS,2025,30597,Beleuchtung,NN,Beleuchtung,DE,lemmesTempsDE
w_DE_BS_2025_30871,DE_BS,BS,2025,30871,Beleuchtungen,NN,Beleuchtung,DE,lemmesTempsDE
w_DE_BS_2025_30886,DE_BS,BS,2025,30886,Beleuchtung,NN,Beleuchtung,DE,lemmesTempsDE
w_DE_BS_2025_30988,DE_BS,BS,2025,30988,Beleuchtung,NN,Beleuchtung,DE,lemmesTempsDE
w_DE_BS_2025_31019,DE_BS,BS,2025,31019,Beleuchtung,NN,Beleuchtung,DE,lemmesTempsDE
w_DE_BS_2025_42834,DE_BS,BS,2025,42834,Beleuchtung,NN,Beleuchtung,DE,lemmesTempsDE
w_DE_AI_2015_11250,DE_AI,AI,2015,11250,Beleuchtungen,NN,Beleuchtung,DE,lemmesTempsDE
w_DE_AI_2015_20228,DE_AI,AI,2015,20228,Beleuchtung,NN,Beleuchtung,DE,lemmesTempsDE
w_DE_BL_2025_49035,DE_BL,BL,2025,49035,Beleuchtung,NN,Beleuchtung,DE,lemmesTempsDE
w_DE_AR_2008_27769,DE_AR,AR,2008,27769,Dauer,NN,Dauer,DE,lemmesTempsDE
w_DE_AR_2008_28069,DE_AR,AR,2008,28069,Dauer,NN,Dauer,DE,lemmesTempsDE
w_DE_ZG_1987_28303,DE_ZG,ZG,1987,28303,Dauer,NN,Dauer,DE,lemmesTempsDE
w_DE_BS_1986_43259,DE_BS,BS,1986,43259,Dauer,NN,Dauer,DE,lemmesTempsDE
w_DE_BS_1986_46987,DE_BS,BS,1986,46987,Dauer,NN,Dauer,DE,lemmesTempsDE
w_DE_NW_2024_3405,DE_NW,NW,2024,3405,Dauer,NN,Dauer,DE,lemmesTempsDE
w_DE_NW_2024_58003,DE_NW,NW,2024,58003,Dauer,NN,Dauer,DE,lemmesTempsDE
w_DE_SO_2023_26639,DE_SO,SO,2023,26639,Dauer,NN,Dauer,DE,lemmesTempsDE
w_DE_UR_2023_33414,DE_UR,UR,2023,33414,Dauer,NN,Dauer,DE,lemmesTempsDE
w_DE_UR_2023_44799,DE_UR,UR,2023,44799,Dauer,NN,Dauer,DE,lemmesTempsDE
w_DE_UR_2023_47595,DE_UR,UR,2023,47595,Dauer,NN,Dauer,DE,lemmesTempsDE
w_DE_BE_2002_59051,DE_BE,BE,2002,59051,Dauer,NN,Dauer,DE,lemmesTempsDE
w_DE_AR_2002_29330,DE_AR,AR,2002,29330,Dauer,NN,Dauer,DE,lemmesTempsDE
w_DE_AR_2002_29369,DE_AR,AR,2002,29369,Dauer,NN,Dauer,DE,lemmesTempsDE
w_DE_AR_2002_29779,DE_AR,AR,2002,29779,Dauer,NN,Dauer,DE,lemmesTempsDE
w_DE_AR_2002_29806,DE_AR,AR,2002,29806,Dauer,NN,Dauer,DE,lemmesTempsDE
w_DE_SZ_2010_4323,DE_SZ,SZ,2010,4323,Dauer,NN,Dauer,DE,lemmesTempsDE
w_DE_OW_1987_39708,DE_OW,OW,1987,39708,Dauer,NN,Dauer,DE,lemmesTempsDE
w_DE_OW_1987_77782,DE_OW,OW,1987,77782,Dauer,NN,Dauer,DE,lemmesTempsDE
w_DE_SH_2004_109137,DE_SH,SH,2004,109137,Dauer,NN,Dauer,DE,lemmesTempsDE
w_DE_SH_2004_111288,DE_SH,SH,2004,111288,Dauer,NN,Dauer,DE,lemmesTempsDE
w_DE_BE_2004_60330,DE_BE,BE,2004,60330,Dauer,NN,Dauer,DE,lemmesTempsDE
w_DE_SZ_2022_39068,DE_SZ,SZ,2022,39068,Dauer,NN,Dauer,DE,lemmesTempsDE
w_DE_AR_2012_27655,DE_AR,AR,2012,27655,Dauer,NN,Dauer,DE,lemmesTempsDE
w_DE_AR_2012_27955,DE_AR,AR,2012,27955,Dauer,NN,Dauer,DE,lemmesTempsDE
w_DE_AR_2025_46979,DE_AR,AR,2025,46979,Dauer,NN,Dauer,DE,lemmesTempsDE
w_DE_AR_2025_47352,DE_AR,AR,2025,47352,Dauer,NN,Dauer,DE,lemmesTempsDE
w_DE_BL_2025_32304,DE_BL,BL,2025,32304,Dauer,NN,Dauer,DE,lemmesTempsDE
w_DE_ZH_2020_4896,DE_ZH,ZH,2020,4896,Dauer,NN,Dauer,DE,lemmesTempsDE
w_DE_ZH_2020_42640,DE_ZH,ZH,2020,42640,Dauer,NN,Dauer,DE,lemmesTempsDE
w_DE_TG_2018_31603,DE_TG,TG,2018,31603,Effizienz,NN,Effizienz,DE,lemmesTempsDE
w_DE_TG_2018_42922,DE_TG,TG,2018,42922,Effizienz,NN,Effizienz,DE,lemmesTempsDE
w_DE_AG_2025_60719,DE_AG,AG,2025,60719,Effizienz,NN,Effizienz,DE,lemmesTempsDE
w_DE_AG_2025_83541,DE_AG,AG,2025,83541,Effizienz,NN,Effizienz,DE,lemmesTempsDE
w_DE_BE_2010_13720,DE_BE,BE,2010,13720,Effizienz,NN,Effizienz,DE,lemmesTempsDE
w_DE_BE_2010_21623,DE_BE,BE,2010,21623,Effizienz,NN,Effizienz,DE,lemmesTempsDE
w_DE_BE_2010_21641,DE_BE,BE,2010,21641,Effizienz,NN,Effizienz,DE,lemmesTempsDE
w_DE_BE_2010_46662,DE_BE,BE,2010,46662,Effizienz,NN,Effizienz,DE,lemmesTempsDE
w_DE_NW_2024_46159,DE_NW,NW,2024,46159,Effizienz,NN,Effizienz,DE,lemmesTempsDE
w_DE_NW_2024_56721,DE_NW,NW,2024,56721,Effizienz,NN,Effizienz,DE,lemmesTempsDE
w_DE_AI_2011_8266,DE_AI,AI,2011,8266,Effizienz,NN,Effizienz,DE,lemmesTempsDE
w_DE_SO_2023_8469,DE_SO,SO,2023,8469,Effizienz,NN,Effizienz,DE,lemmesTempsDE
w_DE_SO_2023_56748,DE_SO,SO,2023,56748,Effizienz,NN,Effizienz,DE,lemmesTempsDE
w_DE_SO_2023_57033,DE_SO,SO,2023,57033,Effizienz,NN,Effizienz,DE,lemmesTempsDE
w_DE_SO_2023_57487,DE_SO,SO,2023,57487,Effizienz,NN,Effizienz,DE,lemmesTempsDE
w_DE_UR_2023_6398,DE_UR,UR,2023,6398,Effizienz,NN,Effizienz,DE,lemmesTempsDE
w_DE_BE_2008_13043,DE_BE,BE,2008,13043,Effizienz,NN,Effizienz,DE,lemmesTempsDE
w_DE_BE_2008_13200,DE_BE,BE,2008,13200,Effizienz,NN,Effizienz,DE,lemmesTempsDE
w_DE_BE_2008_19402,DE_BE,BE,2008,19402,Effizienz,NN,Effizienz,DE,lemmesTempsDE
w_DE_BE_2008_19420,DE_BE,BE,2008,19420,Effizienz,NN,Effizienz,DE,lemmesTempsDE
w_DE_BE_2008_43559,DE_BE,BE,2008,43559,Effizienz,NN,Effizienz,DE,lemmesTempsDE
w_DE_BE_2002_18519,DE_BE,BE,2002,18519,Effizienz,NN,Effizienz,DE,lemmesTempsDE
w_DE_BE_2002_18537,DE_BE,BE,2002,18537,Effizienz,NN,Effizienz,DE,lemmesTempsDE
w_DE_BE_2002_39629,DE_BE,BE,2002,39629,Effizienz,NN,Effizienz,DE,lemmesTempsDE
w_DE_BE_2024_4983,DE_BE,BE,2024,4983,Effizienz,NN,Effizienz,DE,lemmesTempsDE
w_DE_BE_2024_10649,DE_BE,BE,2024,10649,Effizienz,NN,Effizienz,DE,lemmesTempsDE
w_DE_BE_2004_18517,DE_BE,BE,2004,18517,Effizienz,NN,Effizienz,DE,lemmesTempsDE
w_DE_BE_2004_18535,DE_BE,BE,2004,18535,Effizienz,NN,Effizienz,DE,lemmesTempsDE
w_DE_BE_2004_39604,DE_BE,BE,2004,39604,Effizienz,NN,Effizienz,DE,lemmesTempsDE
w_DE_AI_2002_42542,DE_AI,AI,2002,42542,Effizienz,NN,Effizienz,DE,lemmesTempsDE
w_DE_SH_2021_5947,DE_SH,SH,2021,5947,Effizienz,NN,Effizienz,DE,lemmesTempsDE
w_DE_BE_2006_13042,DE_BE,BE,2006,13042,Effizienz,NN,Effizienz,DE,lemmesTempsDE
w_DE_BE_2006_13199,DE_BE,BE,2006,13199,Effizienz,NN,Effizienz,DE,lemmesTempsDE
w_DE_BE_2006_19401,DE_BE,BE,2006,19401,Effizienz,NN,Effizienz,DE,lemmesTempsDE
w_DE_BE_2006_19419,DE_BE,BE,2006,19419,Effizienz,NN,Effizienz,DE,lemmesTempsDE
w_DE_BE_2006_44132,DE_BE,BE,2006,44132,Effizienz,NN,Effizienz,DE,lemmesTempsDE
w_DE_AI_2015_10329,DE_AI,AI,2015,10329,Effizienz,NN,Effizienz,DE,lemmesTempsDE
w_DE_AI_2015_10939,DE_AI,AI,2015,10939,Effizienz,NN,Effizienz,DE,lemmesTempsDE
w_DE_BE_2013_13696,DE_BE,BE,2013,13696,Effizienz,NN,Effizienz,DE,lemmesTempsDE
w_DE_BE_2013_21599,DE_BE,BE,2013,21599,Effizienz,NN,Effizienz,DE,lemmesTempsDE
w_DE_BE_2013_21617,DE_BE,BE,2013,21617,Effizienz,NN,Effizienz,DE,lemmesTempsDE
w_DE_BE_2013_45150,DE_BE,BE,2013,45150,Effizienz,NN,Effizienz,DE,lemmesTempsDE
w_DE_AR_2025_45286,DE_AR,AR,2025,45286,Effizienz,NN,Effizienz,DE,lemmesTempsDE
w_DE_BL_2025_55637,DE_BL,BL,2025,55637,Effizienz,NN,Effizienz,DE,lemmesTempsDE
w_DE_BE_2012_13731,DE_BE,BE,2012,13731,Effizienz,NN,Effizienz,DE,lemmesTempsDE
w_DE_BE_2012_21634,DE_BE,BE,2012,21634,Effizienz,NN,Effizienz,DE,lemmesTempsDE
w_DE_BE_2012_21652,DE_BE,BE,2012,21652,Effizienz,NN,Effizienz,DE,lemmesTempsDE
w_DE_BE_2012_46669,DE_BE,BE,2012,46669,Effizienz,NN,Effizienz,DE,lemmesTempsDE
w_DE_SH_2004_20580,DE_SH,SH,2004,20580,Einstieg,NN,Einstieg,DE,lemmesTempsDE
w_DE_AG_2025_77766,DE_AG,AG,2025,77766,empfunden,VVPP,empfinden,DE,lemmesTempsDE
w_DE_BE_2010_61110,DE_BE,BE,2010,61110,empfunden,VVPP,empfinden,DE,lemmesTempsDE
w_DE_SO_2023_18637,DE_SO,SO,2023,18637,empfunden,VVPP,empfinden,DE,lemmesTempsDE
w_DE_OW_2006_16224,DE_OW,OW,2006,16224,empfunden,VVPP,empfinden,DE,lemmesTempsDE
w_DE_SZ_2008_5358,DE_SZ,SZ,2008,5358,empfunden,VVPP,empfinden,DE,lemmesTempsDE
w_DE_BE_2008_54923,DE_BE,BE,2008,54923,empfunden,VVPP,empfinden,DE,lemmesTempsDE
w_DE_BE_2002_47886,DE_BE,BE,2002,47886,empfunden,VVPP,empfinden,DE,lemmesTempsDE
w_DE_BE_2024_56209,DE_BE,BE,2024,56209,empfunden,VVPP,empfinden,DE,lemmesTempsDE
w_DE_BE_2004_48947,DE_BE,BE,2004,48947,empfunden,VVPP,empfinden,DE,lemmesTempsDE
w_DE_BE_2006_55188,DE_BE,BE,2006,55188,empfunden,VVPP,empfinden,DE,lemmesTempsDE
w_DE_BE_2013_58181,DE_BE,BE,2013,58181,empfunden,VVPP,empfinden,DE,lemmesTempsDE
w_DE_BE_2012_61122,DE_BE,BE,2012,61122,empfunden,VVPP,empfinden,DE,lemmesTempsDE
w_DE_AR_2008_4008,DE_AR,AR,2008,4008,wahrnehmen,VVINF,wahrnehmen,DE,lemmesTempsDE
w_DE_ZG_1987_851,DE_ZG,ZG,1987,851,wahrnehmen,VVINF,wahrnehmen,DE,lemmesTempsDE
w_DE_TG_2018_17350,DE_TG,TG,2018,17350,wahrgenommen,VVPP,wahrnehmen,DE,lemmesTempsDE
w_DE_TG_2018_32678,DE_TG,TG,2018,32678,wahrnehmen,VVINF,wahrnehmen,DE,lemmesTempsDE
w_DE_TG_2018_54183,DE_TG,TG,2018,54183,wahrnehmen,VVINF,wahrnehmen,DE,lemmesTempsDE
w_DE_AG_2025_25009,DE_AG,AG,2025,25009,wahrgenommen,VVPP,wahrnehmen,DE,lemmesTempsDE
w_DE_AG_2025_73251,DE_AG,AG,2025,73251,wahrgenommen,VVPP,wahrnehmen,DE,lemmesTempsDE
w_DE_BE_2010_1942,DE_BE,BE,2010,1942,wahrgenommen,VVPP,wahrnehmen,DE,lemmesTempsDE
w_DE_BE_2010_2257,DE_BE,BE,2010,2257,wahrgenommen,VVPP,wahrnehmen,DE,lemmesTempsDE
w_DE_BE_2010_2621,DE_BE,BE,2010,2621,wahrnehmen,VVINF,wahrnehmen,DE,lemmesTempsDE
w_DE_BE_2010_2635,DE_BE,BE,2010,2635,wahrzunehmen,VVIZU,wahrnehmen,DE,lemmesTempsDE
w_DE_BE_2010_7587,DE_BE,BE,2010,7587,wahrnimmt,VVFIN,wahrnehmen,DE,lemmesTempsDE
w_DE_BE_2010_30241,DE_BE,BE,2010,30241,wahrnehmen,VVINF,wahrnehmen,DE,lemmesTempsDE
w_DE_BE_2010_35754,DE_BE,BE,2010,35754,wahrnehmen,VVFIN,wahrnehmen,DE,lemmesTempsDE
w_DE_BE_2010_65642,DE_BE,BE,2010,65642,wahrnehmen,VVFIN,wahrnehmen,DE,lemmesTempsDE
w_DE_BE_2010_72075,DE_BE,BE,2010,72075,wahrnehmen,VVINF,wahrnehmen,DE,lemmesTempsDE
w_DE_BE_2010_81945,DE_BE,BE,2010,81945,wahrnehmen,VVFIN,wahrnehmen,DE,lemmesTempsDE
w_DE_LU_2025_198,DE_LU,LU,2025,198,wahrzunehmen,VVIZU,wahrnehmen,DE,lemmesTempsDE
w_DE_LU_2025_2432,DE_LU,LU,2025,2432,wahrzunehmen,VVIZU,wahrnehmen,DE,lemmesTempsDE
w_DE_LU_2025_44244,DE_LU,LU,2025,44244,wahrgenommen,VVPP,wahrnehmen,DE,lemmesTempsDE
w_DE_NW_2024_4740,DE_NW,NW,2024,4740,wahrzunehmen,VVIZU,wahrnehmen,DE,lemmesTempsDE
w_DE_NW_2024_44694,DE_NW,NW,2024,44694,wahrnehmen,VVINF,wahrnehmen,DE,lemmesTempsDE
w_DE_NW_2024_46782,DE_NW,NW,2024,46782,wahrnehmen,VVINF,wahrnehmen,DE,lemmesTempsDE
w_DE_NW_2024_48074,DE_NW,NW,2024,48074,wahrnehmen,VVINF,wahrnehmen,DE,lemmesTempsDE
w_DE_SO_2023_8579,DE_SO,SO,2023,8579,wahrnehmen,VVINF,wahrnehmen,DE,lemmesTempsDE
w_DE_OW_2006_12846,DE_OW,OW,2006,12846,wahrgenommen,VVPP,wahrnehmen,DE,lemmesTempsDE
w_DE_UR_2023_3669,DE_UR,UR,2023,3669,wahrnehmen,VVINF,wahrnehmen,DE,lemmesTempsDE
w_DE_GL_2025_3134,DE_GL,GL,2025,3134,wahrnehmen,VVINF,wahrnehmen,DE,lemmesTempsDE
w_DE_GL_2025_24087,DE_GL,GL,2025,24087,wahrnehmen,VVINF,wahrnehmen,DE,lemmesTempsDE
w_DE_BS_2024_23397,DE_BS,BS,2024,23397,wahrzunehmen,VVIZU,wahrnehmen,DE,lemmesTempsDE
w_DE_BS_2024_40125,DE_BS,BS,2024,40125,wahrnimmt,VVFIN,wahrnehmen,DE,lemmesTempsDE
w_DE_BS_2024_40247,DE_BS,BS,2024,40247,wahrnehmen,VVINF,wahrnehmen,DE,lemmesTempsDE
w_DE_BS_2024_41009,DE_BS,BS,2024,41009,wahrnimmt,VVFIN,wahrnehmen,DE,lemmesTempsDE
w_DE_BE_2008_1944,DE_BE,BE,2008,1944,wahrgenommen,VVPP,wahrnehmen,DE,lemmesTempsDE
w_DE_BE_2008_2259,DE_BE,BE,2008,2259,wahrgenommen,VVPP,wahrnehmen,DE,lemmesTempsDE
w_DE_BE_2008_2623,DE_BE,BE,2008,2623,wahrnehmen,VVINF,wahrnehmen,DE,lemmesTempsDE
w_DE_BE_2008_2637,DE_BE,BE,2008,2637,wahrzunehmen,VVIZU,wahrnehmen,DE,lemmesTempsDE
w_DE_BE_2008_7454,DE_BE,BE,2008,7454,wahrnimmt,VVFIN,wahrnehmen,DE,lemmesTempsDE
w_DE_BE_2008_27515,DE_BE,BE,2008,27515,wahrnehmen,VVINF,wahrnehmen,DE,lemmesTempsDE
w_DE_BE_2008_32900,DE_BE,BE,2008,32900,wahrnehmen,VVFIN,wahrnehmen,DE,lemmesTempsDE
w_DE_BE_2008_56994,DE_BE,BE,2008,56994,wahrnehmen,VVFIN,wahrnehmen,DE,lemmesTempsDE
w_DE_BE_2008_69706,DE_BE,BE,2008,69706,wahrnehmen,VVFIN,wahrnehmen,DE,lemmesTempsDE
w_DE_BE_2002_1905,DE_BE,BE,2002,1905,wahrgenommen,VVPP,wahrnehmen,DE,lemmesTempsDE
w_DE_BE_2002_2220,DE_BE,BE,2002,2220,wahrgenommen,VVPP,wahrnehmen,DE,lemmesTempsDE
w_DE_BE_2002_2584,DE_BE,BE,2002,2584,wahrnehmen,VVINF,wahrnehmen,DE,lemmesTempsDE
w_DE_BE_2002_2598,DE_BE,BE,2002,2598,wahrzunehmen,VVIZU,wahrnehmen,DE,lemmesTempsDE
w_DE_BE_2002_7414,DE_BE,BE,2002,7414,wahrnimmt,VVFIN,wahrnehmen,DE,lemmesTempsDE
w_DE_BE_2002_25315,DE_BE,BE,2002,25315,wahrnehmen,VVINF,wahrnehmen,DE,lemmesTempsDE
w_DE_BE_2002_30542,DE_BE,BE,2002,30542,wahrnehmen,VVFIN,wahrnehmen,DE,lemmesTempsDE
w_DE_BE_2002_49114,DE_BE,BE,2002,49114,wahrnehmen,VVFIN,wahrnehmen,DE,lemmesTempsDE
w_DE_BE_2002_55856,DE_BE,BE,2002,55856,wahrzunehmen,VVIZU,wahrnehmen,DE,lemmesTempsDE
w_DE_AR_2002_4379,DE_AR,AR,2002,4379,wahrnehmen,VVINF,wahrnehmen,DE,lemmesTempsDE
w_DE_BS_2010_30052,DE_BS,BS,2010,30052,wahrnehmen,VVINF,wahrnehmen,DE,lemmesTempsDE
w_DE_BS_2010_37848,DE_BS,BS,2010,37848,wahrzunehmen,VVIZU,wahrnehmen,DE,lemmesTempsDE
w_DE_BS_2010_60000,DE_BS,BS,2010,60000,wahrgenommen,VVPP,wahrnehmen,DE,lemmesTempsDE
w_DE_BS_2010_65139,DE_BS,BS,2010,65139,wahrgenommen,VVPP,wahrnehmen,DE,lemmesTempsDE
w_DE_BS_2010_67023,DE_BS,BS,2010,67023,wahrgenommen,VVPP,wahrnehmen,DE,lemmesTempsDE
w_DE_BS_2010_67305,DE_BS,BS,2010,67305,wahrgenommen,VVPP,wahrnehmen,DE,lemmesTempsDE
w_DE_BS_2010_67548,DE_BS,BS,2010,67548,wahrgenommen,VVPP,wahrnehmen,DE,lemmesTempsDE
w_DE_OW_1987_88861,DE_OW,OW,1987,88861,wahrzunehmen,VVIZU,wahrnehmen,DE,lemmesTempsDE
w_DE_LU_2009_5519,DE_LU,LU,2009,5519,wahrnehmen,VVINF,wahrnehmen,DE,lemmesTempsDE
w_DE_LU_2009_5560,DE_LU,LU,2009,5560,wahrzunehmen,VVIZU,wahrnehmen,DE,lemmesTempsDE
w_DE_LU_2009_11170,DE_LU,LU,2009,11170,wahrnehmen,VVINF,wahrnehmen,DE,lemmesTempsDE
w_DE_LU_2009_14472,DE_LU,LU,2009,14472,wahrnehmen,VVINF,wahrnehmen,DE,lemmesTempsDE
w_DE_LU_2009_15070,DE_LU,LU,2009,15070,wahrgenommen,VVPP,wahrnehmen,DE,lemmesTempsDE
w_DE_LU_2009_26863,DE_LU,LU,2009,26863,wahrzunehmen,VVIZU,wahrnehmen,DE,lemmesTempsDE
w_DE_LU_2009_33731,DE_LU,LU,2009,33731,wahrzunehmen,VVIZU,wahrnehmen,DE,lemmesTempsDE
w_DE_SH_2004_27552,DE_SH,SH,2004,27552,wahrnehmen,VVINF,wahrnehmen,DE,lemmesTempsDE
w_DE_SH_2004_29962,DE_SH,SH,2004,29962,wahrnehmen,VVINF,wahrnehmen,DE,lemmesTempsDE
w_DE_SH_2004_49365,DE_SH,SH,2004,49365,wahrgenommen,VVPP,wahrnehmen,DE,lemmesTempsDE
w_DE_SH_2004_57970,DE_SH,SH,2004,57970,wahrnimmt,VVFIN,wahrnehmen,DE,lemmesTempsDE
w_DE_SH_2004_62834,DE_SH,SH,2004,62834,wahrzunehmen,VVIZU,wahrnehmen,DE,lemmesTempsDE
w_DE_SH_2004_64570,DE_SH,SH,2004,64570,wahrzunehmen,VVIZU,wahrnehmen,DE,lemmesTempsDE
w_DE_SH_2004_107491,DE_SH,SH,2004,107491,wahrzunehmen,VVIZU,wahrnehmen,DE,lemmesTempsDE
w_DE_SH_2004_108011,DE_SH,SH,2004,108011,wahrzunehmen,VVIZU,wahrnehmen,DE,lemmesTempsDE
w_DE_BS_2025_23096,DE_BS,BS,2025,23096,wahrnehmen,VVINF,wahrnehmen,DE,lemmesTempsDE
w_DE_BS_2025_35495,DE_BS,BS,2025,35495,wahrzunehmen,VVIZU,wahrnehmen,DE,lemmesTempsDE
w_DE_BS_2025_72753,DE_BS,BS,2025,72753,wahrnimmt,VVFIN,wahrnehmen,DE,lemmesTempsDE
w_DE_BS_2025_72875,DE_BS,BS,2025,72875,wahrnehmen,VVINF,wahrnehmen,DE,lemmesTempsDE
w_DE_BS_2025_73624,DE_BS,BS,2025,73624,wahrnimmt,VVFIN,wahrnehmen,DE,lemmesTempsDE
w_DE_BE_2024_524,DE_BE,BE,2024,524,wahrgenommen,VVPP,wahrnehmen,DE,lemmesTempsDE
w_DE_BE_2024_799,DE_BE,BE,2024,799,wahrgenommen,VVPP,wahrnehmen,DE,lemmesTempsDE
w_DE_BE_2024_1183,DE_BE,BE,2024,1183,wahrzunehmen,VVIZU,wahrnehmen,DE,lemmesTempsDE
w_DE_BE_2024_9259,DE_BE,BE,2024,9259,wahrnehmen,VVINF,wahrnehmen,DE,lemmesTempsDE
w_DE_BE_2024_22923,DE_BE,BE,2024,22923,wahrnehmen,VVINF,wahrnehmen,DE,lemmesTempsDE
w_DE_BE_2024_59464,DE_BE,BE,2024,59464,wahrgenommen,VVPP,wahrnehmen,DE,lemmesTempsDE
w_DE_BE_2024_65514,DE_BE,BE,2024,65514,wahrnehmen,VVINF,wahrnehmen,DE,lemmesTempsDE
w_DE_BE_2004_1905,DE_BE,BE,2004,1905,wahrgenommen,VVPP,wahrnehmen,DE,lemmesTempsDE
w_DE_BE_2004_2220,DE_BE,BE,2004,2220,wahrgenommen,VVPP,wahrnehmen,DE,lemmesTempsDE
w_DE_BE_2004_2584,DE_BE,BE,2004,2584,wahrnehmen,VVINF,wahrnehmen,DE,lemmesTempsDE
w_DE_BE_2004_2598,DE_BE,BE,2004,2598,wahrzunehmen,VVIZU,wahrnehmen,DE,lemmesTempsDE
w_DE_BE_2004_7414,DE_BE,BE,2004,7414,wahrnimmt,VVFIN,wahrnehmen,DE,lemmesTempsDE
w_DE_BE_2004_25313,DE_BE,BE,2004,25313,wahrnehmen,VVINF,wahrnehmen,DE,lemmesTempsDE
w_DE_BE_2004_30540,DE_BE,BE,2004,30540,wahrnehmen,VVFIN,wahrnehmen,DE,lemmesTempsDE
w_DE_BE_2004_50273,DE_BE,BE,2004,50273,wahrnehmen,VVFIN,wahrnehmen,DE,lemmesTempsDE
w_DE_BE_2004_57120,DE_BE,BE,2004,57120,wahrzunehmen,VVIZU,wahrnehmen,DE,lemmesTempsDE
w_DE_AI_2002_9149,DE_AI,AI,2002,9149,wahrgenommen,VVPP,wahrnehmen,DE,lemmesTempsDE
w_DE_BE_2006_1944,DE_BE,BE,2006,1944,wahrgenommen,VVPP,wahrnehmen,DE,lemmesTempsDE
w_DE_BE_2006_2259,DE_BE,BE,2006,2259,wahrgenommen,VVPP,wahrnehmen,DE,lemmesTempsDE
w_DE_BE_2006_2623,DE_BE,BE,2006,2623,wahrnehmen,VVINF,wahrnehmen,DE,lemmesTempsDE
w_DE_BE_2006_2637,DE_BE,BE,2006,2637,wahrzunehmen,VVIZU,wahrnehmen,DE,lemmesTempsDE
w_DE_BE_2006_7453,DE_BE,BE,2006,7453,wahrnimmt,VVFIN,wahrnehmen,DE,lemmesTempsDE
w_DE_BE_2006_27514,DE_BE,BE,2006,27514,wahrnehmen,VVINF,wahrnehmen,DE,lemmesTempsDE
w_DE_BE_2006_32899,DE_BE,BE,2006,32899,wahrnehmen,VVFIN,wahrnehmen,DE,lemmesTempsDE
w_DE_BE_2006_57259,DE_BE,BE,2006,57259,wahrnehmen,VVFIN,wahrnehmen,DE,lemmesTempsDE
w_DE_BE_2006_70068,DE_BE,BE,2006,70068,wahrnehmen,VVFIN,wahrnehmen,DE,lemmesTempsDE
w_DE_BE_2013_1918,DE_BE,BE,2013,1918,wahrgenommen,VVPP,wahrnehmen,DE,lemmesTempsDE
w_DE_BE_2013_2233,DE_BE,BE,2013,2233,wahrgenommen,VVPP,wahrnehmen,DE,lemmesTempsDE
w_DE_BE_2013_2597,DE_BE,BE,2013,2597,wahrnehmen,VVINF,wahrnehmen,DE,lemmesTempsDE
w_DE_BE_2013_2611,DE_BE,BE,2013,2611,wahrzunehmen,VVIZU,wahrnehmen,DE,lemmesTempsDE
w_DE_BE_2013_7563,DE_BE,BE,2013,7563,wahrnimmt,VVFIN,wahrnehmen,DE,lemmesTempsDE
w_DE_BE_2013_30213,DE_BE,BE,2013,30213,wahrnehmen,VVINF,wahrnehmen,DE,lemmesTempsDE
w_DE_BE_2013_62749,DE_BE,BE,2013,62749,wahrnehmen,VVFIN,wahrnehmen,DE,lemmesTempsDE
w_DE_BE_2013_67417,DE_BE,BE,2013,67417,wahrnehmen,VVINF,wahrnehmen,DE,lemmesTempsDE
w_DE_AG_1996_3913,DE_AG,AG,1996,3913,wahrnehmen,VVINF,wahrnehmen,DE,lemmesTempsDE
w_DE_AR_2012_4131,DE_AR,AR,2012,4131,wahrnehmen,VVINF,wahrnehmen,DE,lemmesTempsDE
w_DE_AR_2025_10305,DE_AR,AR,2025,10305,wahrgenommen,VVPP,wahrnehmen,DE,lemmesTempsDE
w_DE_AR_2025_23698,DE_AR,AR,2025,23698,wahrgenommen,VVPP,wahrnehmen,DE,lemmesTempsDE
w_DE_BL_2025_13010,DE_BL,BL,2025,13010,wahrzunehmen,VVIZU,wahrnehmen,DE,lemmesTempsDE
w_DE_BL_2025_31739,DE_BL,BL,2025,31739,wahrnehmen,VVINF,wahrnehmen,DE,lemmesTempsDE
w_DE_BE_2012_1953,DE_BE,BE,2012,1953,wahrgenommen,VVPP,wahrnehmen,DE,lemmesTempsDE
w_DE_BE_2012_2268,DE_BE,BE,2012,2268,wahrgenommen,VVPP,wahrnehmen,DE,lemmesTempsDE
w_DE_BE_2012_2632,DE_BE,BE,2012,2632,wahrnehmen,VVINF,wahrnehmen,DE,lemmesTempsDE
w_DE_BE_2012_2646,DE_BE,BE,2012,2646,wahrzunehmen,VVIZU,wahrnehmen,DE,lemmesTempsDE
w_DE_BE_2012_7598,DE_BE,BE,2012,7598,wahrnimmt,VVFIN,wahrnehmen,DE,lemmesTempsDE
w_DE_BE_2012_30248,DE_BE,BE,2012,30248,wahrnehmen,VVINF,wahrnehmen,DE,lemmesTempsDE
w_DE_BE_2012_35761,DE_BE,BE,2012,35761,wahrnehmen,VVFIN,wahrnehmen,DE,lemmesTempsDE
w_DE_BE_2012_65675,DE_BE,BE,2012,65675,wahrnehmen,VVFIN,wahrnehmen,DE,lemmesTempsDE
w_DE_BE_2012_72108,DE_BE,BE,2012,72108,wahrnehmen,VVINF,wahrnehmen,DE,lemmesTempsDE
w_DE_BE_2012_81978,DE_BE,BE,2012,81978,wahrnehmen,VVFIN,wahrnehmen,DE,lemmesTempsDE
w_DE_BS_2012_32970,DE_BS,BS,2012,32970,wahrnehmen,VVINF,wahrnehmen,DE,lemmesTempsDE
w_DE_BS_2012_41076,DE_BS,BS,2012,41076,wahrzunehmen,VVIZU,wahrnehmen,DE,lemmesTempsDE
w_DE_BS_2018_25398,DE_BS,BS,2018,25398,wahrnehmen,VVINF,wahrnehmen,DE,lemmesTempsDE
w_DE_BS_2018_38621,DE_BS,BS,2018,38621,wahrzunehmen,VVIZU,wahrnehmen,DE,lemmesTempsDE
w_DE_BS_2018_59550,DE_BS,BS,2018,59550,wahrnimmt,VVFIN,wahrnehmen,DE,lemmesTempsDE
w_DE_BS_2018_60207,DE_BS,BS,2018,60207,wahrnimmt,VVFIN,wahrnehmen,DE,lemmesTempsDE
w_DE_ZG_1987_5828,DE_ZG,ZG,1987,5828,Entfernungen,NN,Entfernung,DE,lemmesTempsDE
w_DE_SZ_1986_18865,DE_SZ,SZ,1986,18865,Entfernung,NN,Entfernung,DE,lemmesTempsDE
w_DE_SZ_2008_14643,DE_SZ,SZ,2008,14643,Entfernung,NN,Entfernung,DE,lemmesTempsDE
w_DE_SZ_2008_20830,DE_SZ,SZ,2008,20830,Entfernung,NN,Entfernung,DE,lemmesTempsDE
w_DE_BS_2010_32477,DE_BS,BS,2010,32477,Entfernung,NN,Entfernung,DE,lemmesTempsDE
w_DE_OW_1987_54424,DE_OW,OW,1987,54424,Entfernung,NN,Entfernung,DE,lemmesTempsDE
w_DE_OW_1987_68047,DE_OW,OW,1987,68047,Entfernung,NN,Entfernung,DE,lemmesTempsDE
w_DE_LU_2009_20067,DE_LU,LU,2009,20067,Entfernung,NN,Entfernung,DE,lemmesTempsDE
w_DE_SH_2004_73981,DE_SH,SH,2004,73981,Entfernungen,NN,Entfernung,DE,lemmesTempsDE
w_DE_BE_2024_34044,DE_BE,BE,2024,34044,Entfernung,NN,Entfernung,DE,lemmesTempsDE
w_DE_SH_2021_28087,DE_SH,SH,2021,28087,Entfernung,NN,Entfernung,DE,lemmesTempsDE
w_DE_AI_2017_38578,DE_AI,AI,2017,38578,Entfernung,NN,Entfernung,DE,lemmesTempsDE
w_DE_BS_2012_35391,DE_BS,BS,2012,35391,Entfernung,NN,Entfernung,DE,lemmesTempsDE
w_DE_BS_2018_33033,DE_BS,BS,2018,33033,Entfernung,NN,Entfernung,DE,lemmesTempsDE
w_DE_AI_2002_22017,DE_AI,AI,2002,22017,Erlebnisse,NN,Erlebnis,DE,lemmesTempsDE
w_DE_BL_2025_18867,DE_BL,BL,2025,18867,Erlebnis,NN,Erlebnis,DE,lemmesTempsDE
w_DE_BL_2025_19126,DE_BL,BL,2025,19126,Erlebnis,NN,Erlebnis,DE,lemmesTempsDE
w_DE_BL_2025_19227,DE_BL,BL,2025,19227,Erlebnis,NN,Erlebnis,DE,lemmesTempsDE
w_DE_BL_2025_19533,DE_BL,BL,2025,19533,Erlebnis,NN,Erlebnis,DE,lemmesTempsDE
w_DE_AR_2008_16470,DE_AR,AR,2008,16470,Erfahrungen,NN,Erfahrung,DE,lemmesTempsDE
w_DE_TG_2018_1614,DE_TG,TG,2018,1614,Erfahrungen,NN,Erfahrung,DE,lemmesTempsDE
w_DE_TG_2018_35308,DE_TG,TG,2018,35308,Erfahrungen,NN,Erfahrung,DE,lemmesTempsDE
w_DE_AG_2025_28887,DE_AG,AG,2025,28887,Erfahrung,NN,Erfahrung,DE,lemmesTempsDE
w_DE_AG_2025_47031,DE_AG,AG,2025,47031,Erfahrungen,NN,Erfahrung,DE,lemmesTempsDE
w_DE_AG_2025_55506,DE_AG,AG,2025,55506,Erfahrungen,NN,Erfahrung,DE,lemmesTempsDE
w_DE_AG_2025_83532,DE_AG,AG,2025,83532,Erfahrungen,NN,Erfahrung,DE,lemmesTempsDE
w_DE_AG_2025_91442,DE_AG,AG,2025,91442,Erfahrung,NN,Erfahrung,DE,lemmesTempsDE
w_DE_BE_2010_32192,DE_BE,BE,2010,32192,Erfahrungen,NN,Erfahrung,DE,lemmesTempsDE
w_DE_BE_2010_48357,DE_BE,BE,2010,48357,Erfahrungen,NN,Erfahrung,DE,lemmesTempsDE
w_DE_BE_2010_51970,DE_BE,BE,2010,51970,Erfahrungen,NN,Erfahrung,DE,lemmesTempsDE
w_DE_AR_1987_8410,DE_AR,AR,1987,8410,Erfahrungen,NN,Erfahrung,DE,lemmesTempsDE
w_DE_NW_2024_46155,DE_NW,NW,2024,46155,Erfahrungen,NN,Erfahrung,DE,lemmesTempsDE
w_DE_NW_2024_46189,DE_NW,NW,2024,46189,Erfahrungen,NN,Erfahrung,DE,lemmesTempsDE
w_DE_NW_2024_53669,DE_NW,NW,2024,53669,Erfahrungen,NN,Erfahrung,DE,lemmesTempsDE
w_DE_SZ_1986_11722,DE_SZ,SZ,1986,11722,Erfahrung,NN,Erfahrung,DE,lemmesTempsDE
w_DE_OW_2006_1902,DE_OW,OW,2006,1902,Erfahrungen,NN,Erfahrung,DE,lemmesTempsDE
w_DE_OW_2006_13286,DE_OW,OW,2006,13286,Erfahrung,NN,Erfahrung,DE,lemmesTempsDE
w_DE_OW_2006_13945,DE_OW,OW,2006,13945,Erfahrung,NN,Erfahrung,DE,lemmesTempsDE
w_DE_SZ_2008_5319,DE_SZ,SZ,2008,5319,Erfahrungen,NN,Erfahrung,DE,lemmesTempsDE
w_DE_BE_2008_29405,DE_BE,BE,2008,29405,Erfahrungen,NN,Erfahrung,DE,lemmesTempsDE
w_DE_BE_2008_29463,DE_BE,BE,2008,29463,Erfahrungen,NN,Erfahrung,DE,lemmesTempsDE
w_DE_BE_2008_48365,DE_BE,BE,2008,48365,Erfahrungen,NN,Erfahrung,DE,lemmesTempsDE
w_DE_BE_2002_27150,DE_BE,BE,2002,27150,Erfahrungen,NN,Erfahrung,DE,lemmesTempsDE
w_DE_BE_2002_27206,DE_BE,BE,2002,27206,Erfahrungen,NN,Erfahrung,DE,lemmesTempsDE
w_DE_BE_2002_43962,DE_BE,BE,2002,43962,Erfahrungen,NN,Erfahrung,DE,lemmesTempsDE
w_DE_BE_2002_63421,DE_BE,BE,2002,63421,Erfahrungen,NN,Erfahrung,DE,lemmesTempsDE
w_DE_AR_2002_17439,DE_AR,AR,2002,17439,Erfahrungen,NN,Erfahrung,DE,lemmesTempsDE
w_DE_BS_2010_34684,DE_BS,BS,2010,34684,Erfahrungen,NN,Erfahrung,DE,lemmesTempsDE
w_DE_BS_2010_71999,DE_BS,BS,2010,71999,Erfahrungen,NN,Erfahrung,DE,lemmesTempsDE
w_DE_OW_1987_39378,DE_OW,OW,1987,39378,Erfahrung,NN,Erfahrung,DE,lemmesTempsDE
w_DE_LU_2009_30235,DE_LU,LU,2009,30235,Erfahrungen,NN,Erfahrung,DE,lemmesTempsDE
w_DE_LU_2009_64153,DE_LU,LU,2009,64153,Erfahrungen,NN,Erfahrung,DE,lemmesTempsDE
w_DE_SH_2004_18440,DE_SH,SH,2004,18440,Erfahrungen,NN,Erfahrung,DE,lemmesTempsDE
w_DE_SH_2004_20006,DE_SH,SH,2004,20006,Erfahrungen,NN,Erfahrung,DE,lemmesTempsDE
w_DE_SH_2004_35828,DE_SH,SH,2004,35828,Erfahrungen,NN,Erfahrung,DE,lemmesTempsDE
w_DE_BE_2024_24569,DE_BE,BE,2024,24569,Erfahrungen,NN,Erfahrung,DE,lemmesTempsDE
w_DE_BE_2024_47989,DE_BE,BE,2024,47989,Erfahrungen,NN,Erfahrung,DE,lemmesTempsDE
w_DE_BE_2004_27148,DE_BE,BE,2004,27148,Erfahrungen,NN,Erfahrung,DE,lemmesTempsDE
w_DE_BE_2004_27204,DE_BE,BE,2004,27204,Erfahrungen,NN,Erfahrung,DE,lemmesTempsDE
w_DE_BE_2004_43929,DE_BE,BE,2004,43929,Erfahrungen,NN,Erfahrung,DE,lemmesTempsDE
w_DE_BE_2004_64686,DE_BE,BE,2004,64686,Erfahrungen,NN,Erfahrung,DE,lemmesTempsDE
w_DE_SH_2021_1821,DE_SH,SH,2021,1821,Erfahrungen,NN,Erfahrung,DE,lemmesTempsDE
w_DE_SZ_2022_38074,DE_SZ,SZ,2022,38074,Erfahrungen,NN,Erfahrung,DE,lemmesTempsDE
w_DE_SZ_2022_48367,DE_SZ,SZ,2022,48367,Erfahrung,NN,Erfahrung,DE,lemmesTempsDE
w_DE_BE_2006_29404,DE_BE,BE,2006,29404,Erfahrungen,NN,Erfahrung,DE,lemmesTempsDE
w_DE_BE_2006_29462,DE_BE,BE,2006,29462,Erfahrungen,NN,Erfahrung,DE,lemmesTempsDE
w_DE_BE_2006_48640,DE_BE,BE,2006,48640,Erfahrungen,NN,Erfahrung,DE,lemmesTempsDE
w_DE_AI_2015_7408,DE_AI,AI,2015,7408,Erfahrungen,NN,Erfahrung,DE,lemmesTempsDE
w_DE_BE_2013_32164,DE_BE,BE,2013,32164,Erfahrungen,NN,Erfahrung,DE,lemmesTempsDE
w_DE_BE_2013_47087,DE_BE,BE,2013,47087,Erfahrungen,NN,Erfahrung,DE,lemmesTempsDE
w_DE_BE_2013_50154,DE_BE,BE,2013,50154,Erfahrungen,NN,Erfahrung,DE,lemmesTempsDE
w_DE_AR_2012_16635,DE_AR,AR,2012,16635,Erfahrungen,NN,Erfahrung,DE,lemmesTempsDE
w_DE_AR_2025_30569,DE_AR,AR,2025,30569,Erfahrungen,NN,Erfahrung,DE,lemmesTempsDE
w_DE_AR_2025_44458,DE_AR,AR,2025,44458,Erfahrungen,NN,Erfahrung,DE,lemmesTempsDE
w_DE_BL_2025_51478,DE_BL,BL,2025,51478,Erfahrung,NN,Erfahrung,DE,lemmesTempsDE
w_DE_BL_2025_62739,DE_BL,BL,2025,62739,Erfahrungen,NN,Erfahrung,DE,lemmesTempsDE
w_DE_BE_2012_32199,DE_BE,BE,2012,32199,Erfahrungen,NN,Erfahrung,DE,lemmesTempsDE
w_DE_BE_2012_48364,DE_BE,BE,2012,48364,Erfahrungen,NN,Erfahrung,DE,lemmesTempsDE
w_DE_BE_2012_51977,DE_BE,BE,2012,51977,Erfahrungen,NN,Erfahrung,DE,lemmesTempsDE
w_DE_BS_2012_37551,DE_BS,BS,2012,37551,Erfahrungen,NN,Erfahrung,DE,lemmesTempsDE
w_DE_BS_2018_35417,DE_BS,BS,2018,35417,Erfahrungen,NN,Erfahrung,DE,lemmesTempsDE
w_DE_ZH_2020_31469,DE_ZH,ZH,2020,31469,Erfahrungen,NN,Erfahrung,DE,lemmesTempsDE
w_DE_ZH_2020_70519,DE_ZH,ZH,2020,70519,Erlebnisqualität,NN,Erlebnisqualität,DE,lemmesTempsDE
w_DE_TG_2018_35877,DE_TG,TG,2018,35877,Erwartungen,NN,Erwartung,DE,lemmesTempsDE
w_DE_BE_2010_20665,DE_BE,BE,2010,20665,Erwartungen,NN,Erwartung,DE,lemmesTempsDE
w_DE_BE_2010_31579,DE_BE,BE,2010,31579,Erwartungen,NN,Erwartung,DE,lemmesTempsDE
w_DE_BE_2010_31644,DE_BE,BE,2010,31644,Erwartungen,NN,Erwartung,DE,lemmesTempsDE
w_DE_BE_2010_49498,DE_BE,BE,2010,49498,Erwartungen,NN,Erwartung,DE,lemmesTempsDE
w_DE_BE_2010_73664,DE_BE,BE,2010,73664,Erwartungen,NN,Erwartung,DE,lemmesTempsDE
w_DE_OW_2006_421,DE_OW,OW,2006,421,Erwartungen,NN,Erwartung,DE,lemmesTempsDE
w_DE_OW_2006_4009,DE_OW,OW,2006,4009,Erwartungen,NN,Erwartung,DE,lemmesTempsDE
w_DE_OW_2006_20431,DE_OW,OW,2006,20431,Erwartungen,NN,Erwartung,DE,lemmesTempsDE
w_DE_OW_2006_28653,DE_OW,OW,2006,28653,Erwartungen,NN,Erwartung,DE,lemmesTempsDE
w_DE_BE_2008_18470,DE_BE,BE,2008,18470,Erwartungen,NN,Erwartung,DE,lemmesTempsDE
w_DE_BE_2008_28807,DE_BE,BE,2008,28807,Erwartungen,NN,Erwartung,DE,lemmesTempsDE
w_DE_BE_2008_28872,DE_BE,BE,2008,28872,Erwartungen,NN,Erwartung,DE,lemmesTempsDE
w_DE_BE_2008_61203,DE_BE,BE,2008,61203,Erwartungen,NN,Erwartung,DE,lemmesTempsDE
w_DE_BE_2002_17605,DE_BE,BE,2002,17605,Erwartungen,NN,Erwartung,DE,lemmesTempsDE
w_DE_BE_2002_26567,DE_BE,BE,2002,26567,Erwartungen,NN,Erwartung,DE,lemmesTempsDE
w_DE_BE_2002_26632,DE_BE,BE,2002,26632,Erwartungen,NN,Erwartung,DE,lemmesTempsDE
w_DE_BE_2002_52680,DE_BE,BE,2002,52680,Erwartungen,NN,Erwartung,DE,lemmesTempsDE
w_DE_OW_1987_54979,DE_OW,OW,1987,54979,Erwartung,NN,Erwartung,DE,lemmesTempsDE
w_DE_SH_2004_28281,DE_SH,SH,2004,28281,Erwartungen,NN,Erwartung,DE,lemmesTempsDE
w_DE_BE_2004_17605,DE_BE,BE,2004,17605,Erwartungen,NN,Erwartung,DE,lemmesTempsDE
w_DE_BE_2004_26565,DE_BE,BE,2004,26565,Erwartungen,NN,Erwartung,DE,lemmesTempsDE
w_DE_BE_2004_26630,DE_BE,BE,2004,26630,Erwartungen,NN,Erwartung,DE,lemmesTempsDE
w_DE_BE_2004_53868,DE_BE,BE,2004,53868,Erwartungen,NN,Erwartung,DE,lemmesTempsDE
w_DE_BE_2006_18469,DE_BE,BE,2006,18469,Erwartungen,NN,Erwartung,DE,lemmesTempsDE
w_DE_BE_2006_28806,DE_BE,BE,2006,28806,Erwartungen,NN,Erwartung,DE,lemmesTempsDE
w_DE_BE_2006_28871,DE_BE,BE,2006,28871,Erwartungen,NN,Erwartung,DE,lemmesTempsDE
w_DE_BE_2006_61500,DE_BE,BE,2006,61500,Erwartungen,NN,Erwartung,DE,lemmesTempsDE
w_DE_BE_2013_20641,DE_BE,BE,2013,20641,Erwartungen,NN,Erwartung,DE,lemmesTempsDE
w_DE_BE_2013_31551,DE_BE,BE,2013,31551,Erwartungen,NN,Erwartung,DE,lemmesTempsDE
w_DE_BE_2013_31616,DE_BE,BE,2013,31616,Erwartungen,NN,Erwartung,DE,lemmesTempsDE
w_DE_BE_2013_48225,DE_BE,BE,2013,48225,Erwartungen,NN,Erwartung,DE,lemmesTempsDE
w_DE_BE_2013_69006,DE_BE,BE,2013,69006,Erwartungen,NN,Erwartung,DE,lemmesTempsDE
w_DE_AI_2017_7161,DE_AI,AI,2017,7161,Erwartungen,NN,Erwartung,DE,lemmesTempsDE
w_DE_AI_2017_32669,DE_AI,AI,2017,32669,Erwartungen,NN,Erwartung,DE,lemmesTempsDE
w_DE_BE_2012_20676,DE_BE,BE,2012,20676,Erwartungen,NN,Erwartung,DE,lemmesTempsDE
w_DE_BE_2012_31586,DE_BE,BE,2012,31586,Erwartungen,NN,Erwartung,DE,lemmesTempsDE
w_DE_BE_2012_31651,DE_BE,BE,2012,31651,Erwartungen,NN,Erwartung,DE,lemmesTempsDE
w_DE_BE_2012_49505,DE_BE,BE,2012,49505,Erwartungen,NN,Erwartung,DE,lemmesTempsDE
w_DE_BE_2012_73697,DE_BE,BE,2012,73697,Erwartungen,NN,Erwartung,DE,lemmesTempsDE
w_DE_BS_2012_25494,DE_BS,BS,2012,25494,Erwartungen,NN,Erwartung,DE,lemmesTempsDE
w_DE_ZH_2020_31473,DE_ZH,ZH,2020,31473,Erwartungen,NN,Erwartung,DE,lemmesTempsDE
w_DE_AR_2008_16655,DE_AR,AR,2008,16655,Fahrräder,NN,Fahrrad,DE,lemmesTempsDE
w_DE_AR_2008_16755,DE_AR,AR,2008,16755,Fahrräder,NN,Fahrrad,DE,lemmesTempsDE
w_DE_ZG_1987_17418,DE_ZG,ZG,1987,17418,Fahrrad,NN,Fahrrad,DE,lemmesTempsDE
w_DE_ZG_1987_21015,DE_ZG,ZG,1987,21015,Fahrräder,NN,Fahrrad,DE,lemmesTempsDE
w_DE_TG_2018_82288,DE_TG,TG,2018,82288,Fahrräder,NN,Fahrrad,DE,lemmesTempsDE
w_DE_BS_1986_14503,DE_BS,BS,1986,14503,Fahrräder,NN,Fahrrad,DE,lemmesTempsDE
w_DE_AR_1987_18836,DE_AR,AR,1987,18836,Fahrrad,NN,Fahrrad,DE,lemmesTempsDE
w_DE_AR_1987_18847,DE_AR,AR,1987,18847,Fahrrad,NN,Fahrrad,DE,lemmesTempsDE
w_DE_AR_1987_18860,DE_AR,AR,1987,18860,Fahrrad,NN,Fahrrad,DE,lemmesTempsDE
w_DE_AR_1987_18876,DE_AR,AR,1987,18876,Fahrräder,NN,Fahrrad,DE,lemmesTempsDE
w_DE_AR_1987_56640,DE_AR,AR,1987,56640,Fahrrad,NN,Fahrrad,DE,lemmesTempsDE
w_DE_AI_2011_23376,DE_AI,AI,2011,23376,Fahrrad,NN,Fahrrad,DE,lemmesTempsDE
w_DE_SZ_1986_17340,DE_SZ,SZ,1986,17340,Fahrrades,NN,Fahrrad,DE,lemmesTempsDE
w_DE_SZ_1986_48452,DE_SZ,SZ,1986,48452,Fahrrades,NN,Fahrrad,DE,lemmesTempsDE
w_DE_GL_2025_18461,DE_GL,GL,2025,18461,Fahrräder,NN,Fahrrad,DE,lemmesTempsDE
w_DE_GL_2025_18617,DE_GL,GL,2025,18617,Fahrräder,NN,Fahrrad,DE,lemmesTempsDE
w_DE_GL_2025_18984,DE_GL,GL,2025,18984,Fahrräder,NN,Fahrrad,DE,lemmesTempsDE
w_DE_AR_2002_17577,DE_AR,AR,2002,17577,Fahrräder,NN,Fahrrad,DE,lemmesTempsDE
w_DE_AR_2002_17647,DE_AR,AR,2002,17647,Fahrräder,NN,Fahrrad,DE,lemmesTempsDE
w_DE_BS_2010_14762,DE_BS,BS,2010,14762,Fahrräder,NN,Fahrrad,DE,lemmesTempsDE
w_DE_SZ_2012_4799,DE_SZ,SZ,2012,4799,Fahrrad,NN,Fahrrad,DE,lemmesTempsDE
w_DE_SZ_2012_4821,DE_SZ,SZ,2012,4821,Fahrrädern,NN,Fahrrad,DE,lemmesTempsDE
w_DE_SH_2004_75601,DE_SH,SH,2004,75601,Fahrräder,NN,Fahrrad,DE,lemmesTempsDE
w_DE_BE_2024_34019,DE_BE,BE,2024,34019,Fahrrad,NN,Fahrrad,DE,lemmesTempsDE
w_DE_AI_2002_55022,DE_AI,AI,2002,55022,Fahrrad,NN,Fahrrad,DE,lemmesTempsDE
w_DE_SH_2021_30928,DE_SH,SH,2021,30928,Fahrräder,NN,Fahrrad,DE,lemmesTempsDE
w_DE_AG_1996_28894,DE_AG,AG,1996,28894,Fahrrad,NN,Fahrrad,DE,lemmesTempsDE
w_DE_AG_1996_35876,DE_AG,AG,1996,35876,Fahrräder,NN,Fahrrad,DE,lemmesTempsDE
w_DE_AG_1996_36012,DE_AG,AG,1996,36012,Fahrräder,NN,Fahrrad,DE,lemmesTempsDE
w_DE_AR_2012_16820,DE_AR,AR,2012,16820,Fahrräder,NN,Fahrrad,DE,lemmesTempsDE
w_DE_AR_2012_16920,DE_AR,AR,2012,16920,Fahrräder,NN,Fahrrad,DE,lemmesTempsDE
w_DE_AI_2017_45528,DE_AI,AI,2017,45528,Fahrrädern,NN,Fahrrad,DE,lemmesTempsDE
w_DE_AR_2025_30754,DE_AR,AR,2025,30754,Fahrräder,NN,Fahrrad,DE,lemmesTempsDE
w_DE_AR_2025_30878,DE_AR,AR,2025,30878,Fahrräder,NN,Fahrrad,DE,lemmesTempsDE
w_DE_OW_1987_61772,DE_OW,OW,1987,61772,Flüssigkeiten,NN,Flüssigkeit,DE,lemmesTempsDE
w_DE_OW_1987_62119,DE_OW,OW,1987,62119,Flüssigkeiten,NN,Flüssigkeit,DE,lemmesTempsDE
w_DE_OW_1987_62141,DE_OW,OW,1987,62141,Flüssigkeiten,NN,Flüssigkeit,DE,lemmesTempsDE
w_DE_OW_1987_62336,DE_OW,OW,1987,62336,Flüssigkeiten,NN,Flüssigkeit,DE,lemmesTempsDE
w_DE_AI_2002_30975,DE_AI,AI,2002,30975,Flüssigkeiten,NN,Flüssigkeit,DE,lemmesTempsDE
w_DE_AG_2025_65914,DE_AG,AG,2025,65914,Verkehrsfluss,NN,Verkehrsfluss,DE,lemmesTempsDE
w_DE_AG_2025_66534,DE_AG,AG,2025,66534,Verkehrsfluss,NN,Verkehrsfluss,DE,lemmesTempsDE
w_DE_AG_2025_66909,DE_AG,AG,2025,66909,Verkehrsfluss,NN,Verkehrsfluss,DE,lemmesTempsDE
w_DE_BE_2010_17150,DE_BE,BE,2010,17150,Verkehrsfluss,NN,Verkehrsfluss,DE,lemmesTempsDE
w_DE_LU_2025_28920,DE_LU,LU,2025,28920,Verkehrsfluss,NN,Verkehrsfluss,DE,lemmesTempsDE
w_DE_AI_2011_21286,DE_AI,AI,2011,21286,Verkehrsfluss,NN,Verkehrsfluss,DE,lemmesTempsDE
w_DE_SZ_2008_16085,DE_SZ,SZ,2008,16085,Verkehrsflusses,NN,Verkehrsfluss,DE,lemmesTempsDE
w_DE_BS_2019_8400,DE_BS,BS,2019,8400,Verkehrsfluss,NN,Verkehrsfluss,DE,lemmesTempsDE
w_DE_BS_2019_11124,DE_BS,BS,2019,11124,Verkehrsfluss,NN,Verkehrsfluss,DE,lemmesTempsDE
w_DE_BS_2019_11302,DE_BS,BS,2019,11302,Verkehrsfluss,NN,Verkehrsfluss,DE,lemmesTempsDE
w_DE_BE_2008_15439,DE_BE,BE,2008,15439,Verkehrsflusses,NN,Verkehrsfluss,DE,lemmesTempsDE
w_DE_BE_2002_14843,DE_BE,BE,2002,14843,Verkehrsflusses,NN,Verkehrsfluss,DE,lemmesTempsDE
w_DE_BE_2002_64879,DE_BE,BE,2002,64879,Verkehrsfluss,NN,Verkehrsfluss,DE,lemmesTempsDE
w_DE_BS_2010_10147,DE_BS,BS,2010,10147,Verkehrsfluss,NN,Verkehrsfluss,DE,lemmesTempsDE
w_DE_BS_2010_42538,DE_BS,BS,2010,42538,Verkehrsfluss,NN,Verkehrsfluss,DE,lemmesTempsDE
w_DE_BS_2010_43310,DE_BS,BS,2010,43310,Verkehrsfluss,NN,Verkehrsfluss,DE,lemmesTempsDE
w_DE_BS_2010_70688,DE_BS,BS,2010,70688,Verkehrsfluss,NN,Verkehrsfluss,DE,lemmesTempsDE
w_DE_SZ_2012_6939,DE_SZ,SZ,2012,6939,Verkehrsfluss,NN,Verkehrsfluss,DE,lemmesTempsDE
w_DE_LU_2009_39435,DE_LU,LU,2009,39435,Verkehrsflusses,NN,Verkehrsfluss,DE,lemmesTempsDE
w_DE_BS_2025_8180,DE_BS,BS,2025,8180,Verkehrsfluss,NN,Verkehrsfluss,DE,lemmesTempsDE
w_DE_BS_2025_53946,DE_BS,BS,2025,53946,Verkehrsfluss,NN,Verkehrsfluss,DE,lemmesTempsDE
w_DE_BS_2025_56577,DE_BS,BS,2025,56577,Verkehrsfluss,NN,Verkehrsfluss,DE,lemmesTempsDE
w_DE_BS_2025_56879,DE_BS,BS,2025,56879,Verkehrsfluss,NN,Verkehrsfluss,DE,lemmesTempsDE
w_DE_BE_2024_15504,DE_BE,BE,2024,15504,Verkehrsflusses,NN,Verkehrsfluss,DE,lemmesTempsDE
w_DE_BE_2024_15835,DE_BE,BE,2024,15835,Verkehrsfluss,NN,Verkehrsfluss,DE,lemmesTempsDE
w_DE_BE_2024_15912,DE_BE,BE,2024,15912,Verkehrsfluss,NN,Verkehrsfluss,DE,lemmesTempsDE
w_DE_BE_2024_16178,DE_BE,BE,2024,16178,Verkehrsfluss,NN,Verkehrsfluss,DE,lemmesTempsDE
w_DE_BE_2024_39405,DE_BE,BE,2024,39405,Verkehrsfluss,NN,Verkehrsfluss,DE,lemmesTempsDE
w_DE_BE_2024_68941,DE_BE,BE,2024,68941,Verkehrsflüsse,NN,Verkehrsfluss,DE,lemmesTempsDE
w_DE_BE_2004_14843,DE_BE,BE,2004,14843,Verkehrsflusses,NN,Verkehrsfluss,DE,lemmesTempsDE
w_DE_BE_2004_66163,DE_BE,BE,2004,66163,Verkehrsfluss,NN,Verkehrsfluss,DE,lemmesTempsDE
w_DE_AI_2002_26640,DE_AI,AI,2002,26640,Verkehrsfluss,NN,Verkehrsfluss,DE,lemmesTempsDE
w_DE_AI_2002_54039,DE_AI,AI,2002,54039,Verkehrsfluss,NN,Verkehrsfluss,DE,lemmesTempsDE
w_DE_SZ_2022_21952,DE_SZ,SZ,2022,21952,Verkehrsfluss,NN,Verkehrsfluss,DE,lemmesTempsDE
w_DE_SZ_2022_21984,DE_SZ,SZ,2022,21984,Verkehrsflusses,NN,Verkehrsfluss,DE,lemmesTempsDE
w_DE_SZ_2022_23193,DE_SZ,SZ,2022,23193,Verkehrsfluss,NN,Verkehrsfluss,DE,lemmesTempsDE
w_DE_BE_2006_15438,DE_BE,BE,2006,15438,Verkehrsflusses,NN,Verkehrsfluss,DE,lemmesTempsDE
w_DE_BE_2013_17126,DE_BE,BE,2013,17126,Verkehrsfluss,NN,Verkehrsfluss,DE,lemmesTempsDE
w_DE_AR_2012_12906,DE_AR,AR,2012,12906,Verkehrsfluss,NN,Verkehrsfluss,DE,lemmesTempsDE
w_DE_AR_2025_23124,DE_AR,AR,2025,23124,Verkehrsfluss,NN,Verkehrsfluss,DE,lemmesTempsDE
w_DE_BL_2025_30931,DE_BL,BL,2025,30931,Verkehrsfluss,NN,Verkehrsfluss,DE,lemmesTempsDE
w_DE_BL_2025_36002,DE_BL,BL,2025,36002,Verkehrsfluss,NN,Verkehrsfluss,DE,lemmesTempsDE
w_DE_BL_2025_41152,DE_BL,BL,2025,41152,Verkehrsfluss,NN,Verkehrsfluss,DE,lemmesTempsDE
w_DE_BL_2025_41771,DE_BL,BL,2025,41771,Verkehrsfluss,NN,Verkehrsfluss,DE,lemmesTempsDE
w_DE_BL_2025_42217,DE_BL,BL,2025,42217,Verkehrsfluss,NN,Verkehrsfluss,DE,lemmesTempsDE
w_DE_BL_2025_42429,DE_BL,BL,2025,42429,Verkehrsfluss,NN,Verkehrsfluss,DE,lemmesTempsDE
w_DE_BE_2012_17161,DE_BE,BE,2012,17161,Verkehrsfluss,NN,Verkehrsfluss,DE,lemmesTempsDE
w_DE_BS_2012_7831,DE_BS,BS,2012,7831,Verkehrsfluss,NN,Verkehrsfluss,DE,lemmesTempsDE
w_DE_BS_2012_46937,DE_BS,BS,2012,46937,Verkehrsfluss,NN,Verkehrsfluss,DE,lemmesTempsDE
w_DE_BS_2012_47094,DE_BS,BS,2012,47094,Verkehrsfluss,NN,Verkehrsfluss,DE,lemmesTempsDE
w_DE_BS_2012_48829,DE_BS,BS,2012,48829,Verkehrsfluss,NN,Verkehrsfluss,DE,lemmesTempsDE
w_DE_BS_2012_48998,DE_BS,BS,2012,48998,Verkehrsfluss,NN,Verkehrsfluss,DE,lemmesTempsDE
w_DE_BS_2018_7490,DE_BS,BS,2018,7490,Verkehrsfluss,NN,Verkehrsfluss,DE,lemmesTempsDE
w_DE_BS_2018_45659,DE_BS,BS,2018,45659,Verkehrsfluss,NN,Verkehrsfluss,DE,lemmesTempsDE
w_DE_BS_2018_46011,DE_BS,BS,2018,46011,Verkehrsfluss,NN,Verkehrsfluss,DE,lemmesTempsDE
w_DE_BS_2018_47538,DE_BS,BS,2018,47538,Verkehrsfluss,NN,Verkehrsfluss,DE,lemmesTempsDE
w_DE_BS_2018_47714,DE_BS,BS,2018,47714,Verkehrsfluss,NN,Verkehrsfluss,DE,lemmesTempsDE
w_DE_ZH_2020_37871,DE_ZH,ZH,2020,37871,Verkehrsflusses,NN,Verkehrsfluss,DE,lemmesTempsDE
w_DE_ZG_1987_17502,DE_ZG,ZG,1987,17502,Fusswegen,NN,Fußweg,DE,lemmesTempsDE
w_DE_ZG_1987_27887,DE_ZG,ZG,1987,27887,Fusswege,NN,Fußweg,DE,lemmesTempsDE
w_DE_TG_2018_36567,DE_TG,TG,2018,36567,Fusswege,NN,Fußweg,DE,lemmesTempsDE
w_DE_TG_2018_36663,DE_TG,TG,2018,36663,Fusswege,NN,Fußweg,DE,lemmesTempsDE
w_DE_TG_2018_36691,DE_TG,TG,2018,36691,Fusswege,NN,Fußweg,DE,lemmesTempsDE
w_DE_TG_2018_36730,DE_TG,TG,2018,36730,Fusswege,NN,Fußweg,DE,lemmesTempsDE
w_DE_TG_2018_36757,DE_TG,TG,2018,36757,Fusswege,NN,Fußweg,DE,lemmesTempsDE
w_DE_TG_2018_36776,DE_TG,TG,2018,36776,Fusswege,NN,Fußweg,DE,lemmesTempsDE
w_DE_TG_2018_37170,DE_TG,TG,2018,37170,Fusswege,NN,Fußweg,DE,lemmesTempsDE
w_DE_AG_2025_34909,DE_AG,AG,2025,34909,Fusswege,NN,Fußweg,DE,lemmesTempsDE
w_DE_AG_2025_71638,DE_AG,AG,2025,71638,Fusswege,NN,Fußweg,DE,lemmesTempsDE
w_DE_AG_2025_73004,DE_AG,AG,2025,73004,Fusswege,NN,Fußweg,DE,lemmesTempsDE
w_DE_AG_2025_73114,DE_AG,AG,2025,73114,Fusswege,NN,Fußweg,DE,lemmesTempsDE
w_DE_BS_1986_35649,DE_BS,BS,1986,35649,Fusswege,NN,Fußweg,DE,lemmesTempsDE
w_DE_BS_1986_35716,DE_BS,BS,1986,35716,Fusswege,NN,Fußweg,DE,lemmesTempsDE
w_DE_BS_1986_42569,DE_BS,BS,1986,42569,Fusswege,NN,Fußweg,DE,lemmesTempsDE
w_DE_BE_2010_17437,DE_BE,BE,2010,17437,Fusswege,NN,Fußweg,DE,lemmesTempsDE
w_DE_AR_1987_6576,DE_AR,AR,1987,6576,Fusswege,NN,Fußweg,DE,lemmesTempsDE
w_DE_AR_1987_28315,DE_AR,AR,1987,28315,Fusswegen,NN,Fußweg,DE,lemmesTempsDE
w_DE_NW_2024_627,DE_NW,NW,2024,627,Fusswege,NN,Fußweg,DE,lemmesTempsDE
w_DE_NW_2024_50946,DE_NW,NW,2024,50946,Fusswege,NN,Fußweg,DE,lemmesTempsDE
w_DE_NW_2024_52053,DE_NW,NW,2024,52053,Fusswege,NN,Fußweg,DE,lemmesTempsDE
w_DE_NW_2024_52098,DE_NW,NW,2024,52098,Fusswegen,NN,Fußweg,DE,lemmesTempsDE
w_DE_NW_2024_71523,DE_NW,NW,2024,71523,Fusswege,NN,Fußweg,DE,lemmesTempsDE
w_DE_AI_2011_7239,DE_AI,AI,2011,7239,Fusswegen,NN,Fußweg,DE,lemmesTempsDE
w_DE_AI_2011_23303,DE_AI,AI,2011,23303,Fusswege,NN,Fußweg,DE,lemmesTempsDE
w_DE_AI_2011_23425,DE_AI,AI,2011,23425,Fusswege,NN,Fußweg,DE,lemmesTempsDE
w_DE_AI_2011_23562,DE_AI,AI,2011,23562,Fusswegen,NN,Fußweg,DE,lemmesTempsDE
w_DE_AI_2011_29793,DE_AI,AI,2011,29793,Fusswege,NN,Fußweg,DE,lemmesTempsDE
w_DE_AI_2011_29834,DE_AI,AI,2011,29834,Fusswege,NN,Fußweg,DE,lemmesTempsDE
w_DE_SO_2023_49172,DE_SO,SO,2023,49172,Fusswege,NN,Fußweg,DE,lemmesTempsDE
w_DE_OW_2006_6959,DE_OW,OW,2006,6959,Fusswege,NN,Fußweg,DE,lemmesTempsDE
w_DE_OW_2006_25165,DE_OW,OW,2006,25165,Fusswege,NN,Fußweg,DE,lemmesTempsDE
w_DE_GL_2025_22410,DE_GL,GL,2025,22410,Fusswege,NN,Fußweg,DE,lemmesTempsDE
w_DE_GL_2025_22455,DE_GL,GL,2025,22455,Fusswege,NN,Fußweg,DE,lemmesTempsDE
w_DE_GL_2025_22462,DE_GL,GL,2025,22462,Fusswege,NN,Fußweg,DE,lemmesTempsDE
w_DE_BS_2019_13519,DE_BS,BS,2019,13519,Fussweg,NN,Fußweg,DE,lemmesTempsDE
w_DE_ZG_2004_11837,DE_ZG,ZG,2004,11837,Fusswegen,NN,Fußweg,DE,lemmesTempsDE
w_DE_ZG_2004_26131,DE_ZG,ZG,2004,26131,Fussweg,NN,Fußweg,DE,lemmesTempsDE
w_DE_ZG_2004_26205,DE_ZG,ZG,2004,26205,Fusswege,NN,Fußweg,DE,lemmesTempsDE
w_DE_ZG_2025_4874,DE_ZG,ZG,2025,4874,Fusswegen,NN,Fußweg,DE,lemmesTempsDE
w_DE_ZG_2025_10746,DE_ZG,ZG,2025,10746,Fusswege,NN,Fußweg,DE,lemmesTempsDE
w_DE_ZG_2025_14070,DE_ZG,ZG,2025,14070,Fusswege,NN,Fußweg,DE,lemmesTempsDE
w_DE_BE_2002_14481,DE_BE,BE,2002,14481,Fusswegen,NN,Fußweg,DE,lemmesTempsDE
w_DE_BE_2002_57499,DE_BE,BE,2002,57499,Fusswege,NN,Fußweg,DE,lemmesTempsDE
w_DE_BS_2010_41863,DE_BS,BS,2010,41863,Fusswegen,NN,Fußweg,DE,lemmesTempsDE
w_DE_BS_2010_45757,DE_BS,BS,2010,45757,Fusswege,NN,Fußweg,DE,lemmesTempsDE
w_DE_BS_2010_46880,DE_BS,BS,2010,46880,Fusswege,NN,Fußweg,DE,lemmesTempsDE
w_DE_BS_2010_71188,DE_BS,BS,2010,71188,Fusswege,NN,Fußweg,DE,lemmesTempsDE
w_DE_SZ_2012_5526,DE_SZ,SZ,2012,5526,Fusswege,NN,Fußweg,DE,lemmesTempsDE
w_DE_OW_1987_1529,DE_OW,OW,1987,1529,Fusswege,NN,Fußweg,DE,lemmesTempsDE
w_DE_OW_1987_54838,DE_OW,OW,1987,54838,FUSSWEGE,NN,Fußweg,DE,lemmesTempsDE
w_DE_OW_1987_55071,DE_OW,OW,1987,55071,Fusswege,NN,Fußweg,DE,lemmesTempsDE
w_DE_OW_1987_55110,DE_OW,OW,1987,55110,Fussweg,NN,Fußweg,DE,lemmesTempsDE
w_DE_OW_1987_55117,DE_OW,OW,1987,55117,Fusswege,NN,Fußweg,DE,lemmesTempsDE
w_DE_OW_1987_55123,DE_OW,OW,1987,55123,Fusswege,NN,Fußweg,DE,lemmesTempsDE
w_DE_OW_1987_55284,DE_OW,OW,1987,55284,Fusswege,NN,Fußweg,DE,lemmesTempsDE
w_DE_OW_1987_55348,DE_OW,OW,1987,55348,Fusswege,NN,Fußweg,DE,lemmesTempsDE
w_DE_OW_1987_55352,DE_OW,OW,1987,55352,Fusswege,NN,Fußweg,DE,lemmesTempsDE
w_DE_OW_1987_71617,DE_OW,OW,1987,71617,Fusswege,NN,Fußweg,DE,lemmesTempsDE
w_DE_OW_1987_78281,DE_OW,OW,1987,78281,Fusswege,NN,Fußweg,DE,lemmesTempsDE
w_DE_OW_1987_85296,DE_OW,OW,1987,85296,Fusswege,NN,Fußweg,DE,lemmesTempsDE
w_DE_LU_2009_47003,DE_LU,LU,2009,47003,Fusswegen,NN,Fußweg,DE,lemmesTempsDE
w_DE_SH_2004_64522,DE_SH,SH,2004,64522,Fusswege,NN,Fußweg,DE,lemmesTempsDE
w_DE_SH_2004_98659,DE_SH,SH,2004,98659,Fusswege,NN,Fußweg,DE,lemmesTempsDE
w_DE_SH_2004_107641,DE_SH,SH,2004,107641,Fusswege,NN,Fußweg,DE,lemmesTempsDE
w_DE_SH_2004_110541,DE_SH,SH,2004,110541,Fusswege,NN,Fußweg,DE,lemmesTempsDE
w_DE_BS_2025_59163,DE_BS,BS,2025,59163,Fussweg,NN,Fußweg,DE,lemmesTempsDE
w_DE_BE_2004_14481,DE_BE,BE,2004,14481,Fusswegen,NN,Fußweg,DE,lemmesTempsDE
w_DE_BE_2004_58773,DE_BE,BE,2004,58773,Fusswege,NN,Fußweg,DE,lemmesTempsDE
w_DE_AI_2002_25744,DE_AI,AI,2002,25744,Fusswege,NN,Fußweg,DE,lemmesTempsDE
w_DE_AI_2002_25951,DE_AI,AI,2002,25951,Fusswege,NN,Fußweg,DE,lemmesTempsDE
w_DE_AI_2002_25997,DE_AI,AI,2002,25997,Fusswege,NN,Fußweg,DE,lemmesTempsDE
w_DE_AI_2002_41516,DE_AI,AI,2002,41516,Fusswegen,NN,Fußweg,DE,lemmesTempsDE
w_DE_AI_2002_54954,DE_AI,AI,2002,54954,Fusswege,NN,Fußweg,DE,lemmesTempsDE
w_DE_AI_2002_55071,DE_AI,AI,2002,55071,Fusswege,NN,Fußweg,DE,lemmesTempsDE
w_DE_AI_2002_55131,DE_AI,AI,2002,55131,Fusswegen,NN,Fußweg,DE,lemmesTempsDE
w_DE_SH_2021_47201,DE_SH,SH,2021,47201,Fussweg,NN,Fußweg,DE,lemmesTempsDE
w_DE_SH_2021_47206,DE_SH,SH,2021,47206,Fussweg,NN,Fußweg,DE,lemmesTempsDE
w_DE_SH_2021_48133,DE_SH,SH,2021,48133,Fusswegen,NN,Fußweg,DE,lemmesTempsDE
w_DE_SZ_2022_27515,DE_SZ,SZ,2022,27515,Fusswege,NN,Fußweg,DE,lemmesTempsDE
w_DE_SZ_2022_28069,DE_SZ,SZ,2022,28069,Fusswegen,NN,Fußweg,DE,lemmesTempsDE
w_DE_BE_2013_17413,DE_BE,BE,2013,17413,Fusswege,NN,Fußweg,DE,lemmesTempsDE
w_DE_AG_1996_16074,DE_AG,AG,1996,16074,Fusswegen,NN,Fußweg,DE,lemmesTempsDE
w_DE_AI_2017_44961,DE_AI,AI,2017,44961,Fusswegen,NN,Fußweg,DE,lemmesTempsDE
w_DE_AI_2017_45261,DE_AI,AI,2017,45261,Fussweg,NN,Fußweg,DE,lemmesTempsDE
w_DE_BL_2025_1167,DE_BL,BL,2025,1167,Fusswege,NN,Fußweg,DE,lemmesTempsDE
w_DE_BL_2025_49811,DE_BL,BL,2025,49811,FUSSWEGE,NN,Fußweg,DE,lemmesTempsDE
w_DE_BL_2025_49837,DE_BL,BL,2025,49837,Fusswege,NN,Fußweg,DE,lemmesTempsDE
w_DE_BL_2025_49950,DE_BL,BL,2025,49950,Fusswege,NN,Fußweg,DE,lemmesTempsDE
w_DE_BL_2025_50108,DE_BL,BL,2025,50108,FUSSWEGE,NN,Fußweg,DE,lemmesTempsDE
w_DE_BL_2025_50136,DE_BL,BL,2025,50136,Fusswegen,NN,Fußweg,DE,lemmesTempsDE
w_DE_BE_2012_17448,DE_BE,BE,2012,17448,Fusswege,NN,Fußweg,DE,lemmesTempsDE
w_DE_BS_2012_51340,DE_BS,BS,2012,51340,Fusswege,NN,Fußweg,DE,lemmesTempsDE
w_DE_BS_2012_52526,DE_BS,BS,2012,52526,Fusswege,NN,Fußweg,DE,lemmesTempsDE
w_DE_BS_2018_49986,DE_BS,BS,2018,49986,Fusswege,NN,Fußweg,DE,lemmesTempsDE
w_DE_BS_2018_51228,DE_BS,BS,2018,51228,Fusswege,NN,Fußweg,DE,lemmesTempsDE
w_DE_ZH_2020_3575,DE_ZH,ZH,2020,3575,Fusswege,NN,Fußweg,DE,lemmesTempsDE
w_DE_ZH_2020_40591,DE_ZH,ZH,2020,40591,Fusswege,NN,Fußweg,DE,lemmesTempsDE
w_DE_AR_2008_13437,DE_AR,AR,2008,13437,Geschwindigkeit,NN,Geschwindigkeit,DE,lemmesTempsDE
w_DE_AR_2008_13479,DE_AR,AR,2008,13479,Geschwindigkeit,NN,Geschwindigkeit,DE,lemmesTempsDE
w_DE_AG_2025_58184,DE_AG,AG,2025,58184,Geschwindigkeit,NN,Geschwindigkeit,DE,lemmesTempsDE
w_DE_SZ_2008_1676,DE_SZ,SZ,2008,1676,Geschwindigkeit,NN,Geschwindigkeit,DE,lemmesTempsDE
w_DE_SZ_2008_16081,DE_SZ,SZ,2008,16081,Geschwindigkeit,NN,Geschwindigkeit,DE,lemmesTempsDE
w_DE_SZ_2004_1391,DE_SZ,SZ,2004,1391,Geschwindigkeit,NN,Geschwindigkeit,DE,lemmesTempsDE
w_DE_AR_2002_14510,DE_AR,AR,2002,14510,Geschwindigkeit,NN,Geschwindigkeit,DE,lemmesTempsDE
w_DE_AR_2002_14552,DE_AR,AR,2002,14552,Geschwindigkeit,NN,Geschwindigkeit,DE,lemmesTempsDE
w_DE_BS_2010_40850,DE_BS,BS,2010,40850,Geschwindigkeit,NN,Geschwindigkeit,DE,lemmesTempsDE
w_DE_BS_2010_73148,DE_BS,BS,2010,73148,Geschwindigkeit,NN,Geschwindigkeit,DE,lemmesTempsDE
w_DE_SZ_2010_6615,DE_SZ,SZ,2010,6615,Geschwindigkeit,NN,Geschwindigkeit,DE,lemmesTempsDE
w_DE_AI_2002_24664,DE_AI,AI,2002,24664,Geschwindigkeit,NN,Geschwindigkeit,DE,lemmesTempsDE
w_DE_AR_2012_13160,DE_AR,AR,2012,13160,Geschwindigkeit,NN,Geschwindigkeit,DE,lemmesTempsDE
w_DE_AR_2012_13240,DE_AR,AR,2012,13240,Geschwindigkeit,NN,Geschwindigkeit,DE,lemmesTempsDE
w_DE_AR_2012_13577,DE_AR,AR,2012,13577,Geschwindigkeit,NN,Geschwindigkeit,DE,lemmesTempsDE
w_DE_AR_2012_13619,DE_AR,AR,2012,13619,Geschwindigkeit,NN,Geschwindigkeit,DE,lemmesTempsDE
w_DE_AR_2025_23378,DE_AR,AR,2025,23378,Geschwindigkeit,NN,Geschwindigkeit,DE,lemmesTempsDE
w_DE_AR_2025_23458,DE_AR,AR,2025,23458,Geschwindigkeit,NN,Geschwindigkeit,DE,lemmesTempsDE
w_DE_AR_2025_24273,DE_AR,AR,2025,24273,Geschwindigkeit,NN,Geschwindigkeit,DE,lemmesTempsDE
w_DE_AR_2025_24310,DE_AR,AR,2025,24310,Geschwindigkeit,NN,Geschwindigkeit,DE,lemmesTempsDE
w_DE_AR_2025_45045,DE_AR,AR,2025,45045,geschwindigkeiten,NN,Geschwindigkeit,DE,lemmesTempsDE
w_DE_BL_2025_39893,DE_BL,BL,2025,39893,Geschwindigkeit,NN,Geschwindigkeit,DE,lemmesTempsDE
w_DE_BS_2012_45155,DE_BS,BS,2012,45155,Geschwindigkeiten,NN,Geschwindigkeit,DE,lemmesTempsDE
w_DE_BS_2018_44071,DE_BS,BS,2018,44071,Geschwindigkeiten,NN,Geschwindigkeit,DE,lemmesTempsDE
w_DE_TG_2018_29061,DE_TG,TG,2018,29061,Kilometer,NN,Kilometer,DE,lemmesTempsDE
w_DE_TG_2018_43807,DE_TG,TG,2018,43807,Kilometer,NN,Kilometer,DE,lemmesTempsDE
w_DE_BE_2010_15383,DE_BE,BE,2010,15383,Kilometer,NN,Kilometer,DE,lemmesTempsDE
w_DE_BE_2010_16032,DE_BE,BE,2010,16032,Kilometer,NN,Kilometer,DE,lemmesTempsDE
w_DE_LU_2025_31343,DE_LU,LU,2025,31343,Kilometer,NN,Kilometer,DE,lemmesTempsDE
w_DE_LU_2025_49385,DE_LU,LU,2025,49385,Kilometer,NN,Kilometer,DE,lemmesTempsDE
w_DE_NW_2024_36322,DE_NW,NW,2024,36322,Kilometer,NN,Kilometer,DE,lemmesTempsDE
w_DE_SO_2023_44223,DE_SO,SO,2023,44223,Kilometern,NN,Kilometer,DE,lemmesTempsDE
w_DE_SO_2023_48737,DE_SO,SO,2023,48737,Kilometer,NN,Kilometer,DE,lemmesTempsDE
w_DE_OW_2006_23782,DE_OW,OW,2006,23782,Kilometer,NN,Kilometer,DE,lemmesTempsDE
w_DE_OW_2006_24356,DE_OW,OW,2006,24356,Kilometer,NN,Kilometer,DE,lemmesTempsDE
w_DE_GL_2025_29219,DE_GL,GL,2025,29219,Kilometer,NN,Kilometer,DE,lemmesTempsDE
w_DE_SZ_2008_23380,DE_SZ,SZ,2008,23380,Kilometer,NN,Kilometer,DE,lemmesTempsDE
w_DE_ZG_2004_20281,DE_ZG,ZG,2004,20281,Kilometer,NN,Kilometer,DE,lemmesTempsDE
w_DE_BE_2008_15519,DE_BE,BE,2008,15519,Kilometer,NN,Kilometer,DE,lemmesTempsDE
w_DE_BE_2008_16177,DE_BE,BE,2008,16177,Kilometer,NN,Kilometer,DE,lemmesTempsDE
w_DE_BE_2002_14910,DE_BE,BE,2002,14910,Kilometer,NN,Kilometer,DE,lemmesTempsDE
w_DE_BE_2002_15467,DE_BE,BE,2002,15467,Kilometer,NN,Kilometer,DE,lemmesTempsDE
w_DE_BS_2010_71447,DE_BS,BS,2010,71447,Kilometern,NN,Kilometer,DE,lemmesTempsDE
w_DE_SZ_2010_8309,DE_SZ,SZ,2010,8309,Kilometern,NN,Kilometer,DE,lemmesTempsDE
w_DE_OW_1987_19401,DE_OW,OW,1987,19401,Kilometern,NN,Kilometer,DE,lemmesTempsDE
w_DE_LU_2009_43972,DE_LU,LU,2009,43972,Kilometer,NN,Kilometer,DE,lemmesTempsDE
w_DE_SH_2004_22917,DE_SH,SH,2004,22917,Kilometer,NN,Kilometer,DE,lemmesTempsDE
w_DE_SH_2004_45337,DE_SH,SH,2004,45337,Kilometer,NN,Kilometer,DE,lemmesTempsDE
w_DE_BE_2024_38206,DE_BE,BE,2024,38206,Kilometer,NN,Kilometer,DE,lemmesTempsDE
w_DE_BE_2004_14910,DE_BE,BE,2004,14910,Kilometer,NN,Kilometer,DE,lemmesTempsDE
w_DE_BE_2004_15467,DE_BE,BE,2004,15467,Kilometer,NN,Kilometer,DE,lemmesTempsDE
w_DE_SZ_2022_6986,DE_SZ,SZ,2022,6986,Kilometer,NN,Kilometer,DE,lemmesTempsDE
w_DE_SZ_2022_48936,DE_SZ,SZ,2022,48936,Kilometer,NN,Kilometer,DE,lemmesTempsDE
w_DE_BE_2006_15518,DE_BE,BE,2006,15518,Kilometer,NN,Kilometer,DE,lemmesTempsDE
w_DE_BE_2006_16176,DE_BE,BE,2006,16176,Kilometer,NN,Kilometer,DE,lemmesTempsDE
w_DE_BE_2013_15359,DE_BE,BE,2013,15359,Kilometer,NN,Kilometer,DE,lemmesTempsDE
w_DE_BE_2013_16008,DE_BE,BE,2013,16008,Kilometer,NN,Kilometer,DE,lemmesTempsDE
w_DE_AI_2017_45566,DE_AI,AI,2017,45566,Kilometern,NN,Kilometer,DE,lemmesTempsDE
w_DE_BE_2012_15394,DE_BE,BE,2012,15394,Kilometer,NN,Kilometer,DE,lemmesTempsDE
w_DE_BE_2012_16043,DE_BE,BE,2012,16043,Kilometer,NN,Kilometer,DE,lemmesTempsDE
w_DE_ZH_2020_40474,DE_ZH,ZH,2020,40474,Kilometer,NN,Kilometer,DE,lemmesTempsDE
w_DE_ZH_2020_40480,DE_ZH,ZH,2020,40480,Kilometern,NN,Kilometer,DE,lemmesTempsDE
w_DE_ZG_1987_18508,DE_ZG,ZG,1987,18508,Komfort,NN,Komfort,DE,lemmesTempsDE
w_DE_ZG_1987_19269,DE_ZG,ZG,1987,19269,Komfort,NN,Komfort,DE,lemmesTempsDE
w_DE_LU_2025_27500,DE_LU,LU,2025,27500,Komfort,NN,Komfort,DE,lemmesTempsDE
w_DE_NW_2024_47919,DE_NW,NW,2024,47919,Komfort,NN,Komfort,DE,lemmesTempsDE
w_DE_SZ_1986_16303,DE_SZ,SZ,1986,16303,Komfort,NN,Komfort,DE,lemmesTempsDE
w_DE_SZ_1986_18163,DE_SZ,SZ,1986,18163,Komfort,NN,Komfort,DE,lemmesTempsDE
w_DE_UR_2023_60859,DE_UR,UR,2023,60859,Komfort,NN,Komfort,DE,lemmesTempsDE
w_DE_GL_2025_34526,DE_GL,GL,2025,34526,Komforts,NN,Komfort,DE,lemmesTempsDE
w_DE_SZ_2008_21714,DE_SZ,SZ,2008,21714,Komfort,NN,Komfort,DE,lemmesTempsDE
w_DE_BS_2019_12611,DE_BS,BS,2019,12611,Komfort,NN,Komfort,DE,lemmesTempsDE
w_DE_SZ_2010_5894,DE_SZ,SZ,2010,5894,Komfort,NN,Komfort,DE,lemmesTempsDE
w_DE_SZ_2010_6622,DE_SZ,SZ,2010,6622,Komfort,NN,Komfort,DE,lemmesTempsDE
w_DE_SZ_2012_2771,DE_SZ,SZ,2012,2771,Komfort,NN,Komfort,DE,lemmesTempsDE
w_DE_BS_2025_58251,DE_BS,BS,2025,58251,Komfort,NN,Komfort,DE,lemmesTempsDE
w_DE_AI_2017_45613,DE_AI,AI,2017,45613,Komfort,NN,Komfort,DE,lemmesTempsDE
w_DE_AI_2017_45822,DE_AI,AI,2017,45822,Komfort,NN,Komfort,DE,lemmesTempsDE
w_DE_BS_2012_50139,DE_BS,BS,2012,50139,Komfort,NN,Komfort,DE,lemmesTempsDE
w_DE_BS_2018_49039,DE_BS,BS,2018,49039,Komfort,NN,Komfort,DE,lemmesTempsDE
w_DE_AR_2008_4405,DE_AR,AR,2008,4405,Kosten,NN,Kosten,DE,lemmesTempsDE
w_DE_AR_2008_8828,DE_AR,AR,2008,8828,Kosten,NN,Kosten,DE,lemmesTempsDE
w_DE_AR_2008_8876,DE_AR,AR,2008,8876,Kosten,NN,Kosten,DE,lemmesTempsDE
w_DE_AR_2008_8879,DE_AR,AR,2008,8879,Kosten,NN,Kosten,DE,lemmesTempsDE
w_DE_AR_2008_8896,DE_AR,AR,2008,8896,Kosten,NN,Kosten,DE,lemmesTempsDE
w_DE_AR_2008_8911,DE_AR,AR,2008,8911,Kosten,NN,Kosten,DE,lemmesTempsDE
w_DE_AR_2008_9010,DE_AR,AR,2008,9010,Kosten,NN,Kosten,DE,lemmesTempsDE
w_DE_AR_2008_9220,DE_AR,AR,2008,9220,Kosten,NN,Kosten,DE,lemmesTempsDE
w_DE_AR_2008_13055,DE_AR,AR,2008,13055,Kosten,NN,Kosten,DE,lemmesTempsDE
w_DE_AR_2008_26717,DE_AR,AR,2008,26717,Kosten,NN,Kosten,DE,lemmesTempsDE
w_DE_ZG_1987_7318,DE_ZG,ZG,1987,7318,Kosten,NN,Kosten,DE,lemmesTempsDE
w_DE_ZG_1987_29272,DE_ZG,ZG,1987,29272,Kosten,NN,Kosten,DE,lemmesTempsDE
w_DE_TG_2018_1931,DE_TG,TG,2018,1931,Kosten,NN,Kosten,DE,lemmesTempsDE
w_DE_TG_2018_16323,DE_TG,TG,2018,16323,Kosten,NN,Kosten,DE,lemmesTempsDE
w_DE_TG_2018_16845,DE_TG,TG,2018,16845,Kosten,NN,Kosten,DE,lemmesTempsDE
w_DE_TG_2018_24392,DE_TG,TG,2018,24392,Kosten,NN,Kosten,DE,lemmesTempsDE
w_DE_TG_2018_28589,DE_TG,TG,2018,28589,Kosten,NN,Kosten,DE,lemmesTempsDE
w_DE_TG_2018_43188,DE_TG,TG,2018,43188,Kosten,NN,Kosten,DE,lemmesTempsDE
w_DE_TG_2018_48194,DE_TG,TG,2018,48194,Kosten,NN,Kosten,DE,lemmesTempsDE
w_DE_AG_2025_24495,DE_AG,AG,2025,24495,Kosten,NN,Kosten,DE,lemmesTempsDE
w_DE_AG_2025_26844,DE_AG,AG,2025,26844,Kosten,NN,Kosten,DE,lemmesTempsDE
w_DE_AG_2025_27253,DE_AG,AG,2025,27253,Kosten,NN,Kosten,DE,lemmesTempsDE
w_DE_AG_2025_35863,DE_AG,AG,2025,35863,Kosten,NN,Kosten,DE,lemmesTempsDE
w_DE_AG_2025_47576,DE_AG,AG,2025,47576,Kosten,NN,Kosten,DE,lemmesTempsDE
w_DE_AG_2025_56184,DE_AG,AG,2025,56184,Kosten,NN,Kosten,DE,lemmesTempsDE
w_DE_AG_2025_64928,DE_AG,AG,2025,64928,Kosten,NN,Kosten,DE,lemmesTempsDE
w_DE_AG_2025_86777,DE_AG,AG,2025,86777,Kosten,NN,Kosten,DE,lemmesTempsDE
w_DE_AG_2025_91469,DE_AG,AG,2025,91469,Kosten,NN,Kosten,DE,lemmesTempsDE
w_DE_BS_1986_43908,DE_BS,BS,1986,43908,Kosten,NN,Kosten,DE,lemmesTempsDE
w_DE_BE_2010_7069,DE_BE,BE,2010,7069,Kosten,NN,Kosten,DE,lemmesTempsDE
w_DE_BE_2010_7271,DE_BE,BE,2010,7271,Kosten,NN,Kosten,DE,lemmesTempsDE
w_DE_BE_2010_9469,DE_BE,BE,2010,9469,Kosten,NN,Kosten,DE,lemmesTempsDE
w_DE_BE_2010_14910,DE_BE,BE,2010,14910,Kosten,NN,Kosten,DE,lemmesTempsDE
w_DE_BE_2010_16892,DE_BE,BE,2010,16892,Kosten,NN,Kosten,DE,lemmesTempsDE
w_DE_BE_2010_23442,DE_BE,BE,2010,23442,Kosten,NN,Kosten,DE,lemmesTempsDE
w_DE_BE_2010_23472,DE_BE,BE,2010,23472,Kosten,NN,Kosten,DE,lemmesTempsDE
w_DE_BE_2010_25671,DE_BE,BE,2010,25671,Kosten,NN,Kosten,DE,lemmesTempsDE
w_DE_BE_2010_33318,DE_BE,BE,2010,33318,Kosten,NN,Kosten,DE,lemmesTempsDE
w_DE_BE_2010_47012,DE_BE,BE,2010,47012,Kosten,NN,Kosten,DE,lemmesTempsDE
w_DE_BE_2010_50421,DE_BE,BE,2010,50421,Kosten,NN,Kosten,DE,lemmesTempsDE
w_DE_BE_2010_52256,DE_BE,BE,2010,52256,Kosten,NN,Kosten,DE,lemmesTempsDE
w_DE_BE_2010_52267,DE_BE,BE,2010,52267,Kosten,NN,Kosten,DE,lemmesTempsDE
w_DE_BE_2010_53843,DE_BE,BE,2010,53843,Kosten,NN,Kosten,DE,lemmesTempsDE
w_DE_BE_2010_65082,DE_BE,BE,2010,65082,Kosten,NN,Kosten,DE,lemmesTempsDE
w_DE_BE_2010_66348,DE_BE,BE,2010,66348,Kosten,NN,Kosten,DE,lemmesTempsDE
w_DE_BE_2010_66364,DE_BE,BE,2010,66364,Kosten,NN,Kosten,DE,lemmesTempsDE
w_DE_BE_2010_66598,DE_BE,BE,2010,66598,Kosten,NN,Kosten,DE,lemmesTempsDE
w_DE_BE_2010_66618,DE_BE,BE,2010,66618,Kosten,NN,Kosten,DE,lemmesTempsDE
w_DE_BE_2010_67519,DE_BE,BE,2010,67519,Kosten,NN,Kosten,DE,lemmesTempsDE
w_DE_BE_2010_68546,DE_BE,BE,2010,68546,Kosten,NN,Kosten,DE,lemmesTempsDE
w_DE_BE_2010_68679,DE_BE,BE,2010,68679,Kosten,NN,Kosten,DE,lemmesTempsDE
w_DE_BE_2010_69235,DE_BE,BE,2010,69235,Kosten,NN,Kosten,DE,lemmesTempsDE
w_DE_BE_2010_69279,DE_BE,BE,2010,69279,Kosten,NN,Kosten,DE,lemmesTempsDE
w_DE_BE_2010_70317,DE_BE,BE,2010,70317,Kosten,NN,Kosten,DE,lemmesTempsDE
w_DE_BE_2010_70415,DE_BE,BE,2010,70415,Kosten,NN,Kosten,DE,lemmesTempsDE
w_DE_BE_2010_72708,DE_BE,BE,2010,72708,Kosten,NN,Kosten,DE,lemmesTempsDE
w_DE_BE_2010_76169,DE_BE,BE,2010,76169,Kosten,NN,Kosten,DE,lemmesTempsDE
w_DE_BE_2010_76202,DE_BE,BE,2010,76202,Kosten,NN,Kosten,DE,lemmesTempsDE
w_DE_AR_1987_25507,DE_AR,AR,1987,25507,Kosten,NN,Kosten,DE,lemmesTempsDE
w_DE_AR_1987_25513,DE_AR,AR,1987,25513,Kosten,NN,Kosten,DE,lemmesTempsDE
w_DE_AR_1987_25550,DE_AR,AR,1987,25550,Kosten,NN,Kosten,DE,lemmesTempsDE
w_DE_AR_1987_26033,DE_AR,AR,1987,26033,Kosten,NN,Kosten,DE,lemmesTempsDE
w_DE_AR_1987_29289,DE_AR,AR,1987,29289,Kosten,NN,Kosten,DE,lemmesTempsDE
w_DE_AR_1987_29714,DE_AR,AR,1987,29714,Kosten,NN,Kosten,DE,lemmesTempsDE
w_DE_AR_1987_30185,DE_AR,AR,1987,30185,Kosten,NN,Kosten,DE,lemmesTempsDE
w_DE_AR_1987_30489,DE_AR,AR,1987,30489,Kosten,NN,Kosten,DE,lemmesTempsDE
w_DE_AR_1987_30773,DE_AR,AR,1987,30773,Kosten,NN,Kosten,DE,lemmesTempsDE
w_DE_AR_1987_31135,DE_AR,AR,1987,31135,Kosten,NN,Kosten,DE,lemmesTempsDE
w_DE_AR_1987_31517,DE_AR,AR,1987,31517,Kosten,NN,Kosten,DE,lemmesTempsDE
w_DE_AR_1987_31750,DE_AR,AR,1987,31750,Kosten,NN,Kosten,DE,lemmesTempsDE
w_DE_AR_1987_31963,DE_AR,AR,1987,31963,Kosten,NN,Kosten,DE,lemmesTempsDE
w_DE_AR_1987_32263,DE_AR,AR,1987,32263,Kosten,NN,Kosten,DE,lemmesTempsDE
w_DE_AR_1987_32527,DE_AR,AR,1987,32527,Kosten,NN,Kosten,DE,lemmesTempsDE
w_DE_AR_1987_32775,DE_AR,AR,1987,32775,Kosten,NN,Kosten,DE,lemmesTempsDE
w_DE_AR_1987_33008,DE_AR,AR,1987,33008,Kosten,NN,Kosten,DE,lemmesTempsDE
w_DE_AR_1987_33216,DE_AR,AR,1987,33216,Kosten,NN,Kosten,DE,lemmesTempsDE
w_DE_AR_1987_33638,DE_AR,AR,1987,33638,Kosten,NN,Kosten,DE,lemmesTempsDE
w_DE_AR_1987_33926,DE_AR,AR,1987,33926,Kosten,NN,Kosten,DE,lemmesTempsDE
w_DE_AR_1987_34202,DE_AR,AR,1987,34202,Kosten,NN,Kosten,DE,lemmesTempsDE
w_DE_AR_1987_34335,DE_AR,AR,1987,34335,Kosten,NN,Kosten,DE,lemmesTempsDE
w_DE_AR_1987_34472,DE_AR,AR,1987,34472,Kosten,NN,Kosten,DE,lemmesTempsDE
w_DE_AR_1987_34897,DE_AR,AR,1987,34897,Kosten,NN,Kosten,DE,lemmesTempsDE
w_DE_AR_1987_35160,DE_AR,AR,1987,35160,Kosten,NN,Kosten,DE,lemmesTempsDE
w_DE_AR_1987_35358,DE_AR,AR,1987,35358,Kosten,NN,Kosten,DE,lemmesTempsDE
w_DE_AR_1987_35937,DE_AR,AR,1987,35937,Kosten,NN,Kosten,DE,lemmesTempsDE
w_DE_AR_1987_36148,DE_AR,AR,1987,36148,Kosten,NN,Kosten,DE,lemmesTempsDE
w_DE_AR_1987_36314,DE_AR,AR,1987,36314,Kosten,NN,Kosten,DE,lemmesTempsDE
w_DE_AR_1987_36776,DE_AR,AR,1987,36776,Kosten,NN,Kosten,DE,lemmesTempsDE
w_DE_AR_1987_37005,DE_AR,AR,1987,37005,Kosten,NN,Kosten,DE,lemmesTempsDE
w_DE_AR_1987_37252,DE_AR,AR,1987,37252,Kosten,NN,Kosten,DE,lemmesTempsDE
w_DE_AR_1987_37469,DE_AR,AR,1987,37469,Kosten,NN,Kosten,DE,lemmesTempsDE
w_DE_AR_1987_37676,DE_AR,AR,1987,37676,Kosten,NN,Kosten,DE,lemmesTempsDE
w_DE_AR_1987_37839,DE_AR,AR,1987,37839,Kosten,NN,Kosten,DE,lemmesTempsDE
w_DE_AR_1987_38001,DE_AR,AR,1987,38001,Kosten,NN,Kosten,DE,lemmesTempsDE
w_DE_AR_1987_38185,DE_AR,AR,1987,38185,Kosten,NN,Kosten,DE,lemmesTempsDE
w_DE_AR_1987_38747,DE_AR,AR,1987,38747,Kosten,NN,Kosten,DE,lemmesTempsDE
w_DE_AR_1987_38903,DE_AR,AR,1987,38903,Kosten,NN,Kosten,DE,lemmesTempsDE
w_DE_AR_1987_39294,DE_AR,AR,1987,39294,Kosten,NN,Kosten,DE,lemmesTempsDE
w_DE_AR_1987_39439,DE_AR,AR,1987,39439,Kosten,NN,Kosten,DE,lemmesTempsDE
w_DE_AR_1987_39846,DE_AR,AR,1987,39846,Kosten,NN,Kosten,DE,lemmesTempsDE
w_DE_AR_1987_40194,DE_AR,AR,1987,40194,Kosten,NN,Kosten,DE,lemmesTempsDE
w_DE_AR_1987_40411,DE_AR,AR,1987,40411,Kosten,NN,Kosten,DE,lemmesTempsDE
w_DE_AR_1987_40774,DE_AR,AR,1987,40774,Kosten,NN,Kosten,DE,lemmesTempsDE
w_DE_AR_1987_41019,DE_AR,AR,1987,41019,Kosten,NN,Kosten,DE,lemmesTempsDE
w_DE_AR_1987_41202,DE_AR,AR,1987,41202,Kosten,NN,Kosten,DE,lemmesTempsDE
w_DE_AR_1987_41530,DE_AR,AR,1987,41530,Kosten,NN,Kosten,DE,lemmesTempsDE
w_DE_AR_1987_41942,DE_AR,AR,1987,41942,Kosten,NN,Kosten,DE,lemmesTempsDE
w_DE_AR_1987_42152,DE_AR,AR,1987,42152,Kosten,NN,Kosten,DE,lemmesTempsDE
w_DE_AR_1987_42394,DE_AR,AR,1987,42394,Kosten,NN,Kosten,DE,lemmesTempsDE
w_DE_AR_1987_42587,DE_AR,AR,1987,42587,Kosten,NN,Kosten,DE,lemmesTempsDE
w_DE_AR_1987_42779,DE_AR,AR,1987,42779,Kosten,NN,Kosten,DE,lemmesTempsDE
w_DE_AR_1987_42935,DE_AR,AR,1987,42935,Kosten,NN,Kosten,DE,lemmesTempsDE
w_DE_AR_1987_43340,DE_AR,AR,1987,43340,Kosten,NN,Kosten,DE,lemmesTempsDE
w_DE_AR_1987_43557,DE_AR,AR,1987,43557,Kosten,NN,Kosten,DE,lemmesTempsDE
w_DE_AR_1987_43745,DE_AR,AR,1987,43745,Kosten,NN,Kosten,DE,lemmesTempsDE
w_DE_AR_1987_43921,DE_AR,AR,1987,43921,Kosten,NN,Kosten,DE,lemmesTempsDE
w_DE_AR_1987_44062,DE_AR,AR,1987,44062,Kosten,NN,Kosten,DE,lemmesTempsDE
w_DE_AR_1987_44475,DE_AR,AR,1987,44475,Kosten,NN,Kosten,DE,lemmesTempsDE
w_DE_AR_1987_44654,DE_AR,AR,1987,44654,Kosten,NN,Kosten,DE,lemmesTempsDE
w_DE_AR_1987_44853,DE_AR,AR,1987,44853,Kosten,NN,Kosten,DE,lemmesTempsDE
w_DE_AR_1987_45021,DE_AR,AR,1987,45021,Kosten,NN,Kosten,DE,lemmesTempsDE
w_DE_AR_1987_45200,DE_AR,AR,1987,45200,Kosten,NN,Kosten,DE,lemmesTempsDE
w_DE_AR_1987_45359,DE_AR,AR,1987,45359,Kosten,NN,Kosten,DE,lemmesTempsDE
w_DE_AR_1987_45539,DE_AR,AR,1987,45539,Kosten,NN,Kosten,DE,lemmesTempsDE
w_DE_AR_1987_45953,DE_AR,AR,1987,45953,Kosten,NN,Kosten,DE,lemmesTempsDE
w_DE_AR_1987_46171,DE_AR,AR,1987,46171,Kosten,NN,Kosten,DE,lemmesTempsDE
w_DE_AR_1987_46347,DE_AR,AR,1987,46347,Kosten,NN,Kosten,DE,lemmesTempsDE
w_DE_AR_1987_46534,DE_AR,AR,1987,46534,Kosten,NN,Kosten,DE,lemmesTempsDE
w_DE_AR_1987_46793,DE_AR,AR,1987,46793,Kosten,NN,Kosten,DE,lemmesTempsDE
w_DE_AR_1987_46984,DE_AR,AR,1987,46984,Kosten,NN,Kosten,DE,lemmesTempsDE
w_DE_AR_1987_47166,DE_AR,AR,1987,47166,Kosten,NN,Kosten,DE,lemmesTempsDE
w_DE_AR_1987_47311,DE_AR,AR,1987,47311,Kosten,NN,Kosten,DE,lemmesTempsDE
w_DE_AR_1987_47720,DE_AR,AR,1987,47720,Kosten,NN,Kosten,DE,lemmesTempsDE
w_DE_AR_1987_47915,DE_AR,AR,1987,47915,Kosten,NN,Kosten,DE,lemmesTempsDE
w_DE_AR_1987_48103,DE_AR,AR,1987,48103,Kosten,NN,Kosten,DE,lemmesTempsDE
w_DE_AR_1987_48514,DE_AR,AR,1987,48514,Kosten,NN,Kosten,DE,lemmesTempsDE
w_DE_AR_1987_48875,DE_AR,AR,1987,48875,Kosten,NN,Kosten,DE,lemmesTempsDE
w_DE_AR_1987_49034,DE_AR,AR,1987,49034,Kosten,NN,Kosten,DE,lemmesTempsDE
w_DE_AR_1987_49178,DE_AR,AR,1987,49178,Kosten,NN,Kosten,DE,lemmesTempsDE
w_DE_AR_1987_49527,DE_AR,AR,1987,49527,Kosten,NN,Kosten,DE,lemmesTempsDE
w_DE_AR_1987_49793,DE_AR,AR,1987,49793,Kosten,NN,Kosten,DE,lemmesTempsDE
w_DE_AR_1987_50100,DE_AR,AR,1987,50100,Kosten,NN,Kosten,DE,lemmesTempsDE
w_DE_AR_1987_50471,DE_AR,AR,1987,50471,Kosten,NN,Kosten,DE,lemmesTempsDE
w_DE_AR_1987_50683,DE_AR,AR,1987,50683,Kosten,NN,Kosten,DE,lemmesTempsDE
w_DE_AR_1987_50851,DE_AR,AR,1987,50851,Kosten,NN,Kosten,DE,lemmesTempsDE
w_DE_AR_1987_51029,DE_AR,AR,1987,51029,Kosten,NN,Kosten,DE,lemmesTempsDE
w_DE_AR_1987_51451,DE_AR,AR,1987,51451,Kosten,NN,Kosten,DE,lemmesTempsDE
w_DE_AR_1987_51625,DE_AR,AR,1987,51625,Kosten,NN,Kosten,DE,lemmesTempsDE
w_DE_AR_1987_52000,DE_AR,AR,1987,52000,Kosten,NN,Kosten,DE,lemmesTempsDE
w_DE_AR_1987_52163,DE_AR,AR,1987,52163,Kosten,NN,Kosten,DE,lemmesTempsDE
w_DE_AR_1987_52541,DE_AR,AR,1987,52541,Kosten,NN,Kosten,DE,lemmesTempsDE
w_DE_AR_1987_52789,DE_AR,AR,1987,52789,Kosten,NN,Kosten,DE,lemmesTempsDE
w_DE_AR_1987_53172,DE_AR,AR,1987,53172,Kosten,NN,Kosten,DE,lemmesTempsDE
w_DE_AR_1987_53354,DE_AR,AR,1987,53354,Kosten,NN,Kosten,DE,lemmesTempsDE
w_DE_AR_1987_53538,DE_AR,AR,1987,53538,Kosten,NN,Kosten,DE,lemmesTempsDE
w_DE_AR_1987_53915,DE_AR,AR,1987,53915,Kosten,NN,Kosten,DE,lemmesTempsDE
w_DE_AR_1987_54109,DE_AR,AR,1987,54109,Kosten,NN,Kosten,DE,lemmesTempsDE
w_DE_AR_1987_54260,DE_AR,AR,1987,54260,Kosten,NN,Kosten,DE,lemmesTempsDE
w_DE_AR_1987_54631,DE_AR,AR,1987,54631,Kosten,NN,Kosten,DE,lemmesTempsDE
w_DE_AR_1987_54844,DE_AR,AR,1987,54844,Kosten,NN,Kosten,DE,lemmesTempsDE
w_DE_LU_2025_27508,DE_LU,LU,2025,27508,Kosten,NN,Kosten,DE,lemmesTempsDE
w_DE_NW_2024_2982,DE_NW,NW,2024,2982,Kosten,NN,Kosten,DE,lemmesTempsDE
w_DE_NW_2024_28049,DE_NW,NW,2024,28049,Kosten,NN,Kosten,DE,lemmesTempsDE
w_DE_NW_2024_35515,DE_NW,NW,2024,35515,Kosten,NN,Kosten,DE,lemmesTempsDE
w_DE_NW_2024_46433,DE_NW,NW,2024,46433,Kosten,NN,Kosten,DE,lemmesTempsDE
w_DE_NW_2024_47940,DE_NW,NW,2024,47940,Kosten,NN,Kosten,DE,lemmesTempsDE
w_DE_NW_2024_48972,DE_NW,NW,2024,48972,Kosten,NN,Kosten,DE,lemmesTempsDE
w_DE_NW_2024_63779,DE_NW,NW,2024,63779,Kosten,NN,Kosten,DE,lemmesTempsDE
w_DE_NW_2024_69431,DE_NW,NW,2024,69431,Kosten,NN,Kosten,DE,lemmesTempsDE
w_DE_AI_2011_8526,DE_AI,AI,2011,8526,Kosten,NN,Kosten,DE,lemmesTempsDE
w_DE_AI_2011_23392,DE_AI,AI,2011,23392,Kosten,NN,Kosten,DE,lemmesTempsDE
w_DE_SZ_1986_11560,DE_SZ,SZ,1986,11560,Kosten,NN,Kosten,DE,lemmesTempsDE
w_DE_SZ_1986_12930,DE_SZ,SZ,1986,12930,Kosten,NN,Kosten,DE,lemmesTempsDE
w_DE_SZ_1986_20615,DE_SZ,SZ,1986,20615,Kosten,NN,Kosten,DE,lemmesTempsDE
w_DE_SZ_1986_22117,DE_SZ,SZ,1986,22117,Kosten,NN,Kosten,DE,lemmesTempsDE
w_DE_SZ_1986_38960,DE_SZ,SZ,1986,38960,Kosten,NN,Kosten,DE,lemmesTempsDE
w_DE_SO_2023_7389,DE_SO,SO,2023,7389,Kosten,NN,Kosten,DE,lemmesTempsDE
w_DE_SO_2023_24506,DE_SO,SO,2023,24506,Kosten,NN,Kosten,DE,lemmesTempsDE
w_DE_SO_2023_25402,DE_SO,SO,2023,25402,Kosten,NN,Kosten,DE,lemmesTempsDE
w_DE_SO_2023_26845,DE_SO,SO,2023,26845,Kosten,NN,Kosten,DE,lemmesTempsDE
w_DE_SO_2023_31290,DE_SO,SO,2023,31290,Kosten,NN,Kosten,DE,lemmesTempsDE
w_DE_SO_2023_39747,DE_SO,SO,2023,39747,Kosten,NN,Kosten,DE,lemmesTempsDE
w_DE_SO_2023_39757,DE_SO,SO,2023,39757,Kosten,NN,Kosten,DE,lemmesTempsDE
w_DE_SO_2023_53641,DE_SO,SO,2023,53641,Kosten,NN,Kosten,DE,lemmesTempsDE
w_DE_SO_2023_53939,DE_SO,SO,2023,53939,Kosten,NN,Kosten,DE,lemmesTempsDE
w_DE_SO_2023_53962,DE_SO,SO,2023,53962,Kosten,NN,Kosten,DE,lemmesTempsDE
w_DE_OW_2006_13181,DE_OW,OW,2006,13181,Kosten,NN,Kosten,DE,lemmesTempsDE
w_DE_OW_2006_22819,DE_OW,OW,2006,22819,Kosten,NN,Kosten,DE,lemmesTempsDE
w_DE_OW_2006_26328,DE_OW,OW,2006,26328,Kosten,NN,Kosten,DE,lemmesTempsDE
w_DE_UR_2023_11539,DE_UR,UR,2023,11539,Kosten,NN,Kosten,DE,lemmesTempsDE
w_DE_UR_2023_14649,DE_UR,UR,2023,14649,Kosten,NN,Kosten,DE,lemmesTempsDE
w_DE_UR_2023_31011,DE_UR,UR,2023,31011,Kosten,NN,Kosten,DE,lemmesTempsDE
w_DE_UR_2023_50375,DE_UR,UR,2023,50375,Kosten,NN,Kosten,DE,lemmesTempsDE
w_DE_UR_2023_54183,DE_UR,UR,2023,54183,Kosten,NN,Kosten,DE,lemmesTempsDE
w_DE_GL_2025_18146,DE_GL,GL,2025,18146,Kosten,NN,Kosten,DE,lemmesTempsDE
w_DE_GL_2025_32455,DE_GL,GL,2025,32455,Kosten,NN,Kosten,DE,lemmesTempsDE
w_DE_GL_2025_38128,DE_GL,GL,2025,38128,Kosten,NN,Kosten,DE,lemmesTempsDE
w_DE_SZ_2008_1732,DE_SZ,SZ,2008,1732,Kosten,NN,Kosten,DE,lemmesTempsDE
w_DE_SZ_2008_3108,DE_SZ,SZ,2008,3108,Kosten,NN,Kosten,DE,lemmesTempsDE
w_DE_SZ_2008_14657,DE_SZ,SZ,2008,14657,Kosten,NN,Kosten,DE,lemmesTempsDE
w_DE_SZ_2008_20844,DE_SZ,SZ,2008,20844,Kosten,NN,Kosten,DE,lemmesTempsDE
w_DE_SZ_2008_22495,DE_SZ,SZ,2008,22495,Kosten,NN,Kosten,DE,lemmesTempsDE
w_DE_BS_2019_1152,DE_BS,BS,2019,1152,Kosten,NN,Kosten,DE,lemmesTempsDE
w_DE_BS_2019_6921,DE_BS,BS,2019,6921,Kosten,NN,Kosten,DE,lemmesTempsDE
w_DE_BS_2019_7284,DE_BS,BS,2019,7284,Kosten,NN,Kosten,DE,lemmesTempsDE
w_DE_BS_2024_41621,DE_BS,BS,2024,41621,Kosten,NN,Kosten,DE,lemmesTempsDE
w_DE_ZG_2004_10901,DE_ZG,ZG,2004,10901,Kosten,NN,Kosten,DE,lemmesTempsDE
w_DE_ZG_2004_11016,DE_ZG,ZG,2004,11016,Kosten,NN,Kosten,DE,lemmesTempsDE
w_DE_ZG_2004_13686,DE_ZG,ZG,2004,13686,Kosten,NN,Kosten,DE,lemmesTempsDE
w_DE_ZG_2004_14338,DE_ZG,ZG,2004,14338,Kosten,NN,Kosten,DE,lemmesTempsDE
w_DE_ZG_2004_18393,DE_ZG,ZG,2004,18393,Kosten,NN,Kosten,DE,lemmesTempsDE
w_DE_ZG_2004_23941,DE_ZG,ZG,2004,23941,Kosten,NN,Kosten,DE,lemmesTempsDE
w_DE_ZG_2004_34542,DE_ZG,ZG,2004,34542,Kosten,NN,Kosten,DE,lemmesTempsDE
w_DE_ZG_2004_38768,DE_ZG,ZG,2004,38768,Kosten,NN,Kosten,DE,lemmesTempsDE
w_DE_ZG_2025_6227,DE_ZG,ZG,2025,6227,Kosten,NN,Kosten,DE,lemmesTempsDE
w_DE_ZG_2025_11878,DE_ZG,ZG,2025,11878,Kosten,NN,Kosten,DE,lemmesTempsDE
w_DE_BE_2008_6953,DE_BE,BE,2008,6953,Kosten,NN,Kosten,DE,lemmesTempsDE
w_DE_BE_2008_7155,DE_BE,BE,2008,7155,Kosten,NN,Kosten,DE,lemmesTempsDE
w_DE_BE_2008_9297,DE_BE,BE,2008,9297,Kosten,NN,Kosten,DE,lemmesTempsDE
w_DE_BE_2008_13117,DE_BE,BE,2008,13117,Kosten,NN,Kosten,DE,lemmesTempsDE
w_DE_BE_2008_14363,DE_BE,BE,2008,14363,Kosten,NN,Kosten,DE,lemmesTempsDE
w_DE_BE_2008_15218,DE_BE,BE,2008,15218,Kosten,NN,Kosten,DE,lemmesTempsDE
w_DE_BE_2008_15248,DE_BE,BE,2008,15248,Kosten,NN,Kosten,DE,lemmesTempsDE
w_DE_BE_2008_21053,DE_BE,BE,2008,21053,Kosten,NN,Kosten,DE,lemmesTempsDE
w_DE_BE_2008_21083,DE_BE,BE,2008,21083,Kosten,NN,Kosten,DE,lemmesTempsDE
w_DE_BE_2008_23116,DE_BE,BE,2008,23116,Kosten,NN,Kosten,DE,lemmesTempsDE
w_DE_BE_2008_30589,DE_BE,BE,2008,30589,Kosten,NN,Kosten,DE,lemmesTempsDE
w_DE_BE_2008_43908,DE_BE,BE,2008,43908,Kosten,NN,Kosten,DE,lemmesTempsDE
w_DE_BE_2008_46759,DE_BE,BE,2008,46759,Kosten,NN,Kosten,DE,lemmesTempsDE
w_DE_BE_2008_48651,DE_BE,BE,2008,48651,Kosten,NN,Kosten,DE,lemmesTempsDE
w_DE_BE_2008_48662,DE_BE,BE,2008,48662,Kosten,NN,Kosten,DE,lemmesTempsDE
w_DE_BE_2008_49677,DE_BE,BE,2008,49677,Kosten,NN,Kosten,DE,lemmesTempsDE
w_DE_BE_2008_57681,DE_BE,BE,2008,57681,Kosten,NN,Kosten,DE,lemmesTempsDE
w_DE_BE_2008_57699,DE_BE,BE,2008,57699,Kosten,NN,Kosten,DE,lemmesTempsDE
w_DE_BE_2008_57797,DE_BE,BE,2008,57797,Kosten,NN,Kosten,DE,lemmesTempsDE
w_DE_BE_2008_57844,DE_BE,BE,2008,57844,Kosten,NN,Kosten,DE,lemmesTempsDE
w_DE_BE_2008_57867,DE_BE,BE,2008,57867,Kosten,NN,Kosten,DE,lemmesTempsDE
w_DE_BE_2008_58758,DE_BE,BE,2008,58758,Kosten,NN,Kosten,DE,lemmesTempsDE
w_DE_BE_2008_59354,DE_BE,BE,2008,59354,Kosten,NN,Kosten,DE,lemmesTempsDE
w_DE_BE_2008_60433,DE_BE,BE,2008,60433,Kosten,NN,Kosten,DE,lemmesTempsDE
w_DE_BE_2008_64243,DE_BE,BE,2008,64243,Kosten,NN,Kosten,DE,lemmesTempsDE
w_DE_BE_2008_64276,DE_BE,BE,2008,64276,Kosten,NN,Kosten,DE,lemmesTempsDE
w_DE_BE_2002_6913,DE_BE,BE,2002,6913,Kosten,NN,Kosten,DE,lemmesTempsDE
w_DE_BE_2002_7115,DE_BE,BE,2002,7115,Kosten,NN,Kosten,DE,lemmesTempsDE
w_DE_BE_2002_9257,DE_BE,BE,2002,9257,Kosten,NN,Kosten,DE,lemmesTempsDE
w_DE_BE_2002_12629,DE_BE,BE,2002,12629,Kosten,NN,Kosten,DE,lemmesTempsDE
w_DE_BE_2002_13639,DE_BE,BE,2002,13639,Kosten,NN,Kosten,DE,lemmesTempsDE
w_DE_BE_2002_14409,DE_BE,BE,2002,14409,Kosten,NN,Kosten,DE,lemmesTempsDE
w_DE_BE_2002_14622,DE_BE,BE,2002,14622,Kosten,NN,Kosten,DE,lemmesTempsDE
w_DE_BE_2002_20013,DE_BE,BE,2002,20013,Kosten,NN,Kosten,DE,lemmesTempsDE
w_DE_BE_2002_20042,DE_BE,BE,2002,20042,Kosten,NN,Kosten,DE,lemmesTempsDE
w_DE_BE_2002_28305,DE_BE,BE,2002,28305,Kosten,NN,Kosten,DE,lemmesTempsDE
w_DE_BE_2002_41636,DE_BE,BE,2002,41636,Kosten,NN,Kosten,DE,lemmesTempsDE
w_DE_BE_2002_42333,DE_BE,BE,2002,42333,Kosten,NN,Kosten,DE,lemmesTempsDE
w_DE_BE_2002_42707,DE_BE,BE,2002,42707,Kosten,NN,Kosten,DE,lemmesTempsDE
w_DE_BE_2002_43609,DE_BE,BE,2002,43609,Kosten,NN,Kosten,DE,lemmesTempsDE
w_DE_BE_2002_44249,DE_BE,BE,2002,44249,Kosten,NN,Kosten,DE,lemmesTempsDE
w_DE_BE_2002_44260,DE_BE,BE,2002,44260,Kosten,NN,Kosten,DE,lemmesTempsDE
w_DE_BE_2002_45243,DE_BE,BE,2002,45243,Kosten,NN,Kosten,DE,lemmesTempsDE
w_DE_BE_2002_49662,DE_BE,BE,2002,49662,Kosten,NN,Kosten,DE,lemmesTempsDE
w_DE_BE_2002_49672,DE_BE,BE,2002,49672,Kosten,NN,Kosten,DE,lemmesTempsDE
w_DE_BE_2002_49813,DE_BE,BE,2002,49813,Kosten,NN,Kosten,DE,lemmesTempsDE
w_DE_BE_2002_49852,DE_BE,BE,2002,49852,Kosten,NN,Kosten,DE,lemmesTempsDE
w_DE_BE_2002_51229,DE_BE,BE,2002,51229,Kosten,NN,Kosten,DE,lemmesTempsDE
w_DE_BE_2002_53666,DE_BE,BE,2002,53666,Kosten,NN,Kosten,DE,lemmesTempsDE
w_DE_BE_2002_64337,DE_BE,BE,2002,64337,Kosten,NN,Kosten,DE,lemmesTempsDE
w_DE_SZ_2004_1447,DE_SZ,SZ,2004,1447,Kosten,NN,Kosten,DE,lemmesTempsDE
w_DE_SZ_2004_2855,DE_SZ,SZ,2004,2855,Kosten,NN,Kosten,DE,lemmesTempsDE
w_DE_AR_2002_4781,DE_AR,AR,2002,4781,Kosten,NN,Kosten,DE,lemmesTempsDE
w_DE_AR_2002_10549,DE_AR,AR,2002,10549,Kosten,NN,Kosten,DE,lemmesTempsDE
w_DE_AR_2002_10597,DE_AR,AR,2002,10597,Kosten,NN,Kosten,DE,lemmesTempsDE
w_DE_AR_2002_10600,DE_AR,AR,2002,10600,Kosten,NN,Kosten,DE,lemmesTempsDE
w_DE_AR_2002_10617,DE_AR,AR,2002,10617,Kosten,NN,Kosten,DE,lemmesTempsDE
w_DE_AR_2002_10632,DE_AR,AR,2002,10632,Kosten,NN,Kosten,DE,lemmesTempsDE
w_DE_AR_2002_10718,DE_AR,AR,2002,10718,Kosten,NN,Kosten,DE,lemmesTempsDE
w_DE_AR_2002_10951,DE_AR,AR,2002,10951,Kosten,NN,Kosten,DE,lemmesTempsDE
w_DE_AR_2002_14128,DE_AR,AR,2002,14128,Kosten,NN,Kosten,DE,lemmesTempsDE
w_DE_AR_2002_28199,DE_AR,AR,2002,28199,Kosten,NN,Kosten,DE,lemmesTempsDE
w_DE_BS_2010_6755,DE_BS,BS,2010,6755,Kosten,NN,Kosten,DE,lemmesTempsDE
w_DE_BS_2010_27285,DE_BS,BS,2010,27285,Kosten,NN,Kosten,DE,lemmesTempsDE
w_DE_BS_2010_28108,DE_BS,BS,2010,28108,Kosten,NN,Kosten,DE,lemmesTempsDE
w_DE_BS_2010_51173,DE_BS,BS,2010,51173,Kosten,NN,Kosten,DE,lemmesTempsDE
w_DE_SZ_2010_8288,DE_SZ,SZ,2010,8288,Kosten,NN,Kosten,DE,lemmesTempsDE
w_DE_SZ_2010_8338,DE_SZ,SZ,2010,8338,Kosten,NN,Kosten,DE,lemmesTempsDE
w_DE_SZ_2010_8353,DE_SZ,SZ,2010,8353,Kosten,NN,Kosten,DE,lemmesTempsDE
w_DE_OW_1987_2978,DE_OW,OW,1987,2978,Kosten,NN,Kosten,DE,lemmesTempsDE
w_DE_OW_1987_9079,DE_OW,OW,1987,9079,Kosten,NN,Kosten,DE,lemmesTempsDE
w_DE_OW_1987_19786,DE_OW,OW,1987,19786,Kosten,NN,Kosten,DE,lemmesTempsDE
w_DE_OW_1987_29226,DE_OW,OW,1987,29226,Kosten,NN,Kosten,DE,lemmesTempsDE
w_DE_OW_1987_29819,DE_OW,OW,1987,29819,Kosten,NN,Kosten,DE,lemmesTempsDE
w_DE_OW_1987_30164,DE_OW,OW,1987,30164,Kosten,NN,Kosten,DE,lemmesTempsDE
w_DE_OW_1987_33053,DE_OW,OW,1987,33053,Kosten,NN,Kosten,DE,lemmesTempsDE
w_DE_OW_1987_35092,DE_OW,OW,1987,35092,Kosten,NN,Kosten,DE,lemmesTempsDE
w_DE_OW_1987_35421,DE_OW,OW,1987,35421,Kosten,NN,Kosten,DE,lemmesTempsDE
w_DE_OW_1987_36184,DE_OW,OW,1987,36184,Kosten,NN,Kosten,DE,lemmesTempsDE
w_DE_OW_1987_36856,DE_OW,OW,1987,36856,Kosten,NN,Kosten,DE,lemmesTempsDE
w_DE_OW_1987_53066,DE_OW,OW,1987,53066,Kosten,NN,Kosten,DE,lemmesTempsDE
w_DE_OW_1987_56178,DE_OW,OW,1987,56178,Kosten,NN,Kosten,DE,lemmesTempsDE
w_DE_OW_1987_56219,DE_OW,OW,1987,56219,Kosten,NN,Kosten,DE,lemmesTempsDE
w_DE_OW_1987_56238,DE_OW,OW,1987,56238,Kosten,NN,Kosten,DE,lemmesTempsDE
w_DE_OW_1987_59984,DE_OW,OW,1987,59984,Kosten,NN,Kosten,DE,lemmesTempsDE
w_DE_OW_1987_60924,DE_OW,OW,1987,60924,Kosten,NN,Kosten,DE,lemmesTempsDE
w_DE_OW_1987_61195,DE_OW,OW,1987,61195,Kosten,NN,Kosten,DE,lemmesTempsDE
w_DE_OW_1987_69872,DE_OW,OW,1987,69872,Kosten,NN,Kosten,DE,lemmesTempsDE
w_DE_OW_1987_79697,DE_OW,OW,1987,79697,Kosten,NN,Kosten,DE,lemmesTempsDE
w_DE_LU_2009_4178,DE_LU,LU,2009,4178,Kosten,NN,Kosten,DE,lemmesTempsDE
w_DE_LU_2009_4186,DE_LU,LU,2009,4186,Kosten,NN,Kosten,DE,lemmesTempsDE
w_DE_LU_2009_4258,DE_LU,LU,2009,4258,Kosten,NN,Kosten,DE,lemmesTempsDE
w_DE_LU_2009_6419,DE_LU,LU,2009,6419,Kosten,NN,Kosten,DE,lemmesTempsDE
w_DE_LU_2009_22718,DE_LU,LU,2009,22718,Kosten,NN,Kosten,DE,lemmesTempsDE
w_DE_LU_2009_25770,DE_LU,LU,2009,25770,Kosten,NN,Kosten,DE,lemmesTempsDE
w_DE_LU_2009_26893,DE_LU,LU,2009,26893,Kosten,NN,Kosten,DE,lemmesTempsDE
w_DE_LU_2009_44809,DE_LU,LU,2009,44809,Kosten,NN,Kosten,DE,lemmesTempsDE
w_DE_LU_2009_66708,DE_LU,LU,2009,66708,Kosten,NN,Kosten,DE,lemmesTempsDE
w_DE_SH_2004_18795,DE_SH,SH,2004,18795,Kosten,NN,Kosten,DE,lemmesTempsDE
w_DE_SH_2004_31529,DE_SH,SH,2004,31529,Kosten,NN,Kosten,DE,lemmesTempsDE
w_DE_SH_2004_64744,DE_SH,SH,2004,64744,Kosten,NN,Kosten,DE,lemmesTempsDE
w_DE_SH_2004_65687,DE_SH,SH,2004,65687,Kosten,NN,Kosten,DE,lemmesTempsDE
w_DE_SH_2004_74344,DE_SH,SH,2004,74344,Kosten,NN,Kosten,DE,lemmesTempsDE
w_DE_SH_2004_90292,DE_SH,SH,2004,90292,Kosten,NN,Kosten,DE,lemmesTempsDE
w_DE_SH_2004_105736,DE_SH,SH,2004,105736,Kosten,NN,Kosten,DE,lemmesTempsDE
w_DE_SH_2004_114904,DE_SH,SH,2004,114904,Kosten,NN,Kosten,DE,lemmesTempsDE
w_DE_BS_2025_3570,DE_BS,BS,2025,3570,Kosten,NN,Kosten,DE,lemmesTempsDE
w_DE_BS_2025_30285,DE_BS,BS,2025,30285,Kosten,NN,Kosten,DE,lemmesTempsDE
w_DE_BS_2025_45454,DE_BS,BS,2025,45454,Kosten,NN,Kosten,DE,lemmesTempsDE
w_DE_BS_2025_74237,DE_BS,BS,2025,74237,Kosten,NN,Kosten,DE,lemmesTempsDE
w_DE_BE_2024_11285,DE_BE,BE,2024,11285,Kosten,NN,Kosten,DE,lemmesTempsDE
w_DE_BE_2024_25661,DE_BE,BE,2024,25661,Kosten,NN,Kosten,DE,lemmesTempsDE
w_DE_BE_2024_38442,DE_BE,BE,2024,38442,Kosten,NN,Kosten,DE,lemmesTempsDE
w_DE_BE_2024_42446,DE_BE,BE,2024,42446,Kosten,NN,Kosten,DE,lemmesTempsDE
w_DE_BE_2024_46343,DE_BE,BE,2024,46343,Kosten,NN,Kosten,DE,lemmesTempsDE
w_DE_BE_2024_48259,DE_BE,BE,2024,48259,Kosten,NN,Kosten,DE,lemmesTempsDE
w_DE_BE_2024_48270,DE_BE,BE,2024,48270,Kosten,NN,Kosten,DE,lemmesTempsDE
w_DE_BE_2024_49377,DE_BE,BE,2024,49377,Kosten,NN,Kosten,DE,lemmesTempsDE
w_DE_BE_2024_49412,DE_BE,BE,2024,49412,Kosten,NN,Kosten,DE,lemmesTempsDE
w_DE_BE_2024_54874,DE_BE,BE,2024,54874,Kosten,NN,Kosten,DE,lemmesTempsDE
w_DE_BE_2024_58535,DE_BE,BE,2024,58535,Kosten,NN,Kosten,DE,lemmesTempsDE
w_DE_BE_2024_60684,DE_BE,BE,2024,60684,Kosten,NN,Kosten,DE,lemmesTempsDE
w_DE_BE_2024_64010,DE_BE,BE,2024,64010,Kosten,NN,Kosten,DE,lemmesTempsDE
w_DE_BE_2024_64654,DE_BE,BE,2024,64654,Kosten,NN,Kosten,DE,lemmesTempsDE
w_DE_BE_2024_66544,DE_BE,BE,2024,66544,Kosten,NN,Kosten,DE,lemmesTempsDE
w_DE_BE_2004_6913,DE_BE,BE,2004,6913,Kosten,NN,Kosten,DE,lemmesTempsDE
w_DE_BE_2004_7115,DE_BE,BE,2004,7115,Kosten,NN,Kosten,DE,lemmesTempsDE
w_DE_BE_2004_9257,DE_BE,BE,2004,9257,Kosten,NN,Kosten,DE,lemmesTempsDE
w_DE_BE_2004_12629,DE_BE,BE,2004,12629,Kosten,NN,Kosten,DE,lemmesTempsDE
w_DE_BE_2004_13639,DE_BE,BE,2004,13639,Kosten,NN,Kosten,DE,lemmesTempsDE
w_DE_BE_2004_14409,DE_BE,BE,2004,14409,Kosten,NN,Kosten,DE,lemmesTempsDE
w_DE_BE_2004_14622,DE_BE,BE,2004,14622,Kosten,NN,Kosten,DE,lemmesTempsDE
w_DE_BE_2004_20011,DE_BE,BE,2004,20011,Kosten,NN,Kosten,DE,lemmesTempsDE
w_DE_BE_2004_20040,DE_BE,BE,2004,20040,Kosten,NN,Kosten,DE,lemmesTempsDE
w_DE_BE_2004_28303,DE_BE,BE,2004,28303,Kosten,NN,Kosten,DE,lemmesTempsDE
w_DE_BE_2004_41609,DE_BE,BE,2004,41609,Kosten,NN,Kosten,DE,lemmesTempsDE
w_DE_BE_2004_42300,DE_BE,BE,2004,42300,Kosten,NN,Kosten,DE,lemmesTempsDE
w_DE_BE_2004_42674,DE_BE,BE,2004,42674,Kosten,NN,Kosten,DE,lemmesTempsDE
w_DE_BE_2004_43576,DE_BE,BE,2004,43576,Kosten,NN,Kosten,DE,lemmesTempsDE
w_DE_BE_2004_44216,DE_BE,BE,2004,44216,Kosten,NN,Kosten,DE,lemmesTempsDE
w_DE_BE_2004_44227,DE_BE,BE,2004,44227,Kosten,NN,Kosten,DE,lemmesTempsDE
w_DE_BE_2004_45165,DE_BE,BE,2004,45165,Kosten,NN,Kosten,DE,lemmesTempsDE
w_DE_BE_2004_48106,DE_BE,BE,2004,48106,Kosten,NN,Kosten,DE,lemmesTempsDE
w_DE_BE_2004_50822,DE_BE,BE,2004,50822,Kosten,NN,Kosten,DE,lemmesTempsDE
w_DE_BE_2004_50838,DE_BE,BE,2004,50838,Kosten,NN,Kosten,DE,lemmesTempsDE
w_DE_BE_2004_51005,DE_BE,BE,2004,51005,Kosten,NN,Kosten,DE,lemmesTempsDE
w_DE_BE_2004_51051,DE_BE,BE,2004,51051,Kosten,NN,Kosten,DE,lemmesTempsDE
w_DE_BE_2004_51074,DE_BE,BE,2004,51074,Kosten,NN,Kosten,DE,lemmesTempsDE
w_DE_BE_2004_52417,DE_BE,BE,2004,52417,Kosten,NN,Kosten,DE,lemmesTempsDE
w_DE_BE_2004_54854,DE_BE,BE,2004,54854,Kosten,NN,Kosten,DE,lemmesTempsDE
w_DE_BE_2004_65601,DE_BE,BE,2004,65601,Kosten,NN,Kosten,DE,lemmesTempsDE
w_DE_AI_2002_8016,DE_AI,AI,2002,8016,Kosten,NN,Kosten,DE,lemmesTempsDE
w_DE_AI_2002_8059,DE_AI,AI,2002,8059,Kosten,NN,Kosten,DE,lemmesTempsDE
w_DE_AI_2002_24027,DE_AI,AI,2002,24027,Kosten,NN,Kosten,DE,lemmesTempsDE
w_DE_AI_2002_25688,DE_AI,AI,2002,25688,Kosten,NN,Kosten,DE,lemmesTempsDE
w_DE_AI_2002_42798,DE_AI,AI,2002,42798,Kosten,NN,Kosten,DE,lemmesTempsDE
w_DE_AI_2002_55038,DE_AI,AI,2002,55038,Kosten,NN,Kosten,DE,lemmesTempsDE
w_DE_SH_2021_2751,DE_SH,SH,2021,2751,Kosten,NN,Kosten,DE,lemmesTempsDE
w_DE_SH_2021_4462,DE_SH,SH,2021,4462,Kosten,NN,Kosten,DE,lemmesTempsDE
w_DE_SH_2021_5469,DE_SH,SH,2021,5469,Kosten,NN,Kosten,DE,lemmesTempsDE
w_DE_SH_2021_12911,DE_SH,SH,2021,12911,Kosten,NN,Kosten,DE,lemmesTempsDE
w_DE_SH_2021_21152,DE_SH,SH,2021,21152,Kosten,NN,Kosten,DE,lemmesTempsDE
w_DE_SH_2021_38600,DE_SH,SH,2021,38600,Kosten,NN,Kosten,DE,lemmesTempsDE
w_DE_SH_2021_38607,DE_SH,SH,2021,38607,Kosten,NN,Kosten,DE,lemmesTempsDE
w_DE_SH_2021_47516,DE_SH,SH,2021,47516,Kosten,NN,Kosten,DE,lemmesTempsDE
w_DE_SZ_2022_23573,DE_SZ,SZ,2022,23573,Kosten,NN,Kosten,DE,lemmesTempsDE
w_DE_SZ_2022_24393,DE_SZ,SZ,2022,24393,Kosten,NN,Kosten,DE,lemmesTempsDE
w_DE_SZ_2022_25163,DE_SZ,SZ,2022,25163,Kosten,NN,Kosten,DE,lemmesTempsDE
w_DE_BE_2006_6952,DE_BE,BE,2006,6952,Kosten,NN,Kosten,DE,lemmesTempsDE
w_DE_BE_2006_7154,DE_BE,BE,2006,7154,Kosten,NN,Kosten,DE,lemmesTempsDE
w_DE_BE_2006_9296,DE_BE,BE,2006,9296,Kosten,NN,Kosten,DE,lemmesTempsDE
w_DE_BE_2006_13116,DE_BE,BE,2006,13116,Kosten,NN,Kosten,DE,lemmesTempsDE
w_DE_BE_2006_14362,DE_BE,BE,2006,14362,Kosten,NN,Kosten,DE,lemmesTempsDE
w_DE_BE_2006_15217,DE_BE,BE,2006,15217,Kosten,NN,Kosten,DE,lemmesTempsDE
w_DE_BE_2006_15247,DE_BE,BE,2006,15247,Kosten,NN,Kosten,DE,lemmesTempsDE
w_DE_BE_2006_21052,DE_BE,BE,2006,21052,Kosten,NN,Kosten,DE,lemmesTempsDE
w_DE_BE_2006_21082,DE_BE,BE,2006,21082,Kosten,NN,Kosten,DE,lemmesTempsDE
w_DE_BE_2006_23115,DE_BE,BE,2006,23115,Kosten,NN,Kosten,DE,lemmesTempsDE
w_DE_BE_2006_30588,DE_BE,BE,2006,30588,Kosten,NN,Kosten,DE,lemmesTempsDE
w_DE_BE_2006_44473,DE_BE,BE,2006,44473,Kosten,NN,Kosten,DE,lemmesTempsDE
w_DE_BE_2006_47294,DE_BE,BE,2006,47294,Kosten,NN,Kosten,DE,lemmesTempsDE
w_DE_BE_2006_48926,DE_BE,BE,2006,48926,Kosten,NN,Kosten,DE,lemmesTempsDE
w_DE_BE_2006_48937,DE_BE,BE,2006,48937,Kosten,NN,Kosten,DE,lemmesTempsDE
w_DE_BE_2006_49952,DE_BE,BE,2006,49952,Kosten,NN,Kosten,DE,lemmesTempsDE
w_DE_BE_2006_51051,DE_BE,BE,2006,51051,Kosten,NN,Kosten,DE,lemmesTempsDE
w_DE_BE_2006_52778,DE_BE,BE,2006,52778,Kosten,NN,Kosten,DE,lemmesTempsDE
w_DE_BE_2006_57874,DE_BE,BE,2006,57874,Kosten,NN,Kosten,DE,lemmesTempsDE
w_DE_BE_2006_57892,DE_BE,BE,2006,57892,Kosten,NN,Kosten,DE,lemmesTempsDE
w_DE_BE_2006_58057,DE_BE,BE,2006,58057,Kosten,NN,Kosten,DE,lemmesTempsDE
w_DE_BE_2006_58103,DE_BE,BE,2006,58103,Kosten,NN,Kosten,DE,lemmesTempsDE
w_DE_BE_2006_58126,DE_BE,BE,2006,58126,Kosten,NN,Kosten,DE,lemmesTempsDE
w_DE_BE_2006_59015,DE_BE,BE,2006,59015,Kosten,NN,Kosten,DE,lemmesTempsDE
w_DE_BE_2006_59638,DE_BE,BE,2006,59638,Kosten,NN,Kosten,DE,lemmesTempsDE
w_DE_BE_2006_60717,DE_BE,BE,2006,60717,Kosten,NN,Kosten,DE,lemmesTempsDE
w_DE_BE_2006_64512,DE_BE,BE,2006,64512,Kosten,NN,Kosten,DE,lemmesTempsDE
w_DE_BE_2006_64545,DE_BE,BE,2006,64545,Kosten,NN,Kosten,DE,lemmesTempsDE
w_DE_AI_2015_1549,DE_AI,AI,2015,1549,Kosten,NN,Kosten,DE,lemmesTempsDE
w_DE_AI_2015_12380,DE_AI,AI,2015,12380,Kosten,NN,Kosten,DE,lemmesTempsDE
w_DE_BE_2013_7045,DE_BE,BE,2013,7045,Kosten,NN,Kosten,DE,lemmesTempsDE
w_DE_BE_2013_7247,DE_BE,BE,2013,7247,Kosten,NN,Kosten,DE,lemmesTempsDE
w_DE_BE_2013_9445,DE_BE,BE,2013,9445,Kosten,NN,Kosten,DE,lemmesTempsDE
w_DE_BE_2013_14886,DE_BE,BE,2013,14886,Kosten,NN,Kosten,DE,lemmesTempsDE
w_DE_BE_2013_16868,DE_BE,BE,2013,16868,Kosten,NN,Kosten,DE,lemmesTempsDE
w_DE_BE_2013_23418,DE_BE,BE,2013,23418,Kosten,NN,Kosten,DE,lemmesTempsDE
w_DE_BE_2013_23448,DE_BE,BE,2013,23448,Kosten,NN,Kosten,DE,lemmesTempsDE
w_DE_BE_2013_25647,DE_BE,BE,2013,25647,Kosten,NN,Kosten,DE,lemmesTempsDE
w_DE_BE_2013_33290,DE_BE,BE,2013,33290,Kosten,NN,Kosten,DE,lemmesTempsDE
w_DE_BE_2013_43662,DE_BE,BE,2013,43662,Kosten,NN,Kosten,DE,lemmesTempsDE
w_DE_BE_2013_45477,DE_BE,BE,2013,45477,Kosten,NN,Kosten,DE,lemmesTempsDE
w_DE_BE_2013_49156,DE_BE,BE,2013,49156,Kosten,NN,Kosten,DE,lemmesTempsDE
w_DE_BE_2013_49719,DE_BE,BE,2013,49719,Kosten,NN,Kosten,DE,lemmesTempsDE
w_DE_BE_2013_50440,DE_BE,BE,2013,50440,Kosten,NN,Kosten,DE,lemmesTempsDE
w_DE_BE_2013_50451,DE_BE,BE,2013,50451,Kosten,NN,Kosten,DE,lemmesTempsDE
w_DE_BE_2013_52031,DE_BE,BE,2013,52031,Kosten,NN,Kosten,DE,lemmesTempsDE
w_DE_BE_2013_62185,DE_BE,BE,2013,62185,Kosten,NN,Kosten,DE,lemmesTempsDE
w_DE_BE_2013_64215,DE_BE,BE,2013,64215,Kosten,NN,Kosten,DE,lemmesTempsDE
w_DE_BE_2013_65252,DE_BE,BE,2013,65252,Kosten,NN,Kosten,DE,lemmesTempsDE
w_DE_BE_2013_65353,DE_BE,BE,2013,65353,Kosten,NN,Kosten,DE,lemmesTempsDE
w_DE_BE_2013_65771,DE_BE,BE,2013,65771,Kosten,NN,Kosten,DE,lemmesTempsDE
w_DE_BE_2013_65869,DE_BE,BE,2013,65869,Kosten,NN,Kosten,DE,lemmesTempsDE
w_DE_BE_2013_68050,DE_BE,BE,2013,68050,Kosten,NN,Kosten,DE,lemmesTempsDE
w_DE_BE_2013_71482,DE_BE,BE,2013,71482,Kosten,NN,Kosten,DE,lemmesTempsDE
w_DE_BE_2013_71525,DE_BE,BE,2013,71525,Kosten,NN,Kosten,DE,lemmesTempsDE
w_DE_AG_1996_3404,DE_AG,AG,1996,3404,Kosten,NN,Kosten,DE,lemmesTempsDE
w_DE_AG_1996_24366,DE_AG,AG,1996,24366,Kosten,NN,Kosten,DE,lemmesTempsDE
w_DE_AG_1996_32022,DE_AG,AG,1996,32022,Kosten,NN,Kosten,DE,lemmesTempsDE
w_DE_AG_1996_35074,DE_AG,AG,1996,35074,Kosten,NN,Kosten,DE,lemmesTempsDE
w_DE_AG_1996_42820,DE_AG,AG,1996,42820,Kosten,NN,Kosten,DE,lemmesTempsDE
w_DE_AR_2012_4528,DE_AR,AR,2012,4528,Kosten,NN,Kosten,DE,lemmesTempsDE
w_DE_AR_2012_8483,DE_AR,AR,2012,8483,Kosten,NN,Kosten,DE,lemmesTempsDE
w_DE_AR_2012_8531,DE_AR,AR,2012,8531,Kosten,NN,Kosten,DE,lemmesTempsDE
w_DE_AR_2012_8534,DE_AR,AR,2012,8534,Kosten,NN,Kosten,DE,lemmesTempsDE
w_DE_AR_2012_8551,DE_AR,AR,2012,8551,Kosten,NN,Kosten,DE,lemmesTempsDE
w_DE_AR_2012_8566,DE_AR,AR,2012,8566,Kosten,NN,Kosten,DE,lemmesTempsDE
w_DE_AR_2012_26603,DE_AR,AR,2012,26603,Kosten,NN,Kosten,DE,lemmesTempsDE
w_DE_AR_2025_30196,DE_AR,AR,2025,30196,Kosten,NN,Kosten,DE,lemmesTempsDE
w_DE_AR_2025_43475,DE_AR,AR,2025,43475,Kosten,NN,Kosten,DE,lemmesTempsDE
w_DE_BL_2025_2170,DE_BL,BL,2025,2170,Kosten,NN,Kosten,DE,lemmesTempsDE
w_DE_BL_2025_7698,DE_BL,BL,2025,7698,Kosten,NN,Kosten,DE,lemmesTempsDE
w_DE_BL_2025_7711,DE_BL,BL,2025,7711,Kosten,NN,Kosten,DE,lemmesTempsDE
w_DE_BL_2025_8496,DE_BL,BL,2025,8496,Kosten,NN,Kosten,DE,lemmesTempsDE
w_DE_BL_2025_8509,DE_BL,BL,2025,8509,Kosten,NN,Kosten,DE,lemmesTempsDE
w_DE_BL_2025_9887,DE_BL,BL,2025,9887,Kosten,NN,Kosten,DE,lemmesTempsDE
w_DE_BL_2025_10875,DE_BL,BL,2025,10875,Kosten,NN,Kosten,DE,lemmesTempsDE
w_DE_BL_2025_11254,DE_BL,BL,2025,11254,Kosten,NN,Kosten,DE,lemmesTempsDE
w_DE_BL_2025_11818,DE_BL,BL,2025,11818,Kosten,NN,Kosten,DE,lemmesTempsDE
w_DE_BL_2025_11835,DE_BL,BL,2025,11835,Kosten,NN,Kosten,DE,lemmesTempsDE
w_DE_BL_2025_12519,DE_BL,BL,2025,12519,Kosten,NN,Kosten,DE,lemmesTempsDE
w_DE_BL_2025_13333,DE_BL,BL,2025,13333,Kosten,NN,Kosten,DE,lemmesTempsDE
w_DE_BL_2025_14072,DE_BL,BL,2025,14072,Kosten,NN,Kosten,DE,lemmesTempsDE
w_DE_BL_2025_14695,DE_BL,BL,2025,14695,Kosten,NN,Kosten,DE,lemmesTempsDE
w_DE_BL_2025_15327,DE_BL,BL,2025,15327,Kosten,NN,Kosten,DE,lemmesTempsDE
w_DE_BL_2025_15659,DE_BL,BL,2025,15659,Kosten,NN,Kosten,DE,lemmesTempsDE
w_DE_BL_2025_15686,DE_BL,BL,2025,15686,Kosten,NN,Kosten,DE,lemmesTempsDE
w_DE_BL_2025_16062,DE_BL,BL,2025,16062,Kosten,NN,Kosten,DE,lemmesTempsDE
w_DE_BL_2025_16690,DE_BL,BL,2025,16690,Kosten,NN,Kosten,DE,lemmesTempsDE
w_DE_BL_2025_17555,DE_BL,BL,2025,17555,Kosten,NN,Kosten,DE,lemmesTempsDE
w_DE_BL_2025_17735,DE_BL,BL,2025,17735,Kosten,NN,Kosten,DE,lemmesTempsDE
w_DE_BL_2025_18102,DE_BL,BL,2025,18102,Kosten,NN,Kosten,DE,lemmesTempsDE
w_DE_BL_2025_18999,DE_BL,BL,2025,18999,Kosten,NN,Kosten,DE,lemmesTempsDE
w_DE_BL_2025_20314,DE_BL,BL,2025,20314,Kosten,NN,Kosten,DE,lemmesTempsDE
w_DE_BL_2025_21175,DE_BL,BL,2025,21175,Kosten,NN,Kosten,DE,lemmesTempsDE
w_DE_BL_2025_21952,DE_BL,BL,2025,21952,Kosten,NN,Kosten,DE,lemmesTempsDE
w_DE_BL_2025_22521,DE_BL,BL,2025,22521,Kosten,NN,Kosten,DE,lemmesTempsDE
w_DE_BL_2025_23187,DE_BL,BL,2025,23187,Kosten,NN,Kosten,DE,lemmesTempsDE
w_DE_BL_2025_23589,DE_BL,BL,2025,23589,Kosten,NN,Kosten,DE,lemmesTempsDE
w_DE_BL_2025_24349,DE_BL,BL,2025,24349,Kosten,NN,Kosten,DE,lemmesTempsDE
w_DE_BL_2025_25446,DE_BL,BL,2025,25446,Kosten,NN,Kosten,DE,lemmesTempsDE
w_DE_BL_2025_26193,DE_BL,BL,2025,26193,Kosten,NN,Kosten,DE,lemmesTempsDE
w_DE_BL_2025_26954,DE_BL,BL,2025,26954,Kosten,NN,Kosten,DE,lemmesTempsDE
w_DE_BL_2025_27668,DE_BL,BL,2025,27668,Kosten,NN,Kosten,DE,lemmesTempsDE
w_DE_BL_2025_28282,DE_BL,BL,2025,28282,Kosten,NN,Kosten,DE,lemmesTempsDE
w_DE_BL_2025_28295,DE_BL,BL,2025,28295,Kosten,NN,Kosten,DE,lemmesTempsDE
w_DE_BL_2025_28939,DE_BL,BL,2025,28939,Kosten,NN,Kosten,DE,lemmesTempsDE
w_DE_BL_2025_29500,DE_BL,BL,2025,29500,Kosten,NN,Kosten,DE,lemmesTempsDE
w_DE_BL_2025_34395,DE_BL,BL,2025,34395,Kosten,NN,Kosten,DE,lemmesTempsDE
w_DE_BL_2025_34678,DE_BL,BL,2025,34678,Kosten,NN,Kosten,DE,lemmesTempsDE
w_DE_BL_2025_34768,DE_BL,BL,2025,34768,Kosten,NN,Kosten,DE,lemmesTempsDE
w_DE_BL_2025_35132,DE_BL,BL,2025,35132,Kosten,NN,Kosten,DE,lemmesTempsDE
w_DE_BL_2025_35449,DE_BL,BL,2025,35449,Kosten,NN,Kosten,DE,lemmesTempsDE
w_DE_BL_2025_35599,DE_BL,BL,2025,35599,Kosten,NN,Kosten,DE,lemmesTempsDE
w_DE_BL_2025_35779,DE_BL,BL,2025,35779,Kosten,NN,Kosten,DE,lemmesTempsDE
w_DE_BL_2025_35941,DE_BL,BL,2025,35941,Kosten,NN,Kosten,DE,lemmesTempsDE
w_DE_BL_2025_36161,DE_BL,BL,2025,36161,Kosten,NN,Kosten,DE,lemmesTempsDE
w_DE_BL_2025_36304,DE_BL,BL,2025,36304,Kosten,NN,Kosten,DE,lemmesTempsDE
w_DE_BL_2025_36307,DE_BL,BL,2025,36307,Kosten,NN,Kosten,DE,lemmesTempsDE
w_DE_BL_2025_36482,DE_BL,BL,2025,36482,Kosten,NN,Kosten,DE,lemmesTempsDE
w_DE_BL_2025_36629,DE_BL,BL,2025,36629,Kosten,NN,Kosten,DE,lemmesTempsDE
w_DE_BL_2025_36907,DE_BL,BL,2025,36907,Kosten,NN,Kosten,DE,lemmesTempsDE
w_DE_BL_2025_37122,DE_BL,BL,2025,37122,Kosten,NN,Kosten,DE,lemmesTempsDE
w_DE_BL_2025_37317,DE_BL,BL,2025,37317,Kosten,NN,Kosten,DE,lemmesTempsDE
w_DE_BL_2025_37536,DE_BL,BL,2025,37536,Kosten,NN,Kosten,DE,lemmesTempsDE
w_DE_BL_2025_37704,DE_BL,BL,2025,37704,Kosten,NN,Kosten,DE,lemmesTempsDE
w_DE_BL_2025_37873,DE_BL,BL,2025,37873,Kosten,NN,Kosten,DE,lemmesTempsDE
w_DE_BL_2025_38073,DE_BL,BL,2025,38073,Kosten,NN,Kosten,DE,lemmesTempsDE
w_DE_BL_2025_38407,DE_BL,BL,2025,38407,Kosten,NN,Kosten,DE,lemmesTempsDE
w_DE_BL_2025_38499,DE_BL,BL,2025,38499,Kosten,NN,Kosten,DE,lemmesTempsDE
w_DE_BL_2025_38635,DE_BL,BL,2025,38635,Kosten,NN,Kosten,DE,lemmesTempsDE
w_DE_BL_2025_40507,DE_BL,BL,2025,40507,Kosten,NN,Kosten,DE,lemmesTempsDE
w_DE_BL_2025_40733,DE_BL,BL,2025,40733,Kosten,NN,Kosten,DE,lemmesTempsDE
w_DE_BL_2025_40959,DE_BL,BL,2025,40959,Kosten,NN,Kosten,DE,lemmesTempsDE
w_DE_BL_2025_41162,DE_BL,BL,2025,41162,Kosten,NN,Kosten,DE,lemmesTempsDE
w_DE_BL_2025_41363,DE_BL,BL,2025,41363,Kosten,NN,Kosten,DE,lemmesTempsDE
w_DE_BL_2025_41469,DE_BL,BL,2025,41469,Kosten,NN,Kosten,DE,lemmesTempsDE
w_DE_BL_2025_41641,DE_BL,BL,2025,41641,Kosten,NN,Kosten,DE,lemmesTempsDE
w_DE_BL_2025_41790,DE_BL,BL,2025,41790,Kosten,NN,Kosten,DE,lemmesTempsDE
w_DE_BL_2025_41986,DE_BL,BL,2025,41986,Kosten,NN,Kosten,DE,lemmesTempsDE
w_DE_BL_2025_42071,DE_BL,BL,2025,42071,Kosten,NN,Kosten,DE,lemmesTempsDE
w_DE_BL_2025_42237,DE_BL,BL,2025,42237,Kosten,NN,Kosten,DE,lemmesTempsDE
w_DE_BL_2025_42471,DE_BL,BL,2025,42471,Kosten,NN,Kosten,DE,lemmesTempsDE
w_DE_BL_2025_42654,DE_BL,BL,2025,42654,Kosten,NN,Kosten,DE,lemmesTempsDE
w_DE_BL_2025_42793,DE_BL,BL,2025,42793,Kosten,NN,Kosten,DE,lemmesTempsDE
w_DE_BL_2025_42968,DE_BL,BL,2025,42968,Kosten,NN,Kosten,DE,lemmesTempsDE
w_DE_BL_2025_43109,DE_BL,BL,2025,43109,Kosten,NN,Kosten,DE,lemmesTempsDE
w_DE_BL_2025_43538,DE_BL,BL,2025,43538,Kosten,NN,Kosten,DE,lemmesTempsDE
w_DE_BL_2025_44796,DE_BL,BL,2025,44796,Kosten,NN,Kosten,DE,lemmesTempsDE
w_DE_BL_2025_44958,DE_BL,BL,2025,44958,Kosten,NN,Kosten,DE,lemmesTempsDE
w_DE_BL_2025_45062,DE_BL,BL,2025,45062,Kosten,NN,Kosten,DE,lemmesTempsDE
w_DE_BL_2025_45185,DE_BL,BL,2025,45185,Kosten,NN,Kosten,DE,lemmesTempsDE
w_DE_BL_2025_45438,DE_BL,BL,2025,45438,Kosten,NN,Kosten,DE,lemmesTempsDE
w_DE_BL_2025_45700,DE_BL,BL,2025,45700,Kosten,NN,Kosten,DE,lemmesTempsDE
w_DE_BL_2025_46003,DE_BL,BL,2025,46003,Kosten,NN,Kosten,DE,lemmesTempsDE
w_DE_BL_2025_46206,DE_BL,BL,2025,46206,Kosten,NN,Kosten,DE,lemmesTempsDE
w_DE_BL_2025_46424,DE_BL,BL,2025,46424,Kosten,NN,Kosten,DE,lemmesTempsDE
w_DE_BL_2025_46633,DE_BL,BL,2025,46633,Kosten,NN,Kosten,DE,lemmesTempsDE
w_DE_BL_2025_46734,DE_BL,BL,2025,46734,Kosten,NN,Kosten,DE,lemmesTempsDE
w_DE_BL_2025_46885,DE_BL,BL,2025,46885,Kosten,NN,Kosten,DE,lemmesTempsDE
w_DE_BL_2025_47150,DE_BL,BL,2025,47150,Kosten,NN,Kosten,DE,lemmesTempsDE
w_DE_BL_2025_47321,DE_BL,BL,2025,47321,Kosten,NN,Kosten,DE,lemmesTempsDE
w_DE_BL_2025_47428,DE_BL,BL,2025,47428,Kosten,NN,Kosten,DE,lemmesTempsDE
w_DE_BL_2025_47673,DE_BL,BL,2025,47673,Kosten,NN,Kosten,DE,lemmesTempsDE
w_DE_BL_2025_47846,DE_BL,BL,2025,47846,Kosten,NN,Kosten,DE,lemmesTempsDE
w_DE_BL_2025_47896,DE_BL,BL,2025,47896,Kosten,NN,Kosten,DE,lemmesTempsDE
w_DE_BL_2025_48791,DE_BL,BL,2025,48791,Kosten,NN,Kosten,DE,lemmesTempsDE
w_DE_BL_2025_49498,DE_BL,BL,2025,49498,Kosten,NN,Kosten,DE,lemmesTempsDE
w_DE_BL_2025_50062,DE_BL,BL,2025,50062,Kosten,NN,Kosten,DE,lemmesTempsDE
w_DE_BL_2025_50569,DE_BL,BL,2025,50569,Kosten,NN,Kosten,DE,lemmesTempsDE
w_DE_BL_2025_51522,DE_BL,BL,2025,51522,Kosten,NN,Kosten,DE,lemmesTempsDE
w_DE_BL_2025_52668,DE_BL,BL,2025,52668,Kosten,NN,Kosten,DE,lemmesTempsDE
w_DE_BL_2025_53299,DE_BL,BL,2025,53299,Kosten,NN,Kosten,DE,lemmesTempsDE
w_DE_BL_2025_53972,DE_BL,BL,2025,53972,Kosten,NN,Kosten,DE,lemmesTempsDE
w_DE_BL_2025_54534,DE_BL,BL,2025,54534,Kosten,NN,Kosten,DE,lemmesTempsDE
w_DE_BL_2025_54992,DE_BL,BL,2025,54992,Kosten,NN,Kosten,DE,lemmesTempsDE
w_DE_BL_2025_55561,DE_BL,BL,2025,55561,Kosten,NN,Kosten,DE,lemmesTempsDE
w_DE_BL_2025_57158,DE_BL,BL,2025,57158,Kosten,NN,Kosten,DE,lemmesTempsDE
w_DE_BL_2025_58658,DE_BL,BL,2025,58658,Kosten,NN,Kosten,DE,lemmesTempsDE
w_DE_BL_2025_59655,DE_BL,BL,2025,59655,Kosten,NN,Kosten,DE,lemmesTempsDE
w_DE_BL_2025_60023,DE_BL,BL,2025,60023,Kosten,NN,Kosten,DE,lemmesTempsDE
w_DE_BL_2025_61890,DE_BL,BL,2025,61890,Kosten,NN,Kosten,DE,lemmesTempsDE
w_DE_BE_2012_7080,DE_BE,BE,2012,7080,Kosten,NN,Kosten,DE,lemmesTempsDE
w_DE_BE_2012_7282,DE_BE,BE,2012,7282,Kosten,NN,Kosten,DE,lemmesTempsDE
w_DE_BE_2012_9480,DE_BE,BE,2012,9480,Kosten,NN,Kosten,DE,lemmesTempsDE
w_DE_BE_2012_14921,DE_BE,BE,2012,14921,Kosten,NN,Kosten,DE,lemmesTempsDE
w_DE_BE_2012_16903,DE_BE,BE,2012,16903,Kosten,NN,Kosten,DE,lemmesTempsDE
w_DE_BE_2012_23453,DE_BE,BE,2012,23453,Kosten,NN,Kosten,DE,lemmesTempsDE
w_DE_BE_2012_23483,DE_BE,BE,2012,23483,Kosten,NN,Kosten,DE,lemmesTempsDE
w_DE_BE_2012_25682,DE_BE,BE,2012,25682,Kosten,NN,Kosten,DE,lemmesTempsDE
w_DE_BE_2012_33325,DE_BE,BE,2012,33325,Kosten,NN,Kosten,DE,lemmesTempsDE
w_DE_BE_2012_47019,DE_BE,BE,2012,47019,Kosten,NN,Kosten,DE,lemmesTempsDE
w_DE_BE_2012_50428,DE_BE,BE,2012,50428,Kosten,NN,Kosten,DE,lemmesTempsDE
w_DE_BE_2012_52263,DE_BE,BE,2012,52263,Kosten,NN,Kosten,DE,lemmesTempsDE
w_DE_BE_2012_52274,DE_BE,BE,2012,52274,Kosten,NN,Kosten,DE,lemmesTempsDE
w_DE_BE_2012_53850,DE_BE,BE,2012,53850,Kosten,NN,Kosten,DE,lemmesTempsDE
w_DE_BE_2012_65115,DE_BE,BE,2012,65115,Kosten,NN,Kosten,DE,lemmesTempsDE
w_DE_BE_2012_66381,DE_BE,BE,2012,66381,Kosten,NN,Kosten,DE,lemmesTempsDE
w_DE_BE_2012_66397,DE_BE,BE,2012,66397,Kosten,NN,Kosten,DE,lemmesTempsDE
w_DE_BE_2012_66631,DE_BE,BE,2012,66631,Kosten,NN,Kosten,DE,lemmesTempsDE
w_DE_BE_2012_66651,DE_BE,BE,2012,66651,Kosten,NN,Kosten,DE,lemmesTempsDE
w_DE_BE_2012_67552,DE_BE,BE,2012,67552,Kosten,NN,Kosten,DE,lemmesTempsDE
w_DE_BE_2012_68579,DE_BE,BE,2012,68579,Kosten,NN,Kosten,DE,lemmesTempsDE
w_DE_BE_2012_68712,DE_BE,BE,2012,68712,Kosten,NN,Kosten,DE,lemmesTempsDE
w_DE_BE_2012_69268,DE_BE,BE,2012,69268,Kosten,NN,Kosten,DE,lemmesTempsDE
w_DE_BE_2012_69312,DE_BE,BE,2012,69312,Kosten,NN,Kosten,DE,lemmesTempsDE
w_DE_BE_2012_70350,DE_BE,BE,2012,70350,Kosten,NN,Kosten,DE,lemmesTempsDE
w_DE_BE_2012_70448,DE_BE,BE,2012,70448,Kosten,NN,Kosten,DE,lemmesTempsDE
w_DE_BE_2012_72741,DE_BE,BE,2012,72741,Kosten,NN,Kosten,DE,lemmesTempsDE
w_DE_BE_2012_76202,DE_BE,BE,2012,76202,Kosten,NN,Kosten,DE,lemmesTempsDE
w_DE_BE_2012_76235,DE_BE,BE,2012,76235,Kosten,NN,Kosten,DE,lemmesTempsDE
w_DE_BS_2012_4534,DE_BS,BS,2012,4534,Kosten,NN,Kosten,DE,lemmesTempsDE
w_DE_BS_2012_19503,DE_BS,BS,2012,19503,Kosten,NN,Kosten,DE,lemmesTempsDE
w_DE_BS_2012_30270,DE_BS,BS,2012,30270,Kosten,NN,Kosten,DE,lemmesTempsDE
w_DE_BS_2012_31117,DE_BS,BS,2012,31117,Kosten,NN,Kosten,DE,lemmesTempsDE
w_DE_BS_2012_41897,DE_BS,BS,2012,41897,Kosten,NN,Kosten,DE,lemmesTempsDE
w_DE_BS_2012_46034,DE_BS,BS,2012,46034,Kosten,NN,Kosten,DE,lemmesTempsDE
w_DE_BS_2018_3830,DE_BS,BS,2018,3830,Kosten,NN,Kosten,DE,lemmesTempsDE
w_DE_BS_2018_16700,DE_BS,BS,2018,16700,Kosten,NN,Kosten,DE,lemmesTempsDE
w_DE_BS_2018_39506,DE_BS,BS,2018,39506,Kosten,NN,Kosten,DE,lemmesTempsDE
w_DE_BS_2018_44876,DE_BS,BS,2018,44876,Kosten,NN,Kosten,DE,lemmesTempsDE
w_DE_BS_2018_60756,DE_BS,BS,2018,60756,Kosten,NN,Kosten,DE,lemmesTempsDE
w_DE_ZH_2020_17916,DE_ZH,ZH,2020,17916,Kosten,NN,Kosten,DE,lemmesTempsDE
w_DE_ZH_2020_26693,DE_ZH,ZH,2020,26693,Kosten,NN,Kosten,DE,lemmesTempsDE
w_DE_AR_2008_4089,DE_AR,AR,2008,4089,Lebensqualität,NN,Lebensqualität,DE,lemmesTempsDE
w_DE_AR_2008_4337,DE_AR,AR,2008,4337,Lebensqualität,NN,Lebensqualität,DE,lemmesTempsDE
w_DE_ZG_1987_5656,DE_ZG,ZG,1987,5656,Lebensqualität,NN,Lebensqualität,DE,lemmesTempsDE
w_DE_TG_2018_3573,DE_TG,TG,2018,3573,Lebensqualität,NN,Lebensqualität,DE,lemmesTempsDE
w_DE_TG_2018_3924,DE_TG,TG,2018,3924,Lebensqualität,NN,Lebensqualität,DE,lemmesTempsDE
w_DE_TG_2018_5225,DE_TG,TG,2018,5225,Lebensqualität,NN,Lebensqualität,DE,lemmesTempsDE
w_DE_TG_2018_7298,DE_TG,TG,2018,7298,Lebensqualität,NN,Lebensqualität,DE,lemmesTempsDE
w_DE_TG_2018_7505,DE_TG,TG,2018,7505,Lebensqualität,NN,Lebensqualität,DE,lemmesTempsDE
w_DE_AG_2025_6212,DE_AG,AG,2025,6212,Lebensqualität,NN,Lebensqualität,DE,lemmesTempsDE
w_DE_AG_2025_10738,DE_AG,AG,2025,10738,Lebensqualität,NN,Lebensqualität,DE,lemmesTempsDE
w_DE_AG_2025_14853,DE_AG,AG,2025,14853,Lebensqualität,NN,Lebensqualität,DE,lemmesTempsDE
w_DE_AG_2025_16961,DE_AG,AG,2025,16961,Lebensqualität,NN,Lebensqualität,DE,lemmesTempsDE
w_DE_AG_2025_27350,DE_AG,AG,2025,27350,Lebensqualität,NN,Lebensqualität,DE,lemmesTempsDE
w_DE_AG_2025_80101,DE_AG,AG,2025,80101,Lebensqualität,NN,Lebensqualität,DE,lemmesTempsDE
w_DE_BE_2010_6694,DE_BE,BE,2010,6694,Lebensqualität,NN,Lebensqualität,DE,lemmesTempsDE
w_DE_BE_2010_7887,DE_BE,BE,2010,7887,Lebensqualität,NN,Lebensqualität,DE,lemmesTempsDE
w_DE_BE_2010_24598,DE_BE,BE,2010,24598,Lebensqualität,NN,Lebensqualität,DE,lemmesTempsDE
w_DE_BE_2010_27830,DE_BE,BE,2010,27830,Lebensqualität,NN,Lebensqualität,DE,lemmesTempsDE
w_DE_BE_2010_27839,DE_BE,BE,2010,27839,Lebensqualität,NN,Lebensqualität,DE,lemmesTempsDE
w_DE_LU_2025_4361,DE_LU,LU,2025,4361,Lebensqualität,NN,Lebensqualität,DE,lemmesTempsDE
w_DE_LU_2025_40447,DE_LU,LU,2025,40447,Lebensqualität,NN,Lebensqualität,DE,lemmesTempsDE
w_DE_NW_2024_2055,DE_NW,NW,2024,2055,Lebensqualität,NN,Lebensqualität,DE,lemmesTempsDE
w_DE_NW_2024_3419,DE_NW,NW,2024,3419,Lebensqualität,NN,Lebensqualität,DE,lemmesTempsDE
w_DE_NW_2024_5520,DE_NW,NW,2024,5520,Lebensqualität,NN,Lebensqualität,DE,lemmesTempsDE
w_DE_NW_2024_5731,DE_NW,NW,2024,5731,Lebensqualität,NN,Lebensqualität,DE,lemmesTempsDE
w_DE_NW_2024_6326,DE_NW,NW,2024,6326,Lebensqualität,NN,Lebensqualität,DE,lemmesTempsDE
w_DE_NW_2024_6626,DE_NW,NW,2024,6626,Lebensqualität,NN,Lebensqualität,DE,lemmesTempsDE
w_DE_NW_2024_7039,DE_NW,NW,2024,7039,Lebensqualität,NN,Lebensqualität,DE,lemmesTempsDE
w_DE_NW_2024_14383,DE_NW,NW,2024,14383,Lebensqualität,NN,Lebensqualität,DE,lemmesTempsDE
w_DE_NW_2024_19001,DE_NW,NW,2024,19001,Lebensqualität,NN,Lebensqualität,DE,lemmesTempsDE
w_DE_NW_2024_19445,DE_NW,NW,2024,19445,Lebensqualität,NN,Lebensqualität,DE,lemmesTempsDE
w_DE_NW_2024_53470,DE_NW,NW,2024,53470,Lebensqualität,NN,Lebensqualität,DE,lemmesTempsDE
w_DE_NW_2024_54958,DE_NW,NW,2024,54958,Lebensqualität,NN,Lebensqualität,DE,lemmesTempsDE
w_DE_AI_2011_4813,DE_AI,AI,2011,4813,Lebensqualität,NN,Lebensqualität,DE,lemmesTempsDE
w_DE_AI_2011_5687,DE_AI,AI,2011,5687,Lebensqualität,NN,Lebensqualität,DE,lemmesTempsDE
w_DE_AI_2011_6399,DE_AI,AI,2011,6399,Lebensqualität,NN,Lebensqualität,DE,lemmesTempsDE
w_DE_SO_2023_18588,DE_SO,SO,2023,18588,Lebensqualität,NN,Lebensqualität,DE,lemmesTempsDE
w_DE_OW_2006_22879,DE_OW,OW,2006,22879,Lebensqualität,NN,Lebensqualität,DE,lemmesTempsDE
w_DE_UR_2023_15678,DE_UR,UR,2023,15678,Lebensqualität,NN,Lebensqualität,DE,lemmesTempsDE
w_DE_UR_2023_16481,DE_UR,UR,2023,16481,Lebensqualität,NN,Lebensqualität,DE,lemmesTempsDE
w_DE_UR_2023_28603,DE_UR,UR,2023,28603,Lebensqualität,NN,Lebensqualität,DE,lemmesTempsDE
w_DE_GL_2025_24185,DE_GL,GL,2025,24185,Lebensqualität,NN,Lebensqualität,DE,lemmesTempsDE
w_DE_SZ_2008_12837,DE_SZ,SZ,2008,12837,Lebensqualität,NN,Lebensqualität,DE,lemmesTempsDE
w_DE_BS_2019_557,DE_BS,BS,2019,557,Lebensqualität,NN,Lebensqualität,DE,lemmesTempsDE
w_DE_BS_2024_1521,DE_BS,BS,2024,1521,Lebensqualität,NN,Lebensqualität,DE,lemmesTempsDE
w_DE_BS_2024_1628,DE_BS,BS,2024,1628,Lebensqualität,NN,Lebensqualität,DE,lemmesTempsDE
w_DE_BS_2024_2357,DE_BS,BS,2024,2357,Lebensqualität,NN,Lebensqualität,DE,lemmesTempsDE
w_DE_BS_2024_3876,DE_BS,BS,2024,3876,Lebensqualität,NN,Lebensqualität,DE,lemmesTempsDE
w_DE_BS_2024_9665,DE_BS,BS,2024,9665,Lebensqualität,NN,Lebensqualität,DE,lemmesTempsDE
w_DE_BS_2024_15063,DE_BS,BS,2024,15063,Lebensqualität,NN,Lebensqualität,DE,lemmesTempsDE
w_DE_BS_2024_33122,DE_BS,BS,2024,33122,Lebensqualität,NN,Lebensqualität,DE,lemmesTempsDE
w_DE_ZG_2004_4631,DE_ZG,ZG,2004,4631,Lebensqualität,NN,Lebensqualität,DE,lemmesTempsDE
w_DE_ZG_2004_19202,DE_ZG,ZG,2004,19202,Lebensqualität,NN,Lebensqualität,DE,lemmesTempsDE
w_DE_ZG_2004_20576,DE_ZG,ZG,2004,20576,Lebensqualität,NN,Lebensqualität,DE,lemmesTempsDE
w_DE_ZG_2004_22273,DE_ZG,ZG,2004,22273,Lebensqualität,NN,Lebensqualität,DE,lemmesTempsDE
w_DE_ZG_2004_33891,DE_ZG,ZG,2004,33891,Lebensqualität,NN,Lebensqualität,DE,lemmesTempsDE
w_DE_ZG_2004_34899,DE_ZG,ZG,2004,34899,Lebensqualität,NN,Lebensqualität,DE,lemmesTempsDE
w_DE_ZG_2025_1538,DE_ZG,ZG,2025,1538,Lebensqualität,NN,Lebensqualität,DE,lemmesTempsDE
w_DE_ZG_2025_11346,DE_ZG,ZG,2025,11346,Lebensqualität,NN,Lebensqualität,DE,lemmesTempsDE
w_DE_BE_2008_6400,DE_BE,BE,2008,6400,Lebensqualität,NN,Lebensqualität,DE,lemmesTempsDE
w_DE_BE_2008_7753,DE_BE,BE,2008,7753,Lebensqualität,NN,Lebensqualität,DE,lemmesTempsDE
w_DE_BE_2008_25154,DE_BE,BE,2008,25154,Lebensqualität,NN,Lebensqualität,DE,lemmesTempsDE
w_DE_BE_2008_25163,DE_BE,BE,2008,25163,Lebensqualität,NN,Lebensqualität,DE,lemmesTempsDE
w_DE_BE_2002_6360,DE_BE,BE,2002,6360,Lebensqualität,NN,Lebensqualität,DE,lemmesTempsDE
w_DE_BE_2002_7713,DE_BE,BE,2002,7713,Lebensqualität,NN,Lebensqualität,DE,lemmesTempsDE
w_DE_BE_2002_23118,DE_BE,BE,2002,23118,Lebensqualität,NN,Lebensqualität,DE,lemmesTempsDE
w_DE_BE_2002_23127,DE_BE,BE,2002,23127,Lebensqualität,NN,Lebensqualität,DE,lemmesTempsDE
w_DE_AR_2002_4465,DE_AR,AR,2002,4465,Lebensqualität,NN,Lebensqualität,DE,lemmesTempsDE
w_DE_AR_2002_4713,DE_AR,AR,2002,4713,Lebensqualität,NN,Lebensqualität,DE,lemmesTempsDE
w_DE_AR_2002_14031,DE_AR,AR,2002,14031,Lebensqualität,NN,Lebensqualität,DE,lemmesTempsDE
w_DE_BS_2010_10405,DE_BS,BS,2010,10405,Lebensqualität,NN,Lebensqualität,DE,lemmesTempsDE
w_DE_BS_2010_22473,DE_BS,BS,2010,22473,Lebensqualität,NN,Lebensqualität,DE,lemmesTempsDE
w_DE_BS_2010_24293,DE_BS,BS,2010,24293,Lebensqualität,NN,Lebensqualität,DE,lemmesTempsDE
w_DE_BS_2010_27134,DE_BS,BS,2010,27134,Lebensqualität,NN,Lebensqualität,DE,lemmesTempsDE
w_DE_BS_2010_61501,DE_BS,BS,2010,61501,Lebensqualität,NN,Lebensqualität,DE,lemmesTempsDE
w_DE_BS_2010_76163,DE_BS,BS,2010,76163,Lebensqualität,NN,Lebensqualität,DE,lemmesTempsDE
w_DE_SZ_2010_6791,DE_SZ,SZ,2010,6791,Lebensqualität,NN,Lebensqualität,DE,lemmesTempsDE
w_DE_LU_2009_4995,DE_LU,LU,2009,4995,Lebensqualität,NN,Lebensqualität,DE,lemmesTempsDE
w_DE_LU_2009_8225,DE_LU,LU,2009,8225,Lebensqualität,NN,Lebensqualität,DE,lemmesTempsDE
w_DE_LU_2009_17854,DE_LU,LU,2009,17854,Lebensqualität,NN,Lebensqualität,DE,lemmesTempsDE
w_DE_LU_2009_31201,DE_LU,LU,2009,31201,Lebensqualität,NN,Lebensqualität,DE,lemmesTempsDE
w_DE_LU_2009_42485,DE_LU,LU,2009,42485,Lebensqualität,NN,Lebensqualität,DE,lemmesTempsDE
w_DE_LU_2009_55845,DE_LU,LU,2009,55845,Lebensqualität,NN,Lebensqualität,DE,lemmesTempsDE
w_DE_SH_2004_27723,DE_SH,SH,2004,27723,Lebensqualität,NN,Lebensqualität,DE,lemmesTempsDE
w_DE_SH_2004_30175,DE_SH,SH,2004,30175,Lebensqualität,NN,Lebensqualität,DE,lemmesTempsDE
w_DE_BS_2025_4696,DE_BS,BS,2025,4696,Lebensqualität,NN,Lebensqualität,DE,lemmesTempsDE
w_DE_BS_2025_4873,DE_BS,BS,2025,4873,Lebensqualität,NN,Lebensqualität,DE,lemmesTempsDE
w_DE_BS_2025_5346,DE_BS,BS,2025,5346,Lebensqualität,NN,Lebensqualität,DE,lemmesTempsDE
w_DE_BS_2025_6843,DE_BS,BS,2025,6843,Lebensqualität,NN,Lebensqualität,DE,lemmesTempsDE
w_DE_BS_2025_8628,DE_BS,BS,2025,8628,Lebensqualität,NN,Lebensqualität,DE,lemmesTempsDE
w_DE_BS_2025_14680,DE_BS,BS,2025,14680,Lebensqualität,NN,Lebensqualität,DE,lemmesTempsDE
w_DE_BS_2025_20780,DE_BS,BS,2025,20780,Lebensqualität,NN,Lebensqualität,DE,lemmesTempsDE
w_DE_BS_2025_29749,DE_BS,BS,2025,29749,Lebensqualität,NN,Lebensqualität,DE,lemmesTempsDE
w_DE_BS_2025_45079,DE_BS,BS,2025,45079,Lebensqualität,NN,Lebensqualität,DE,lemmesTempsDE
w_DE_BE_2024_5837,DE_BE,BE,2024,5837,Lebensqualität,NN,Lebensqualität,DE,lemmesTempsDE
w_DE_BE_2024_7858,DE_BE,BE,2024,7858,Lebensqualität,NN,Lebensqualität,DE,lemmesTempsDE
w_DE_BE_2024_16882,DE_BE,BE,2024,16882,Lebensqualität,NN,Lebensqualität,DE,lemmesTempsDE
w_DE_BE_2024_22311,DE_BE,BE,2024,22311,Lebensqualität,NN,Lebensqualität,DE,lemmesTempsDE
w_DE_BE_2024_22320,DE_BE,BE,2024,22320,Lebensqualität,NN,Lebensqualität,DE,lemmesTempsDE
w_DE_BE_2024_69008,DE_BE,BE,2024,69008,Lebensqualität,NN,Lebensqualität,DE,lemmesTempsDE
w_DE_BE_2004_6360,DE_BE,BE,2004,6360,Lebensqualität,NN,Lebensqualität,DE,lemmesTempsDE
w_DE_BE_2004_7713,DE_BE,BE,2004,7713,Lebensqualität,NN,Lebensqualität,DE,lemmesTempsDE
w_DE_BE_2004_23116,DE_BE,BE,2004,23116,Lebensqualität,NN,Lebensqualität,DE,lemmesTempsDE
w_DE_BE_2004_23125,DE_BE,BE,2004,23125,Lebensqualität,NN,Lebensqualität,DE,lemmesTempsDE
w_DE_AI_2002_39086,DE_AI,AI,2002,39086,Lebensqualität,NN,Lebensqualität,DE,lemmesTempsDE
w_DE_AI_2002_39959,DE_AI,AI,2002,39959,Lebensqualität,NN,Lebensqualität,DE,lemmesTempsDE
w_DE_AI_2002_40673,DE_AI,AI,2002,40673,Lebensqualität,NN,Lebensqualität,DE,lemmesTempsDE
w_DE_SH_2021_2768,DE_SH,SH,2021,2768,Lebensqualität,NN,Lebensqualität,DE,lemmesTempsDE
w_DE_SH_2021_14033,DE_SH,SH,2021,14033,Lebensqualität,NN,Lebensqualität,DE,lemmesTempsDE
w_DE_SH_2021_19432,DE_SH,SH,2021,19432,Lebensqualität,NN,Lebensqualität,DE,lemmesTempsDE
w_DE_SH_2021_30065,DE_SH,SH,2021,30065,Lebensqualität,NN,Lebensqualität,DE,lemmesTempsDE
w_DE_SH_2021_43359,DE_SH,SH,2021,43359,Lebensqualität,NN,Lebensqualität,DE,lemmesTempsDE
w_DE_SZ_2022_20843,DE_SZ,SZ,2022,20843,Lebensqualität,NN,Lebensqualität,DE,lemmesTempsDE
w_DE_SZ_2022_29793,DE_SZ,SZ,2022,29793,Lebensqualität,NN,Lebensqualität,DE,lemmesTempsDE
w_DE_SZ_2022_33790,DE_SZ,SZ,2022,33790,Lebensqualität,NN,Lebensqualität,DE,lemmesTempsDE
w_DE_BE_2006_6399,DE_BE,BE,2006,6399,Lebensqualität,NN,Lebensqualität,DE,lemmesTempsDE
w_DE_BE_2006_7752,DE_BE,BE,2006,7752,Lebensqualität,NN,Lebensqualität,DE,lemmesTempsDE
w_DE_BE_2006_25153,DE_BE,BE,2006,25153,Lebensqualität,NN,Lebensqualität,DE,lemmesTempsDE
w_DE_BE_2006_25162,DE_BE,BE,2006,25162,Lebensqualität,NN,Lebensqualität,DE,lemmesTempsDE
w_DE_BE_2013_6670,DE_BE,BE,2013,6670,Lebensqualität,NN,Lebensqualität,DE,lemmesTempsDE
w_DE_BE_2013_7863,DE_BE,BE,2013,7863,Lebensqualität,NN,Lebensqualität,DE,lemmesTempsDE
w_DE_BE_2013_24574,DE_BE,BE,2013,24574,Lebensqualität,NN,Lebensqualität,DE,lemmesTempsDE
w_DE_BE_2013_27802,DE_BE,BE,2013,27802,Lebensqualität,NN,Lebensqualität,DE,lemmesTempsDE
w_DE_BE_2013_27811,DE_BE,BE,2013,27811,Lebensqualität,NN,Lebensqualität,DE,lemmesTempsDE
w_DE_AG_1996_5555,DE_AG,AG,1996,5555,Lebensqualität,NN,Lebensqualität,DE,lemmesTempsDE
w_DE_AG_1996_5678,DE_AG,AG,1996,5678,Lebensqualität,NN,Lebensqualität,DE,lemmesTempsDE
w_DE_AG_1996_10943,DE_AG,AG,1996,10943,Lebensqualität,NN,Lebensqualität,DE,lemmesTempsDE
w_DE_AG_1996_12095,DE_AG,AG,1996,12095,Lebensqualität,NN,Lebensqualität,DE,lemmesTempsDE
w_DE_AG_1996_36237,DE_AG,AG,1996,36237,Lebensqualität,NN,Lebensqualität,DE,lemmesTempsDE
w_DE_AR_2012_4212,DE_AR,AR,2012,4212,Lebensqualität,NN,Lebensqualität,DE,lemmesTempsDE
w_DE_AR_2012_4460,DE_AR,AR,2012,4460,Lebensqualität,NN,Lebensqualität,DE,lemmesTempsDE
w_DE_AR_2025_5784,DE_AR,AR,2025,5784,Lebensqualität,NN,Lebensqualität,DE,lemmesTempsDE
w_DE_BL_2025_14418,DE_BL,BL,2025,14418,Lebensqualität,NN,Lebensqualität,DE,lemmesTempsDE
w_DE_BL_2025_25825,DE_BL,BL,2025,25825,Lebensqualität,NN,Lebensqualität,DE,lemmesTempsDE
w_DE_BL_2025_32927,DE_BL,BL,2025,32927,Lebensqualität,NN,Lebensqualität,DE,lemmesTempsDE
w_DE_BL_2025_40555,DE_BL,BL,2025,40555,Lebensqualität,NN,Lebensqualität,DE,lemmesTempsDE
w_DE_BE_2012_6705,DE_BE,BE,2012,6705,Lebensqualität,NN,Lebensqualität,DE,lemmesTempsDE
w_DE_BE_2012_7898,DE_BE,BE,2012,7898,Lebensqualität,NN,Lebensqualität,DE,lemmesTempsDE
w_DE_BE_2012_24609,DE_BE,BE,2012,24609,Lebensqualität,NN,Lebensqualität,DE,lemmesTempsDE
w_DE_BE_2012_27837,DE_BE,BE,2012,27837,Lebensqualität,NN,Lebensqualität,DE,lemmesTempsDE
w_DE_BE_2012_27846,DE_BE,BE,2012,27846,Lebensqualität,NN,Lebensqualität,DE,lemmesTempsDE
w_DE_BS_2012_8065,DE_BS,BS,2012,8065,Lebensqualität,NN,Lebensqualität,DE,lemmesTempsDE
w_DE_BS_2012_22889,DE_BS,BS,2012,22889,Lebensqualität,NN,Lebensqualität,DE,lemmesTempsDE
w_DE_BS_2012_24968,DE_BS,BS,2012,24968,Lebensqualität,NN,Lebensqualität,DE,lemmesTempsDE
w_DE_BS_2012_26858,DE_BS,BS,2012,26858,Lebensqualität,NN,Lebensqualität,DE,lemmesTempsDE
w_DE_BS_2012_27648,DE_BS,BS,2012,27648,Lebensqualität,NN,Lebensqualität,DE,lemmesTempsDE
w_DE_BS_2012_30119,DE_BS,BS,2012,30119,Lebensqualität,NN,Lebensqualität,DE,lemmesTempsDE
w_DE_BS_2018_5380,DE_BS,BS,2018,5380,Lebensqualität,NN,Lebensqualität,DE,lemmesTempsDE
w_DE_BS_2018_7937,DE_BS,BS,2018,7937,Lebensqualität,NN,Lebensqualität,DE,lemmesTempsDE
w_DE_BS_2018_10543,DE_BS,BS,2018,10543,Lebensqualität,NN,Lebensqualität,DE,lemmesTempsDE
w_DE_BS_2018_10738,DE_BS,BS,2018,10738,Lebensqualität,NN,Lebensqualität,DE,lemmesTempsDE
w_DE_BS_2018_13525,DE_BS,BS,2018,13525,Lebensqualität,NN,Lebensqualität,DE,lemmesTempsDE
w_DE_BS_2018_16133,DE_BS,BS,2018,16133,Lebensqualität,NN,Lebensqualität,DE,lemmesTempsDE
w_DE_BS_2018_22852,DE_BS,BS,2018,22852,Lebensqualität,NN,Lebensqualität,DE,lemmesTempsDE
w_DE_BS_2018_31658,DE_BS,BS,2018,31658,Lebensqualität,NN,Lebensqualität,DE,lemmesTempsDE
w_DE_ZH_2020_4228,DE_ZH,ZH,2020,4228,Lebensqualität,NN,Lebensqualität,DE,lemmesTempsDE
w_DE_ZH_2020_4254,DE_ZH,ZH,2020,4254,Lebensqualität,NN,Lebensqualität,DE,lemmesTempsDE
w_DE_ZH_2020_4331,DE_ZH,ZH,2020,4331,Lebensqualität,NN,Lebensqualität,DE,lemmesTempsDE
w_DE_ZH_2020_5076,DE_ZH,ZH,2020,5076,Lebensqualität,NN,Lebensqualität,DE,lemmesTempsDE
w_DE_ZH_2020_22037,DE_ZH,ZH,2020,22037,Lebensqualität,NN,Lebensqualität,DE,lemmesTempsDE
w_DE_ZH_2020_35089,DE_ZH,ZH,2020,35089,Lebensqualität,NN,Lebensqualität,DE,lemmesTempsDE
w_DE_ZG_1987_18210,DE_ZG,ZG,1987,18210,Leistungen,NN,Leistung,DE,lemmesTempsDE
w_DE_ZG_1987_29506,DE_ZG,ZG,1987,29506,Leistung,NN,Leistung,DE,lemmesTempsDE
w_DE_TG_2018_17419,DE_TG,TG,2018,17419,Leistungen,NN,Leistung,DE,lemmesTempsDE
w_DE_TG_2018_28376,DE_TG,TG,2018,28376,Leistungen,NN,Leistung,DE,lemmesTempsDE
w_DE_TG_2018_45108,DE_TG,TG,2018,45108,Leistung,NN,Leistung,DE,lemmesTempsDE
w_DE_TG_2018_45163,DE_TG,TG,2018,45163,Leistung,NN,Leistung,DE,lemmesTempsDE
w_DE_AG_2025_1665,DE_AG,AG,2025,1665,Leistungen,NN,Leistung,DE,lemmesTempsDE
w_DE_AG_2025_4155,DE_AG,AG,2025,4155,Leistungen,NN,Leistung,DE,lemmesTempsDE
w_DE_AG_2025_55213,DE_AG,AG,2025,55213,Leistungen,NN,Leistung,DE,lemmesTempsDE
w_DE_AG_2025_55221,DE_AG,AG,2025,55221,Leistungen,NN,Leistung,DE,lemmesTempsDE
w_DE_AG_2025_57002,DE_AG,AG,2025,57002,Leistungen,NN,Leistung,DE,lemmesTempsDE
w_DE_AG_2025_81099,DE_AG,AG,2025,81099,Leistung,NN,Leistung,DE,lemmesTempsDE
w_DE_AG_2025_81143,DE_AG,AG,2025,81143,Leistung,NN,Leistung,DE,lemmesTempsDE
w_DE_AG_2025_81176,DE_AG,AG,2025,81176,Leistung,NN,Leistung,DE,lemmesTempsDE
w_DE_AG_2025_81270,DE_AG,AG,2025,81270,Leistung,NN,Leistung,DE,lemmesTempsDE
w_DE_AG_2025_84527,DE_AG,AG,2025,84527,Leistung,NN,Leistung,DE,lemmesTempsDE
w_DE_AG_2025_84552,DE_AG,AG,2025,84552,Leistung,NN,Leistung,DE,lemmesTempsDE
w_DE_BS_1986_43960,DE_BS,BS,1986,43960,Leistung,NN,Leistung,DE,lemmesTempsDE
w_DE_BE_2010_2177,DE_BE,BE,2010,2177,Leistung,NN,Leistung,DE,lemmesTempsDE
w_DE_BE_2010_2260,DE_BE,BE,2010,2260,Leistungen,NN,Leistung,DE,lemmesTempsDE
w_DE_BE_2010_3156,DE_BE,BE,2010,3156,Leistungen,NN,Leistung,DE,lemmesTempsDE
w_DE_BE_2010_7901,DE_BE,BE,2010,7901,Leistungen,NN,Leistung,DE,lemmesTempsDE
w_DE_BE_2010_7922,DE_BE,BE,2010,7922,Leistungen,NN,Leistung,DE,lemmesTempsDE
w_DE_BE_2010_7956,DE_BE,BE,2010,7956,Leistungen,NN,Leistung,DE,lemmesTempsDE
w_DE_BE_2010_20663,DE_BE,BE,2010,20663,Leistungen,NN,Leistung,DE,lemmesTempsDE
w_DE_BE_2010_20971,DE_BE,BE,2010,20971,Leistungen,NN,Leistung,DE,lemmesTempsDE
w_DE_BE_2010_22329,DE_BE,BE,2010,22329,Leistungen,NN,Leistung,DE,lemmesTempsDE
w_DE_BE_2010_25676,DE_BE,BE,2010,25676,Leistungen,NN,Leistung,DE,lemmesTempsDE
w_DE_BE_2010_31414,DE_BE,BE,2010,31414,Leistungen,NN,Leistung,DE,lemmesTempsDE
w_DE_BE_2010_31571,DE_BE,BE,2010,31571,Leistungen,NN,Leistung,DE,lemmesTempsDE
w_DE_BE_2010_33291,DE_BE,BE,2010,33291,Leistung,NN,Leistung,DE,lemmesTempsDE
w_DE_BE_2010_49269,DE_BE,BE,2010,49269,Leistungen,NN,Leistung,DE,lemmesTempsDE
w_DE_BE_2010_50182,DE_BE,BE,2010,50182,Leistungen,NN,Leistung,DE,lemmesTempsDE
w_DE_BE_2010_73662,DE_BE,BE,2010,73662,Leistungen,NN,Leistung,DE,lemmesTempsDE
w_DE_LU_2025_37783,DE_LU,LU,2025,37783,Leistungen,NN,Leistung,DE,lemmesTempsDE
w_DE_LU_2025_44691,DE_LU,LU,2025,44691,Leistung,NN,Leistung,DE,lemmesTempsDE
w_DE_LU_2025_45820,DE_LU,LU,2025,45820,Leistung,NN,Leistung,DE,lemmesTempsDE
w_DE_LU_2025_46119,DE_LU,LU,2025,46119,Leistung,NN,Leistung,DE,lemmesTempsDE
w_DE_LU_2025_46277,DE_LU,LU,2025,46277,Leistung,NN,Leistung,DE,lemmesTempsDE
w_DE_LU_2025_47851,DE_LU,LU,2025,47851,Leistung,NN,Leistung,DE,lemmesTempsDE
w_DE_LU_2025_47951,DE_LU,LU,2025,47951,Leistung,NN,Leistung,DE,lemmesTempsDE
w_DE_LU_2025_48076,DE_LU,LU,2025,48076,Leistung,NN,Leistung,DE,lemmesTempsDE
w_DE_LU_2025_48438,DE_LU,LU,2025,48438,Leistung,NN,Leistung,DE,lemmesTempsDE
w_DE_LU_2025_48456,DE_LU,LU,2025,48456,Leistung,NN,Leistung,DE,lemmesTempsDE
w_DE_LU_2025_48937,DE_LU,LU,2025,48937,Leistung,NN,Leistung,DE,lemmesTempsDE
w_DE_NW_2024_25723,DE_NW,NW,2024,25723,Leistungen,NN,Leistung,DE,lemmesTempsDE
w_DE_NW_2024_28029,DE_NW,NW,2024,28029,Leistungen,NN,Leistung,DE,lemmesTempsDE
w_DE_AI_2011_1741,DE_AI,AI,2011,1741,Leistungen,NN,Leistung,DE,lemmesTempsDE
w_DE_AI_2011_20494,DE_AI,AI,2011,20494,Leistungen,NN,Leistung,DE,lemmesTempsDE
w_DE_SZ_1986_27489,DE_SZ,SZ,1986,27489,Leistungen,NN,Leistung,DE,lemmesTempsDE
w_DE_SO_2023_23012,DE_SO,SO,2023,23012,leistungen,NN,Leistung,DE,lemmesTempsDE
w_DE_SO_2023_40298,DE_SO,SO,2023,40298,Leistungen,NN,Leistung,DE,lemmesTempsDE
w_DE_SO_2023_50196,DE_SO,SO,2023,50196,Leistungen,NN,Leistung,DE,lemmesTempsDE
w_DE_SO_2023_53573,DE_SO,SO,2023,53573,Leistungen,NN,Leistung,DE,lemmesTempsDE
w_DE_SO_2023_54862,DE_SO,SO,2023,54862,Leistung,NN,Leistung,DE,lemmesTempsDE
w_DE_SO_2023_55054,DE_SO,SO,2023,55054,Leistung,NN,Leistung,DE,lemmesTempsDE
w_DE_SO_2023_55379,DE_SO,SO,2023,55379,Leistung,NN,Leistung,DE,lemmesTempsDE
w_DE_SO_2023_55411,DE_SO,SO,2023,55411,Leistung,NN,Leistung,DE,lemmesTempsDE
w_DE_OW_2006_19059,DE_OW,OW,2006,19059,Leistungen,NN,Leistung,DE,lemmesTempsDE
w_DE_UR_2023_16315,DE_UR,UR,2023,16315,Leistungen,NN,Leistung,DE,lemmesTempsDE
w_DE_GL_2025_4907,DE_GL,GL,2025,4907,Leistungen,NN,Leistung,DE,lemmesTempsDE
w_DE_GL_2025_5593,DE_GL,GL,2025,5593,Leistungen,NN,Leistung,DE,lemmesTempsDE
w_DE_GL_2025_6274,DE_GL,GL,2025,6274,Leistungen,NN,Leistung,DE,lemmesTempsDE
w_DE_GL_2025_16076,DE_GL,GL,2025,16076,Leistungen,NN,Leistung,DE,lemmesTempsDE
w_DE_GL_2025_24137,DE_GL,GL,2025,24137,Leistungen,NN,Leistung,DE,lemmesTempsDE
w_DE_GL_2025_24493,DE_GL,GL,2025,24493,Leistungen,NN,Leistung,DE,lemmesTempsDE
w_DE_GL_2025_35364,DE_GL,GL,2025,35364,Leistungen,NN,Leistung,DE,lemmesTempsDE
w_DE_GL_2025_38883,DE_GL,GL,2025,38883,Leistung,NN,Leistung,DE,lemmesTempsDE
w_DE_GL_2025_39093,DE_GL,GL,2025,39093,Leistung,NN,Leistung,DE,lemmesTempsDE
w_DE_GL_2025_40186,DE_GL,GL,2025,40186,Leistung,NN,Leistung,DE,lemmesTempsDE
w_DE_BS_2024_23485,DE_BS,BS,2024,23485,Leistungen,NN,Leistung,DE,lemmesTempsDE
w_DE_BS_2024_40294,DE_BS,BS,2024,40294,Leistungen,NN,Leistung,DE,lemmesTempsDE
w_DE_ZG_2004_4396,DE_ZG,ZG,2004,4396,Leistungen,NN,Leistung,DE,lemmesTempsDE
w_DE_ZG_2004_24774,DE_ZG,ZG,2004,24774,Leistungen,NN,Leistung,DE,lemmesTempsDE
w_DE_ZG_2025_16199,DE_ZG,ZG,2025,16199,Leistung,NN,Leistung,DE,lemmesTempsDE
w_DE_ZG_2025_16209,DE_ZG,ZG,2025,16209,Leistung,NN,Leistung,DE,lemmesTempsDE
w_DE_BE_2008_2179,DE_BE,BE,2008,2179,Leistung,NN,Leistung,DE,lemmesTempsDE
w_DE_BE_2008_2262,DE_BE,BE,2008,2262,Leistungen,NN,Leistung,DE,lemmesTempsDE
w_DE_BE_2008_3158,DE_BE,BE,2008,3158,Leistungen,NN,Leistung,DE,lemmesTempsDE
w_DE_BE_2008_7859,DE_BE,BE,2008,7859,Leistungen,NN,Leistung,DE,lemmesTempsDE
w_DE_BE_2008_7880,DE_BE,BE,2008,7880,Leistungen,NN,Leistung,DE,lemmesTempsDE
w_DE_BE_2008_7914,DE_BE,BE,2008,7914,Leistungen,NN,Leistung,DE,lemmesTempsDE
w_DE_BE_2008_18468,DE_BE,BE,2008,18468,Leistungen,NN,Leistung,DE,lemmesTempsDE
w_DE_BE_2008_18776,DE_BE,BE,2008,18776,Leistungen,NN,Leistung,DE,lemmesTempsDE
w_DE_BE_2008_23121,DE_BE,BE,2008,23121,Leistungen,NN,Leistung,DE,lemmesTempsDE
w_DE_BE_2008_28642,DE_BE,BE,2008,28642,Leistungen,NN,Leistung,DE,lemmesTempsDE
w_DE_BE_2008_28799,DE_BE,BE,2008,28799,Leistungen,NN,Leistung,DE,lemmesTempsDE
w_DE_BE_2008_30562,DE_BE,BE,2008,30562,Leistung,NN,Leistung,DE,lemmesTempsDE
w_DE_BE_2008_45884,DE_BE,BE,2008,45884,Leistungen,NN,Leistung,DE,lemmesTempsDE
w_DE_BE_2008_46513,DE_BE,BE,2008,46513,Leistungen,NN,Leistung,DE,lemmesTempsDE
w_DE_BE_2008_61201,DE_BE,BE,2008,61201,Leistungen,NN,Leistung,DE,lemmesTempsDE
w_DE_BE_2002_2140,DE_BE,BE,2002,2140,Leistung,NN,Leistung,DE,lemmesTempsDE
w_DE_BE_2002_2223,DE_BE,BE,2002,2223,Leistungen,NN,Leistung,DE,lemmesTempsDE
w_DE_BE_2002_3119,DE_BE,BE,2002,3119,Leistungen,NN,Leistung,DE,lemmesTempsDE
w_DE_BE_2002_7819,DE_BE,BE,2002,7819,Leistungen,NN,Leistung,DE,lemmesTempsDE
w_DE_BE_2002_7840,DE_BE,BE,2002,7840,Leistungen,NN,Leistung,DE,lemmesTempsDE
w_DE_BE_2002_7874,DE_BE,BE,2002,7874,Leistungen,NN,Leistung,DE,lemmesTempsDE
w_DE_BE_2002_17603,DE_BE,BE,2002,17603,Leistungen,NN,Leistung,DE,lemmesTempsDE
w_DE_BE_2002_17909,DE_BE,BE,2002,17909,Leistungen,NN,Leistung,DE,lemmesTempsDE
w_DE_BE_2002_26402,DE_BE,BE,2002,26402,Leistungen,NN,Leistung,DE,lemmesTempsDE
w_DE_BE_2002_26559,DE_BE,BE,2002,26559,Leistungen,NN,Leistung,DE,lemmesTempsDE
w_DE_BE_2002_28278,DE_BE,BE,2002,28278,Leistung,NN,Leistung,DE,lemmesTempsDE
w_DE_BE_2002_40582,DE_BE,BE,2002,40582,Leistungen,NN,Leistung,DE,lemmesTempsDE
w_DE_BE_2002_41421,DE_BE,BE,2002,41421,Leistungen,NN,Leistung,DE,lemmesTempsDE
w_DE_BE_2002_52678,DE_BE,BE,2002,52678,Leistungen,NN,Leistung,DE,lemmesTempsDE
w_DE_BE_2002_57291,DE_BE,BE,2002,57291,Leistungen,NN,Leistung,DE,lemmesTempsDE
w_DE_BE_2002_57299,DE_BE,BE,2002,57299,Leistungen,NN,Leistung,DE,lemmesTempsDE
w_DE_BS_2010_75078,DE_BS,BS,2010,75078,Leistung,NN,Leistung,DE,lemmesTempsDE
w_DE_OW_1987_5540,DE_OW,OW,1987,5540,Leistung,NN,Leistung,DE,lemmesTempsDE
w_DE_OW_1987_79602,DE_OW,OW,1987,79602,Leistung,NN,Leistung,DE,lemmesTempsDE
w_DE_LU_2009_15602,DE_LU,LU,2009,15602,Leistungen,NN,Leistung,DE,lemmesTempsDE
w_DE_LU_2009_15951,DE_LU,LU,2009,15951,Leistungen,NN,Leistung,DE,lemmesTempsDE
w_DE_LU_2009_30874,DE_LU,LU,2009,30874,Leistungen,NN,Leistung,DE,lemmesTempsDE
w_DE_LU_2009_53191,DE_LU,LU,2009,53191,Leistungen,NN,Leistung,DE,lemmesTempsDE
w_DE_LU_2009_63572,DE_LU,LU,2009,63572,Leistung,NN,Leistung,DE,lemmesTempsDE
w_DE_LU_2009_65712,DE_LU,LU,2009,65712,Leistung,NN,Leistung,DE,lemmesTempsDE
w_DE_LU_2009_65730,DE_LU,LU,2009,65730,Leistung,NN,Leistung,DE,lemmesTempsDE
w_DE_SH_2004_28873,DE_SH,SH,2004,28873,Leistungen,NN,Leistung,DE,lemmesTempsDE
w_DE_SH_2004_28878,DE_SH,SH,2004,28878,Leistungen,NN,Leistung,DE,lemmesTempsDE
w_DE_SH_2004_59355,DE_SH,SH,2004,59355,Leistungen,NN,Leistung,DE,lemmesTempsDE
w_DE_SH_2004_60098,DE_SH,SH,2004,60098,Leistungen,NN,Leistung,DE,lemmesTempsDE
w_DE_SH_2004_112525,DE_SH,SH,2004,112525,Leistung,NN,Leistung,DE,lemmesTempsDE
w_DE_SH_2004_115455,DE_SH,SH,2004,115455,Leistung,NN,Leistung,DE,lemmesTempsDE
w_DE_SH_2004_116035,DE_SH,SH,2004,116035,Leistungen,NN,Leistung,DE,lemmesTempsDE
w_DE_BS_2025_35591,DE_BS,BS,2025,35591,Leistungen,NN,Leistung,DE,lemmesTempsDE
w_DE_BS_2025_72922,DE_BS,BS,2025,72922,Leistungen,NN,Leistung,DE,lemmesTempsDE
w_DE_BE_2024_719,DE_BE,BE,2024,719,Leistung,NN,Leistung,DE,lemmesTempsDE
w_DE_BE_2024_802,DE_BE,BE,2024,802,Leistungen,NN,Leistung,DE,lemmesTempsDE
w_DE_BE_2024_2302,DE_BE,BE,2024,2302,Leistungen,NN,Leistung,DE,lemmesTempsDE
w_DE_BE_2024_23971,DE_BE,BE,2024,23971,Leistungen,NN,Leistung,DE,lemmesTempsDE
w_DE_BE_2024_25634,DE_BE,BE,2024,25634,Leistung,NN,Leistung,DE,lemmesTempsDE
w_DE_BE_2024_46118,DE_BE,BE,2024,46118,Leistungen,NN,Leistung,DE,lemmesTempsDE
w_DE_BE_2024_64672,DE_BE,BE,2024,64672,Leistungen,NN,Leistung,DE,lemmesTempsDE
w_DE_BE_2024_64854,DE_BE,BE,2024,64854,Leistungen,NN,Leistung,DE,lemmesTempsDE
w_DE_BE_2004_2140,DE_BE,BE,2004,2140,Leistung,NN,Leistung,DE,lemmesTempsDE
w_DE_BE_2004_2223,DE_BE,BE,2004,2223,Leistungen,NN,Leistung,DE,lemmesTempsDE
w_DE_BE_2004_3119,DE_BE,BE,2004,3119,Leistungen,NN,Leistung,DE,lemmesTempsDE
w_DE_BE_2004_7819,DE_BE,BE,2004,7819,Leistungen,NN,Leistung,DE,lemmesTempsDE
w_DE_BE_2004_7840,DE_BE,BE,2004,7840,Leistungen,NN,Leistung,DE,lemmesTempsDE
w_DE_BE_2004_7874,DE_BE,BE,2004,7874,Leistungen,NN,Leistung,DE,lemmesTempsDE
w_DE_BE_2004_17603,DE_BE,BE,2004,17603,Leistungen,NN,Leistung,DE,lemmesTempsDE
w_DE_BE_2004_17909,DE_BE,BE,2004,17909,Leistungen,NN,Leistung,DE,lemmesTempsDE
w_DE_BE_2004_26400,DE_BE,BE,2004,26400,Leistungen,NN,Leistung,DE,lemmesTempsDE
w_DE_BE_2004_26557,DE_BE,BE,2004,26557,Leistungen,NN,Leistung,DE,lemmesTempsDE
w_DE_BE_2004_28276,DE_BE,BE,2004,28276,Leistung,NN,Leistung,DE,lemmesTempsDE
w_DE_BE_2004_40557,DE_BE,BE,2004,40557,Leistungen,NN,Leistung,DE,lemmesTempsDE
w_DE_BE_2004_41393,DE_BE,BE,2004,41393,Leistungen,NN,Leistung,DE,lemmesTempsDE
w_DE_BE_2004_53866,DE_BE,BE,2004,53866,Leistungen,NN,Leistung,DE,lemmesTempsDE
w_DE_BE_2004_58565,DE_BE,BE,2004,58565,Leistungen,NN,Leistung,DE,lemmesTempsDE
w_DE_BE_2004_58573,DE_BE,BE,2004,58573,Leistungen,NN,Leistung,DE,lemmesTempsDE
w_DE_AI_2002_11938,DE_AI,AI,2002,11938,Leistungen,NN,Leistung,DE,lemmesTempsDE
w_DE_AI_2002_11948,DE_AI,AI,2002,11948,Leistungen,NN,Leistung,DE,lemmesTempsDE
w_DE_AI_2002_36021,DE_AI,AI,2002,36021,Leistungen,NN,Leistung,DE,lemmesTempsDE
w_DE_SH_2021_5961,DE_SH,SH,2021,5961,Leistungen,NN,Leistung,DE,lemmesTempsDE
w_DE_SZ_2022_40285,DE_SZ,SZ,2022,40285,Leistung,NN,Leistung,DE,lemmesTempsDE
w_DE_SZ_2022_40562,DE_SZ,SZ,2022,40562,Leistung,NN,Leistung,DE,lemmesTempsDE
w_DE_SZ_2022_40702,DE_SZ,SZ,2022,40702,Leistung,NN,Leistung,DE,lemmesTempsDE
w_DE_SZ_2022_40993,DE_SZ,SZ,2022,40993,Leistung,NN,Leistung,DE,lemmesTempsDE
w_DE_SZ_2022_44264,DE_SZ,SZ,2022,44264,Leistung,NN,Leistung,DE,lemmesTempsDE
w_DE_SZ_2022_44395,DE_SZ,SZ,2022,44395,Leistung,NN,Leistung,DE,lemmesTempsDE
w_DE_BE_2006_2179,DE_BE,BE,2006,2179,Leistung,NN,Leistung,DE,lemmesTempsDE
w_DE_BE_2006_2262,DE_BE,BE,2006,2262,Leistungen,NN,Leistung,DE,lemmesTempsDE
w_DE_BE_2006_3158,DE_BE,BE,2006,3158,Leistungen,NN,Leistung,DE,lemmesTempsDE
w_DE_BE_2006_7858,DE_BE,BE,2006,7858,Leistungen,NN,Leistung,DE,lemmesTempsDE
w_DE_BE_2006_7879,DE_BE,BE,2006,7879,Leistungen,NN,Leistung,DE,lemmesTempsDE
w_DE_BE_2006_7913,DE_BE,BE,2006,7913,Leistungen,NN,Leistung,DE,lemmesTempsDE
w_DE_BE_2006_18467,DE_BE,BE,2006,18467,Leistungen,NN,Leistung,DE,lemmesTempsDE
w_DE_BE_2006_18775,DE_BE,BE,2006,18775,Leistungen,NN,Leistung,DE,lemmesTempsDE
w_DE_BE_2006_23120,DE_BE,BE,2006,23120,Leistungen,NN,Leistung,DE,lemmesTempsDE
w_DE_BE_2006_28641,DE_BE,BE,2006,28641,Leistungen,NN,Leistung,DE,lemmesTempsDE
w_DE_BE_2006_28798,DE_BE,BE,2006,28798,Leistungen,NN,Leistung,DE,lemmesTempsDE
w_DE_BE_2006_30561,DE_BE,BE,2006,30561,Leistung,NN,Leistung,DE,lemmesTempsDE
w_DE_BE_2006_46416,DE_BE,BE,2006,46416,Leistungen,NN,Leistung,DE,lemmesTempsDE
w_DE_BE_2006_47055,DE_BE,BE,2006,47055,Leistungen,NN,Leistung,DE,lemmesTempsDE
w_DE_BE_2006_61498,DE_BE,BE,2006,61498,Leistungen,NN,Leistung,DE,lemmesTempsDE
w_DE_AI_2015_4149,DE_AI,AI,2015,4149,Leistung,NN,Leistung,DE,lemmesTempsDE
w_DE_AI_2015_4766,DE_AI,AI,2015,4766,Leistung,NN,Leistung,DE,lemmesTempsDE
w_DE_AI_2015_4774,DE_AI,AI,2015,4774,Leistung,NN,Leistung,DE,lemmesTempsDE
w_DE_AI_2015_4781,DE_AI,AI,2015,4781,Leistung,NN,Leistung,DE,lemmesTempsDE
w_DE_AI_2015_5192,DE_AI,AI,2015,5192,Leistung,NN,Leistung,DE,lemmesTempsDE
w_DE_AI_2015_9418,DE_AI,AI,2015,9418,Leistung,NN,Leistung,DE,lemmesTempsDE
w_DE_AI_2015_11634,DE_AI,AI,2015,11634,Leistung,NN,Leistung,DE,lemmesTempsDE
w_DE_AI_2015_11672,DE_AI,AI,2015,11672,Leistung,NN,Leistung,DE,lemmesTempsDE
w_DE_AI_2015_11917,DE_AI,AI,2015,11917,Leistung,NN,Leistung,DE,lemmesTempsDE
w_DE_AI_2015_15354,DE_AI,AI,2015,15354,Leistung,NN,Leistung,DE,lemmesTempsDE
w_DE_AI_2015_15557,DE_AI,AI,2015,15557,Leistung,NN,Leistung,DE,lemmesTempsDE
w_DE_AI_2015_17674,DE_AI,AI,2015,17674,Leistung,NN,Leistung,DE,lemmesTempsDE
w_DE_AI_2015_18157,DE_AI,AI,2015,18157,Leistung,NN,Leistung,DE,lemmesTempsDE
w_DE_AI_2015_19037,DE_AI,AI,2015,19037,Leistung,NN,Leistung,DE,lemmesTempsDE
w_DE_BE_2013_2153,DE_BE,BE,2013,2153,Leistung,NN,Leistung,DE,lemmesTempsDE
w_DE_BE_2013_2236,DE_BE,BE,2013,2236,Leistungen,NN,Leistung,DE,lemmesTempsDE
w_DE_BE_2013_3132,DE_BE,BE,2013,3132,Leistungen,NN,Leistung,DE,lemmesTempsDE
w_DE_BE_2013_7877,DE_BE,BE,2013,7877,Leistungen,NN,Leistung,DE,lemmesTempsDE
w_DE_BE_2013_7898,DE_BE,BE,2013,7898,Leistungen,NN,Leistung,DE,lemmesTempsDE
w_DE_BE_2013_7932,DE_BE,BE,2013,7932,Leistungen,NN,Leistung,DE,lemmesTempsDE
w_DE_BE_2013_20639,DE_BE,BE,2013,20639,Leistungen,NN,Leistung,DE,lemmesTempsDE
w_DE_BE_2013_20947,DE_BE,BE,2013,20947,Leistungen,NN,Leistung,DE,lemmesTempsDE
w_DE_BE_2013_22305,DE_BE,BE,2013,22305,Leistungen,NN,Leistung,DE,lemmesTempsDE
w_DE_BE_2013_25652,DE_BE,BE,2013,25652,Leistungen,NN,Leistung,DE,lemmesTempsDE
w_DE_BE_2013_31386,DE_BE,BE,2013,31386,Leistungen,NN,Leistung,DE,lemmesTempsDE
w_DE_BE_2013_31543,DE_BE,BE,2013,31543,Leistungen,NN,Leistung,DE,lemmesTempsDE
w_DE_BE_2013_33263,DE_BE,BE,2013,33263,Leistung,NN,Leistung,DE,lemmesTempsDE
w_DE_BE_2013_47996,DE_BE,BE,2013,47996,Leistungen,NN,Leistung,DE,lemmesTempsDE
w_DE_BE_2013_48917,DE_BE,BE,2013,48917,Leistungen,NN,Leistung,DE,lemmesTempsDE
w_DE_BE_2013_69004,DE_BE,BE,2013,69004,Leistungen,NN,Leistung,DE,lemmesTempsDE
w_DE_AG_1996_8335,DE_AG,AG,1996,8335,Leistungen,NN,Leistung,DE,lemmesTempsDE
w_DE_AG_1996_25614,DE_AG,AG,1996,25614,Leistungen,NN,Leistung,DE,lemmesTempsDE
w_DE_AG_1996_32010,DE_AG,AG,1996,32010,Leistungen,NN,Leistung,DE,lemmesTempsDE
w_DE_AG_1996_34645,DE_AG,AG,1996,34645,Leistungen,NN,Leistung,DE,lemmesTempsDE
w_DE_AG_1996_39110,DE_AG,AG,1996,39110,Leistung,NN,Leistung,DE,lemmesTempsDE
w_DE_AG_1996_48155,DE_AG,AG,1996,48155,Leistungen,NN,Leistung,DE,lemmesTempsDE
w_DE_AR_2025_45581,DE_AR,AR,2025,45581,Leistung,NN,Leistung,DE,lemmesTempsDE
w_DE_BE_2012_2188,DE_BE,BE,2012,2188,Leistung,NN,Leistung,DE,lemmesTempsDE
w_DE_BE_2012_2271,DE_BE,BE,2012,2271,Leistungen,NN,Leistung,DE,lemmesTempsDE
w_DE_BE_2012_3167,DE_BE,BE,2012,3167,Leistungen,NN,Leistung,DE,lemmesTempsDE
w_DE_BE_2012_7912,DE_BE,BE,2012,7912,Leistungen,NN,Leistung,DE,lemmesTempsDE
w_DE_BE_2012_7933,DE_BE,BE,2012,7933,Leistungen,NN,Leistung,DE,lemmesTempsDE
w_DE_BE_2012_7967,DE_BE,BE,2012,7967,Leistungen,NN,Leistung,DE,lemmesTempsDE
w_DE_BE_2012_20674,DE_BE,BE,2012,20674,Leistungen,NN,Leistung,DE,lemmesTempsDE
w_DE_BE_2012_20982,DE_BE,BE,2012,20982,Leistungen,NN,Leistung,DE,lemmesTempsDE
w_DE_BE_2012_22340,DE_BE,BE,2012,22340,Leistungen,NN,Leistung,DE,lemmesTempsDE
w_DE_BE_2012_25687,DE_BE,BE,2012,25687,Leistungen,NN,Leistung,DE,lemmesTempsDE
w_DE_BE_2012_31421,DE_BE,BE,2012,31421,Leistungen,NN,Leistung,DE,lemmesTempsDE
w_DE_BE_2012_31578,DE_BE,BE,2012,31578,Leistungen,NN,Leistung,DE,lemmesTempsDE
w_DE_BE_2012_33298,DE_BE,BE,2012,33298,Leistung,NN,Leistung,DE,lemmesTempsDE
w_DE_BE_2012_49276,DE_BE,BE,2012,49276,Leistungen,NN,Leistung,DE,lemmesTempsDE
w_DE_BE_2012_50189,DE_BE,BE,2012,50189,Leistungen,NN,Leistung,DE,lemmesTempsDE
w_DE_BE_2012_73695,DE_BE,BE,2012,73695,Leistungen,NN,Leistung,DE,lemmesTempsDE
w_DE_BS_2012_44066,DE_BS,BS,2012,44066,Leistungen,NN,Leistung,DE,lemmesTempsDE
w_DE_BS_2018_43043,DE_BS,BS,2018,43043,Leistungen,NN,Leistung,DE,lemmesTempsDE
w_DE_ZH_2020_17813,DE_ZH,ZH,2020,17813,Leistungen,NN,Leistung,DE,lemmesTempsDE
w_DE_ZH_2020_17823,DE_ZH,ZH,2020,17823,Leistungen,NN,Leistung,DE,lemmesTempsDE
w_DE_ZH_2020_75733,DE_ZH,ZH,2020,75733,Leistungen,NN,Leistung,DE,lemmesTempsDE
w_DE_ZH_2020_77299,DE_ZH,ZH,2020,77299,Leistungen,NN,Leistung,DE,lemmesTempsDE
w_DE_ZH_2020_77305,DE_ZH,ZH,2020,77305,Leistungen,NN,Leistung,DE,lemmesTempsDE
w_DE_ZH_2020_77650,DE_ZH,ZH,2020,77650,Leistungen,NN,Leistung,DE,lemmesTempsDE
w_DE_TG_2018_34549,DE_TG,TG,2018,34549,Minute,NN,Minute,DE,lemmesTempsDE
w_DE_TG_2018_34589,DE_TG,TG,2018,34589,Minute,NN,Minute,DE,lemmesTempsDE
w_DE_AG_2025_12694,DE_AG,AG,2025,12694,Minuten,NN,Minute,DE,lemmesTempsDE
w_DE_AG_2025_15732,DE_AG,AG,2025,15732,Minuten,NN,Minute,DE,lemmesTempsDE
w_DE_AG_2025_47845,DE_AG,AG,2025,47845,Minuten,NN,Minute,DE,lemmesTempsDE
w_DE_AG_2025_48570,DE_AG,AG,2025,48570,Minuten,NN,Minute,DE,lemmesTempsDE
w_DE_OW_2006_13595,DE_OW,OW,2006,13595,Minuten,NN,Minute,DE,lemmesTempsDE
w_DE_BS_2019_17674,DE_BS,BS,2019,17674,Minuten,NN,Minute,DE,lemmesTempsDE
w_DE_BS_2010_47326,DE_BS,BS,2010,47326,Minuten,NN,Minute,DE,lemmesTempsDE
w_DE_SZ_2010_5772,DE_SZ,SZ,2010,5772,Minuten,NN,Minute,DE,lemmesTempsDE
w_DE_OW_1987_53915,DE_OW,OW,1987,53915,Minuten,NN,Minute,DE,lemmesTempsDE
w_DE_LU_2009_44009,DE_LU,LU,2009,44009,Minuten,NN,Minute,DE,lemmesTempsDE
w_DE_SH_2004_60469,DE_SH,SH,2004,60469,Minuten,NN,Minute,DE,lemmesTempsDE
w_DE_SH_2004_93804,DE_SH,SH,2004,93804,Minuten,NN,Minute,DE,lemmesTempsDE
w_DE_BS_2025_63307,DE_BS,BS,2025,63307,Minuten,NN,Minute,DE,lemmesTempsDE
w_DE_AI_2002_23294,DE_AI,AI,2002,23294,Minuten,NN,Minute,DE,lemmesTempsDE
w_DE_AI_2002_23311,DE_AI,AI,2002,23311,Minuten,NN,Minute,DE,lemmesTempsDE
w_DE_AI_2002_23335,DE_AI,AI,2002,23335,Minuten,NN,Minute,DE,lemmesTempsDE
w_DE_AI_2002_23366,DE_AI,AI,2002,23366,Minuten,NN,Minute,DE,lemmesTempsDE
w_DE_AI_2002_23378,DE_AI,AI,2002,23378,Minuten,NN,Minute,DE,lemmesTempsDE
w_DE_AI_2015_17834,DE_AI,AI,2015,17834,Minuten,NN,Minute,DE,lemmesTempsDE
w_DE_AI_2017_5437,DE_AI,AI,2017,5437,Minuten,NN,Minute,DE,lemmesTempsDE
w_DE_AI_2017_39119,DE_AI,AI,2017,39119,Minuten,NN,Minute,DE,lemmesTempsDE
w_DE_AI_2017_39137,DE_AI,AI,2017,39137,Minuten,NN,Minute,DE,lemmesTempsDE
w_DE_AI_2017_39146,DE_AI,AI,2017,39146,Minuten,NN,Minute,DE,lemmesTempsDE
w_DE_AI_2017_39200,DE_AI,AI,2017,39200,Minuten,NN,Minute,DE,lemmesTempsDE
w_DE_AI_2017_39209,DE_AI,AI,2017,39209,Minuten,NN,Minute,DE,lemmesTempsDE
w_DE_AI_2017_45572,DE_AI,AI,2017,45572,Minuten,NN,Minute,DE,lemmesTempsDE
w_DE_AR_2025_28362,DE_AR,AR,2025,28362,Minuten,NN,Minute,DE,lemmesTempsDE
w_DE_AR_2025_28406,DE_AR,AR,2025,28406,Minuten,NN,Minute,DE,lemmesTempsDE
w_DE_AR_2025_28519,DE_AR,AR,2025,28519,Minuten,NN,Minute,DE,lemmesTempsDE
w_DE_AR_2025_28529,DE_AR,AR,2025,28529,Minuten,NN,Minute,DE,lemmesTempsDE
w_DE_AR_2025_28709,DE_AR,AR,2025,28709,Minuten,NN,Minute,DE,lemmesTempsDE
w_DE_AR_2025_28818,DE_AR,AR,2025,28818,Minuten,NN,Minute,DE,lemmesTempsDE
w_DE_AR_2025_28857,DE_AR,AR,2025,28857,Minuten,NN,Minute,DE,lemmesTempsDE
w_DE_AR_2025_28861,DE_AR,AR,2025,28861,Minuten,NN,Minute,DE,lemmesTempsDE
w_DE_AR_2025_28868,DE_AR,AR,2025,28868,Minuten,NN,Minute,DE,lemmesTempsDE
w_DE_BL_2025_6152,DE_BL,BL,2025,6152,Minuten,NN,Minute,DE,lemmesTempsDE
w_DE_BL_2025_46506,DE_BL,BL,2025,46506,Minuten,NN,Minute,DE,lemmesTempsDE
w_DE_BS_2012_53133,DE_BS,BS,2012,53133,Minuten,NN,Minute,DE,lemmesTempsDE
w_DE_BS_2018_51806,DE_BS,BS,2018,51806,Minuten,NN,Minute,DE,lemmesTempsDE
w_DE_ZG_1987_4286,DE_ZG,ZG,1987,4286,optimal,ADJD,optimal,DE,lemmesTempsDE
w_DE_ZG_1987_21028,DE_ZG,ZG,1987,21028,optimalen,ADJA,optimal,DE,lemmesTempsDE
w_DE_ZG_1987_24984,DE_ZG,ZG,1987,24984,optimalen,ADJA,optimal,DE,lemmesTempsDE
w_DE_TG_2018_5489,DE_TG,TG,2018,5489,optimal,ADJD,optimal,DE,lemmesTempsDE
w_DE_TG_2018_7121,DE_TG,TG,2018,7121,optimale,ADJA,optimal,DE,lemmesTempsDE
w_DE_TG_2018_12623,DE_TG,TG,2018,12623,optimal,ADJD,optimal,DE,lemmesTempsDE
w_DE_TG_2018_14095,DE_TG,TG,2018,14095,optimal,ADJD,optimal,DE,lemmesTempsDE
w_DE_TG_2018_16697,DE_TG,TG,2018,16697,optimal,ADJD,optimal,DE,lemmesTempsDE
w_DE_TG_2018_30891,DE_TG,TG,2018,30891,optimal,ADJD,optimal,DE,lemmesTempsDE
w_DE_TG_2018_31668,DE_TG,TG,2018,31668,optimal,ADJD,optimal,DE,lemmesTempsDE
w_DE_TG_2018_33100,DE_TG,TG,2018,33100,optimal,ADJD,optimal,DE,lemmesTempsDE
w_DE_TG_2018_33341,DE_TG,TG,2018,33341,optimalen,ADJA,optimal,DE,lemmesTempsDE
w_DE_TG_2018_34879,DE_TG,TG,2018,34879,optimal,ADJD,optimal,DE,lemmesTempsDE
w_DE_TG_2018_37226,DE_TG,TG,2018,37226,optimal,ADJD,optimal,DE,lemmesTempsDE
w_DE_TG_2018_37312,DE_TG,TG,2018,37312,optimalen,ADJA,optimal,DE,lemmesTempsDE
w_DE_TG_2018_42201,DE_TG,TG,2018,42201,optimalen,ADJA,optimal,DE,lemmesTempsDE
w_DE_TG_2018_44485,DE_TG,TG,2018,44485,optimal,ADJD,optimal,DE,lemmesTempsDE
w_DE_TG_2018_46157,DE_TG,TG,2018,46157,optimale,ADJA,optimal,DE,lemmesTempsDE
w_DE_TG_2018_46760,DE_TG,TG,2018,46760,optimal,ADJD,optimal,DE,lemmesTempsDE
w_DE_TG_2018_51435,DE_TG,TG,2018,51435,optimal,ADJD,optimal,DE,lemmesTempsDE
w_DE_TG_2018_53298,DE_TG,TG,2018,53298,optimal,ADJD,optimal,DE,lemmesTempsDE
w_DE_TG_2018_53379,DE_TG,TG,2018,53379,optimal,ADJD,optimal,DE,lemmesTempsDE
w_DE_AG_2025_10423,DE_AG,AG,2025,10423,optimale,ADJA,optimal,DE,lemmesTempsDE
w_DE_AG_2025_12754,DE_AG,AG,2025,12754,optimale,ADJA,optimal,DE,lemmesTempsDE
w_DE_AG_2025_13105,DE_AG,AG,2025,13105,optimal,ADJD,optimal,DE,lemmesTempsDE
w_DE_AG_2025_16370,DE_AG,AG,2025,16370,optimaler,ADJD,optimal,DE,lemmesTempsDE
w_DE_AG_2025_19546,DE_AG,AG,2025,19546,optimal,ADJD,optimal,DE,lemmesTempsDE
w_DE_AG_2025_20437,DE_AG,AG,2025,20437,optimale,ADJA,optimal,DE,lemmesTempsDE
w_DE_AG_2025_20510,DE_AG,AG,2025,20510,optimale,ADJA,optimal,DE,lemmesTempsDE
w_DE_AG_2025_20788,DE_AG,AG,2025,20788,optimal,ADJD,optimal,DE,lemmesTempsDE
w_DE_AG_2025_21648,DE_AG,AG,2025,21648,optimalen,ADJA,optimal,DE,lemmesTempsDE
w_DE_AG_2025_32157,DE_AG,AG,2025,32157,optimale,ADJA,optimal,DE,lemmesTempsDE
w_DE_AG_2025_54967,DE_AG,AG,2025,54967,optimal,ADJD,optimal,DE,lemmesTempsDE
w_DE_AG_2025_55962,DE_AG,AG,2025,55962,optimale,ADJA,optimal,DE,lemmesTempsDE
w_DE_AG_2025_61226,DE_AG,AG,2025,61226,optimale,ADJA,optimal,DE,lemmesTempsDE
w_DE_AG_2025_61541,DE_AG,AG,2025,61541,optimale,ADJA,optimal,DE,lemmesTempsDE
w_DE_AG_2025_62176,DE_AG,AG,2025,62176,optimale,ADJA,optimal,DE,lemmesTempsDE
w_DE_AG_2025_63806,DE_AG,AG,2025,63806,optimale,ADJA,optimal,DE,lemmesTempsDE
w_DE_AG_2025_66803,DE_AG,AG,2025,66803,optimale,ADJA,optimal,DE,lemmesTempsDE
w_DE_AG_2025_68737,DE_AG,AG,2025,68737,optimale,ADJA,optimal,DE,lemmesTempsDE
w_DE_AG_2025_68764,DE_AG,AG,2025,68764,optimale,ADJA,optimal,DE,lemmesTempsDE
w_DE_AG_2025_68931,DE_AG,AG,2025,68931,optimal,ADJD,optimal,DE,lemmesTempsDE
w_DE_AG_2025_68945,DE_AG,AG,2025,68945,optimale,ADJA,optimal,DE,lemmesTempsDE
w_DE_AG_2025_69310,DE_AG,AG,2025,69310,optimale,ADJA,optimal,DE,lemmesTempsDE
w_DE_AG_2025_73655,DE_AG,AG,2025,73655,optimale,ADJA,optimal,DE,lemmesTempsDE
w_DE_AG_2025_73862,DE_AG,AG,2025,73862,optimal,ADJD,optimal,DE,lemmesTempsDE
w_DE_AG_2025_73977,DE_AG,AG,2025,73977,optimalen,ADJA,optimal,DE,lemmesTempsDE
w_DE_AG_2025_90713,DE_AG,AG,2025,90713,optimal,ADJD,optimal,DE,lemmesTempsDE
w_DE_AG_2025_91639,DE_AG,AG,2025,91639,optimal,ADJD,optimal,DE,lemmesTempsDE
w_DE_BS_1986_33828,DE_BS,BS,1986,33828,optimale,ADJA,optimal,DE,lemmesTempsDE
w_DE_BE_2010_3110,DE_BE,BE,2010,3110,optimal,ADJD,optimal,DE,lemmesTempsDE
w_DE_BE_2010_3218,DE_BE,BE,2010,3218,optimalen,ADJA,optimal,DE,lemmesTempsDE
w_DE_BE_2010_10434,DE_BE,BE,2010,10434,optimal,ADJD,optimal,DE,lemmesTempsDE
w_DE_BE_2010_13511,DE_BE,BE,2010,13511,optimal,ADJD,optimal,DE,lemmesTempsDE
w_DE_BE_2010_13665,DE_BE,BE,2010,13665,optimalen,ADJA,optimal,DE,lemmesTempsDE
w_DE_BE_2010_13976,DE_BE,BE,2010,13976,optimale,ADJA,optimal,DE,lemmesTempsDE
w_DE_BE_2010_14085,DE_BE,BE,2010,14085,optimale,ADJA,optimal,DE,lemmesTempsDE
w_DE_BE_2010_14383,DE_BE,BE,2010,14383,optimale,ADJA,optimal,DE,lemmesTempsDE
w_DE_BE_2010_14687,DE_BE,BE,2010,14687,optimal,ADJD,optimal,DE,lemmesTempsDE
w_DE_BE_2010_15136,DE_BE,BE,2010,15136,optimale,ADJA,optimal,DE,lemmesTempsDE
w_DE_BE_2010_16051,DE_BE,BE,2010,16051,optimale,ADJA,optimal,DE,lemmesTempsDE
w_DE_BE_2010_16396,DE_BE,BE,2010,16396,optimal,ADJD,optimal,DE,lemmesTempsDE
w_DE_BE_2010_18853,DE_BE,BE,2010,18853,optimal,ADJD,optimal,DE,lemmesTempsDE
w_DE_BE_2010_20829,DE_BE,BE,2010,20829,optimale,ADJA,optimal,DE,lemmesTempsDE
w_DE_BE_2010_20854,DE_BE,BE,2010,20854,optimal,ADJD,optimal,DE,lemmesTempsDE
w_DE_BE_2010_23317,DE_BE,BE,2010,23317,optimale,ADJA,optimal,DE,lemmesTempsDE
w_DE_BE_2010_23382,DE_BE,BE,2010,23382,optimal,ADJD,optimal,DE,lemmesTempsDE
w_DE_BE_2010_23424,DE_BE,BE,2010,23424,optimal,ADJD,optimal,DE,lemmesTempsDE
w_DE_BE_2010_24205,DE_BE,BE,2010,24205,optimal,ADJD,optimal,DE,lemmesTempsDE
w_DE_BE_2010_24257,DE_BE,BE,2010,24257,optimal,ADJD,optimal,DE,lemmesTempsDE
w_DE_BE_2010_25201,DE_BE,BE,2010,25201,optimale,ADJA,optimal,DE,lemmesTempsDE
w_DE_BE_2010_25365,DE_BE,BE,2010,25365,optimalen,ADJA,optimal,DE,lemmesTempsDE
w_DE_BE_2010_32349,DE_BE,BE,2010,32349,optimale,ADJA,optimal,DE,lemmesTempsDE
w_DE_BE_2010_41218,DE_BE,BE,2010,41218,optimale,ADJA,optimal,DE,lemmesTempsDE
w_DE_BE_2010_42587,DE_BE,BE,2010,42587,optimale,ADJA,optimal,DE,lemmesTempsDE
w_DE_BE_2010_42681,DE_BE,BE,2010,42681,optimale,ADJA,optimal,DE,lemmesTempsDE
w_DE_BE_2010_42858,DE_BE,BE,2010,42858,optimale,ADJA,optimal,DE,lemmesTempsDE
w_DE_BE_2010_46658,DE_BE,BE,2010,46658,optimal,ADJD,optimal,DE,lemmesTempsDE
w_DE_BE_2010_52973,DE_BE,BE,2010,52973,optimal,ADJD,optimal,DE,lemmesTempsDE
w_DE_BE_2010_55443,DE_BE,BE,2010,55443,optimal,ADJD,optimal,DE,lemmesTempsDE
w_DE_BE_2010_55963,DE_BE,BE,2010,55963,optimal,ADJD,optimal,DE,lemmesTempsDE
w_DE_BE_2010_65330,DE_BE,BE,2010,65330,optimal,ADJD,optimal,DE,lemmesTempsDE
w_DE_AR_1987_3392,DE_AR,AR,1987,3392,Optimale,ADJA,optimal,DE,lemmesTempsDE
w_DE_AR_1987_5818,DE_AR,AR,1987,5818,optimale,ADJA,optimal,DE,lemmesTempsDE
w_DE_LU_2025_3413,DE_LU,LU,2025,3413,optimale,ADJA,optimal,DE,lemmesTempsDE
w_DE_LU_2025_6217,DE_LU,LU,2025,6217,optimal,ADJD,optimal,DE,lemmesTempsDE
w_DE_LU_2025_7694,DE_LU,LU,2025,7694,optimal,ADJD,optimal,DE,lemmesTempsDE
w_DE_LU_2025_11323,DE_LU,LU,2025,11323,optimale,ADJA,optimal,DE,lemmesTempsDE
w_DE_LU_2025_14568,DE_LU,LU,2025,14568,optimal,ADJD,optimal,DE,lemmesTempsDE
w_DE_LU_2025_17007,DE_LU,LU,2025,17007,optimale,ADJA,optimal,DE,lemmesTempsDE
w_DE_LU_2025_21999,DE_LU,LU,2025,21999,optimal,ADJD,optimal,DE,lemmesTempsDE
w_DE_LU_2025_23237,DE_LU,LU,2025,23237,optimal,ADJD,optimal,DE,lemmesTempsDE
w_DE_LU_2025_23991,DE_LU,LU,2025,23991,optimal,ADJD,optimal,DE,lemmesTempsDE
w_DE_LU_2025_24179,DE_LU,LU,2025,24179,optimal,ADJD,optimal,DE,lemmesTempsDE
w_DE_LU_2025_24232,DE_LU,LU,2025,24232,optimal,ADJD,optimal,DE,lemmesTempsDE
w_DE_LU_2025_27637,DE_LU,LU,2025,27637,optimale,ADJA,optimal,DE,lemmesTempsDE
w_DE_LU_2025_27724,DE_LU,LU,2025,27724,optimal,ADJD,optimal,DE,lemmesTempsDE
w_DE_LU_2025_27774,DE_LU,LU,2025,27774,optimal,ADJD,optimal,DE,lemmesTempsDE
w_DE_LU_2025_27913,DE_LU,LU,2025,27913,optimal,ADJD,optimal,DE,lemmesTempsDE
w_DE_LU_2025_28935,DE_LU,LU,2025,28935,optimal,ADJD,optimal,DE,lemmesTempsDE
w_DE_LU_2025_38149,DE_LU,LU,2025,38149,optimal,ADJD,optimal,DE,lemmesTempsDE
w_DE_LU_2025_38213,DE_LU,LU,2025,38213,optimale,ADJA,optimal,DE,lemmesTempsDE
w_DE_LU_2025_48569,DE_LU,LU,2025,48569,optimale,ADJA,optimal,DE,lemmesTempsDE
w_DE_NW_2024_2065,DE_NW,NW,2024,2065,optimale,ADJA,optimal,DE,lemmesTempsDE
w_DE_NW_2024_6693,DE_NW,NW,2024,6693,optimal,ADJD,optimal,DE,lemmesTempsDE
w_DE_NW_2024_16738,DE_NW,NW,2024,16738,optimal,ADJD,optimal,DE,lemmesTempsDE
w_DE_NW_2024_19938,DE_NW,NW,2024,19938,optimal,ADJD,optimal,DE,lemmesTempsDE
w_DE_NW_2024_24761,DE_NW,NW,2024,24761,optimal,ADJD,optimal,DE,lemmesTempsDE
w_DE_NW_2024_26279,DE_NW,NW,2024,26279,optimal,ADJD,optimal,DE,lemmesTempsDE
w_DE_NW_2024_35052,DE_NW,NW,2024,35052,optimale,ADJA,optimal,DE,lemmesTempsDE
w_DE_NW_2024_41372,DE_NW,NW,2024,41372,optimal,ADJD,optimal,DE,lemmesTempsDE
w_DE_NW_2024_45139,DE_NW,NW,2024,45139,optimalen,ADJA,optimal,DE,lemmesTempsDE
w_DE_NW_2024_50236,DE_NW,NW,2024,50236,optimale,ADJA,optimal,DE,lemmesTempsDE
w_DE_NW_2024_55488,DE_NW,NW,2024,55488,optimale,ADJA,optimal,DE,lemmesTempsDE
w_DE_NW_2024_57435,DE_NW,NW,2024,57435,optimal,ADJD,optimal,DE,lemmesTempsDE
w_DE_AI_2011_5022,DE_AI,AI,2011,5022,optimale,ADJA,optimal,DE,lemmesTempsDE
w_DE_AI_2011_5149,DE_AI,AI,2011,5149,optimal,ADJD,optimal,DE,lemmesTempsDE
w_DE_AI_2011_6545,DE_AI,AI,2011,6545,optimale,ADJA,optimal,DE,lemmesTempsDE
w_DE_AI_2011_8626,DE_AI,AI,2011,8626,optimale,ADJA,optimal,DE,lemmesTempsDE
w_DE_AI_2011_8670,DE_AI,AI,2011,8670,optimal,ADJD,optimal,DE,lemmesTempsDE
w_DE_AI_2011_17668,DE_AI,AI,2011,17668,optimal,ADJD,optimal,DE,lemmesTempsDE
w_DE_AI_2011_19678,DE_AI,AI,2011,19678,optimale,ADJA,optimal,DE,lemmesTempsDE
w_DE_AI_2011_20650,DE_AI,AI,2011,20650,optimalen,ADJA,optimal,DE,lemmesTempsDE
w_DE_AI_2011_25714,DE_AI,AI,2011,25714,optimal,ADJD,optimal,DE,lemmesTempsDE
w_DE_SZ_1986_15968,DE_SZ,SZ,1986,15968,Optimal,ADJD,optimal,DE,lemmesTempsDE
w_DE_SZ_1986_23654,DE_SZ,SZ,1986,23654,optimalen,ADJA,optimal,DE,lemmesTempsDE
w_DE_SZ_1986_47566,DE_SZ,SZ,1986,47566,optimale,ADJA,optimal,DE,lemmesTempsDE
w_DE_SO_2023_205,DE_SO,SO,2023,205,optimale,ADJA,optimal,DE,lemmesTempsDE
w_DE_SO_2023_8022,DE_SO,SO,2023,8022,optimal,ADJD,optimal,DE,lemmesTempsDE
w_DE_SO_2023_11372,DE_SO,SO,2023,11372,optimal,ADJD,optimal,DE,lemmesTempsDE
w_DE_SO_2023_11698,DE_SO,SO,2023,11698,optimalen,ADJA,optimal,DE,lemmesTempsDE
w_DE_SO_2023_11908,DE_SO,SO,2023,11908,optimal,ADJD,optimal,DE,lemmesTempsDE
w_DE_SO_2023_14277,DE_SO,SO,2023,14277,optimale,ADJA,optimal,DE,lemmesTempsDE
w_DE_SO_2023_21620,DE_SO,SO,2023,21620,optimal,ADJD,optimal,DE,lemmesTempsDE
w_DE_SO_2023_21859,DE_SO,SO,2023,21859,optimal,ADJD,optimal,DE,lemmesTempsDE
w_DE_SO_2023_22965,DE_SO,SO,2023,22965,optimal,ADJD,optimal,DE,lemmesTempsDE
w_DE_SO_2023_30098,DE_SO,SO,2023,30098,optimale,ADJA,optimal,DE,lemmesTempsDE
w_DE_SO_2023_30195,DE_SO,SO,2023,30195,Optimale,ADJA,optimal,DE,lemmesTempsDE
w_DE_SO_2023_30220,DE_SO,SO,2023,30220,Optimale,ADJA,optimal,DE,lemmesTempsDE
w_DE_SO_2023_42566,DE_SO,SO,2023,42566,optimaler,ADJA,optimal,DE,lemmesTempsDE
w_DE_SO_2023_42872,DE_SO,SO,2023,42872,optimale,ADJA,optimal,DE,lemmesTempsDE
w_DE_SO_2023_43036,DE_SO,SO,2023,43036,optimal,ADJD,optimal,DE,lemmesTempsDE
w_DE_SO_2023_44537,DE_SO,SO,2023,44537,optimal,ADJD,optimal,DE,lemmesTempsDE
w_DE_SO_2023_44551,DE_SO,SO,2023,44551,optimal,ADJD,optimal,DE,lemmesTempsDE
w_DE_SO_2023_44776,DE_SO,SO,2023,44776,optimale,ADJA,optimal,DE,lemmesTempsDE
w_DE_SO_2023_44812,DE_SO,SO,2023,44812,optimale,ADJA,optimal,DE,lemmesTempsDE
w_DE_SO_2023_48009,DE_SO,SO,2023,48009,optimal,ADJD,optimal,DE,lemmesTempsDE
w_DE_SO_2023_49398,DE_SO,SO,2023,49398,optimal,ADJD,optimal,DE,lemmesTempsDE
w_DE_SO_2023_54305,DE_SO,SO,2023,54305,optimal,ADJD,optimal,DE,lemmesTempsDE
w_DE_SO_2023_54749,DE_SO,SO,2023,54749,optimale,ADJA,optimal,DE,lemmesTempsDE
w_DE_SO_2023_56761,DE_SO,SO,2023,56761,optimale,ADJA,optimal,DE,lemmesTempsDE
w_DE_SO_2023_60421,DE_SO,SO,2023,60421,optimalen,ADJA,optimal,DE,lemmesTempsDE
w_DE_SO_2023_67937,DE_SO,SO,2023,67937,optimale,ADJA,optimal,DE,lemmesTempsDE
w_DE_OW_2006_12317,DE_OW,OW,2006,12317,optimal,ADJD,optimal,DE,lemmesTempsDE
w_DE_OW_2006_12485,DE_OW,OW,2006,12485,optimal,ADJD,optimal,DE,lemmesTempsDE
w_DE_OW_2006_12507,DE_OW,OW,2006,12507,optimale,ADJA,optimal,DE,lemmesTempsDE
w_DE_OW_2006_12692,DE_OW,OW,2006,12692,optimal,ADJD,optimal,DE,lemmesTempsDE
w_DE_OW_2006_13959,DE_OW,OW,2006,13959,optimal,ADJD,optimal,DE,lemmesTempsDE
w_DE_OW_2006_14178,DE_OW,OW,2006,14178,optimal,ADJD,optimal,DE,lemmesTempsDE
w_DE_OW_2006_20911,DE_OW,OW,2006,20911,optimale,ADJA,optimal,DE,lemmesTempsDE
w_DE_OW_2006_22830,DE_OW,OW,2006,22830,optimalen,ADJA,optimal,DE,lemmesTempsDE
w_DE_OW_2006_24283,DE_OW,OW,2006,24283,optimale,ADJA,optimal,DE,lemmesTempsDE
w_DE_OW_2006_24544,DE_OW,OW,2006,24544,optimale,ADJA,optimal,DE,lemmesTempsDE
w_DE_OW_2006_24590,DE_OW,OW,2006,24590,optimal,ADJD,optimal,DE,lemmesTempsDE
w_DE_UR_2023_5200,DE_UR,UR,2023,5200,optimale,ADJA,optimal,DE,lemmesTempsDE
w_DE_UR_2023_9159,DE_UR,UR,2023,9159,optimal,ADJD,optimal,DE,lemmesTempsDE
w_DE_UR_2023_9817,DE_UR,UR,2023,9817,optimale,ADJA,optimal,DE,lemmesTempsDE
w_DE_UR_2023_14679,DE_UR,UR,2023,14679,optimale,ADJA,optimal,DE,lemmesTempsDE
w_DE_UR_2023_15617,DE_UR,UR,2023,15617,optimale,ADJA,optimal,DE,lemmesTempsDE
w_DE_UR_2023_16757,DE_UR,UR,2023,16757,optimale,ADJA,optimal,DE,lemmesTempsDE
w_DE_UR_2023_17004,DE_UR,UR,2023,17004,optimal,ADJD,optimal,DE,lemmesTempsDE
w_DE_UR_2023_22844,DE_UR,UR,2023,22844,optimale,ADJA,optimal,DE,lemmesTempsDE
w_DE_UR_2023_26096,DE_UR,UR,2023,26096,optimalen,ADJA,optimal,DE,lemmesTempsDE
w_DE_UR_2023_26288,DE_UR,UR,2023,26288,optimale,ADJA,optimal,DE,lemmesTempsDE
w_DE_UR_2023_26558,DE_UR,UR,2023,26558,optimale,ADJA,optimal,DE,lemmesTempsDE
w_DE_UR_2023_27762,DE_UR,UR,2023,27762,optimal,ADJD,optimal,DE,lemmesTempsDE
w_DE_UR_2023_28664,DE_UR,UR,2023,28664,optimale,ADJA,optimal,DE,lemmesTempsDE
w_DE_UR_2023_28703,DE_UR,UR,2023,28703,optimale,ADJA,optimal,DE,lemmesTempsDE
w_DE_UR_2023_29696,DE_UR,UR,2023,29696,optimale,ADJA,optimal,DE,lemmesTempsDE
w_DE_UR_2023_31094,DE_UR,UR,2023,31094,optimal,ADJD,optimal,DE,lemmesTempsDE
w_DE_UR_2023_32183,DE_UR,UR,2023,32183,optimalen,ADJA,optimal,DE,lemmesTempsDE
w_DE_UR_2023_40409,DE_UR,UR,2023,40409,optimal,ADJD,optimal,DE,lemmesTempsDE
w_DE_UR_2023_58381,DE_UR,UR,2023,58381,optimal,ADJD,optimal,DE,lemmesTempsDE
w_DE_UR_2023_58471,DE_UR,UR,2023,58471,optimal,ADJD,optimal,DE,lemmesTempsDE
w_DE_UR_2023_58845,DE_UR,UR,2023,58845,optimal,ADJD,optimal,DE,lemmesTempsDE
w_DE_UR_2023_59201,DE_UR,UR,2023,59201,optimal,ADJD,optimal,DE,lemmesTempsDE
w_DE_UR_2023_61677,DE_UR,UR,2023,61677,optimal,ADJD,optimal,DE,lemmesTempsDE
w_DE_UR_2023_62615,DE_UR,UR,2023,62615,optimal,ADJD,optimal,DE,lemmesTempsDE
w_DE_GL_2025_1940,DE_GL,GL,2025,1940,optimalen,ADJA,optimal,DE,lemmesTempsDE
w_DE_GL_2025_5351,DE_GL,GL,2025,5351,optimal,ADJD,optimal,DE,lemmesTempsDE
w_DE_GL_2025_11399,DE_GL,GL,2025,11399,optimalen,ADJA,optimal,DE,lemmesTempsDE
w_DE_GL_2025_11487,DE_GL,GL,2025,11487,optimalen,ADJA,optimal,DE,lemmesTempsDE
w_DE_GL_2025_14144,DE_GL,GL,2025,14144,optimale,ADJA,optimal,DE,lemmesTempsDE
w_DE_GL_2025_22617,DE_GL,GL,2025,22617,optimale,ADJA,optimal,DE,lemmesTempsDE
w_DE_GL_2025_34215,DE_GL,GL,2025,34215,optimaler,ADJA,optimal,DE,lemmesTempsDE
w_DE_GL_2025_37669,DE_GL,GL,2025,37669,optimale,ADJA,optimal,DE,lemmesTempsDE
w_DE_SZ_2008_10332,DE_SZ,SZ,2008,10332,optimale,ADJA,optimal,DE,lemmesTempsDE
w_DE_SZ_2008_14564,DE_SZ,SZ,2008,14564,optimal,ADJD,optimal,DE,lemmesTempsDE
w_DE_SZ_2008_18235,DE_SZ,SZ,2008,18235,optimal,ADJD,optimal,DE,lemmesTempsDE
w_DE_SZ_2008_20748,DE_SZ,SZ,2008,20748,optimal,ADJD,optimal,DE,lemmesTempsDE
w_DE_BS_2019_625,DE_BS,BS,2019,625,optimal,ADJD,optimal,DE,lemmesTempsDE
w_DE_BS_2019_1001,DE_BS,BS,2019,1001,optimalen,ADJA,optimal,DE,lemmesTempsDE
w_DE_BS_2019_2726,DE_BS,BS,2019,2726,optimale,ADJA,optimal,DE,lemmesTempsDE
w_DE_BS_2019_2993,DE_BS,BS,2019,2993,optimal,ADJD,optimal,DE,lemmesTempsDE
w_DE_BS_2019_3258,DE_BS,BS,2019,3258,optimale,ADJA,optimal,DE,lemmesTempsDE
w_DE_BS_2019_5562,DE_BS,BS,2019,5562,optimal,ADJD,optimal,DE,lemmesTempsDE
w_DE_BS_2019_5630,DE_BS,BS,2019,5630,optimale,ADJA,optimal,DE,lemmesTempsDE
w_DE_BS_2019_7460,DE_BS,BS,2019,7460,optimalen,ADJA,optimal,DE,lemmesTempsDE
w_DE_BS_2019_7809,DE_BS,BS,2019,7809,optimal,ADJD,optimal,DE,lemmesTempsDE
w_DE_BS_2019_9596,DE_BS,BS,2019,9596,optimale,ADJA,optimal,DE,lemmesTempsDE
w_DE_BS_2019_10649,DE_BS,BS,2019,10649,optimal,ADJD,optimal,DE,lemmesTempsDE
w_DE_BS_2019_10705,DE_BS,BS,2019,10705,optimal,ADJD,optimal,DE,lemmesTempsDE
w_DE_BS_2019_11259,DE_BS,BS,2019,11259,optimal,ADJD,optimal,DE,lemmesTempsDE
w_DE_BS_2019_12315,DE_BS,BS,2019,12315,optimales,ADJA,optimal,DE,lemmesTempsDE
w_DE_BS_2019_12345,DE_BS,BS,2019,12345,optimal,ADJD,optimal,DE,lemmesTempsDE
w_DE_BS_2019_17838,DE_BS,BS,2019,17838,optimal,ADJD,optimal,DE,lemmesTempsDE
w_DE_BS_2019_18930,DE_BS,BS,2019,18930,optimale,ADJA,optimal,DE,lemmesTempsDE
w_DE_BS_2024_2550,DE_BS,BS,2024,2550,optimale,ADJA,optimal,DE,lemmesTempsDE
w_DE_BS_2024_2730,DE_BS,BS,2024,2730,optimale,ADJA,optimal,DE,lemmesTempsDE
w_DE_BS_2024_3091,DE_BS,BS,2024,3091,optimale,ADJA,optimal,DE,lemmesTempsDE
w_DE_BS_2024_3944,DE_BS,BS,2024,3944,optimal,ADJD,optimal,DE,lemmesTempsDE
w_DE_BS_2024_4356,DE_BS,BS,2024,4356,optimalen,ADJA,optimal,DE,lemmesTempsDE
w_DE_BS_2024_4840,DE_BS,BS,2024,4840,optimaler,ADJD,optimal,DE,lemmesTempsDE
w_DE_BS_2024_10228,DE_BS,BS,2024,10228,optimal,ADJD,optimal,DE,lemmesTempsDE
w_DE_BS_2024_12943,DE_BS,BS,2024,12943,optimale,ADJA,optimal,DE,lemmesTempsDE
w_DE_BS_2024_13950,DE_BS,BS,2024,13950,optimal,ADJD,optimal,DE,lemmesTempsDE
w_DE_BS_2024_14627,DE_BS,BS,2024,14627,optimalen,ADJA,optimal,DE,lemmesTempsDE
w_DE_BS_2024_14698,DE_BS,BS,2024,14698,optimal,ADJD,optimal,DE,lemmesTempsDE
w_DE_BS_2024_14756,DE_BS,BS,2024,14756,optimal,ADJD,optimal,DE,lemmesTempsDE
w_DE_BS_2024_16295,DE_BS,BS,2024,16295,optimalen,ADJA,optimal,DE,lemmesTempsDE
w_DE_BS_2024_17989,DE_BS,BS,2024,17989,optimaler,ADJA,optimal,DE,lemmesTempsDE
w_DE_BS_2024_18314,DE_BS,BS,2024,18314,optimal,ADJD,optimal,DE,lemmesTempsDE
w_DE_BS_2024_21106,DE_BS,BS,2024,21106,optimaler,ADJA,optimal,DE,lemmesTempsDE
w_DE_BS_2024_39515,DE_BS,BS,2024,39515,optimal,ADJD,optimal,DE,lemmesTempsDE
w_DE_ZG_2004_6149,DE_ZG,ZG,2004,6149,optimalen,ADJA,optimal,DE,lemmesTempsDE
w_DE_ZG_2004_6265,DE_ZG,ZG,2004,6265,optimale,ADJA,optimal,DE,lemmesTempsDE
w_DE_ZG_2004_18874,DE_ZG,ZG,2004,18874,optimalen,ADJA,optimal,DE,lemmesTempsDE
w_DE_ZG_2004_23386,DE_ZG,ZG,2004,23386,optimal,ADJD,optimal,DE,lemmesTempsDE
w_DE_ZG_2004_24916,DE_ZG,ZG,2004,24916,optimale,ADJA,optimal,DE,lemmesTempsDE
w_DE_ZG_2004_29870,DE_ZG,ZG,2004,29870,optimal,ADJD,optimal,DE,lemmesTempsDE
w_DE_ZG_2004_34807,DE_ZG,ZG,2004,34807,optimale,ADJA,optimal,DE,lemmesTempsDE
w_DE_ZG_2025_10308,DE_ZG,ZG,2025,10308,optimale,ADJA,optimal,DE,lemmesTempsDE
w_DE_ZG_2025_12048,DE_ZG,ZG,2025,12048,optimal,ADJD,optimal,DE,lemmesTempsDE
w_DE_ZG_2025_12680,DE_ZG,ZG,2025,12680,optimale,ADJA,optimal,DE,lemmesTempsDE
w_DE_ZG_2025_12950,DE_ZG,ZG,2025,12950,optimale,ADJA,optimal,DE,lemmesTempsDE
w_DE_ZG_2025_14077,DE_ZG,ZG,2025,14077,optimalen,ADJA,optimal,DE,lemmesTempsDE
w_DE_ZG_2025_16348,DE_ZG,ZG,2025,16348,optimalen,ADJA,optimal,DE,lemmesTempsDE
w_DE_BE_2008_3112,DE_BE,BE,2008,3112,optimal,ADJD,optimal,DE,lemmesTempsDE
w_DE_BE_2008_3220,DE_BE,BE,2008,3220,optimalen,ADJA,optimal,DE,lemmesTempsDE
w_DE_BE_2008_10237,DE_BE,BE,2008,10237,optimal,ADJD,optimal,DE,lemmesTempsDE
w_DE_BE_2008_12962,DE_BE,BE,2008,12962,optimal,ADJD,optimal,DE,lemmesTempsDE
w_DE_BE_2008_13179,DE_BE,BE,2008,13179,optimale,ADJA,optimal,DE,lemmesTempsDE
w_DE_BE_2008_13402,DE_BE,BE,2008,13402,optimale,ADJA,optimal,DE,lemmesTempsDE
w_DE_BE_2008_13652,DE_BE,BE,2008,13652,optimale,ADJA,optimal,DE,lemmesTempsDE
w_DE_BE_2008_13786,DE_BE,BE,2008,13786,optimale,ADJA,optimal,DE,lemmesTempsDE
w_DE_BE_2008_13975,DE_BE,BE,2008,13975,optimale,ADJA,optimal,DE,lemmesTempsDE
w_DE_BE_2008_14019,DE_BE,BE,2008,14019,optimale,ADJA,optimal,DE,lemmesTempsDE
w_DE_BE_2008_16058,DE_BE,BE,2008,16058,optimalen,ADJA,optimal,DE,lemmesTempsDE
w_DE_BE_2008_16240,DE_BE,BE,2008,16240,optimale,ADJA,optimal,DE,lemmesTempsDE
w_DE_BE_2008_16285,DE_BE,BE,2008,16285,optimale,ADJA,optimal,DE,lemmesTempsDE
w_DE_BE_2008_16358,DE_BE,BE,2008,16358,optimal,ADJD,optimal,DE,lemmesTempsDE
w_DE_BE_2008_16498,DE_BE,BE,2008,16498,optimale,ADJA,optimal,DE,lemmesTempsDE
w_DE_BE_2008_16741,DE_BE,BE,2008,16741,Optimales,ADJA,optimal,DE,lemmesTempsDE
w_DE_BE_2008_18634,DE_BE,BE,2008,18634,optimale,ADJA,optimal,DE,lemmesTempsDE
w_DE_BE_2008_18659,DE_BE,BE,2008,18659,optimal,ADJD,optimal,DE,lemmesTempsDE
w_DE_BE_2008_20912,DE_BE,BE,2008,20912,optimale,ADJA,optimal,DE,lemmesTempsDE
w_DE_BE_2008_20977,DE_BE,BE,2008,20977,optimal,ADJD,optimal,DE,lemmesTempsDE
w_DE_BE_2008_21019,DE_BE,BE,2008,21019,optimal,ADJD,optimal,DE,lemmesTempsDE
w_DE_BE_2008_21774,DE_BE,BE,2008,21774,optimal,ADJD,optimal,DE,lemmesTempsDE
w_DE_BE_2008_21826,DE_BE,BE,2008,21826,optimal,ADJD,optimal,DE,lemmesTempsDE
w_DE_BE_2008_22752,DE_BE,BE,2008,22752,optimale,ADJA,optimal,DE,lemmesTempsDE
w_DE_BE_2008_29620,DE_BE,BE,2008,29620,optimale,ADJA,optimal,DE,lemmesTempsDE
w_DE_BE_2008_38132,DE_BE,BE,2008,38132,optimale,ADJA,optimal,DE,lemmesTempsDE
w_DE_BE_2008_39041,DE_BE,BE,2008,39041,optimale,ADJA,optimal,DE,lemmesTempsDE
w_DE_BE_2008_39455,DE_BE,BE,2008,39455,optimale,ADJA,optimal,DE,lemmesTempsDE
w_DE_BE_2008_39549,DE_BE,BE,2008,39549,optimale,ADJA,optimal,DE,lemmesTempsDE
w_DE_BE_2008_39727,DE_BE,BE,2008,39727,optimale,ADJA,optimal,DE,lemmesTempsDE
w_DE_BE_2008_43555,DE_BE,BE,2008,43555,optimal,ADJD,optimal,DE,lemmesTempsDE
w_DE_BE_2008_49423,DE_BE,BE,2008,49423,optimal,ADJD,optimal,DE,lemmesTempsDE
w_DE_BE_2008_52163,DE_BE,BE,2008,52163,optimal,ADJD,optimal,DE,lemmesTempsDE
w_DE_BE_2008_52683,DE_BE,BE,2008,52683,optimal,ADJD,optimal,DE,lemmesTempsDE
w_DE_BE_2008_56675,DE_BE,BE,2008,56675,optimal,ADJD,optimal,DE,lemmesTempsDE
w_DE_BE_2002_3073,DE_BE,BE,2002,3073,optimal,ADJD,optimal,DE,lemmesTempsDE
w_DE_BE_2002_3181,DE_BE,BE,2002,3181,optimalen,ADJA,optimal,DE,lemmesTempsDE
w_DE_BE_2002_10197,DE_BE,BE,2002,10197,optimal,ADJD,optimal,DE,lemmesTempsDE
w_DE_BE_2002_12496,DE_BE,BE,2002,12496,optimal,ADJD,optimal,DE,lemmesTempsDE
w_DE_BE_2002_12690,DE_BE,BE,2002,12690,optimale,ADJA,optimal,DE,lemmesTempsDE
w_DE_BE_2002_12858,DE_BE,BE,2002,12858,optimale,ADJA,optimal,DE,lemmesTempsDE
w_DE_BE_2002_13111,DE_BE,BE,2002,13111,optimale,ADJA,optimal,DE,lemmesTempsDE
w_DE_BE_2002_13277,DE_BE,BE,2002,13277,optimale,ADJA,optimal,DE,lemmesTempsDE
w_DE_BE_2002_13322,DE_BE,BE,2002,13322,optimale,ADJA,optimal,DE,lemmesTempsDE
w_DE_BE_2002_15391,DE_BE,BE,2002,15391,optimalen,ADJA,optimal,DE,lemmesTempsDE
w_DE_BE_2002_15510,DE_BE,BE,2002,15510,optimale,ADJA,optimal,DE,lemmesTempsDE
w_DE_BE_2002_15543,DE_BE,BE,2002,15543,optimale,ADJA,optimal,DE,lemmesTempsDE
w_DE_BE_2002_15624,DE_BE,BE,2002,15624,optimal,ADJD,optimal,DE,lemmesTempsDE
w_DE_BE_2002_15727,DE_BE,BE,2002,15727,optimale,ADJA,optimal,DE,lemmesTempsDE
w_DE_BE_2002_15925,DE_BE,BE,2002,15925,Optimales,ADJA,optimal,DE,lemmesTempsDE
w_DE_BE_2002_17769,DE_BE,BE,2002,17769,optimale,ADJA,optimal,DE,lemmesTempsDE
w_DE_BE_2002_17794,DE_BE,BE,2002,17794,optimal,ADJD,optimal,DE,lemmesTempsDE
w_DE_BE_2002_19892,DE_BE,BE,2002,19892,optimale,ADJA,optimal,DE,lemmesTempsDE
w_DE_BE_2002_19955,DE_BE,BE,2002,19955,optimal,ADJD,optimal,DE,lemmesTempsDE
w_DE_BE_2002_19996,DE_BE,BE,2002,19996,optimal,ADJD,optimal,DE,lemmesTempsDE
w_DE_BE_2002_20751,DE_BE,BE,2002,20751,optimal,ADJD,optimal,DE,lemmesTempsDE
w_DE_BE_2002_20803,DE_BE,BE,2002,20803,optimal,ADJD,optimal,DE,lemmesTempsDE
w_DE_BE_2002_21691,DE_BE,BE,2002,21691,optimale,ADJA,optimal,DE,lemmesTempsDE
w_DE_BE_2002_27369,DE_BE,BE,2002,27369,optimale,ADJA,optimal,DE,lemmesTempsDE
w_DE_BE_2002_34029,DE_BE,BE,2002,34029,optimale,ADJA,optimal,DE,lemmesTempsDE
w_DE_BE_2002_34882,DE_BE,BE,2002,34882,optimale,ADJA,optimal,DE,lemmesTempsDE
w_DE_BE_2002_35027,DE_BE,BE,2002,35027,optimale,ADJA,optimal,DE,lemmesTempsDE
w_DE_BE_2002_35719,DE_BE,BE,2002,35719,optimale,ADJA,optimal,DE,lemmesTempsDE
w_DE_BE_2002_35817,DE_BE,BE,2002,35817,optimale,ADJA,optimal,DE,lemmesTempsDE
w_DE_BE_2002_35953,DE_BE,BE,2002,35953,optimale,ADJA,optimal,DE,lemmesTempsDE
w_DE_BE_2002_39625,DE_BE,BE,2002,39625,optimal,ADJD,optimal,DE,lemmesTempsDE
w_DE_BE_2002_44989,DE_BE,BE,2002,44989,optimal,ADJD,optimal,DE,lemmesTempsDE
w_DE_BE_2002_48791,DE_BE,BE,2002,48791,optimal,ADJD,optimal,DE,lemmesTempsDE
w_DE_BE_2002_55817,DE_BE,BE,2002,55817,optimalen,ADJA,optimal,DE,lemmesTempsDE
w_DE_BE_2002_57195,DE_BE,BE,2002,57195,optimaler,ADJA,optimal,DE,lemmesTempsDE
w_DE_BE_2002_57200,DE_BE,BE,2002,57200,optimal,ADJD,optimal,DE,lemmesTempsDE
w_DE_BE_2002_59410,DE_BE,BE,2002,59410,optimal,ADJD,optimal,DE,lemmesTempsDE
w_DE_BE_2002_60716,DE_BE,BE,2002,60716,optimal,ADJD,optimal,DE,lemmesTempsDE
w_DE_BE_2002_61304,DE_BE,BE,2002,61304,optimal,ADJD,optimal,DE,lemmesTempsDE
w_DE_BE_2002_62318,DE_BE,BE,2002,62318,optimale,ADJA,optimal,DE,lemmesTempsDE
w_DE_BE_2002_62387,DE_BE,BE,2002,62387,optimale,ADJA,optimal,DE,lemmesTempsDE
w_DE_BE_2002_62615,DE_BE,BE,2002,62615,optimale,ADJA,optimal,DE,lemmesTempsDE
w_DE_BE_2002_62993,DE_BE,BE,2002,62993,optimal,ADJD,optimal,DE,lemmesTempsDE
w_DE_BE_2002_63658,DE_BE,BE,2002,63658,optimal,ADJD,optimal,DE,lemmesTempsDE
w_DE_BS_2010_8206,DE_BS,BS,2010,8206,optimale,ADJA,optimal,DE,lemmesTempsDE
w_DE_BS_2010_8243,DE_BS,BS,2010,8243,optimale,ADJA,optimal,DE,lemmesTempsDE
w_DE_BS_2010_8352,DE_BS,BS,2010,8352,optimal,ADJD,optimal,DE,lemmesTempsDE
w_DE_BS_2010_8563,DE_BS,BS,2010,8563,optimale,ADJA,optimal,DE,lemmesTempsDE
w_DE_BS_2010_9219,DE_BS,BS,2010,9219,optimalen,ADJA,optimal,DE,lemmesTempsDE
w_DE_BS_2010_11162,DE_BS,BS,2010,11162,optimaler,ADJD,optimal,DE,lemmesTempsDE
w_DE_BS_2010_14646,DE_BS,BS,2010,14646,optimal,ADJD,optimal,DE,lemmesTempsDE
w_DE_BS_2010_15261,DE_BS,BS,2010,15261,optimal,ADJD,optimal,DE,lemmesTempsDE
w_DE_BS_2010_15436,DE_BS,BS,2010,15436,optimale,ADJA,optimal,DE,lemmesTempsDE
w_DE_BS_2010_15887,DE_BS,BS,2010,15887,optimalen,ADJA,optimal,DE,lemmesTempsDE
w_DE_BS_2010_16699,DE_BS,BS,2010,16699,optimal,ADJD,optimal,DE,lemmesTempsDE
w_DE_BS_2010_20611,DE_BS,BS,2010,20611,optimale,ADJA,optimal,DE,lemmesTempsDE
w_DE_BS_2010_23203,DE_BS,BS,2010,23203,optimal,ADJD,optimal,DE,lemmesTempsDE
w_DE_BS_2010_25047,DE_BS,BS,2010,25047,optimales,ADJA,optimal,DE,lemmesTempsDE
w_DE_BS_2010_29691,DE_BS,BS,2010,29691,optimalen,ADJA,optimal,DE,lemmesTempsDE
w_DE_BS_2010_39325,DE_BS,BS,2010,39325,optimale,ADJA,optimal,DE,lemmesTempsDE
w_DE_BS_2010_39625,DE_BS,BS,2010,39625,optimal,ADJD,optimal,DE,lemmesTempsDE
w_DE_BS_2010_39862,DE_BS,BS,2010,39862,optimale,ADJA,optimal,DE,lemmesTempsDE
w_DE_BS_2010_43440,DE_BS,BS,2010,43440,optimal,ADJD,optimal,DE,lemmesTempsDE
w_DE_BS_2010_43952,DE_BS,BS,2010,43952,optimale,ADJA,optimal,DE,lemmesTempsDE
w_DE_BS_2010_44231,DE_BS,BS,2010,44231,optimales,ADJA,optimal,DE,lemmesTempsDE
w_DE_BS_2010_44265,DE_BS,BS,2010,44265,optimal,ADJD,optimal,DE,lemmesTempsDE
w_DE_BS_2010_45706,DE_BS,BS,2010,45706,optimal,ADJD,optimal,DE,lemmesTempsDE
w_DE_BS_2010_47498,DE_BS,BS,2010,47498,optimal,ADJD,optimal,DE,lemmesTempsDE
w_DE_BS_2010_51178,DE_BS,BS,2010,51178,optimale,ADJA,optimal,DE,lemmesTempsDE
w_DE_BS_2010_58527,DE_BS,BS,2010,58527,optimaler,ADJD,optimal,DE,lemmesTempsDE
w_DE_BS_2010_59023,DE_BS,BS,2010,59023,optimal,ADJD,optimal,DE,lemmesTempsDE
w_DE_BS_2010_60506,DE_BS,BS,2010,60506,optimalen,ADJA,optimal,DE,lemmesTempsDE
w_DE_BS_2010_61073,DE_BS,BS,2010,61073,optimale,ADJA,optimal,DE,lemmesTempsDE
w_DE_BS_2010_69248,DE_BS,BS,2010,69248,optimaler,ADJA,optimal,DE,lemmesTempsDE
w_DE_BS_2010_69931,DE_BS,BS,2010,69931,optimalen,ADJA,optimal,DE,lemmesTempsDE
w_DE_BS_2010_70434,DE_BS,BS,2010,70434,optimal,ADJD,optimal,DE,lemmesTempsDE
w_DE_BS_2010_71295,DE_BS,BS,2010,71295,optimalen,ADJA,optimal,DE,lemmesTempsDE
w_DE_BS_2010_75342,DE_BS,BS,2010,75342,optimal,ADJD,optimal,DE,lemmesTempsDE
w_DE_BS_2010_75620,DE_BS,BS,2010,75620,optimale,ADJA,optimal,DE,lemmesTempsDE
w_DE_BS_2010_76361,DE_BS,BS,2010,76361,optimal,ADJD,optimal,DE,lemmesTempsDE
w_DE_SZ_2010_4628,DE_SZ,SZ,2010,4628,optimal,ADJD,optimal,DE,lemmesTempsDE
w_DE_SZ_2010_4978,DE_SZ,SZ,2010,4978,optimalen,ADJA,optimal,DE,lemmesTempsDE
w_DE_SZ_2012_4800,DE_SZ,SZ,2012,4800,optimal,ADJD,optimal,DE,lemmesTempsDE
w_DE_SZ_2012_5937,DE_SZ,SZ,2012,5937,optimal,ADJD,optimal,DE,lemmesTempsDE
w_DE_SZ_2012_6201,DE_SZ,SZ,2012,6201,optimalen,ADJA,optimal,DE,lemmesTempsDE
w_DE_OW_1987_12601,DE_OW,OW,1987,12601,optimale,ADJA,optimal,DE,lemmesTempsDE
w_DE_OW_1987_21255,DE_OW,OW,1987,21255,optimal,ADJD,optimal,DE,lemmesTempsDE
w_DE_OW_1987_28333,DE_OW,OW,1987,28333,optimalen,ADJA,optimal,DE,lemmesTempsDE
w_DE_OW_1987_64642,DE_OW,OW,1987,64642,optimale,ADJA,optimal,DE,lemmesTempsDE
w_DE_LU_2009_7028,DE_LU,LU,2009,7028,optimale,ADJA,optimal,DE,lemmesTempsDE
w_DE_LU_2009_15803,DE_LU,LU,2009,15803,optimale,ADJA,optimal,DE,lemmesTempsDE
w_DE_LU_2009_15875,DE_LU,LU,2009,15875,optimale,ADJA,optimal,DE,lemmesTempsDE
w_DE_LU_2009_15989,DE_LU,LU,2009,15989,optimalen,ADJA,optimal,DE,lemmesTempsDE
w_DE_LU_2009_16040,DE_LU,LU,2009,16040,optimale,ADJA,optimal,DE,lemmesTempsDE
w_DE_LU_2009_19960,DE_LU,LU,2009,19960,optimale,ADJA,optimal,DE,lemmesTempsDE
w_DE_LU_2009_20254,DE_LU,LU,2009,20254,optimale,ADJA,optimal,DE,lemmesTempsDE
w_DE_LU_2009_20717,DE_LU,LU,2009,20717,optimal,ADJD,optimal,DE,lemmesTempsDE
w_DE_LU_2009_25024,DE_LU,LU,2009,25024,optimale,ADJA,optimal,DE,lemmesTempsDE
w_DE_LU_2009_26049,DE_LU,LU,2009,26049,optimale,ADJA,optimal,DE,lemmesTempsDE
w_DE_LU_2009_29710,DE_LU,LU,2009,29710,optimale,ADJA,optimal,DE,lemmesTempsDE
w_DE_LU_2009_29964,DE_LU,LU,2009,29964,optimale,ADJA,optimal,DE,lemmesTempsDE
w_DE_LU_2009_30730,DE_LU,LU,2009,30730,optimale,ADJA,optimal,DE,lemmesTempsDE
w_DE_LU_2009_35075,DE_LU,LU,2009,35075,optimal,ADJD,optimal,DE,lemmesTempsDE
w_DE_LU_2009_36248,DE_LU,LU,2009,36248,optimale,ADJA,optimal,DE,lemmesTempsDE
w_DE_LU_2009_39989,DE_LU,LU,2009,39989,optimalen,ADJA,optimal,DE,lemmesTempsDE
w_DE_LU_2009_40102,DE_LU,LU,2009,40102,optimale,ADJA,optimal,DE,lemmesTempsDE
w_DE_LU_2009_42338,DE_LU,LU,2009,42338,optimale,ADJA,optimal,DE,lemmesTempsDE
w_DE_LU_2009_45165,DE_LU,LU,2009,45165,optimale,ADJA,optimal,DE,lemmesTempsDE
w_DE_LU_2009_54774,DE_LU,LU,2009,54774,optimal,ADJD,optimal,DE,lemmesTempsDE
w_DE_LU_2009_55703,DE_LU,LU,2009,55703,optimal,ADJD,optimal,DE,lemmesTempsDE
w_DE_LU_2009_57445,DE_LU,LU,2009,57445,optimale,ADJA,optimal,DE,lemmesTempsDE
w_DE_LU_2009_61608,DE_LU,LU,2009,61608,optimale,ADJA,optimal,DE,lemmesTempsDE
w_DE_LU_2009_63758,DE_LU,LU,2009,63758,optimal,ADJD,optimal,DE,lemmesTempsDE
w_DE_LU_2009_66820,DE_LU,LU,2009,66820,optimale,ADJA,optimal,DE,lemmesTempsDE
w_DE_LU_2009_68216,DE_LU,LU,2009,68216,optimal,ADJD,optimal,DE,lemmesTempsDE
w_DE_SH_2004_24382,DE_SH,SH,2004,24382,optimalen,ADJA,optimal,DE,lemmesTempsDE
w_DE_SH_2004_102854,DE_SH,SH,2004,102854,optimal,ADJD,optimal,DE,lemmesTempsDE
w_DE_BS_2025_5539,DE_BS,BS,2025,5539,optimale,ADJA,optimal,DE,lemmesTempsDE
w_DE_BS_2025_5714,DE_BS,BS,2025,5714,optimale,ADJA,optimal,DE,lemmesTempsDE
w_DE_BS_2025_6078,DE_BS,BS,2025,6078,optimale,ADJA,optimal,DE,lemmesTempsDE
w_DE_BS_2025_6911,DE_BS,BS,2025,6911,optimal,ADJD,optimal,DE,lemmesTempsDE
w_DE_BS_2025_7331,DE_BS,BS,2025,7331,optimalen,ADJA,optimal,DE,lemmesTempsDE
w_DE_BS_2025_9920,DE_BS,BS,2025,9920,optimaler,ADJD,optimal,DE,lemmesTempsDE
w_DE_BS_2025_15241,DE_BS,BS,2025,15241,optimal,ADJD,optimal,DE,lemmesTempsDE
w_DE_BS_2025_18680,DE_BS,BS,2025,18680,optimale,ADJA,optimal,DE,lemmesTempsDE
w_DE_BS_2025_19685,DE_BS,BS,2025,19685,optimal,ADJD,optimal,DE,lemmesTempsDE
w_DE_BS_2025_20357,DE_BS,BS,2025,20357,optimalen,ADJA,optimal,DE,lemmesTempsDE
w_DE_BS_2025_20428,DE_BS,BS,2025,20428,optimal,ADJD,optimal,DE,lemmesTempsDE
w_DE_BS_2025_20486,DE_BS,BS,2025,20486,optimal,ADJD,optimal,DE,lemmesTempsDE
w_DE_BS_2025_22531,DE_BS,BS,2025,22531,optimalen,ADJA,optimal,DE,lemmesTempsDE
w_DE_BS_2025_22619,DE_BS,BS,2025,22619,optimale,ADJA,optimal,DE,lemmesTempsDE
w_DE_BS_2025_23059,DE_BS,BS,2025,23059,optimal,ADJD,optimal,DE,lemmesTempsDE
w_DE_BS_2025_23095,DE_BS,BS,2025,23095,optimal,ADJD,optimal,DE,lemmesTempsDE
w_DE_BS_2025_23339,DE_BS,BS,2025,23339,optimal,ADJD,optimal,DE,lemmesTempsDE
w_DE_BS_2025_23369,DE_BS,BS,2025,23369,optimal,ADJD,optimal,DE,lemmesTempsDE
w_DE_BS_2025_23522,DE_BS,BS,2025,23522,optimal,ADJD,optimal,DE,lemmesTempsDE
w_DE_BS_2025_23848,DE_BS,BS,2025,23848,optimal,ADJD,optimal,DE,lemmesTempsDE
w_DE_BS_2025_25357,DE_BS,BS,2025,25357,optimalen,ADJA,optimal,DE,lemmesTempsDE
w_DE_BS_2025_27042,DE_BS,BS,2025,27042,optimaler,ADJA,optimal,DE,lemmesTempsDE
w_DE_BS_2025_27237,DE_BS,BS,2025,27237,optimal,ADJD,optimal,DE,lemmesTempsDE
w_DE_BS_2025_31929,DE_BS,BS,2025,31929,optimaler,ADJA,optimal,DE,lemmesTempsDE
w_DE_BS_2025_47197,DE_BS,BS,2025,47197,optimalen,ADJA,optimal,DE,lemmesTempsDE
w_DE_BS_2025_47718,DE_BS,BS,2025,47718,optimale,ADJA,optimal,DE,lemmesTempsDE
w_DE_BS_2025_48326,DE_BS,BS,2025,48326,optimale,ADJA,optimal,DE,lemmesTempsDE
w_DE_BS_2025_48582,DE_BS,BS,2025,48582,optimal,ADJD,optimal,DE,lemmesTempsDE
w_DE_BS_2025_48849,DE_BS,BS,2025,48849,optimale,ADJA,optimal,DE,lemmesTempsDE
w_DE_BS_2025_51161,DE_BS,BS,2025,51161,optimal,ADJD,optimal,DE,lemmesTempsDE
w_DE_BS_2025_51229,DE_BS,BS,2025,51229,optimale,ADJA,optimal,DE,lemmesTempsDE
w_DE_BS_2025_53051,DE_BS,BS,2025,53051,optimalen,ADJA,optimal,DE,lemmesTempsDE
w_DE_BS_2025_53395,DE_BS,BS,2025,53395,optimal,ADJD,optimal,DE,lemmesTempsDE
w_DE_BS_2025_55186,DE_BS,BS,2025,55186,optimale,ADJA,optimal,DE,lemmesTempsDE
w_DE_BS_2025_56219,DE_BS,BS,2025,56219,optimal,ADJD,optimal,DE,lemmesTempsDE
w_DE_BS_2025_56276,DE_BS,BS,2025,56276,optimal,ADJD,optimal,DE,lemmesTempsDE
w_DE_BS_2025_56836,DE_BS,BS,2025,56836,optimal,ADJD,optimal,DE,lemmesTempsDE
w_DE_BS_2025_57921,DE_BS,BS,2025,57921,optimales,ADJA,optimal,DE,lemmesTempsDE
w_DE_BS_2025_57951,DE_BS,BS,2025,57951,optimal,ADJD,optimal,DE,lemmesTempsDE
w_DE_BS_2025_63475,DE_BS,BS,2025,63475,optimal,ADJD,optimal,DE,lemmesTempsDE
w_DE_BS_2025_64551,DE_BS,BS,2025,64551,optimale,ADJA,optimal,DE,lemmesTempsDE
w_DE_BS_2025_72142,DE_BS,BS,2025,72142,optimal,ADJD,optimal,DE,lemmesTempsDE
w_DE_BE_2024_1520,DE_BE,BE,2024,1520,optimal,ADJD,optimal,DE,lemmesTempsDE
w_DE_BE_2024_1579,DE_BE,BE,2024,1579,optimal,ADJD,optimal,DE,lemmesTempsDE
w_DE_BE_2024_2256,DE_BE,BE,2024,2256,optimal,ADJD,optimal,DE,lemmesTempsDE
w_DE_BE_2024_2370,DE_BE,BE,2024,2370,optimalen,ADJA,optimal,DE,lemmesTempsDE
w_DE_BE_2024_9452,DE_BE,BE,2024,9452,optimal,ADJD,optimal,DE,lemmesTempsDE
w_DE_BE_2024_11070,DE_BE,BE,2024,11070,optimal,ADJD,optimal,DE,lemmesTempsDE
w_DE_BE_2024_12048,DE_BE,BE,2024,12048,optimale,ADJA,optimal,DE,lemmesTempsDE
w_DE_BE_2024_13015,DE_BE,BE,2024,13015,optimale,ADJA,optimal,DE,lemmesTempsDE
w_DE_BE_2024_13561,DE_BE,BE,2024,13561,optimale,ADJA,optimal,DE,lemmesTempsDE
w_DE_BE_2024_13799,DE_BE,BE,2024,13799,optimale,ADJA,optimal,DE,lemmesTempsDE
w_DE_BE_2024_14181,DE_BE,BE,2024,14181,optimale,ADJA,optimal,DE,lemmesTempsDE
w_DE_BE_2024_14205,DE_BE,BE,2024,14205,optimale,ADJA,optimal,DE,lemmesTempsDE
w_DE_BE_2024_14233,DE_BE,BE,2024,14233,optimale,ADJA,optimal,DE,lemmesTempsDE
w_DE_BE_2024_14598,DE_BE,BE,2024,14598,optimal,ADJD,optimal,DE,lemmesTempsDE
w_DE_BE_2024_14613,DE_BE,BE,2024,14613,optimalen,ADJA,optimal,DE,lemmesTempsDE
w_DE_BE_2024_15728,DE_BE,BE,2024,15728,optimal,ADJD,optimal,DE,lemmesTempsDE
w_DE_BE_2024_15759,DE_BE,BE,2024,15759,optimal,ADJD,optimal,DE,lemmesTempsDE
w_DE_BE_2024_15838,DE_BE,BE,2024,15838,optimale,ADJA,optimal,DE,lemmesTempsDE
w_DE_BE_2024_16828,DE_BE,BE,2024,16828,optimale,ADJA,optimal,DE,lemmesTempsDE
w_DE_BE_2024_18522,DE_BE,BE,2024,18522,optimale,ADJA,optimal,DE,lemmesTempsDE
w_DE_BE_2024_19648,DE_BE,BE,2024,19648,optimale,ADJA,optimal,DE,lemmesTempsDE
w_DE_BE_2024_19918,DE_BE,BE,2024,19918,optimale,ADJA,optimal,DE,lemmesTempsDE
w_DE_BE_2024_19942,DE_BE,BE,2024,19942,optimale,ADJA,optimal,DE,lemmesTempsDE
w_DE_BE_2024_24725,DE_BE,BE,2024,24725,optimale,ADJA,optimal,DE,lemmesTempsDE
w_DE_BE_2024_35768,DE_BE,BE,2024,35768,optimale,ADJA,optimal,DE,lemmesTempsDE
w_DE_BE_2024_35840,DE_BE,BE,2024,35840,optimale,ADJA,optimal,DE,lemmesTempsDE
w_DE_BE_2024_35969,DE_BE,BE,2024,35969,optimale,ADJA,optimal,DE,lemmesTempsDE
w_DE_BE_2024_37951,DE_BE,BE,2024,37951,optimalen,ADJA,optimal,DE,lemmesTempsDE
w_DE_BE_2024_39290,DE_BE,BE,2024,39290,optimal,ADJD,optimal,DE,lemmesTempsDE
w_DE_BE_2024_40659,DE_BE,BE,2024,40659,optimal,ADJD,optimal,DE,lemmesTempsDE
w_DE_BE_2024_51069,DE_BE,BE,2024,51069,optimal,ADJD,optimal,DE,lemmesTempsDE
w_DE_BE_2024_51275,DE_BE,BE,2024,51275,optimal,ADJD,optimal,DE,lemmesTempsDE
w_DE_BE_2024_54744,DE_BE,BE,2024,54744,optimal,ADJD,optimal,DE,lemmesTempsDE
w_DE_BE_2024_54781,DE_BE,BE,2024,54781,optimal,ADJD,optimal,DE,lemmesTempsDE
w_DE_BE_2024_60529,DE_BE,BE,2024,60529,optimal,ADJD,optimal,DE,lemmesTempsDE
w_DE_BE_2004_3073,DE_BE,BE,2004,3073,optimal,ADJD,optimal,DE,lemmesTempsDE
w_DE_BE_2004_3181,DE_BE,BE,2004,3181,optimalen,ADJA,optimal,DE,lemmesTempsDE
w_DE_BE_2004_10197,DE_BE,BE,2004,10197,optimal,ADJD,optimal,DE,lemmesTempsDE
w_DE_BE_2004_12496,DE_BE,BE,2004,12496,optimal,ADJD,optimal,DE,lemmesTempsDE
w_DE_BE_2004_12690,DE_BE,BE,2004,12690,optimale,ADJA,optimal,DE,lemmesTempsDE
w_DE_BE_2004_12858,DE_BE,BE,2004,12858,optimale,ADJA,optimal,DE,lemmesTempsDE
w_DE_BE_2004_13111,DE_BE,BE,2004,13111,optimale,ADJA,optimal,DE,lemmesTempsDE
w_DE_BE_2004_13277,DE_BE,BE,2004,13277,optimale,ADJA,optimal,DE,lemmesTempsDE
w_DE_BE_2004_13322,DE_BE,BE,2004,13322,optimale,ADJA,optimal,DE,lemmesTempsDE
w_DE_BE_2004_15391,DE_BE,BE,2004,15391,optimalen,ADJA,optimal,DE,lemmesTempsDE
w_DE_BE_2004_15510,DE_BE,BE,2004,15510,optimale,ADJA,optimal,DE,lemmesTempsDE
w_DE_BE_2004_15543,DE_BE,BE,2004,15543,optimale,ADJA,optimal,DE,lemmesTempsDE
w_DE_BE_2004_15624,DE_BE,BE,2004,15624,optimal,ADJD,optimal,DE,lemmesTempsDE
w_DE_BE_2004_15727,DE_BE,BE,2004,15727,optimale,ADJA,optimal,DE,lemmesTempsDE
w_DE_BE_2004_15925,DE_BE,BE,2004,15925,Optimales,ADJA,optimal,DE,lemmesTempsDE
w_DE_BE_2004_17769,DE_BE,BE,2004,17769,optimale,ADJA,optimal,DE,lemmesTempsDE
w_DE_BE_2004_17794,DE_BE,BE,2004,17794,optimal,ADJD,optimal,DE,lemmesTempsDE
w_DE_BE_2004_19890,DE_BE,BE,2004,19890,optimale,ADJA,optimal,DE,lemmesTempsDE
w_DE_BE_2004_19953,DE_BE,BE,2004,19953,optimal,ADJD,optimal,DE,lemmesTempsDE
w_DE_BE_2004_19994,DE_BE,BE,2004,19994,optimal,ADJD,optimal,DE,lemmesTempsDE
w_DE_BE_2004_20749,DE_BE,BE,2004,20749,optimal,ADJD,optimal,DE,lemmesTempsDE
w_DE_BE_2004_20801,DE_BE,BE,2004,20801,optimal,ADJD,optimal,DE,lemmesTempsDE
w_DE_BE_2004_21689,DE_BE,BE,2004,21689,optimale,ADJA,optimal,DE,lemmesTempsDE
w_DE_BE_2004_27367,DE_BE,BE,2004,27367,optimale,ADJA,optimal,DE,lemmesTempsDE
w_DE_BE_2004_34144,DE_BE,BE,2004,34144,optimale,ADJA,optimal,DE,lemmesTempsDE
w_DE_BE_2004_34997,DE_BE,BE,2004,34997,optimale,ADJA,optimal,DE,lemmesTempsDE
w_DE_BE_2004_35142,DE_BE,BE,2004,35142,optimale,ADJA,optimal,DE,lemmesTempsDE
w_DE_BE_2004_35834,DE_BE,BE,2004,35834,optimale,ADJA,optimal,DE,lemmesTempsDE
w_DE_BE_2004_35932,DE_BE,BE,2004,35932,optimale,ADJA,optimal,DE,lemmesTempsDE
w_DE_BE_2004_36068,DE_BE,BE,2004,36068,optimale,ADJA,optimal,DE,lemmesTempsDE
w_DE_BE_2004_39600,DE_BE,BE,2004,39600,optimal,ADJD,optimal,DE,lemmesTempsDE
w_DE_BE_2004_44919,DE_BE,BE,2004,44919,optimal,ADJD,optimal,DE,lemmesTempsDE
w_DE_BE_2004_47780,DE_BE,BE,2004,47780,optimal,ADJD,optimal,DE,lemmesTempsDE
w_DE_BE_2004_49950,DE_BE,BE,2004,49950,optimal,ADJD,optimal,DE,lemmesTempsDE
w_DE_BE_2004_57081,DE_BE,BE,2004,57081,optimalen,ADJA,optimal,DE,lemmesTempsDE
w_DE_BE_2004_58469,DE_BE,BE,2004,58469,optimaler,ADJA,optimal,DE,lemmesTempsDE
w_DE_BE_2004_58474,DE_BE,BE,2004,58474,optimal,ADJD,optimal,DE,lemmesTempsDE
w_DE_BE_2004_60675,DE_BE,BE,2004,60675,optimal,ADJD,optimal,DE,lemmesTempsDE
w_DE_BE_2004_61980,DE_BE,BE,2004,61980,optimal,ADJD,optimal,DE,lemmesTempsDE
w_DE_BE_2004_62569,DE_BE,BE,2004,62569,optimal,ADJD,optimal,DE,lemmesTempsDE
w_DE_BE_2004_63582,DE_BE,BE,2004,63582,optimale,ADJA,optimal,DE,lemmesTempsDE
w_DE_BE_2004_63651,DE_BE,BE,2004,63651,optimale,ADJA,optimal,DE,lemmesTempsDE
w_DE_BE_2004_63879,DE_BE,BE,2004,63879,optimale,ADJA,optimal,DE,lemmesTempsDE
w_DE_BE_2004_64257,DE_BE,BE,2004,64257,optimal,ADJD,optimal,DE,lemmesTempsDE
w_DE_BE_2004_64990,DE_BE,BE,2004,64990,optimal,ADJD,optimal,DE,lemmesTempsDE
w_DE_AI_2002_21247,DE_AI,AI,2002,21247,optimal,ADJD,optimal,DE,lemmesTempsDE
w_DE_AI_2002_22198,DE_AI,AI,2002,22198,optimale,ADJA,optimal,DE,lemmesTempsDE
w_DE_AI_2002_39295,DE_AI,AI,2002,39295,optimale,ADJA,optimal,DE,lemmesTempsDE
w_DE_AI_2002_39425,DE_AI,AI,2002,39425,optimal,ADJD,optimal,DE,lemmesTempsDE
w_DE_AI_2002_40819,DE_AI,AI,2002,40819,optimale,ADJA,optimal,DE,lemmesTempsDE
w_DE_AI_2002_42903,DE_AI,AI,2002,42903,optimale,ADJA,optimal,DE,lemmesTempsDE
w_DE_AI_2002_42956,DE_AI,AI,2002,42956,optimal,ADJD,optimal,DE,lemmesTempsDE
w_DE_AI_2002_51806,DE_AI,AI,2002,51806,optimal,ADJD,optimal,DE,lemmesTempsDE
w_DE_AI_2002_52697,DE_AI,AI,2002,52697,optimale,ADJA,optimal,DE,lemmesTempsDE
w_DE_AI_2002_53357,DE_AI,AI,2002,53357,optimale,ADJA,optimal,DE,lemmesTempsDE
w_DE_AI_2002_53537,DE_AI,AI,2002,53537,optimalen,ADJA,optimal,DE,lemmesTempsDE
w_DE_AI_2002_57591,DE_AI,AI,2002,57591,optimal,ADJD,optimal,DE,lemmesTempsDE
w_DE_SH_2021_7853,DE_SH,SH,2021,7853,optimale,ADJA,optimal,DE,lemmesTempsDE
w_DE_SH_2021_8255,DE_SH,SH,2021,8255,optimal,ADJD,optimal,DE,lemmesTempsDE
w_DE_SH_2021_15643,DE_SH,SH,2021,15643,optimal,ADJD,optimal,DE,lemmesTempsDE
w_DE_SH_2021_41620,DE_SH,SH,2021,41620,optimale,ADJA,optimal,DE,lemmesTempsDE
w_DE_SH_2021_47255,DE_SH,SH,2021,47255,optimal,ADJD,optimal,DE,lemmesTempsDE
w_DE_SH_2021_49138,DE_SH,SH,2021,49138,optimal,ADJD,optimal,DE,lemmesTempsDE
w_DE_SZ_2022_13382,DE_SZ,SZ,2022,13382,optimale,ADJA,optimal,DE,lemmesTempsDE
w_DE_SZ_2022_13516,DE_SZ,SZ,2022,13516,optimale,ADJA,optimal,DE,lemmesTempsDE
w_DE_SZ_2022_15026,DE_SZ,SZ,2022,15026,optimale,ADJA,optimal,DE,lemmesTempsDE
w_DE_SZ_2022_20475,DE_SZ,SZ,2022,20475,optimalere,ADJA,optimal,DE,lemmesTempsDE
w_DE_SZ_2022_20893,DE_SZ,SZ,2022,20893,optimal,ADJD,optimal,DE,lemmesTempsDE
w_DE_SZ_2022_21888,DE_SZ,SZ,2022,21888,optimale,ADJA,optimal,DE,lemmesTempsDE
w_DE_SZ_2022_21905,DE_SZ,SZ,2022,21905,optimal,ADJD,optimal,DE,lemmesTempsDE
w_DE_SZ_2022_22342,DE_SZ,SZ,2022,22342,optimal,ADJD,optimal,DE,lemmesTempsDE
w_DE_SZ_2022_28472,DE_SZ,SZ,2022,28472,optimal,ADJD,optimal,DE,lemmesTempsDE
w_DE_SZ_2022_31554,DE_SZ,SZ,2022,31554,optimale,ADJA,optimal,DE,lemmesTempsDE
w_DE_SZ_2022_37915,DE_SZ,SZ,2022,37915,optimal,ADJD,optimal,DE,lemmesTempsDE
w_DE_SZ_2022_45284,DE_SZ,SZ,2022,45284,optimal,ADJD,optimal,DE,lemmesTempsDE
w_DE_BE_2006_3112,DE_BE,BE,2006,3112,optimal,ADJD,optimal,DE,lemmesTempsDE
w_DE_BE_2006_3220,DE_BE,BE,2006,3220,optimalen,ADJA,optimal,DE,lemmesTempsDE
w_DE_BE_2006_10236,DE_BE,BE,2006,10236,optimal,ADJD,optimal,DE,lemmesTempsDE
w_DE_BE_2006_12961,DE_BE,BE,2006,12961,optimal,ADJD,optimal,DE,lemmesTempsDE
w_DE_BE_2006_13178,DE_BE,BE,2006,13178,optimale,ADJA,optimal,DE,lemmesTempsDE
w_DE_BE_2006_13401,DE_BE,BE,2006,13401,optimale,ADJA,optimal,DE,lemmesTempsDE
w_DE_BE_2006_13651,DE_BE,BE,2006,13651,optimale,ADJA,optimal,DE,lemmesTempsDE
w_DE_BE_2006_13785,DE_BE,BE,2006,13785,optimale,ADJA,optimal,DE,lemmesTempsDE
w_DE_BE_2006_13974,DE_BE,BE,2006,13974,optimale,ADJA,optimal,DE,lemmesTempsDE
w_DE_BE_2006_14018,DE_BE,BE,2006,14018,optimale,ADJA,optimal,DE,lemmesTempsDE
w_DE_BE_2006_16057,DE_BE,BE,2006,16057,optimalen,ADJA,optimal,DE,lemmesTempsDE
w_DE_BE_2006_16239,DE_BE,BE,2006,16239,optimale,ADJA,optimal,DE,lemmesTempsDE
w_DE_BE_2006_16284,DE_BE,BE,2006,16284,optimale,ADJA,optimal,DE,lemmesTempsDE
w_DE_BE_2006_16357,DE_BE,BE,2006,16357,optimal,ADJD,optimal,DE,lemmesTempsDE
w_DE_BE_2006_16497,DE_BE,BE,2006,16497,optimale,ADJA,optimal,DE,lemmesTempsDE
w_DE_BE_2006_16740,DE_BE,BE,2006,16740,Optimales,ADJA,optimal,DE,lemmesTempsDE
w_DE_BE_2006_18633,DE_BE,BE,2006,18633,optimale,ADJA,optimal,DE,lemmesTempsDE
w_DE_BE_2006_18658,DE_BE,BE,2006,18658,optimal,ADJD,optimal,DE,lemmesTempsDE
w_DE_BE_2006_20911,DE_BE,BE,2006,20911,optimale,ADJA,optimal,DE,lemmesTempsDE
w_DE_BE_2006_20976,DE_BE,BE,2006,20976,optimal,ADJD,optimal,DE,lemmesTempsDE
w_DE_BE_2006_21018,DE_BE,BE,2006,21018,optimal,ADJD,optimal,DE,lemmesTempsDE
w_DE_BE_2006_21773,DE_BE,BE,2006,21773,optimal,ADJD,optimal,DE,lemmesTempsDE
w_DE_BE_2006_21825,DE_BE,BE,2006,21825,optimal,ADJD,optimal,DE,lemmesTempsDE
w_DE_BE_2006_22751,DE_BE,BE,2006,22751,optimale,ADJA,optimal,DE,lemmesTempsDE
w_DE_BE_2006_29619,DE_BE,BE,2006,29619,optimale,ADJA,optimal,DE,lemmesTempsDE
w_DE_BE_2006_38117,DE_BE,BE,2006,38117,optimale,ADJA,optimal,DE,lemmesTempsDE
w_DE_BE_2006_39104,DE_BE,BE,2006,39104,optimale,ADJA,optimal,DE,lemmesTempsDE
w_DE_BE_2006_39647,DE_BE,BE,2006,39647,optimale,ADJA,optimal,DE,lemmesTempsDE
w_DE_BE_2006_39741,DE_BE,BE,2006,39741,optimale,ADJA,optimal,DE,lemmesTempsDE
w_DE_BE_2006_39924,DE_BE,BE,2006,39924,optimale,ADJA,optimal,DE,lemmesTempsDE
w_DE_BE_2006_44128,DE_BE,BE,2006,44128,optimal,ADJD,optimal,DE,lemmesTempsDE
w_DE_BE_2006_49698,DE_BE,BE,2006,49698,optimal,ADJD,optimal,DE,lemmesTempsDE
w_DE_BE_2006_52446,DE_BE,BE,2006,52446,optimal,ADJD,optimal,DE,lemmesTempsDE
w_DE_BE_2006_52997,DE_BE,BE,2006,52997,optimal,ADJD,optimal,DE,lemmesTempsDE
w_DE_BE_2006_56940,DE_BE,BE,2006,56940,optimal,ADJD,optimal,DE,lemmesTempsDE
w_DE_AI_2015_1076,DE_AI,AI,2015,1076,optimale,ADJA,optimal,DE,lemmesTempsDE
w_DE_AI_2015_1368,DE_AI,AI,2015,1368,optimale,ADJA,optimal,DE,lemmesTempsDE
w_DE_AI_2015_3022,DE_AI,AI,2015,3022,optimalen,ADJA,optimal,DE,lemmesTempsDE
w_DE_AI_2015_7177,DE_AI,AI,2015,7177,optimale,ADJA,optimal,DE,lemmesTempsDE
w_DE_AI_2015_11064,DE_AI,AI,2015,11064,optimale,ADJA,optimal,DE,lemmesTempsDE
w_DE_AI_2015_11953,DE_AI,AI,2015,11953,optimale,ADJA,optimal,DE,lemmesTempsDE
w_DE_AI_2015_14231,DE_AI,AI,2015,14231,optimale,ADJA,optimal,DE,lemmesTempsDE
w_DE_AI_2015_14692,DE_AI,AI,2015,14692,optimale,ADJA,optimal,DE,lemmesTempsDE
w_DE_AI_2015_17528,DE_AI,AI,2015,17528,optimalen,ADJA,optimal,DE,lemmesTempsDE
w_DE_BE_2013_3086,DE_BE,BE,2013,3086,optimal,ADJD,optimal,DE,lemmesTempsDE
w_DE_BE_2013_3194,DE_BE,BE,2013,3194,optimalen,ADJA,optimal,DE,lemmesTempsDE
w_DE_BE_2013_10410,DE_BE,BE,2013,10410,optimal,ADJD,optimal,DE,lemmesTempsDE
w_DE_BE_2013_13487,DE_BE,BE,2013,13487,optimal,ADJD,optimal,DE,lemmesTempsDE
w_DE_BE_2013_13641,DE_BE,BE,2013,13641,optimalen,ADJA,optimal,DE,lemmesTempsDE
w_DE_BE_2013_13952,DE_BE,BE,2013,13952,optimale,ADJA,optimal,DE,lemmesTempsDE
w_DE_BE_2013_14061,DE_BE,BE,2013,14061,optimale,ADJA,optimal,DE,lemmesTempsDE
w_DE_BE_2013_14359,DE_BE,BE,2013,14359,optimale,ADJA,optimal,DE,lemmesTempsDE
w_DE_BE_2013_14663,DE_BE,BE,2013,14663,optimal,ADJD,optimal,DE,lemmesTempsDE
w_DE_BE_2013_15112,DE_BE,BE,2013,15112,optimale,ADJA,optimal,DE,lemmesTempsDE
w_DE_BE_2013_16027,DE_BE,BE,2013,16027,optimale,ADJA,optimal,DE,lemmesTempsDE
w_DE_BE_2013_16372,DE_BE,BE,2013,16372,optimal,ADJD,optimal,DE,lemmesTempsDE
w_DE_BE_2013_18829,DE_BE,BE,2013,18829,optimal,ADJD,optimal,DE,lemmesTempsDE
w_DE_BE_2013_20805,DE_BE,BE,2013,20805,optimale,ADJA,optimal,DE,lemmesTempsDE
w_DE_BE_2013_20830,DE_BE,BE,2013,20830,optimal,ADJD,optimal,DE,lemmesTempsDE
w_DE_BE_2013_23293,DE_BE,BE,2013,23293,optimale,ADJA,optimal,DE,lemmesTempsDE
w_DE_BE_2013_23358,DE_BE,BE,2013,23358,optimal,ADJD,optimal,DE,lemmesTempsDE
w_DE_BE_2013_23400,DE_BE,BE,2013,23400,optimal,ADJD,optimal,DE,lemmesTempsDE
w_DE_BE_2013_24181,DE_BE,BE,2013,24181,optimal,ADJD,optimal,DE,lemmesTempsDE
w_DE_BE_2013_24233,DE_BE,BE,2013,24233,optimal,ADJD,optimal,DE,lemmesTempsDE
w_DE_BE_2013_25177,DE_BE,BE,2013,25177,optimale,ADJA,optimal,DE,lemmesTempsDE
w_DE_BE_2013_25341,DE_BE,BE,2013,25341,optimalen,ADJA,optimal,DE,lemmesTempsDE
w_DE_BE_2013_32321,DE_BE,BE,2013,32321,optimale,ADJA,optimal,DE,lemmesTempsDE
w_DE_BE_2013_39829,DE_BE,BE,2013,39829,optimale,ADJA,optimal,DE,lemmesTempsDE
w_DE_BE_2013_41758,DE_BE,BE,2013,41758,optimale,ADJA,optimal,DE,lemmesTempsDE
w_DE_BE_2013_41852,DE_BE,BE,2013,41852,optimale,ADJA,optimal,DE,lemmesTempsDE
w_DE_BE_2013_42029,DE_BE,BE,2013,42029,optimale,ADJA,optimal,DE,lemmesTempsDE
w_DE_BE_2013_45146,DE_BE,BE,2013,45146,optimal,ADJD,optimal,DE,lemmesTempsDE
w_DE_BE_2013_51161,DE_BE,BE,2013,51161,optimal,ADJD,optimal,DE,lemmesTempsDE
w_DE_BE_2013_52915,DE_BE,BE,2013,52915,optimal,ADJD,optimal,DE,lemmesTempsDE
w_DE_BE_2013_53160,DE_BE,BE,2013,53160,optimal,ADJD,optimal,DE,lemmesTempsDE
w_DE_BE_2013_53494,DE_BE,BE,2013,53494,optimal,ADJD,optimal,DE,lemmesTempsDE
w_DE_BE_2013_55351,DE_BE,BE,2013,55351,optimal,ADJD,optimal,DE,lemmesTempsDE
w_DE_BE_2013_62437,DE_BE,BE,2013,62437,optimal,ADJD,optimal,DE,lemmesTempsDE
w_DE_AG_1996_5993,DE_AG,AG,1996,5993,optimal,ADJD,optimal,DE,lemmesTempsDE
w_DE_AG_1996_8875,DE_AG,AG,1996,8875,optimal,ADJD,optimal,DE,lemmesTempsDE
w_DE_AG_1996_9709,DE_AG,AG,1996,9709,optimal,ADJD,optimal,DE,lemmesTempsDE
w_DE_AG_1996_16556,DE_AG,AG,1996,16556,optimalen,ADJA,optimal,DE,lemmesTempsDE
w_DE_AG_1996_18193,DE_AG,AG,1996,18193,optimale,ADJA,optimal,DE,lemmesTempsDE
w_DE_AG_1996_25048,DE_AG,AG,1996,25048,optimale,ADJA,optimal,DE,lemmesTempsDE
w_DE_AG_1996_26899,DE_AG,AG,1996,26899,optimale,ADJA,optimal,DE,lemmesTempsDE
w_DE_AG_1996_27304,DE_AG,AG,1996,27304,optimales,ADJA,optimal,DE,lemmesTempsDE
w_DE_AG_1996_31268,DE_AG,AG,1996,31268,optimale,ADJA,optimal,DE,lemmesTempsDE
w_DE_AG_1996_31303,DE_AG,AG,1996,31303,optimale,ADJA,optimal,DE,lemmesTempsDE
w_DE_AG_1996_31321,DE_AG,AG,1996,31321,optimale,ADJA,optimal,DE,lemmesTempsDE
w_DE_AG_1996_31488,DE_AG,AG,1996,31488,optimale,ADJA,optimal,DE,lemmesTempsDE
w_DE_AG_1996_31535,DE_AG,AG,1996,31535,optimale,ADJA,optimal,DE,lemmesTempsDE
w_DE_AG_1996_31655,DE_AG,AG,1996,31655,optimale,ADJA,optimal,DE,lemmesTempsDE
w_DE_AG_1996_32963,DE_AG,AG,1996,32963,optimalen,ADJA,optimal,DE,lemmesTempsDE
w_DE_AG_1996_38057,DE_AG,AG,1996,38057,optimal,ADJD,optimal,DE,lemmesTempsDE
w_DE_AG_1996_41854,DE_AG,AG,1996,41854,optimale,ADJA,optimal,DE,lemmesTempsDE
w_DE_AG_1996_42864,DE_AG,AG,1996,42864,optimal,ADJD,optimal,DE,lemmesTempsDE
w_DE_AG_1996_47241,DE_AG,AG,1996,47241,optimal,ADJD,optimal,DE,lemmesTempsDE
w_DE_AI_2017_854,DE_AI,AI,2017,854,Optimale,ADJA,optimal,DE,lemmesTempsDE
w_DE_AI_2017_8477,DE_AI,AI,2017,8477,optimale,ADJA,optimal,DE,lemmesTempsDE
w_DE_AI_2017_44042,DE_AI,AI,2017,44042,optimale,ADJA,optimal,DE,lemmesTempsDE
w_DE_AI_2017_47665,DE_AI,AI,2017,47665,optimalen,ADJA,optimal,DE,lemmesTempsDE
w_DE_AI_2017_47707,DE_AI,AI,2017,47707,optimales,ADJA,optimal,DE,lemmesTempsDE
w_DE_AR_2025_6076,DE_AR,AR,2025,6076,optimal,ADJD,optimal,DE,lemmesTempsDE
w_DE_AR_2025_6435,DE_AR,AR,2025,6435,optimale,ADJA,optimal,DE,lemmesTempsDE
w_DE_AR_2025_6656,DE_AR,AR,2025,6656,optimale,ADJA,optimal,DE,lemmesTempsDE
w_DE_AR_2025_11677,DE_AR,AR,2025,11677,optimale,ADJA,optimal,DE,lemmesTempsDE
w_DE_AR_2025_14701,DE_AR,AR,2025,14701,optimalen,ADJA,optimal,DE,lemmesTempsDE
w_DE_AR_2025_15322,DE_AR,AR,2025,15322,optimale,ADJA,optimal,DE,lemmesTempsDE
w_DE_AR_2025_18126,DE_AR,AR,2025,18126,optimal,ADJD,optimal,DE,lemmesTempsDE
w_DE_AR_2025_29818,DE_AR,AR,2025,29818,optimalen,ADJA,optimal,DE,lemmesTempsDE
w_DE_AR_2025_31369,DE_AR,AR,2025,31369,optimale,ADJA,optimal,DE,lemmesTempsDE
w_DE_AR_2025_31707,DE_AR,AR,2025,31707,optimale,ADJA,optimal,DE,lemmesTempsDE
w_DE_AR_2025_49005,DE_AR,AR,2025,49005,optimal,ADJD,optimal,DE,lemmesTempsDE
w_DE_BL_2025_5833,DE_BL,BL,2025,5833,optimale,ADJA,optimal,DE,lemmesTempsDE
w_DE_BL_2025_10617,DE_BL,BL,2025,10617,optimal,ADJD,optimal,DE,lemmesTempsDE
w_DE_BL_2025_16556,DE_BL,BL,2025,16556,optimal,ADJD,optimal,DE,lemmesTempsDE
w_DE_BL_2025_16939,DE_BL,BL,2025,16939,optimale,ADJA,optimal,DE,lemmesTempsDE
w_DE_BL_2025_19663,DE_BL,BL,2025,19663,optimalen,ADJA,optimal,DE,lemmesTempsDE
w_DE_BL_2025_19918,DE_BL,BL,2025,19918,optimal,ADJD,optimal,DE,lemmesTempsDE
w_DE_BL_2025_23941,DE_BL,BL,2025,23941,optimal,ADJD,optimal,DE,lemmesTempsDE
w_DE_BL_2025_24447,DE_BL,BL,2025,24447,optimal,ADJD,optimal,DE,lemmesTempsDE
w_DE_BL_2025_29320,DE_BL,BL,2025,29320,optimale,ADJA,optimal,DE,lemmesTempsDE
w_DE_BL_2025_30023,DE_BL,BL,2025,30023,optimale,ADJA,optimal,DE,lemmesTempsDE
w_DE_BL_2025_31133,DE_BL,BL,2025,31133,optimal,ADJD,optimal,DE,lemmesTempsDE
w_DE_BL_2025_34549,DE_BL,BL,2025,34549,optimale,ADJA,optimal,DE,lemmesTempsDE
w_DE_BL_2025_41587,DE_BL,BL,2025,41587,optimale,ADJA,optimal,DE,lemmesTempsDE
w_DE_BL_2025_42301,DE_BL,BL,2025,42301,optimaler,ADJA,optimal,DE,lemmesTempsDE
w_DE_BL_2025_43758,DE_BL,BL,2025,43758,optimal,ADJD,optimal,DE,lemmesTempsDE
w_DE_BL_2025_44013,DE_BL,BL,2025,44013,optimale,ADJA,optimal,DE,lemmesTempsDE
w_DE_BL_2025_44706,DE_BL,BL,2025,44706,optimal,ADJD,optimal,DE,lemmesTempsDE
w_DE_BL_2025_46977,DE_BL,BL,2025,46977,optimale,ADJA,optimal,DE,lemmesTempsDE
w_DE_BL_2025_47015,DE_BL,BL,2025,47015,optimale,ADJA,optimal,DE,lemmesTempsDE
w_DE_BL_2025_53476,DE_BL,BL,2025,53476,optimal,ADJD,optimal,DE,lemmesTempsDE
w_DE_BL_2025_57857,DE_BL,BL,2025,57857,optimal,ADJD,optimal,DE,lemmesTempsDE
w_DE_BL_2025_59712,DE_BL,BL,2025,59712,optimale,ADJA,optimal,DE,lemmesTempsDE
w_DE_BE_2012_3121,DE_BE,BE,2012,3121,optimal,ADJD,optimal,DE,lemmesTempsDE
w_DE_BE_2012_3229,DE_BE,BE,2012,3229,optimalen,ADJA,optimal,DE,lemmesTempsDE
w_DE_BE_2012_10445,DE_BE,BE,2012,10445,optimal,ADJD,optimal,DE,lemmesTempsDE
w_DE_BE_2012_13522,DE_BE,BE,2012,13522,optimal,ADJD,optimal,DE,lemmesTempsDE
w_DE_BE_2012_13676,DE_BE,BE,2012,13676,optimalen,ADJA,optimal,DE,lemmesTempsDE
w_DE_BE_2012_13987,DE_BE,BE,2012,13987,optimale,ADJA,optimal,DE,lemmesTempsDE
w_DE_BE_2012_14096,DE_BE,BE,2012,14096,optimale,ADJA,optimal,DE,lemmesTempsDE
w_DE_BE_2012_14394,DE_BE,BE,2012,14394,optimale,ADJA,optimal,DE,lemmesTempsDE
w_DE_BE_2012_14698,DE_BE,BE,2012,14698,optimal,ADJD,optimal,DE,lemmesTempsDE
w_DE_BE_2012_15147,DE_BE,BE,2012,15147,optimale,ADJA,optimal,DE,lemmesTempsDE
w_DE_BE_2012_16062,DE_BE,BE,2012,16062,optimale,ADJA,optimal,DE,lemmesTempsDE
w_DE_BE_2012_16407,DE_BE,BE,2012,16407,optimal,ADJD,optimal,DE,lemmesTempsDE
w_DE_BE_2012_18864,DE_BE,BE,2012,18864,optimal,ADJD,optimal,DE,lemmesTempsDE
w_DE_BE_2012_20840,DE_BE,BE,2012,20840,optimale,ADJA,optimal,DE,lemmesTempsDE
w_DE_BE_2012_20865,DE_BE,BE,2012,20865,optimal,ADJD,optimal,DE,lemmesTempsDE
w_DE_BE_2012_23328,DE_BE,BE,2012,23328,optimale,ADJA,optimal,DE,lemmesTempsDE
w_DE_BE_2012_23393,DE_BE,BE,2012,23393,optimal,ADJD,optimal,DE,lemmesTempsDE
w_DE_BE_2012_23435,DE_BE,BE,2012,23435,optimal,ADJD,optimal,DE,lemmesTempsDE
w_DE_BE_2012_24216,DE_BE,BE,2012,24216,optimal,ADJD,optimal,DE,lemmesTempsDE
w_DE_BE_2012_24268,DE_BE,BE,2012,24268,optimal,ADJD,optimal,DE,lemmesTempsDE
w_DE_BE_2012_25212,DE_BE,BE,2012,25212,optimale,ADJA,optimal,DE,lemmesTempsDE
w_DE_BE_2012_25376,DE_BE,BE,2012,25376,optimalen,ADJA,optimal,DE,lemmesTempsDE
w_DE_BE_2012_32356,DE_BE,BE,2012,32356,optimale,ADJA,optimal,DE,lemmesTempsDE
w_DE_BE_2012_41225,DE_BE,BE,2012,41225,optimale,ADJA,optimal,DE,lemmesTempsDE
w_DE_BE_2012_42594,DE_BE,BE,2012,42594,optimale,ADJA,optimal,DE,lemmesTempsDE
w_DE_BE_2012_42688,DE_BE,BE,2012,42688,optimale,ADJA,optimal,DE,lemmesTempsDE
w_DE_BE_2012_42865,DE_BE,BE,2012,42865,optimale,ADJA,optimal,DE,lemmesTempsDE
w_DE_BE_2012_46665,DE_BE,BE,2012,46665,optimal,ADJD,optimal,DE,lemmesTempsDE
w_DE_BE_2012_52980,DE_BE,BE,2012,52980,optimal,ADJD,optimal,DE,lemmesTempsDE
w_DE_BE_2012_55455,DE_BE,BE,2012,55455,optimal,ADJD,optimal,DE,lemmesTempsDE
w_DE_BE_2012_55975,DE_BE,BE,2012,55975,optimal,ADJD,optimal,DE,lemmesTempsDE
w_DE_BE_2012_65363,DE_BE,BE,2012,65363,optimal,ADJD,optimal,DE,lemmesTempsDE
w_DE_BS_2012_5964,DE_BS,BS,2012,5964,optimale,ADJA,optimal,DE,lemmesTempsDE
w_DE_BS_2012_6080,DE_BS,BS,2012,6080,optimale,ADJA,optimal,DE,lemmesTempsDE
w_DE_BS_2012_6173,DE_BS,BS,2012,6173,optimal,ADJD,optimal,DE,lemmesTempsDE
w_DE_BS_2012_6384,DE_BS,BS,2012,6384,optimale,ADJA,optimal,DE,lemmesTempsDE
w_DE_BS_2012_7170,DE_BS,BS,2012,7170,optimalen,ADJA,optimal,DE,lemmesTempsDE
w_DE_BS_2012_8771,DE_BS,BS,2012,8771,optimaler,ADJD,optimal,DE,lemmesTempsDE
w_DE_BS_2012_12436,DE_BS,BS,2012,12436,optimal,ADJD,optimal,DE,lemmesTempsDE
w_DE_BS_2012_13042,DE_BS,BS,2012,13042,optimal,ADJD,optimal,DE,lemmesTempsDE
w_DE_BS_2012_13217,DE_BS,BS,2012,13217,optimale,ADJA,optimal,DE,lemmesTempsDE
w_DE_BS_2012_13724,DE_BS,BS,2012,13724,optimalen,ADJA,optimal,DE,lemmesTempsDE
w_DE_BS_2012_14526,DE_BS,BS,2012,14526,optimalen,ADJA,optimal,DE,lemmesTempsDE
w_DE_BS_2012_14726,DE_BS,BS,2012,14726,optimal,ADJD,optimal,DE,lemmesTempsDE
w_DE_BS_2012_15795,DE_BS,BS,2012,15795,optimale,ADJA,optimal,DE,lemmesTempsDE
w_DE_BS_2012_17291,DE_BS,BS,2012,17291,optimalen,ADJA,optimal,DE,lemmesTempsDE
w_DE_BS_2012_21154,DE_BS,BS,2012,21154,optimale,ADJA,optimal,DE,lemmesTempsDE
w_DE_BS_2012_23599,DE_BS,BS,2012,23599,optimal,ADJD,optimal,DE,lemmesTempsDE
w_DE_BS_2012_25635,DE_BS,BS,2012,25635,optimalen,ADJA,optimal,DE,lemmesTempsDE
w_DE_BS_2012_26831,DE_BS,BS,2012,26831,optimal,ADJD,optimal,DE,lemmesTempsDE
w_DE_BS_2012_28381,DE_BS,BS,2012,28381,optimal,ADJD,optimal,DE,lemmesTempsDE
w_DE_BS_2012_32639,DE_BS,BS,2012,32639,optimalen,ADJA,optimal,DE,lemmesTempsDE
w_DE_BS_2012_43148,DE_BS,BS,2012,43148,optimale,ADJA,optimal,DE,lemmesTempsDE
w_DE_BS_2012_43430,DE_BS,BS,2012,43430,optimal,ADJD,optimal,DE,lemmesTempsDE
w_DE_BS_2012_43685,DE_BS,BS,2012,43685,optimale,ADJA,optimal,DE,lemmesTempsDE
w_DE_BS_2012_46321,DE_BS,BS,2012,46321,optimale,ADJA,optimal,DE,lemmesTempsDE
w_DE_BS_2012_46576,DE_BS,BS,2012,46576,optimal,ADJD,optimal,DE,lemmesTempsDE
w_DE_BS_2012_48607,DE_BS,BS,2012,48607,optimal,ADJD,optimal,DE,lemmesTempsDE
w_DE_BS_2012_48956,DE_BS,BS,2012,48956,optimal,ADJD,optimal,DE,lemmesTempsDE
w_DE_BS_2012_49410,DE_BS,BS,2012,49410,optimale,ADJA,optimal,DE,lemmesTempsDE
w_DE_BS_2012_49683,DE_BS,BS,2012,49683,optimales,ADJA,optimal,DE,lemmesTempsDE
w_DE_BS_2012_49728,DE_BS,BS,2012,49728,optimal,ADJD,optimal,DE,lemmesTempsDE
w_DE_BS_2012_51294,DE_BS,BS,2012,51294,optimal,ADJD,optimal,DE,lemmesTempsDE
w_DE_BS_2012_53306,DE_BS,BS,2012,53306,optimal,ADJD,optimal,DE,lemmesTempsDE
w_DE_BS_2018_5556,DE_BS,BS,2018,5556,optimale,ADJA,optimal,DE,lemmesTempsDE
w_DE_BS_2018_5690,DE_BS,BS,2018,5690,optimale,ADJA,optimal,DE,lemmesTempsDE
w_DE_BS_2018_6052,DE_BS,BS,2018,6052,optimale,ADJA,optimal,DE,lemmesTempsDE
w_DE_BS_2018_6827,DE_BS,BS,2018,6827,optimalen,ADJA,optimal,DE,lemmesTempsDE
w_DE_BS_2018_9115,DE_BS,BS,2018,9115,optimaler,ADJD,optimal,DE,lemmesTempsDE
w_DE_BS_2018_14060,DE_BS,BS,2018,14060,optimal,ADJD,optimal,DE,lemmesTempsDE
w_DE_BS_2018_20175,DE_BS,BS,2018,20175,optimale,ADJA,optimal,DE,lemmesTempsDE
w_DE_BS_2018_21549,DE_BS,BS,2018,21549,optimal,ADJD,optimal,DE,lemmesTempsDE
w_DE_BS_2018_22234,DE_BS,BS,2018,22234,optimalen,ADJA,optimal,DE,lemmesTempsDE
w_DE_BS_2018_22319,DE_BS,BS,2018,22319,optimal,ADJD,optimal,DE,lemmesTempsDE
w_DE_BS_2018_22558,DE_BS,BS,2018,22558,optimal,ADJD,optimal,DE,lemmesTempsDE
w_DE_BS_2018_24785,DE_BS,BS,2018,24785,optimalen,ADJA,optimal,DE,lemmesTempsDE
w_DE_BS_2018_24920,DE_BS,BS,2018,24920,optimale,ADJA,optimal,DE,lemmesTempsDE
w_DE_BS_2018_25362,DE_BS,BS,2018,25362,optimal,ADJD,optimal,DE,lemmesTempsDE
w_DE_BS_2018_25397,DE_BS,BS,2018,25397,optimal,ADJD,optimal,DE,lemmesTempsDE
w_DE_BS_2018_25685,DE_BS,BS,2018,25685,optimal,ADJD,optimal,DE,lemmesTempsDE
w_DE_BS_2018_25714,DE_BS,BS,2018,25714,optimal,ADJD,optimal,DE,lemmesTempsDE
w_DE_BS_2018_25914,DE_BS,BS,2018,25914,optimal,ADJD,optimal,DE,lemmesTempsDE
w_DE_BS_2018_26241,DE_BS,BS,2018,26241,optimal,ADJD,optimal,DE,lemmesTempsDE
w_DE_BS_2018_27791,DE_BS,BS,2018,27791,optimalen,ADJA,optimal,DE,lemmesTempsDE
w_DE_BS_2018_30227,DE_BS,BS,2018,30227,optimal,ADJD,optimal,DE,lemmesTempsDE
w_DE_BS_2018_40984,DE_BS,BS,2018,40984,optimalen,ADJA,optimal,DE,lemmesTempsDE
w_DE_BS_2018_41527,DE_BS,BS,2018,41527,optimale,ADJA,optimal,DE,lemmesTempsDE
w_DE_BS_2018_42094,DE_BS,BS,2018,42094,optimale,ADJA,optimal,DE,lemmesTempsDE
w_DE_BS_2018_42366,DE_BS,BS,2018,42366,optimal,ADJD,optimal,DE,lemmesTempsDE
w_DE_BS_2018_42616,DE_BS,BS,2018,42616,optimale,ADJA,optimal,DE,lemmesTempsDE
w_DE_BS_2018_45163,DE_BS,BS,2018,45163,optimale,ADJA,optimal,DE,lemmesTempsDE
w_DE_BS_2018_45484,DE_BS,BS,2018,45484,optimal,ADJD,optimal,DE,lemmesTempsDE
w_DE_BS_2018_47672,DE_BS,BS,2018,47672,optimal,ADJD,optimal,DE,lemmesTempsDE
w_DE_BS_2018_48124,DE_BS,BS,2018,48124,optimale,ADJA,optimal,DE,lemmesTempsDE
w_DE_BS_2018_48410,DE_BS,BS,2018,48410,optimales,ADJA,optimal,DE,lemmesTempsDE
w_DE_BS_2018_48455,DE_BS,BS,2018,48455,optimal,ADJD,optimal,DE,lemmesTempsDE
w_DE_BS_2018_49940,DE_BS,BS,2018,49940,optimal,ADJD,optimal,DE,lemmesTempsDE
w_DE_BS_2018_51994,DE_BS,BS,2018,51994,optimal,ADJD,optimal,DE,lemmesTempsDE
w_DE_BS_2018_58959,DE_BS,BS,2018,58959,optimal,ADJD,optimal,DE,lemmesTempsDE
w_DE_ZH_2020_11245,DE_ZH,ZH,2020,11245,optimalen,ADJA,optimal,DE,lemmesTempsDE
w_DE_ZH_2020_12376,DE_ZH,ZH,2020,12376,optimale,ADJA,optimal,DE,lemmesTempsDE
w_DE_ZH_2020_12410,DE_ZH,ZH,2020,12410,optimal,ADJD,optimal,DE,lemmesTempsDE
w_DE_ZH_2020_33682,DE_ZH,ZH,2020,33682,optimalen,ADJA,optimal,DE,lemmesTempsDE
w_DE_ZH_2020_38516,DE_ZH,ZH,2020,38516,optimale,ADJA,optimal,DE,lemmesTempsDE
w_DE_ZH_2020_57284,DE_ZH,ZH,2020,57284,optimale,ADJA,optimal,DE,lemmesTempsDE
w_DE_ZH_2020_59721,DE_ZH,ZH,2020,59721,optimale,ADJA,optimal,DE,lemmesTempsDE
w_DE_ZH_2020_68339,DE_ZH,ZH,2020,68339,optimalen,ADJA,optimal,DE,lemmesTempsDE
w_DE_ZH_2020_71100,DE_ZH,ZH,2020,71100,optimal,ADJD,optimal,DE,lemmesTempsDE
w_DE_ZH_2020_71134,DE_ZH,ZH,2020,71134,optimal,ADJD,optimal,DE,lemmesTempsDE
w_DE_ZH_2020_73531,DE_ZH,ZH,2020,73531,optimal,ADJD,optimal,DE,lemmesTempsDE
w_DE_ZH_2020_76414,DE_ZH,ZH,2020,76414,optimal,ADJD,optimal,DE,lemmesTempsDE
w_DE_AR_2008_8150,DE_AR,AR,2008,8150,Optimierung,NN,Optimierung,DE,lemmesTempsDE
w_DE_TG_2018_31676,DE_TG,TG,2018,31676,Optimierung,NN,Optimierung,DE,lemmesTempsDE
w_DE_AG_2025_6627,DE_AG,AG,2025,6627,Optimierungen,NN,Optimierung,DE,lemmesTempsDE
w_DE_AG_2025_28116,DE_AG,AG,2025,28116,Optimierungen,NN,Optimierung,DE,lemmesTempsDE
w_DE_AG_2025_34683,DE_AG,AG,2025,34683,optimierungen,NN,Optimierung,DE,lemmesTempsDE
w_DE_AG_2025_61047,DE_AG,AG,2025,61047,Optimierung,NN,Optimierung,DE,lemmesTempsDE
w_DE_AG_2025_61067,DE_AG,AG,2025,61067,Optimierung,NN,Optimierung,DE,lemmesTempsDE
w_DE_AG_2025_62200,DE_AG,AG,2025,62200,Optimierung,NN,Optimierung,DE,lemmesTempsDE
w_DE_AG_2025_63123,DE_AG,AG,2025,63123,Optimierung,NN,Optimierung,DE,lemmesTempsDE
w_DE_AG_2025_63152,DE_AG,AG,2025,63152,Optimierungen,NN,Optimierung,DE,lemmesTempsDE
w_DE_AG_2025_63194,DE_AG,AG,2025,63194,Optimierungen,NN,Optimierung,DE,lemmesTempsDE
w_DE_AG_2025_64210,DE_AG,AG,2025,64210,Optimierung,NN,Optimierung,DE,lemmesTempsDE
w_DE_AG_2025_67068,DE_AG,AG,2025,67068,Optimierung,NN,Optimierung,DE,lemmesTempsDE
w_DE_AG_2025_69262,DE_AG,AG,2025,69262,Optimierung,NN,Optimierung,DE,lemmesTempsDE
w_DE_AG_2025_69353,DE_AG,AG,2025,69353,Optimierung,NN,Optimierung,DE,lemmesTempsDE
w_DE_AG_2025_72067,DE_AG,AG,2025,72067,Optimierung,NN,Optimierung,DE,lemmesTempsDE
w_DE_AG_2025_73681,DE_AG,AG,2025,73681,Optimierung,NN,Optimierung,DE,lemmesTempsDE
w_DE_AG_2025_91038,DE_AG,AG,2025,91038,Optimierung,NN,Optimierung,DE,lemmesTempsDE
w_DE_AG_2025_91207,DE_AG,AG,2025,91207,Optimierung,NN,Optimierung,DE,lemmesTempsDE
w_DE_BS_1986_40151,DE_BS,BS,1986,40151,Optimierungen,NN,Optimierung,DE,lemmesTempsDE
w_DE_BE_2010_9427,DE_BE,BE,2010,9427,Optimierung,NN,Optimierung,DE,lemmesTempsDE
w_DE_BE_2010_15615,DE_BE,BE,2010,15615,Optimierung,NN,Optimierung,DE,lemmesTempsDE
w_DE_BE_2010_17122,DE_BE,BE,2010,17122,Optimierung,NN,Optimierung,DE,lemmesTempsDE
w_DE_BE_2010_43259,DE_BE,BE,2010,43259,Optimierung,NN,Optimierung,DE,lemmesTempsDE
w_DE_BE_2010_48034,DE_BE,BE,2010,48034,Optimierung,NN,Optimierung,DE,lemmesTempsDE
w_DE_BE_2010_56345,DE_BE,BE,2010,56345,Optimierung,NN,Optimierung,DE,lemmesTempsDE
w_DE_LU_2025_17334,DE_LU,LU,2025,17334,Optimierung,NN,Optimierung,DE,lemmesTempsDE
w_DE_LU_2025_17870,DE_LU,LU,2025,17870,Optimierung,NN,Optimierung,DE,lemmesTempsDE
w_DE_LU_2025_28476,DE_LU,LU,2025,28476,Optimierung,NN,Optimierung,DE,lemmesTempsDE
w_DE_LU_2025_28523,DE_LU,LU,2025,28523,Optimierung,NN,Optimierung,DE,lemmesTempsDE
w_DE_LU_2025_28537,DE_LU,LU,2025,28537,Optimierung,NN,Optimierung,DE,lemmesTempsDE
w_DE_LU_2025_28556,DE_LU,LU,2025,28556,Optimierung,NN,Optimierung,DE,lemmesTempsDE
w_DE_LU_2025_48513,DE_LU,LU,2025,48513,Optimierung,NN,Optimierung,DE,lemmesTempsDE
w_DE_NW_2024_44380,DE_NW,NW,2024,44380,Optimierung,NN,Optimierung,DE,lemmesTempsDE
w_DE_NW_2024_44405,DE_NW,NW,2024,44405,Optimierungen,NN,Optimierung,DE,lemmesTempsDE
w_DE_NW_2024_44633,DE_NW,NW,2024,44633,Optimierung,NN,Optimierung,DE,lemmesTempsDE
w_DE_NW_2024_57258,DE_NW,NW,2024,57258,Optimierung,NN,Optimierung,DE,lemmesTempsDE
w_DE_SO_2023_44004,DE_SO,SO,2023,44004,Optimierung,NN,Optimierung,DE,lemmesTempsDE
w_DE_SO_2023_44116,DE_SO,SO,2023,44116,Optimierung,NN,Optimierung,DE,lemmesTempsDE
w_DE_SO_2023_44237,DE_SO,SO,2023,44237,Optimierung,NN,Optimierung,DE,lemmesTempsDE
w_DE_SO_2023_45237,DE_SO,SO,2023,45237,Optimierung,NN,Optimierung,DE,lemmesTempsDE
w_DE_SO_2023_46460,DE_SO,SO,2023,46460,Optimierung,NN,Optimierung,DE,lemmesTempsDE
w_DE_SO_2023_49057,DE_SO,SO,2023,49057,Optimierung,NN,Optimierung,DE,lemmesTempsDE
w_DE_SO_2023_54085,DE_SO,SO,2023,54085,Optimierung,NN,Optimierung,DE,lemmesTempsDE
w_DE_SO_2023_62494,DE_SO,SO,2023,62494,Optimierung,NN,Optimierung,DE,lemmesTempsDE
w_DE_OW_2006_26775,DE_OW,OW,2006,26775,Optimierung,NN,Optimierung,DE,lemmesTempsDE
w_DE_UR_2023_3352,DE_UR,UR,2023,3352,Optimierungen,NN,Optimierung,DE,lemmesTempsDE
w_DE_UR_2023_16771,DE_UR,UR,2023,16771,Optimierung,NN,Optimierung,DE,lemmesTempsDE
w_DE_UR_2023_25004,DE_UR,UR,2023,25004,Optimierung,NN,Optimierung,DE,lemmesTempsDE
w_DE_UR_2023_46827,DE_UR,UR,2023,46827,Optimierung,NN,Optimierung,DE,lemmesTempsDE
w_DE_UR_2023_47058,DE_UR,UR,2023,47058,Optimierung,NN,Optimierung,DE,lemmesTempsDE
w_DE_UR_2023_49879,DE_UR,UR,2023,49879,Optimierung,NN,Optimierung,DE,lemmesTempsDE
w_DE_UR_2023_50030,DE_UR,UR,2023,50030,Optimierung,NN,Optimierung,DE,lemmesTempsDE
w_DE_UR_2023_53156,DE_UR,UR,2023,53156,Optimierung,NN,Optimierung,DE,lemmesTempsDE
w_DE_GL_2025_11880,DE_GL,GL,2025,11880,Optimierung,NN,Optimierung,DE,lemmesTempsDE
w_DE_GL_2025_19448,DE_GL,GL,2025,19448,Optimierung,NN,Optimierung,DE,lemmesTempsDE
w_DE_GL_2025_20080,DE_GL,GL,2025,20080,Optimierung,NN,Optimierung,DE,lemmesTempsDE
w_DE_GL_2025_20107,DE_GL,GL,2025,20107,Optimierung,NN,Optimierung,DE,lemmesTempsDE
w_DE_GL_2025_20343,DE_GL,GL,2025,20343,Optimierung,NN,Optimierung,DE,lemmesTempsDE
w_DE_GL_2025_34673,DE_GL,GL,2025,34673,Optimierung,NN,Optimierung,DE,lemmesTempsDE
w_DE_GL_2025_41959,DE_GL,GL,2025,41959,Optimierung,NN,Optimierung,DE,lemmesTempsDE
w_DE_BS_2019_3349,DE_BS,BS,2019,3349,Optimierungen,NN,Optimierung,DE,lemmesTempsDE
w_DE_BS_2019_4488,DE_BS,BS,2019,4488,Optimierung,NN,Optimierung,DE,lemmesTempsDE
w_DE_BS_2019_5533,DE_BS,BS,2019,5533,Optimierung,NN,Optimierung,DE,lemmesTempsDE
w_DE_BS_2019_5671,DE_BS,BS,2019,5671,Optimierung,NN,Optimierung,DE,lemmesTempsDE
w_DE_BS_2019_20828,DE_BS,BS,2019,20828,Optimierung,NN,Optimierung,DE,lemmesTempsDE
w_DE_BS_2024_11627,DE_BS,BS,2024,11627,Optimierung,NN,Optimierung,DE,lemmesTempsDE
w_DE_BS_2024_14269,DE_BS,BS,2024,14269,Optimierung,NN,Optimierung,DE,lemmesTempsDE
w_DE_ZG_2004_28767,DE_ZG,ZG,2004,28767,Optimierung,NN,Optimierung,DE,lemmesTempsDE
w_DE_ZG_2004_30751,DE_ZG,ZG,2004,30751,Optimierung,NN,Optimierung,DE,lemmesTempsDE
w_DE_ZG_2004_39010,DE_ZG,ZG,2004,39010,Optimierung,NN,Optimierung,DE,lemmesTempsDE
w_DE_ZG_2025_15308,DE_ZG,ZG,2025,15308,Optimierung,NN,Optimierung,DE,lemmesTempsDE
w_DE_ZG_2025_16036,DE_ZG,ZG,2025,16036,Optimierung,NN,Optimierung,DE,lemmesTempsDE
w_DE_BE_2008_9255,DE_BE,BE,2008,9255,Optimierung,NN,Optimierung,DE,lemmesTempsDE
w_DE_BE_2008_13006,DE_BE,BE,2008,13006,Optimierung,NN,Optimierung,DE,lemmesTempsDE
w_DE_BE_2008_13847,DE_BE,BE,2008,13847,Optimierung,NN,Optimierung,DE,lemmesTempsDE
w_DE_BE_2008_15734,DE_BE,BE,2008,15734,Optimierung,NN,Optimierung,DE,lemmesTempsDE
w_DE_BE_2008_40077,DE_BE,BE,2008,40077,Optimierung,NN,Optimierung,DE,lemmesTempsDE
w_DE_BE_2008_53076,DE_BE,BE,2008,53076,Optimierung,NN,Optimierung,DE,lemmesTempsDE
w_DE_BE_2008_53152,DE_BE,BE,2008,53152,Optimierung,NN,Optimierung,DE,lemmesTempsDE
w_DE_BE_2002_9215,DE_BE,BE,2002,9215,Optimierung,NN,Optimierung,DE,lemmesTempsDE
w_DE_BE_2002_12552,DE_BE,BE,2002,12552,Optimierung,NN,Optimierung,DE,lemmesTempsDE
w_DE_BE_2002_13156,DE_BE,BE,2002,13156,Optimierung,NN,Optimierung,DE,lemmesTempsDE
w_DE_BE_2002_15120,DE_BE,BE,2002,15120,Optimierung,NN,Optimierung,DE,lemmesTempsDE
w_DE_BE_2002_36244,DE_BE,BE,2002,36244,Optimierung,NN,Optimierung,DE,lemmesTempsDE
w_DE_BE_2002_57466,DE_BE,BE,2002,57466,Optimierung,NN,Optimierung,DE,lemmesTempsDE
w_DE_BE_2002_63811,DE_BE,BE,2002,63811,Optimierung,NN,Optimierung,DE,lemmesTempsDE
w_DE_BS_2010_14728,DE_BS,BS,2010,14728,Optimierung,NN,Optimierung,DE,lemmesTempsDE
w_DE_BS_2010_25661,DE_BS,BS,2010,25661,Optimierung,NN,Optimierung,DE,lemmesTempsDE
w_DE_BS_2010_50957,DE_BS,BS,2010,50957,Optimierung,NN,Optimierung,DE,lemmesTempsDE
w_DE_BS_2010_64526,DE_BS,BS,2010,64526,Optimierungen,NN,Optimierung,DE,lemmesTempsDE
w_DE_BS_2010_75868,DE_BS,BS,2010,75868,Optimierungen,NN,Optimierung,DE,lemmesTempsDE
w_DE_SZ_2012_6242,DE_SZ,SZ,2012,6242,Optimierung,NN,Optimierung,DE,lemmesTempsDE
w_DE_LU_2009_5376,DE_LU,LU,2009,5376,Optimierungen,NN,Optimierung,DE,lemmesTempsDE
w_DE_LU_2009_15486,DE_LU,LU,2009,15486,Optimierungen,NN,Optimierung,DE,lemmesTempsDE
w_DE_LU_2009_15559,DE_LU,LU,2009,15559,Optimierungen,NN,Optimierung,DE,lemmesTempsDE
w_DE_LU_2009_15597,DE_LU,LU,2009,15597,Optimierung,NN,Optimierung,DE,lemmesTempsDE
w_DE_LU_2009_18630,DE_LU,LU,2009,18630,Optimierung,NN,Optimierung,DE,lemmesTempsDE
w_DE_LU_2009_24102,DE_LU,LU,2009,24102,Optimierung,NN,Optimierung,DE,lemmesTempsDE
w_DE_LU_2009_30742,DE_LU,LU,2009,30742,Optimierung,NN,Optimierung,DE,lemmesTempsDE
w_DE_LU_2009_36273,DE_LU,LU,2009,36273,Optimierung,NN,Optimierung,DE,lemmesTempsDE
w_DE_LU_2009_39433,DE_LU,LU,2009,39433,Optimierung,NN,Optimierung,DE,lemmesTempsDE
w_DE_LU_2009_40089,DE_LU,LU,2009,40089,Optimierung,NN,Optimierung,DE,lemmesTempsDE
w_DE_LU_2009_40238,DE_LU,LU,2009,40238,Optimierung,NN,Optimierung,DE,lemmesTempsDE
w_DE_LU_2009_40598,DE_LU,LU,2009,40598,Optimierung,NN,Optimierung,DE,lemmesTempsDE
w_DE_LU_2009_42086,DE_LU,LU,2009,42086,Optimierung,NN,Optimierung,DE,lemmesTempsDE
w_DE_LU_2009_44823,DE_LU,LU,2009,44823,Optimierung,NN,Optimierung,DE,lemmesTempsDE
w_DE_LU_2009_44857,DE_LU,LU,2009,44857,Optimierung,NN,Optimierung,DE,lemmesTempsDE
w_DE_LU_2009_45430,DE_LU,LU,2009,45430,Optimierung,NN,Optimierung,DE,lemmesTempsDE
w_DE_LU_2009_46070,DE_LU,LU,2009,46070,Optimierung,NN,Optimierung,DE,lemmesTempsDE
w_DE_LU_2009_46922,DE_LU,LU,2009,46922,Optimierungen,NN,Optimierung,DE,lemmesTempsDE
w_DE_LU_2009_47513,DE_LU,LU,2009,47513,Optimierungen,NN,Optimierung,DE,lemmesTempsDE
w_DE_LU_2009_59109,DE_LU,LU,2009,59109,Optimierung,NN,Optimierung,DE,lemmesTempsDE
w_DE_LU_2009_59459,DE_LU,LU,2009,59459,Optimierung,NN,Optimierung,DE,lemmesTempsDE
w_DE_LU_2009_65894,DE_LU,LU,2009,65894,Optimierung,NN,Optimierung,DE,lemmesTempsDE
w_DE_SH_2004_49791,DE_SH,SH,2004,49791,Optimierung,NN,Optimierung,DE,lemmesTempsDE
w_DE_SH_2004_61307,DE_SH,SH,2004,61307,Optimierung,NN,Optimierung,DE,lemmesTempsDE
w_DE_BS_2025_17338,DE_BS,BS,2025,17338,Optimierung,NN,Optimierung,DE,lemmesTempsDE
w_DE_BS_2025_19975,DE_BS,BS,2025,19975,Optimierung,NN,Optimierung,DE,lemmesTempsDE
w_DE_BS_2025_22927,DE_BS,BS,2025,22927,Optimierung,NN,Optimierung,DE,lemmesTempsDE
w_DE_BS_2025_24177,DE_BS,BS,2025,24177,Optimierung,NN,Optimierung,DE,lemmesTempsDE
w_DE_BS_2025_47174,DE_BS,BS,2025,47174,Optimierung,NN,Optimierung,DE,lemmesTempsDE
w_DE_BS_2025_48940,DE_BS,BS,2025,48940,Optimierungen,NN,Optimierung,DE,lemmesTempsDE
w_DE_BS_2025_50088,DE_BS,BS,2025,50088,Optimierung,NN,Optimierung,DE,lemmesTempsDE
w_DE_BS_2025_51132,DE_BS,BS,2025,51132,Optimierung,NN,Optimierung,DE,lemmesTempsDE
w_DE_BS_2025_51270,DE_BS,BS,2025,51270,Optimierung,NN,Optimierung,DE,lemmesTempsDE
w_DE_BE_2024_7387,DE_BE,BE,2024,7387,Optimierung,NN,Optimierung,DE,lemmesTempsDE
w_DE_BE_2024_10842,DE_BE,BE,2024,10842,Optimierung,NN,Optimierung,DE,lemmesTempsDE
w_DE_BE_2024_13328,DE_BE,BE,2024,13328,Optimierung,NN,Optimierung,DE,lemmesTempsDE
w_DE_BE_2024_14780,DE_BE,BE,2024,14780,Optimierung,NN,Optimierung,DE,lemmesTempsDE
w_DE_BE_2024_14973,DE_BE,BE,2024,14973,Optimierung,NN,Optimierung,DE,lemmesTempsDE
w_DE_BE_2024_15879,DE_BE,BE,2024,15879,Optimierung,NN,Optimierung,DE,lemmesTempsDE
w_DE_BE_2024_16500,DE_BE,BE,2024,16500,Optimierung,NN,Optimierung,DE,lemmesTempsDE
w_DE_BE_2024_16706,DE_BE,BE,2024,16706,Optimierung,NN,Optimierung,DE,lemmesTempsDE
w_DE_BE_2024_17837,DE_BE,BE,2024,17837,Optimierungen,NN,Optimierung,DE,lemmesTempsDE
w_DE_BE_2024_37008,DE_BE,BE,2024,37008,Optimierung,NN,Optimierung,DE,lemmesTempsDE
w_DE_BE_2024_38585,DE_BE,BE,2024,38585,Optimierung,NN,Optimierung,DE,lemmesTempsDE
w_DE_BE_2004_9215,DE_BE,BE,2004,9215,Optimierung,NN,Optimierung,DE,lemmesTempsDE
w_DE_BE_2004_12552,DE_BE,BE,2004,12552,Optimierung,NN,Optimierung,DE,lemmesTempsDE
w_DE_BE_2004_13156,DE_BE,BE,2004,13156,Optimierung,NN,Optimierung,DE,lemmesTempsDE
w_DE_BE_2004_15120,DE_BE,BE,2004,15120,Optimierung,NN,Optimierung,DE,lemmesTempsDE
w_DE_BE_2004_36359,DE_BE,BE,2004,36359,Optimierung,NN,Optimierung,DE,lemmesTempsDE
w_DE_BE_2004_58740,DE_BE,BE,2004,58740,Optimierung,NN,Optimierung,DE,lemmesTempsDE
w_DE_BE_2004_65110,DE_BE,BE,2004,65110,Optimierung,NN,Optimierung,DE,lemmesTempsDE
w_DE_SH_2021_18920,DE_SH,SH,2021,18920,Optimierung,NN,Optimierung,DE,lemmesTempsDE
w_DE_SH_2021_47386,DE_SH,SH,2021,47386,Optimierung,NN,Optimierung,DE,lemmesTempsDE
w_DE_SH_2021_53917,DE_SH,SH,2021,53917,Optimierung,NN,Optimierung,DE,lemmesTempsDE
w_DE_SH_2021_54136,DE_SH,SH,2021,54136,Optimierung,NN,Optimierung,DE,lemmesTempsDE
w_DE_SZ_2022_16865,DE_SZ,SZ,2022,16865,Optimierung,NN,Optimierung,DE,lemmesTempsDE
w_DE_SZ_2022_21820,DE_SZ,SZ,2022,21820,Optimierung,NN,Optimierung,DE,lemmesTempsDE
w_DE_SZ_2022_23187,DE_SZ,SZ,2022,23187,Optimierung,NN,Optimierung,DE,lemmesTempsDE
w_DE_SZ_2022_23517,DE_SZ,SZ,2022,23517,Optimierung,NN,Optimierung,DE,lemmesTempsDE
w_DE_SZ_2022_23841,DE_SZ,SZ,2022,23841,Optimierung,NN,Optimierung,DE,lemmesTempsDE
w_DE_SZ_2022_25309,DE_SZ,SZ,2022,25309,Optimierungen,NN,Optimierung,DE,lemmesTempsDE
w_DE_SZ_2022_27160,DE_SZ,SZ,2022,27160,Optimierung,NN,Optimierung,DE,lemmesTempsDE
w_DE_SZ_2022_27978,DE_SZ,SZ,2022,27978,Optimierung,NN,Optimierung,DE,lemmesTempsDE
w_DE_SZ_2022_41404,DE_SZ,SZ,2022,41404,Optimierungen,NN,Optimierung,DE,lemmesTempsDE
w_DE_SZ_2022_43212,DE_SZ,SZ,2022,43212,Optimierung,NN,Optimierung,DE,lemmesTempsDE
w_DE_BE_2006_9254,DE_BE,BE,2006,9254,Optimierung,NN,Optimierung,DE,lemmesTempsDE
w_DE_BE_2006_13005,DE_BE,BE,2006,13005,Optimierung,NN,Optimierung,DE,lemmesTempsDE
w_DE_BE_2006_13846,DE_BE,BE,2006,13846,Optimierung,NN,Optimierung,DE,lemmesTempsDE
w_DE_BE_2006_15733,DE_BE,BE,2006,15733,Optimierung,NN,Optimierung,DE,lemmesTempsDE
w_DE_BE_2006_40285,DE_BE,BE,2006,40285,Optimierung,NN,Optimierung,DE,lemmesTempsDE
w_DE_BE_2006_53389,DE_BE,BE,2006,53389,Optimierung,NN,Optimierung,DE,lemmesTempsDE
w_DE_BE_2013_9403,DE_BE,BE,2013,9403,Optimierung,NN,Optimierung,DE,lemmesTempsDE
w_DE_BE_2013_15591,DE_BE,BE,2013,15591,Optimierung,NN,Optimierung,DE,lemmesTempsDE
w_DE_BE_2013_17098,DE_BE,BE,2013,17098,Optimierung,NN,Optimierung,DE,lemmesTempsDE
w_DE_BE_2013_42426,DE_BE,BE,2013,42426,Optimierung,NN,Optimierung,DE,lemmesTempsDE
w_DE_BE_2013_46752,DE_BE,BE,2013,46752,Optimierung,NN,Optimierung,DE,lemmesTempsDE
w_DE_BE_2013_53876,DE_BE,BE,2013,53876,Optimierung,NN,Optimierung,DE,lemmesTempsDE
w_DE_AG_1996_25287,DE_AG,AG,1996,25287,Optimierung,NN,Optimierung,DE,lemmesTempsDE
w_DE_AG_1996_26541,DE_AG,AG,1996,26541,Optimierung,NN,Optimierung,DE,lemmesTempsDE
w_DE_AG_1996_26807,DE_AG,AG,1996,26807,Optimierung,NN,Optimierung,DE,lemmesTempsDE
w_DE_AG_1996_32490,DE_AG,AG,1996,32490,Optimierung,NN,Optimierung,DE,lemmesTempsDE
w_DE_AG_1996_32505,DE_AG,AG,1996,32505,Optimierung,NN,Optimierung,DE,lemmesTempsDE
w_DE_AG_1996_32701,DE_AG,AG,1996,32701,Optimierung,NN,Optimierung,DE,lemmesTempsDE
w_DE_AG_1996_32712,DE_AG,AG,1996,32712,Optimierung,NN,Optimierung,DE,lemmesTempsDE
w_DE_AG_1996_39329,DE_AG,AG,1996,39329,Optimierungen,NN,Optimierung,DE,lemmesTempsDE
w_DE_AR_2012_12905,DE_AR,AR,2012,12905,Optimierung,NN,Optimierung,DE,lemmesTempsDE
w_DE_AI_2017_799,DE_AI,AI,2017,799,Optimierung,NN,Optimierung,DE,lemmesTempsDE
w_DE_AI_2017_826,DE_AI,AI,2017,826,Optimierung,NN,Optimierung,DE,lemmesTempsDE
w_DE_AI_2017_4745,DE_AI,AI,2017,4745,Optimierung,NN,Optimierung,DE,lemmesTempsDE
w_DE_AI_2017_9740,DE_AI,AI,2017,9740,Optimierung,NN,Optimierung,DE,lemmesTempsDE
w_DE_AI_2017_39622,DE_AI,AI,2017,39622,Optimierung,NN,Optimierung,DE,lemmesTempsDE
w_DE_AI_2017_47648,DE_AI,AI,2017,47648,Optimierung,NN,Optimierung,DE,lemmesTempsDE
w_DE_AR_2025_23123,DE_AR,AR,2025,23123,Optimierung,NN,Optimierung,DE,lemmesTempsDE
w_DE_AR_2025_30258,DE_AR,AR,2025,30258,Optimierung,NN,Optimierung,DE,lemmesTempsDE
w_DE_BL_2025_13469,DE_BL,BL,2025,13469,Optimierung,NN,Optimierung,DE,lemmesTempsDE
w_DE_BL_2025_21127,DE_BL,BL,2025,21127,Optimierung,NN,Optimierung,DE,lemmesTempsDE
w_DE_BL_2025_21134,DE_BL,BL,2025,21134,Optimierung,NN,Optimierung,DE,lemmesTempsDE
w_DE_BL_2025_31432,DE_BL,BL,2025,31432,Optimierung,NN,Optimierung,DE,lemmesTempsDE
w_DE_BL_2025_36222,DE_BL,BL,2025,36222,Optimierung,NN,Optimierung,DE,lemmesTempsDE
w_DE_BL_2025_46681,DE_BL,BL,2025,46681,Optimierung,NN,Optimierung,DE,lemmesTempsDE
w_DE_BL_2025_51068,DE_BL,BL,2025,51068,Optimierung,NN,Optimierung,DE,lemmesTempsDE
w_DE_BL_2025_58615,DE_BL,BL,2025,58615,Optimierung,NN,Optimierung,DE,lemmesTempsDE
w_DE_BL_2025_58716,DE_BL,BL,2025,58716,Optimierung,NN,Optimierung,DE,lemmesTempsDE
w_DE_BE_2012_9438,DE_BE,BE,2012,9438,Optimierung,NN,Optimierung,DE,lemmesTempsDE
w_DE_BE_2012_15626,DE_BE,BE,2012,15626,Optimierung,NN,Optimierung,DE,lemmesTempsDE
w_DE_BE_2012_17133,DE_BE,BE,2012,17133,Optimierung,NN,Optimierung,DE,lemmesTempsDE
w_DE_BE_2012_43266,DE_BE,BE,2012,43266,Optimierung,NN,Optimierung,DE,lemmesTempsDE
w_DE_BE_2012_48041,DE_BE,BE,2012,48041,Optimierung,NN,Optimierung,DE,lemmesTempsDE
w_DE_BE_2012_56357,DE_BE,BE,2012,56357,Optimierung,NN,Optimierung,DE,lemmesTempsDE
w_DE_BS_2012_1311,DE_BS,BS,2012,1311,Optimierung,NN,Optimierung,DE,lemmesTempsDE
w_DE_BS_2012_12513,DE_BS,BS,2012,12513,Optimierung,NN,Optimierung,DE,lemmesTempsDE
w_DE_BS_2012_26521,DE_BS,BS,2012,26521,Optimierung,NN,Optimierung,DE,lemmesTempsDE
w_DE_BS_2012_27025,DE_BS,BS,2012,27025,Optimierungen,NN,Optimierung,DE,lemmesTempsDE
w_DE_BS_2012_57001,DE_BS,BS,2012,57001,Optimierung,NN,Optimierung,DE,lemmesTempsDE
w_DE_BS_2018_10834,DE_BS,BS,2018,10834,Optimierungen,NN,Optimierung,DE,lemmesTempsDE
w_DE_BS_2018_18731,DE_BS,BS,2018,18731,Optimierung,NN,Optimierung,DE,lemmesTempsDE
w_DE_BS_2018_21993,DE_BS,BS,2018,21993,Optimierung,NN,Optimierung,DE,lemmesTempsDE
w_DE_BS_2018_25229,DE_BS,BS,2018,25229,Optimierung,NN,Optimierung,DE,lemmesTempsDE
w_DE_BS_2018_26570,DE_BS,BS,2018,26570,Optimierung,NN,Optimierung,DE,lemmesTempsDE
w_DE_BS_2018_30685,DE_BS,BS,2018,30685,Optimierung,NN,Optimierung,DE,lemmesTempsDE
w_DE_BS_2018_30700,DE_BS,BS,2018,30700,Optimierung,NN,Optimierung,DE,lemmesTempsDE
w_DE_BS_2018_40953,DE_BS,BS,2018,40953,Optimierung,NN,Optimierung,DE,lemmesTempsDE
w_DE_BS_2018_56132,DE_BS,BS,2018,56132,Optimierung,NN,Optimierung,DE,lemmesTempsDE
w_DE_ZH_2020_4523,DE_ZH,ZH,2020,4523,Optimierung,NN,Optimierung,DE,lemmesTempsDE
w_DE_ZH_2020_9553,DE_ZH,ZH,2020,9553,Optimierung,NN,Optimierung,DE,lemmesTempsDE
w_DE_ZH_2020_12560,DE_ZH,ZH,2020,12560,Optimierung,NN,Optimierung,DE,lemmesTempsDE
w_DE_ZH_2020_44415,DE_ZH,ZH,2020,44415,Optimierung,NN,Optimierung,DE,lemmesTempsDE
w_DE_ZH_2020_50005,DE_ZH,ZH,2020,50005,Optimierung,NN,Optimierung,DE,lemmesTempsDE
w_DE_ZH_2020_60239,DE_ZH,ZH,2020,60239,Optimierung,NN,Optimierung,DE,lemmesTempsDE
w_DE_ZH_2020_60557,DE_ZH,ZH,2020,60557,Optimierung,NN,Optimierung,DE,lemmesTempsDE
w_DE_ZH_2020_68387,DE_ZH,ZH,2020,68387,Optimierung,NN,Optimierung,DE,lemmesTempsDE
w_DE_ZH_2020_69423,DE_ZH,ZH,2020,69423,Optimierung,NN,Optimierung,DE,lemmesTempsDE
w_DE_AG_2025_70384,DE_AG,AG,2025,70384,Pünktlichkeit,NN,Pünktlichkeit,DE,lemmesTempsDE
w_DE_BS_2019_2841,DE_BS,BS,2019,2841,Pünktlichkeit,NN,Pünktlichkeit,DE,lemmesTempsDE
w_DE_BS_2010_39542,DE_BS,BS,2010,39542,Pünktlichkeit,NN,Pünktlichkeit,DE,lemmesTempsDE
w_DE_BS_2010_47956,DE_BS,BS,2010,47956,Pünktlichkeit,NN,Pünktlichkeit,DE,lemmesTempsDE
w_DE_BS_2025_48441,DE_BS,BS,2025,48441,Pünktlichkeit,NN,Pünktlichkeit,DE,lemmesTempsDE
w_DE_BE_2024_34191,DE_BE,BE,2024,34191,Pünktlichkeit,NN,Pünktlichkeit,DE,lemmesTempsDE
w_DE_SZ_2022_26774,DE_SZ,SZ,2022,26774,Pünktlichkeit,NN,Pünktlichkeit,DE,lemmesTempsDE
w_DE_BS_2012_43369,DE_BS,BS,2012,43369,Pünktlichkeit,NN,Pünktlichkeit,DE,lemmesTempsDE
w_DE_BS_2012_53731,DE_BS,BS,2012,53731,Pünktlichkeit,NN,Pünktlichkeit,DE,lemmesTempsDE
w_DE_BS_2018_42209,DE_BS,BS,2018,42209,Pünktlichkeit,NN,Pünktlichkeit,DE,lemmesTempsDE
w_DE_BS_2018_52404,DE_BS,BS,2018,52404,Pünktlichkeit,NN,Pünktlichkeit,DE,lemmesTempsDE
w_DE_BS_2010_39544,DE_BS,BS,2010,39544,Regelmässigkeit,NN,Regelmäßigkeit,DE,lemmesTempsDE
w_DE_BE_2024_13305,DE_BE,BE,2024,13305,Regelmässigkeit,NN,Regelmäßigkeit,DE,lemmesTempsDE
w_DE_BE_2010_4058,DE_BE,BE,2010,4058,Rhythmus,NN,Rhythmus,DE,lemmesTempsDE
w_DE_BE_2010_5213,DE_BE,BE,2010,5213,Rhythmus,NN,Rhythmus,DE,lemmesTempsDE
w_DE_BE_2010_33401,DE_BE,BE,2010,33401,Rhythmus,NN,Rhythmus,DE,lemmesTempsDE
w_DE_BE_2010_34304,DE_BE,BE,2010,34304,Rhythmus,NN,Rhythmus,DE,lemmesTempsDE
w_DE_BE_2008_4060,DE_BE,BE,2008,4060,Rhythmus,NN,Rhythmus,DE,lemmesTempsDE
w_DE_BE_2008_5215,DE_BE,BE,2008,5215,Rhythmus,NN,Rhythmus,DE,lemmesTempsDE
w_DE_BE_2008_30666,DE_BE,BE,2008,30666,Rhythmus,NN,Rhythmus,DE,lemmesTempsDE
w_DE_BE_2008_31604,DE_BE,BE,2008,31604,Rhythmus,NN,Rhythmus,DE,lemmesTempsDE
w_DE_BE_2002_4021,DE_BE,BE,2002,4021,Rhythmus,NN,Rhythmus,DE,lemmesTempsDE
w_DE_BE_2002_5176,DE_BE,BE,2002,5176,Rhythmus,NN,Rhythmus,DE,lemmesTempsDE
w_DE_BE_2002_28382,DE_BE,BE,2002,28382,Rhythmus,NN,Rhythmus,DE,lemmesTempsDE
w_DE_BE_2002_29294,DE_BE,BE,2002,29294,Rhythmus,NN,Rhythmus,DE,lemmesTempsDE
w_DE_BE_2002_68919,DE_BE,BE,2002,68919,Rhythmus,NN,Rhythmus,DE,lemmesTempsDE
w_DE_BE_2024_3136,DE_BE,BE,2024,3136,Rhythmus,NN,Rhythmus,DE,lemmesTempsDE
w_DE_BE_2024_25746,DE_BE,BE,2024,25746,Rhythmus,NN,Rhythmus,DE,lemmesTempsDE
w_DE_BE_2004_4021,DE_BE,BE,2004,4021,Rhythmus,NN,Rhythmus,DE,lemmesTempsDE
w_DE_BE_2004_5176,DE_BE,BE,2004,5176,Rhythmus,NN,Rhythmus,DE,lemmesTempsDE
w_DE_BE_2004_28380,DE_BE,BE,2004,28380,Rhythmus,NN,Rhythmus,DE,lemmesTempsDE
w_DE_BE_2004_29292,DE_BE,BE,2004,29292,Rhythmus,NN,Rhythmus,DE,lemmesTempsDE
w_DE_BE_2004_70183,DE_BE,BE,2004,70183,Rhythmus,NN,Rhythmus,DE,lemmesTempsDE
w_DE_SH_2021_2442,DE_SH,SH,2021,2442,Rhythmus,NN,Rhythmus,DE,lemmesTempsDE
w_DE_BE_2006_4060,DE_BE,BE,2006,4060,Rhythmus,NN,Rhythmus,DE,lemmesTempsDE
w_DE_BE_2006_5215,DE_BE,BE,2006,5215,Rhythmus,NN,Rhythmus,DE,lemmesTempsDE
w_DE_BE_2006_30665,DE_BE,BE,2006,30665,Rhythmus,NN,Rhythmus,DE,lemmesTempsDE
w_DE_BE_2006_31603,DE_BE,BE,2006,31603,Rhythmus,NN,Rhythmus,DE,lemmesTempsDE
w_DE_BE_2013_4034,DE_BE,BE,2013,4034,Rhythmus,NN,Rhythmus,DE,lemmesTempsDE
w_DE_BE_2013_5189,DE_BE,BE,2013,5189,Rhythmus,NN,Rhythmus,DE,lemmesTempsDE
w_DE_BE_2013_33373,DE_BE,BE,2013,33373,Rhythmus,NN,Rhythmus,DE,lemmesTempsDE
w_DE_BE_2013_34276,DE_BE,BE,2013,34276,Rhythmus,NN,Rhythmus,DE,lemmesTempsDE
w_DE_BE_2012_4069,DE_BE,BE,2012,4069,Rhythmus,NN,Rhythmus,DE,lemmesTempsDE
w_DE_BE_2012_5224,DE_BE,BE,2012,5224,Rhythmus,NN,Rhythmus,DE,lemmesTempsDE
w_DE_BE_2012_33408,DE_BE,BE,2012,33408,Rhythmus,NN,Rhythmus,DE,lemmesTempsDE
w_DE_BE_2012_34311,DE_BE,BE,2012,34311,Rhythmus,NN,Rhythmus,DE,lemmesTempsDE
w_DE_ZH_2020_75191,DE_ZH,ZH,2020,75191,Rhythmus,NN,Rhythmus,DE,lemmesTempsDE
w_DE_OW_1987_59645,DE_OW,OW,1987,59645,Sauberkeit,NN,Sauberkeit,DE,lemmesTempsDE
w_DE_AR_2008_14620,DE_AR,AR,2008,14620,Sicherheit,NN,Sicherheit,DE,lemmesTempsDE
w_DE_TG_2018_21485,DE_TG,TG,2018,21485,Sicherheit,NN,Sicherheit,DE,lemmesTempsDE
w_DE_TG_2018_28975,DE_TG,TG,2018,28975,Sicherheit,NN,Sicherheit,DE,lemmesTempsDE
w_DE_TG_2018_36450,DE_TG,TG,2018,36450,Sicherheit,NN,Sicherheit,DE,lemmesTempsDE
w_DE_TG_2018_37315,DE_TG,TG,2018,37315,Sicherheit,NN,Sicherheit,DE,lemmesTempsDE
w_DE_AG_2025_5150,DE_AG,AG,2025,5150,Sicherheit,NN,Sicherheit,DE,lemmesTempsDE
w_DE_AG_2025_16439,DE_AG,AG,2025,16439,Sicherheit,NN,Sicherheit,DE,lemmesTempsDE
w_DE_AG_2025_30004,DE_AG,AG,2025,30004,Sicherheit,NN,Sicherheit,DE,lemmesTempsDE
w_DE_AG_2025_46959,DE_AG,AG,2025,46959,Sicherheit,NN,Sicherheit,DE,lemmesTempsDE
w_DE_AG_2025_47409,DE_AG,AG,2025,47409,Sicherheit,NN,Sicherheit,DE,lemmesTempsDE
w_DE_AG_2025_71823,DE_AG,AG,2025,71823,Sicherheit,NN,Sicherheit,DE,lemmesTempsDE
w_DE_AG_2025_77865,DE_AG,AG,2025,77865,Sicherheit,NN,Sicherheit,DE,lemmesTempsDE
w_DE_AG_2025_78538,DE_AG,AG,2025,78538,Sicherheit,NN,Sicherheit,DE,lemmesTempsDE
w_DE_BS_1986_13011,DE_BS,BS,1986,13011,Sicherheit,NN,Sicherheit,DE,lemmesTempsDE
w_DE_BS_1986_13027,DE_BS,BS,1986,13027,Sicherheit,NN,Sicherheit,DE,lemmesTempsDE
w_DE_BS_1986_24447,DE_BS,BS,1986,24447,sicherheit,NN,Sicherheit,DE,lemmesTempsDE
w_DE_BS_1986_25338,DE_BS,BS,1986,25338,Sicherheit,NN,Sicherheit,DE,lemmesTempsDE
w_DE_BS_1986_35258,DE_BS,BS,1986,35258,Sicherheit,NN,Sicherheit,DE,lemmesTempsDE
w_DE_BS_1986_35961,DE_BS,BS,1986,35961,Sicherheit,NN,Sicherheit,DE,lemmesTempsDE
w_DE_BE_2010_3682,DE_BE,BE,2010,3682,Sicherheit,NN,Sicherheit,DE,lemmesTempsDE
w_DE_BE_2010_9748,DE_BE,BE,2010,9748,Sicherheit,NN,Sicherheit,DE,lemmesTempsDE
w_DE_BE_2010_13763,DE_BE,BE,2010,13763,Sicherheit,NN,Sicherheit,DE,lemmesTempsDE
w_DE_BE_2010_23319,DE_BE,BE,2010,23319,sicherheit,NN,Sicherheit,DE,lemmesTempsDE
w_DE_BE_2010_26850,DE_BE,BE,2010,26850,Sicherheit,NN,Sicherheit,DE,lemmesTempsDE
w_DE_BE_2010_43879,DE_BE,BE,2010,43879,Sicherheit,NN,Sicherheit,DE,lemmesTempsDE
w_DE_BE_2010_62678,DE_BE,BE,2010,62678,Sicherheit,NN,Sicherheit,DE,lemmesTempsDE
w_DE_AR_1987_6651,DE_AR,AR,1987,6651,Sicherheit,NN,Sicherheit,DE,lemmesTempsDE
w_DE_AR_1987_17321,DE_AR,AR,1987,17321,Sicherheit,NN,Sicherheit,DE,lemmesTempsDE
w_DE_LU_2025_1066,DE_LU,LU,2025,1066,Sicherheit,NN,Sicherheit,DE,lemmesTempsDE
w_DE_LU_2025_7726,DE_LU,LU,2025,7726,Sicherheit,NN,Sicherheit,DE,lemmesTempsDE
w_DE_LU_2025_12371,DE_LU,LU,2025,12371,Sicherheit,NN,Sicherheit,DE,lemmesTempsDE
w_DE_LU_2025_12377,DE_LU,LU,2025,12377,Sicherheit,NN,Sicherheit,DE,lemmesTempsDE
w_DE_LU_2025_12462,DE_LU,LU,2025,12462,Sicherheit,NN,Sicherheit,DE,lemmesTempsDE
w_DE_LU_2025_31873,DE_LU,LU,2025,31873,Sicherheit,NN,Sicherheit,DE,lemmesTempsDE
w_DE_LU_2025_32529,DE_LU,LU,2025,32529,Sicherheit,NN,Sicherheit,DE,lemmesTempsDE
w_DE_NW_2024_3237,DE_NW,NW,2024,3237,Sicherheit,NN,Sicherheit,DE,lemmesTempsDE
w_DE_NW_2024_3415,DE_NW,NW,2024,3415,Sicherheit,NN,Sicherheit,DE,lemmesTempsDE
w_DE_NW_2024_32629,DE_NW,NW,2024,32629,Sicherheit,NN,Sicherheit,DE,lemmesTempsDE
w_DE_NW_2024_43752,DE_NW,NW,2024,43752,Sicherheit,NN,Sicherheit,DE,lemmesTempsDE
w_DE_NW_2024_43858,DE_NW,NW,2024,43858,Sicherheit,NN,Sicherheit,DE,lemmesTempsDE
w_DE_NW_2024_44750,DE_NW,NW,2024,44750,Sicherheit,NN,Sicherheit,DE,lemmesTempsDE
w_DE_NW_2024_45363,DE_NW,NW,2024,45363,Sicherheit,NN,Sicherheit,DE,lemmesTempsDE
w_DE_NW_2024_52127,DE_NW,NW,2024,52127,Sicherheit,NN,Sicherheit,DE,lemmesTempsDE
w_DE_NW_2024_54174,DE_NW,NW,2024,54174,Sicherheit,NN,Sicherheit,DE,lemmesTempsDE
w_DE_NW_2024_54384,DE_NW,NW,2024,54384,Sicherheit,NN,Sicherheit,DE,lemmesTempsDE
w_DE_NW_2024_54411,DE_NW,NW,2024,54411,Sicherheit,NN,Sicherheit,DE,lemmesTempsDE
w_DE_NW_2024_57018,DE_NW,NW,2024,57018,Sicherheit,NN,Sicherheit,DE,lemmesTempsDE
w_DE_AI_2011_8264,DE_AI,AI,2011,8264,Sicherheit,NN,Sicherheit,DE,lemmesTempsDE
w_DE_AI_2011_21569,DE_AI,AI,2011,21569,Sicherheit,NN,Sicherheit,DE,lemmesTempsDE
w_DE_AI_2011_23419,DE_AI,AI,2011,23419,Sicherheit,NN,Sicherheit,DE,lemmesTempsDE
w_DE_AI_2011_23773,DE_AI,AI,2011,23773,Sicherheit,NN,Sicherheit,DE,lemmesTempsDE
w_DE_SZ_1986_17333,DE_SZ,SZ,1986,17333,Sicherheit,NN,Sicherheit,DE,lemmesTempsDE
w_DE_SO_2023_44355,DE_SO,SO,2023,44355,Sicherheit,NN,Sicherheit,DE,lemmesTempsDE
w_DE_SO_2023_44379,DE_SO,SO,2023,44379,Sicherheit,NN,Sicherheit,DE,lemmesTempsDE
w_DE_SO_2023_49021,DE_SO,SO,2023,49021,Sicherheit,NN,Sicherheit,DE,lemmesTempsDE
w_DE_SO_2023_58718,DE_SO,SO,2023,58718,Sicherheit,NN,Sicherheit,DE,lemmesTempsDE
w_DE_OW_2006_22874,DE_OW,OW,2006,22874,Sicherheit,NN,Sicherheit,DE,lemmesTempsDE
w_DE_UR_2023_23602,DE_UR,UR,2023,23602,Sicherheit,NN,Sicherheit,DE,lemmesTempsDE
w_DE_UR_2023_32256,DE_UR,UR,2023,32256,Sicherheit,NN,Sicherheit,DE,lemmesTempsDE
w_DE_UR_2023_32575,DE_UR,UR,2023,32575,Sicherheit,NN,Sicherheit,DE,lemmesTempsDE
w_DE_UR_2023_62742,DE_UR,UR,2023,62742,Sicherheiten,NN,Sicherheit,DE,lemmesTempsDE
w_DE_GL_2025_14353,DE_GL,GL,2025,14353,Sicherheit,NN,Sicherheit,DE,lemmesTempsDE
w_DE_GL_2025_22633,DE_GL,GL,2025,22633,Sicherheit,NN,Sicherheit,DE,lemmesTempsDE
w_DE_GL_2025_22929,DE_GL,GL,2025,22929,Sicherheit,NN,Sicherheit,DE,lemmesTempsDE
w_DE_SZ_2008_16066,DE_SZ,SZ,2008,16066,Sicherheit,NN,Sicherheit,DE,lemmesTempsDE
w_DE_SZ_2008_18524,DE_SZ,SZ,2008,18524,Sicherheit,NN,Sicherheit,DE,lemmesTempsDE
w_DE_SZ_2008_18540,DE_SZ,SZ,2008,18540,Sicherheit,NN,Sicherheit,DE,lemmesTempsDE
w_DE_SZ_2008_21718,DE_SZ,SZ,2008,21718,Sicherheit,NN,Sicherheit,DE,lemmesTempsDE
w_DE_BS_2019_2877,DE_BS,BS,2019,2877,Sicherheit,NN,Sicherheit,DE,lemmesTempsDE
w_DE_BS_2019_11774,DE_BS,BS,2019,11774,Sicherheit,NN,Sicherheit,DE,lemmesTempsDE
w_DE_BS_2019_12566,DE_BS,BS,2019,12566,Sicherheit,NN,Sicherheit,DE,lemmesTempsDE
w_DE_BS_2019_12609,DE_BS,BS,2019,12609,Sicherheit,NN,Sicherheit,DE,lemmesTempsDE
w_DE_BS_2019_13651,DE_BS,BS,2019,13651,Sicherheit,NN,Sicherheit,DE,lemmesTempsDE
w_DE_BS_2019_15517,DE_BS,BS,2019,15517,Sicherheit,NN,Sicherheit,DE,lemmesTempsDE
w_DE_ZG_2004_20571,DE_ZG,ZG,2004,20571,Sicherheit,NN,Sicherheit,DE,lemmesTempsDE
w_DE_ZG_2004_25965,DE_ZG,ZG,2004,25965,Sicherheit,NN,Sicherheit,DE,lemmesTempsDE
w_DE_BE_2008_3684,DE_BE,BE,2008,3684,Sicherheit,NN,Sicherheit,DE,lemmesTempsDE
w_DE_BE_2008_9573,DE_BE,BE,2008,9573,Sicherheit,NN,Sicherheit,DE,lemmesTempsDE
w_DE_BE_2008_13094,DE_BE,BE,2008,13094,Sicherheit,NN,Sicherheit,DE,lemmesTempsDE
w_DE_BE_2008_20914,DE_BE,BE,2008,20914,sicherheit,NN,Sicherheit,DE,lemmesTempsDE
w_DE_BE_2008_24259,DE_BE,BE,2008,24259,Sicherheit,NN,Sicherheit,DE,lemmesTempsDE
w_DE_BE_2008_40700,DE_BE,BE,2008,40700,Sicherheit,NN,Sicherheit,DE,lemmesTempsDE
w_DE_BE_2008_56491,DE_BE,BE,2008,56491,Sicherheit,NN,Sicherheit,DE,lemmesTempsDE
w_DE_BE_2002_3645,DE_BE,BE,2002,3645,Sicherheit,NN,Sicherheit,DE,lemmesTempsDE
w_DE_BE_2002_9533,DE_BE,BE,2002,9533,Sicherheit,NN,Sicherheit,DE,lemmesTempsDE
w_DE_BE_2002_12610,DE_BE,BE,2002,12610,Sicherheit,NN,Sicherheit,DE,lemmesTempsDE
w_DE_BE_2002_22257,DE_BE,BE,2002,22257,Sicherheit,NN,Sicherheit,DE,lemmesTempsDE
w_DE_BE_2002_36945,DE_BE,BE,2002,36945,Sicherheit,NN,Sicherheit,DE,lemmesTempsDE
w_DE_BE_2002_46604,DE_BE,BE,2002,46604,Sicherheit,NN,Sicherheit,DE,lemmesTempsDE
w_DE_BE_2002_57510,DE_BE,BE,2002,57510,Sicherheit,NN,Sicherheit,DE,lemmesTempsDE
w_DE_AR_2002_15775,DE_AR,AR,2002,15775,Sicherheit,NN,Sicherheit,DE,lemmesTempsDE
w_DE_BS_2010_26177,DE_BS,BS,2010,26177,Sicherheit,NN,Sicherheit,DE,lemmesTempsDE
w_DE_BS_2010_33707,DE_BS,BS,2010,33707,Sicherheit,NN,Sicherheit,DE,lemmesTempsDE
w_DE_BS_2010_39376,DE_BS,BS,2010,39376,Sicherheit,NN,Sicherheit,DE,lemmesTempsDE
w_DE_BS_2010_44807,DE_BS,BS,2010,44807,Sicherheit,NN,Sicherheit,DE,lemmesTempsDE
w_DE_BS_2010_46384,DE_BS,BS,2010,46384,Sicherheit,NN,Sicherheit,DE,lemmesTempsDE
w_DE_BS_2010_70691,DE_BS,BS,2010,70691,Sicherheit,NN,Sicherheit,DE,lemmesTempsDE
w_DE_BS_2010_71214,DE_BS,BS,2010,71214,Sicherheit,NN,Sicherheit,DE,lemmesTempsDE
w_DE_BS_2010_71485,DE_BS,BS,2010,71485,Sicherheit,NN,Sicherheit,DE,lemmesTempsDE
w_DE_BS_2010_74248,DE_BS,BS,2010,74248,Sicherheit,NN,Sicherheit,DE,lemmesTempsDE
w_DE_SZ_2010_6619,DE_SZ,SZ,2010,6619,Sicherheit,NN,Sicherheit,DE,lemmesTempsDE
w_DE_SZ_2012_1830,DE_SZ,SZ,2012,1830,Sicherheit,NN,Sicherheit,DE,lemmesTempsDE
w_DE_SZ_2012_1971,DE_SZ,SZ,2012,1971,Sicherheit,NN,Sicherheit,DE,lemmesTempsDE
w_DE_SZ_2012_5664,DE_SZ,SZ,2012,5664,Sicherheit,NN,Sicherheit,DE,lemmesTempsDE
w_DE_SZ_2012_6941,DE_SZ,SZ,2012,6941,Sicherheit,NN,Sicherheit,DE,lemmesTempsDE
w_DE_LU_2009_3589,DE_LU,LU,2009,3589,Sicherheit,NN,Sicherheit,DE,lemmesTempsDE
w_DE_LU_2009_8280,DE_LU,LU,2009,8280,Sicherheit,NN,Sicherheit,DE,lemmesTempsDE
w_DE_LU_2009_15713,DE_LU,LU,2009,15713,Sicherheit,NN,Sicherheit,DE,lemmesTempsDE
w_DE_LU_2009_15987,DE_LU,LU,2009,15987,Sicherheit,NN,Sicherheit,DE,lemmesTempsDE
w_DE_LU_2009_16557,DE_LU,LU,2009,16557,Sicherheit,NN,Sicherheit,DE,lemmesTempsDE
w_DE_LU_2009_20060,DE_LU,LU,2009,20060,Sicherheit,NN,Sicherheit,DE,lemmesTempsDE
w_DE_LU_2009_39405,DE_LU,LU,2009,39405,Sicherheit,NN,Sicherheit,DE,lemmesTempsDE
w_DE_LU_2009_40058,DE_LU,LU,2009,40058,Sicherheit,NN,Sicherheit,DE,lemmesTempsDE
w_DE_LU_2009_40257,DE_LU,LU,2009,40257,Sicherheit,NN,Sicherheit,DE,lemmesTempsDE
w_DE_LU_2009_46389,DE_LU,LU,2009,46389,Sicherheit,NN,Sicherheit,DE,lemmesTempsDE
w_DE_SH_2004_68907,DE_SH,SH,2004,68907,Sicherheit,NN,Sicherheit,DE,lemmesTempsDE
w_DE_SH_2004_97934,DE_SH,SH,2004,97934,Sicherheit,NN,Sicherheit,DE,lemmesTempsDE
w_DE_BS_2025_48477,DE_BS,BS,2025,48477,Sicherheit,NN,Sicherheit,DE,lemmesTempsDE
w_DE_BS_2025_57418,DE_BS,BS,2025,57418,Sicherheit,NN,Sicherheit,DE,lemmesTempsDE
w_DE_BS_2025_58205,DE_BS,BS,2025,58205,Sicherheit,NN,Sicherheit,DE,lemmesTempsDE
w_DE_BS_2025_58249,DE_BS,BS,2025,58249,Sicherheit,NN,Sicherheit,DE,lemmesTempsDE
w_DE_BS_2025_59295,DE_BS,BS,2025,59295,Sicherheit,NN,Sicherheit,DE,lemmesTempsDE
w_DE_BS_2025_61171,DE_BS,BS,2025,61171,Sicherheit,NN,Sicherheit,DE,lemmesTempsDE
w_DE_BE_2024_2829,DE_BE,BE,2024,2829,Sicherheit,NN,Sicherheit,DE,lemmesTempsDE
w_DE_BE_2024_10735,DE_BE,BE,2024,10735,Sicherheit,NN,Sicherheit,DE,lemmesTempsDE
w_DE_BE_2024_14391,DE_BE,BE,2024,14391,Sicherheit,NN,Sicherheit,DE,lemmesTempsDE
w_DE_BE_2024_14829,DE_BE,BE,2024,14829,Sicherheit,NN,Sicherheit,DE,lemmesTempsDE
w_DE_BE_2024_15248,DE_BE,BE,2024,15248,Sicherheit,NN,Sicherheit,DE,lemmesTempsDE
w_DE_BE_2024_15388,DE_BE,BE,2024,15388,Sicherheit,NN,Sicherheit,DE,lemmesTempsDE
w_DE_BE_2024_20362,DE_BE,BE,2024,20362,Sicherheit,NN,Sicherheit,DE,lemmesTempsDE
w_DE_BE_2024_21140,DE_BE,BE,2024,21140,Sicherheit,NN,Sicherheit,DE,lemmesTempsDE
w_DE_BE_2004_3645,DE_BE,BE,2004,3645,Sicherheit,NN,Sicherheit,DE,lemmesTempsDE
w_DE_BE_2004_9533,DE_BE,BE,2004,9533,Sicherheit,NN,Sicherheit,DE,lemmesTempsDE
w_DE_BE_2004_12610,DE_BE,BE,2004,12610,Sicherheit,NN,Sicherheit,DE,lemmesTempsDE
w_DE_BE_2004_22255,DE_BE,BE,2004,22255,Sicherheit,NN,Sicherheit,DE,lemmesTempsDE
w_DE_BE_2004_37060,DE_BE,BE,2004,37060,Sicherheit,NN,Sicherheit,DE,lemmesTempsDE
w_DE_BE_2004_46526,DE_BE,BE,2004,46526,Sicherheit,NN,Sicherheit,DE,lemmesTempsDE
w_DE_BE_2004_58784,DE_BE,BE,2004,58784,Sicherheit,NN,Sicherheit,DE,lemmesTempsDE
w_DE_AI_2002_42540,DE_AI,AI,2002,42540,Sicherheit,NN,Sicherheit,DE,lemmesTempsDE
w_DE_AI_2002_54138,DE_AI,AI,2002,54138,Sicherheit,NN,Sicherheit,DE,lemmesTempsDE
w_DE_AI_2002_55065,DE_AI,AI,2002,55065,Sicherheit,NN,Sicherheit,DE,lemmesTempsDE
w_DE_SH_2021_5899,DE_SH,SH,2021,5899,Sicherheit,NN,Sicherheit,DE,lemmesTempsDE
w_DE_SH_2021_27383,DE_SH,SH,2021,27383,Sicherheit,NN,Sicherheit,DE,lemmesTempsDE
w_DE_SH_2021_41235,DE_SH,SH,2021,41235,Sicherheit,NN,Sicherheit,DE,lemmesTempsDE
w_DE_SH_2021_44590,DE_SH,SH,2021,44590,Sicherheit,NN,Sicherheit,DE,lemmesTempsDE
w_DE_SH_2021_46658,DE_SH,SH,2021,46658,Sicherheit,NN,Sicherheit,DE,lemmesTempsDE
w_DE_SH_2021_48063,DE_SH,SH,2021,48063,Sicherheit,NN,Sicherheit,DE,lemmesTempsDE
w_DE_SH_2021_48068,DE_SH,SH,2021,48068,Sicherheit,NN,Sicherheit,DE,lemmesTempsDE
w_DE_SH_2021_49256,DE_SH,SH,2021,49256,Sicherheit,NN,Sicherheit,DE,lemmesTempsDE
w_DE_SH_2021_58021,DE_SH,SH,2021,58021,Sicherheit,NN,Sicherheit,DE,lemmesTempsDE
w_DE_SH_2021_58062,DE_SH,SH,2021,58062,Sicherheit,NN,Sicherheit,DE,lemmesTempsDE
w_DE_SH_2021_59668,DE_SH,SH,2021,59668,Sicherheit,NN,Sicherheit,DE,lemmesTempsDE
w_DE_SH_2021_61210,DE_SH,SH,2021,61210,Sicherheit,NN,Sicherheit,DE,lemmesTempsDE
w_DE_SZ_2022_19265,DE_SZ,SZ,2022,19265,Sicherheit,NN,Sicherheit,DE,lemmesTempsDE
w_DE_SZ_2022_21956,DE_SZ,SZ,2022,21956,Sicherheit,NN,Sicherheit,DE,lemmesTempsDE
w_DE_SZ_2022_27501,DE_SZ,SZ,2022,27501,Sicherheit,NN,Sicherheit,DE,lemmesTempsDE
w_DE_SZ_2022_27524,DE_SZ,SZ,2022,27524,Sicherheit,NN,Sicherheit,DE,lemmesTempsDE
w_DE_BE_2006_3684,DE_BE,BE,2006,3684,Sicherheit,NN,Sicherheit,DE,lemmesTempsDE
w_DE_BE_2006_9572,DE_BE,BE,2006,9572,Sicherheit,NN,Sicherheit,DE,lemmesTempsDE
w_DE_BE_2006_13093,DE_BE,BE,2006,13093,Sicherheit,NN,Sicherheit,DE,lemmesTempsDE
w_DE_BE_2006_20913,DE_BE,BE,2006,20913,sicherheit,NN,Sicherheit,DE,lemmesTempsDE
w_DE_BE_2006_24258,DE_BE,BE,2006,24258,Sicherheit,NN,Sicherheit,DE,lemmesTempsDE
w_DE_BE_2006_41176,DE_BE,BE,2006,41176,Sicherheit,NN,Sicherheit,DE,lemmesTempsDE
w_DE_BE_2006_56756,DE_BE,BE,2006,56756,Sicherheit,NN,Sicherheit,DE,lemmesTempsDE
w_DE_BE_2013_3658,DE_BE,BE,2013,3658,Sicherheit,NN,Sicherheit,DE,lemmesTempsDE
w_DE_BE_2013_9724,DE_BE,BE,2013,9724,Sicherheit,NN,Sicherheit,DE,lemmesTempsDE
w_DE_BE_2013_13739,DE_BE,BE,2013,13739,Sicherheit,NN,Sicherheit,DE,lemmesTempsDE
w_DE_BE_2013_23295,DE_BE,BE,2013,23295,sicherheit,NN,Sicherheit,DE,lemmesTempsDE
w_DE_BE_2013_26826,DE_BE,BE,2013,26826,Sicherheit,NN,Sicherheit,DE,lemmesTempsDE
w_DE_BE_2013_43056,DE_BE,BE,2013,43056,Sicherheit,NN,Sicherheit,DE,lemmesTempsDE
w_DE_BE_2013_59748,DE_BE,BE,2013,59748,Sicherheit,NN,Sicherheit,DE,lemmesTempsDE
w_DE_AG_1996_4083,DE_AG,AG,1996,4083,Sicherheit,NN,Sicherheit,DE,lemmesTempsDE
w_DE_AG_1996_6053,DE_AG,AG,1996,6053,Sicherheit,NN,Sicherheit,DE,lemmesTempsDE
w_DE_AG_1996_27185,DE_AG,AG,1996,27185,Sicherheit,NN,Sicherheit,DE,lemmesTempsDE
w_DE_AG_1996_28775,DE_AG,AG,1996,28775,Sicherheit,NN,Sicherheit,DE,lemmesTempsDE
w_DE_AG_1996_28945,DE_AG,AG,1996,28945,Sicherheit,NN,Sicherheit,DE,lemmesTempsDE
w_DE_AG_1996_29008,DE_AG,AG,1996,29008,Sicherheit,NN,Sicherheit,DE,lemmesTempsDE
w_DE_AG_1996_29162,DE_AG,AG,1996,29162,Sicherheit,NN,Sicherheit,DE,lemmesTempsDE
w_DE_AR_2012_14785,DE_AR,AR,2012,14785,Sicherheit,NN,Sicherheit,DE,lemmesTempsDE
w_DE_AI_2017_4983,DE_AI,AI,2017,4983,Sicherheit,NN,Sicherheit,DE,lemmesTempsDE
w_DE_AI_2017_9728,DE_AI,AI,2017,9728,Sicherheit,NN,Sicherheit,DE,lemmesTempsDE
w_DE_AI_2017_39613,DE_AI,AI,2017,39613,Sicherheit,NN,Sicherheit,DE,lemmesTempsDE
w_DE_AI_2017_47630,DE_AI,AI,2017,47630,Sicherheit,NN,Sicherheit,DE,lemmesTempsDE
w_DE_AI_2017_47864,DE_AI,AI,2017,47864,Sicherheit,NN,Sicherheit,DE,lemmesTempsDE
w_DE_AI_2017_48016,DE_AI,AI,2017,48016,Sicherheit,NN,Sicherheit,DE,lemmesTempsDE
w_DE_AR_2025_18261,DE_AR,AR,2025,18261,Sicherheit,NN,Sicherheit,DE,lemmesTempsDE
w_DE_AR_2025_23942,DE_AR,AR,2025,23942,Sicherheit,NN,Sicherheit,DE,lemmesTempsDE
w_DE_AR_2025_26304,DE_AR,AR,2025,26304,Sicherheit,NN,Sicherheit,DE,lemmesTempsDE
w_DE_BL_2025_2068,DE_BL,BL,2025,2068,Sicherheit,NN,Sicherheit,DE,lemmesTempsDE
w_DE_BL_2025_17542,DE_BL,BL,2025,17542,Sicherheit,NN,Sicherheit,DE,lemmesTempsDE
w_DE_BL_2025_31251,DE_BL,BL,2025,31251,Sicherheit,NN,Sicherheit,DE,lemmesTempsDE
w_DE_BL_2025_31288,DE_BL,BL,2025,31288,Sicherheit,NN,Sicherheit,DE,lemmesTempsDE
w_DE_BL_2025_44867,DE_BL,BL,2025,44867,Sicherheit,NN,Sicherheit,DE,lemmesTempsDE
w_DE_BL_2025_48113,DE_BL,BL,2025,48113,Sicherheit,NN,Sicherheit,DE,lemmesTempsDE
w_DE_BL_2025_49039,DE_BL,BL,2025,49039,Sicherheit,NN,Sicherheit,DE,lemmesTempsDE
w_DE_BL_2025_49647,DE_BL,BL,2025,49647,Sicherheit,NN,Sicherheit,DE,lemmesTempsDE
w_DE_BL_2025_50025,DE_BL,BL,2025,50025,Sicherheit,NN,Sicherheit,DE,lemmesTempsDE
w_DE_BL_2025_59813,DE_BL,BL,2025,59813,Sicherheit,NN,Sicherheit,DE,lemmesTempsDE
w_DE_BE_2012_3693,DE_BE,BE,2012,3693,Sicherheit,NN,Sicherheit,DE,lemmesTempsDE
w_DE_BE_2012_9759,DE_BE,BE,2012,9759,Sicherheit,NN,Sicherheit,DE,lemmesTempsDE
w_DE_BE_2012_13774,DE_BE,BE,2012,13774,Sicherheit,NN,Sicherheit,DE,lemmesTempsDE
w_DE_BE_2012_23330,DE_BE,BE,2012,23330,sicherheit,NN,Sicherheit,DE,lemmesTempsDE
w_DE_BE_2012_26861,DE_BE,BE,2012,26861,Sicherheit,NN,Sicherheit,DE,lemmesTempsDE
w_DE_BE_2012_43886,DE_BE,BE,2012,43886,Sicherheit,NN,Sicherheit,DE,lemmesTempsDE
w_DE_BE_2012_62690,DE_BE,BE,2012,62690,Sicherheit,NN,Sicherheit,DE,lemmesTempsDE
w_DE_BS_2012_28251,DE_BS,BS,2012,28251,Sicherheit,NN,Sicherheit,DE,lemmesTempsDE
w_DE_BS_2012_28338,DE_BS,BS,2012,28338,Sicherheit,NN,Sicherheit,DE,lemmesTempsDE
w_DE_BS_2012_28953,DE_BS,BS,2012,28953,Sicherheit,NN,Sicherheit,DE,lemmesTempsDE
w_DE_BS_2012_36605,DE_BS,BS,2012,36605,Sicherheit,NN,Sicherheit,DE,lemmesTempsDE
w_DE_BS_2012_43195,DE_BS,BS,2012,43195,Sicherheit,NN,Sicherheit,DE,lemmesTempsDE
w_DE_BS_2012_49988,DE_BS,BS,2012,49988,Sicherheit,NN,Sicherheit,DE,lemmesTempsDE
w_DE_BS_2012_50137,DE_BS,BS,2012,50137,Sicherheit,NN,Sicherheit,DE,lemmesTempsDE
w_DE_BS_2012_52069,DE_BS,BS,2012,52069,Sicherheit,NN,Sicherheit,DE,lemmesTempsDE
w_DE_BS_2018_34485,DE_BS,BS,2018,34485,Sicherheit,NN,Sicherheit,DE,lemmesTempsDE
w_DE_BS_2018_42248,DE_BS,BS,2018,42248,Sicherheit,NN,Sicherheit,DE,lemmesTempsDE
w_DE_BS_2018_48753,DE_BS,BS,2018,48753,Sicherheit,NN,Sicherheit,DE,lemmesTempsDE
w_DE_BS_2018_49037,DE_BS,BS,2018,49037,Sicherheit,NN,Sicherheit,DE,lemmesTempsDE
w_DE_BS_2018_50712,DE_BS,BS,2018,50712,Sicherheit,NN,Sicherheit,DE,lemmesTempsDE
w_DE_ZH_2020_4268,DE_ZH,ZH,2020,4268,Sicherheit,NN,Sicherheit,DE,lemmesTempsDE
w_DE_ZH_2020_30875,DE_ZH,ZH,2020,30875,Sicherheit,NN,Sicherheit,DE,lemmesTempsDE
w_DE_ZH_2020_35039,DE_ZH,ZH,2020,35039,Sicherheit,NN,Sicherheit,DE,lemmesTempsDE
w_DE_ZH_2020_37948,DE_ZH,ZH,2020,37948,Sicherheit,NN,Sicherheit,DE,lemmesTempsDE
w_DE_ZH_2020_49222,DE_ZH,ZH,2020,49222,Sicherheit,NN,Sicherheit,DE,lemmesTempsDE
w_DE_ZH_2020_65586,DE_ZH,ZH,2020,65586,Sicherheit,NN,Sicherheit,DE,lemmesTempsDE
w_DE_ZH_2020_65798,DE_ZH,ZH,2020,65798,Sicherheit,NN,Sicherheit,DE,lemmesTempsDE
w_DE_ZH_2020_78717,DE_ZH,ZH,2020,78717,Sicherheit,NN,Sicherheit,DE,lemmesTempsDE
w_DE_UR_2023_35461,DE_UR,UR,2023,35461,Stress,NN,Stress,DE,lemmesTempsDE
w_DE_AI_2002_21768,DE_AI,AI,2002,21768,Stress,NN,Stress,DE,lemmesTempsDE
w_DE_TG_2018_34448,DE_TG,TG,2018,34448,Stunde,NN,Stunde,DE,lemmesTempsDE
w_DE_TG_2018_34454,DE_TG,TG,2018,34454,Stunde,NN,Stunde,DE,lemmesTempsDE
w_DE_TG_2018_34485,DE_TG,TG,2018,34485,Stunde,NN,Stunde,DE,lemmesTempsDE
w_DE_TG_2018_34527,DE_TG,TG,2018,34527,Stunde,NN,Stunde,DE,lemmesTempsDE
w_DE_TG_2018_34852,DE_TG,TG,2018,34852,Stunde,NN,Stunde,DE,lemmesTempsDE
w_DE_AG_2025_68325,DE_AG,AG,2025,68325,Stunde,NN,Stunde,DE,lemmesTempsDE
w_DE_AG_2025_69659,DE_AG,AG,2025,69659,Stunde,NN,Stunde,DE,lemmesTempsDE
w_DE_NW_2024_47247,DE_NW,NW,2024,47247,Stunde,NN,Stunde,DE,lemmesTempsDE
w_DE_AI_2011_20779,DE_AI,AI,2011,20779,Stunde,NN,Stunde,DE,lemmesTempsDE
w_DE_AI_2011_20803,DE_AI,AI,2011,20803,Stunde,NN,Stunde,DE,lemmesTempsDE
w_DE_AI_2011_20915,DE_AI,AI,2011,20915,Stunde,NN,Stunde,DE,lemmesTempsDE
w_DE_AI_2011_29579,DE_AI,AI,2011,29579,Stunde,NN,Stunde,DE,lemmesTempsDE
w_DE_UR_2023_29438,DE_UR,UR,2023,29438,Stunde,NN,Stunde,DE,lemmesTempsDE
w_DE_UR_2023_29450,DE_UR,UR,2023,29450,Stunde,NN,Stunde,DE,lemmesTempsDE
w_DE_BS_2019_4748,DE_BS,BS,2019,4748,Stunde,NN,Stunde,DE,lemmesTempsDE
w_DE_BS_2010_68894,DE_BS,BS,2010,68894,Stunde,NN,Stunde,DE,lemmesTempsDE
w_DE_BS_2010_68933,DE_BS,BS,2010,68933,Stunde,NN,Stunde,DE,lemmesTempsDE
w_DE_BS_2010_68997,DE_BS,BS,2010,68997,Stunde,NN,Stunde,DE,lemmesTempsDE
w_DE_SZ_2010_4280,DE_SZ,SZ,2010,4280,Stunde,NN,Stunde,DE,lemmesTempsDE
w_DE_SZ_2010_5443,DE_SZ,SZ,2010,5443,Stunde,NN,Stunde,DE,lemmesTempsDE
w_DE_OW_1987_25616,DE_OW,OW,1987,25616,Stunde,NN,Stunde,DE,lemmesTempsDE
w_DE_OW_1987_47372,DE_OW,OW,1987,47372,Stunde,NN,Stunde,DE,lemmesTempsDE
w_DE_SH_2004_57166,DE_SH,SH,2004,57166,Stunde,NN,Stunde,DE,lemmesTempsDE
w_DE_SH_2004_60556,DE_SH,SH,2004,60556,Stunde,NN,Stunde,DE,lemmesTempsDE
w_DE_SH_2004_93525,DE_SH,SH,2004,93525,Stunde,NN,Stunde,DE,lemmesTempsDE
w_DE_BS_2025_50343,DE_BS,BS,2025,50343,Stunde,NN,Stunde,DE,lemmesTempsDE
w_DE_SH_2021_4512,DE_SH,SH,2021,4512,Stunde,NN,Stunde,DE,lemmesTempsDE
w_DE_SZ_2022_24890,DE_SZ,SZ,2022,24890,Stunde,NN,Stunde,DE,lemmesTempsDE
w_DE_AG_1996_31426,DE_AG,AG,1996,31426,Stunde,NN,Stunde,DE,lemmesTempsDE
w_DE_AR_2025_28758,DE_AR,AR,2025,28758,Stunde,NN,Stunde,DE,lemmesTempsDE
w_DE_BL_2025_38459,DE_BL,BL,2025,38459,Stunde,NN,Stunde,DE,lemmesTempsDE
w_DE_ZH_2020_41198,DE_ZH,ZH,2020,41198,Stunde,NN,Stunde,DE,lemmesTempsDE
w_DE_ZH_2020_44528,DE_ZH,ZH,2020,44528,Stunde,NN,Stunde,DE,lemmesTempsDE
w_DE_AR_2008_3800,DE_AR,AR,2008,3800,verbessern,VVINF,verbessern,DE,lemmesTempsDE
w_DE_AR_2008_4126,DE_AR,AR,2008,4126,verbessern,VVINF,verbessern,DE,lemmesTempsDE
w_DE_AR_2008_8738,DE_AR,AR,2008,8738,verbessern,VVINF,verbessern,DE,lemmesTempsDE
w_DE_AR_2008_9595,DE_AR,AR,2008,9595,verbessert,VVPP,verbessern,DE,lemmesTempsDE
w_DE_AR_2008_10391,DE_AR,AR,2008,10391,verbessern,VVINF,verbessern,DE,lemmesTempsDE
w_DE_AR_2008_10647,DE_AR,AR,2008,10647,verbessert,VVPP,verbessern,DE,lemmesTempsDE
w_DE_AR_2008_11323,DE_AR,AR,2008,11323,verbessern,VVINF,verbessern,DE,lemmesTempsDE
w_DE_AR_2008_18209,DE_AR,AR,2008,18209,verbessert,VVPP,verbessern,DE,lemmesTempsDE
w_DE_AR_2008_18821,DE_AR,AR,2008,18821,verbessert,VVPP,verbessern,DE,lemmesTempsDE
w_DE_AR_2008_24401,DE_AR,AR,2008,24401,verbessern,VVINF,verbessern,DE,lemmesTempsDE
w_DE_AR_2008_24550,DE_AR,AR,2008,24550,verbessern,VVINF,verbessern,DE,lemmesTempsDE
w_DE_ZG_1987_8686,DE_ZG,ZG,1987,8686,verbessern,VVFIN,verbessern,DE,lemmesTempsDE
w_DE_ZG_1987_9379,DE_ZG,ZG,1987,9379,verbessern,VVFIN,verbessern,DE,lemmesTempsDE
w_DE_ZG_1987_12500,DE_ZG,ZG,1987,12500,verbessern,VVINF,verbessern,DE,lemmesTempsDE
w_DE_ZG_1987_18794,DE_ZG,ZG,1987,18794,verbessert,VVPP,verbessern,DE,lemmesTempsDE
w_DE_ZG_1987_19538,DE_ZG,ZG,1987,19538,verbessert,VVPP,verbessern,DE,lemmesTempsDE
w_DE_TG_2018_9436,DE_TG,TG,2018,9436,verbessert,VVPP,verbessern,DE,lemmesTempsDE
w_DE_TG_2018_14498,DE_TG,TG,2018,14498,verbessern,VVINF,verbessern,DE,lemmesTempsDE
w_DE_TG_2018_17130,DE_TG,TG,2018,17130,verbessern,VVFIN,verbessern,DE,lemmesTempsDE
w_DE_TG_2018_23558,DE_TG,TG,2018,23558,verbessert,VVPP,verbessern,DE,lemmesTempsDE
w_DE_TG_2018_26266,DE_TG,TG,2018,26266,verbessern,VVINF,verbessern,DE,lemmesTempsDE
w_DE_TG_2018_26839,DE_TG,TG,2018,26839,verbessern,VVINF,verbessern,DE,lemmesTempsDE
w_DE_TG_2018_29480,DE_TG,TG,2018,29480,verbessern,VVINF,verbessern,DE,lemmesTempsDE
w_DE_TG_2018_31637,DE_TG,TG,2018,31637,verbessert,VVFIN,verbessern,DE,lemmesTempsDE
w_DE_TG_2018_32738,DE_TG,TG,2018,32738,verbessern,VVINF,verbessern,DE,lemmesTempsDE
w_DE_TG_2018_32980,DE_TG,TG,2018,32980,verbessern,VVINF,verbessern,DE,lemmesTempsDE
w_DE_TG_2018_38956,DE_TG,TG,2018,38956,verbessern,VVINF,verbessern,DE,lemmesTempsDE
w_DE_TG_2018_39726,DE_TG,TG,2018,39726,verbessert,VVPP,verbessern,DE,lemmesTempsDE
w_DE_TG_2018_40080,DE_TG,TG,2018,40080,verbessert,VVPP,verbessern,DE,lemmesTempsDE
w_DE_TG_2018_41714,DE_TG,TG,2018,41714,verbessert,VVPP,verbessern,DE,lemmesTempsDE
w_DE_TG_2018_43373,DE_TG,TG,2018,43373,verbessern,VVINF,verbessern,DE,lemmesTempsDE
w_DE_TG_2018_48228,DE_TG,TG,2018,48228,verbessern,VVINF,verbessern,DE,lemmesTempsDE
w_DE_AG_2025_6589,DE_AG,AG,2025,6589,verbessert,VVPP,verbessern,DE,lemmesTempsDE
w_DE_AG_2025_10917,DE_AG,AG,2025,10917,verbessern,VVINF,verbessern,DE,lemmesTempsDE
w_DE_AG_2025_15519,DE_AG,AG,2025,15519,verbessert,VVPP,verbessern,DE,lemmesTempsDE
w_DE_AG_2025_17656,DE_AG,AG,2025,17656,verbessert,VVPP,verbessern,DE,lemmesTempsDE
w_DE_AG_2025_18615,DE_AG,AG,2025,18615,verbessert,VVPP,verbessern,DE,lemmesTempsDE
w_DE_AG_2025_20569,DE_AG,AG,2025,20569,verbessert,VVFIN,verbessern,DE,lemmesTempsDE
w_DE_AG_2025_23120,DE_AG,AG,2025,23120,verbessert,VVFIN,verbessern,DE,lemmesTempsDE
w_DE_AG_2025_30281,DE_AG,AG,2025,30281,verbessert,VVFIN,verbessern,DE,lemmesTempsDE
w_DE_AG_2025_38348,DE_AG,AG,2025,38348,verbessern,VVINF,verbessern,DE,lemmesTempsDE
w_DE_AG_2025_52568,DE_AG,AG,2025,52568,verbessert,VVPP,verbessern,DE,lemmesTempsDE
w_DE_AG_2025_61751,DE_AG,AG,2025,61751,verbessert,VVPP,verbessern,DE,lemmesTempsDE
w_DE_AG_2025_65918,DE_AG,AG,2025,65918,verbessert,VVPP,verbessern,DE,lemmesTempsDE
w_DE_AG_2025_67813,DE_AG,AG,2025,67813,verbessert,VVPP,verbessern,DE,lemmesTempsDE
w_DE_AG_2025_72319,DE_AG,AG,2025,72319,verbessern,VVINF,verbessern,DE,lemmesTempsDE
w_DE_AG_2025_73740,DE_AG,AG,2025,73740,verbessern,VVINF,verbessern,DE,lemmesTempsDE
w_DE_AG_2025_81618,DE_AG,AG,2025,81618,verbessert,VVPP,verbessern,DE,lemmesTempsDE
w_DE_AG_2025_82423,DE_AG,AG,2025,82423,verbessert,VVPP,verbessern,DE,lemmesTempsDE
w_DE_AG_2025_83545,DE_AG,AG,2025,83545,verbessert,VVPP,verbessern,DE,lemmesTempsDE
w_DE_BS_1986_34048,DE_BS,BS,1986,34048,verbessern,VVINF,verbessern,DE,lemmesTempsDE
w_DE_BE_2010_2036,DE_BE,BE,2010,2036,verbessert,VVPP,verbessern,DE,lemmesTempsDE
w_DE_BE_2010_6759,DE_BE,BE,2010,6759,verbessern,VVINF,verbessern,DE,lemmesTempsDE
w_DE_BE_2010_16143,DE_BE,BE,2010,16143,verbessert,VVPP,verbessern,DE,lemmesTempsDE
w_DE_BE_2010_16345,DE_BE,BE,2010,16345,verbessert,VVPP,verbessern,DE,lemmesTempsDE
w_DE_BE_2010_16364,DE_BE,BE,2010,16364,verbessert,VVPP,verbessern,DE,lemmesTempsDE
w_DE_BE_2010_17424,DE_BE,BE,2010,17424,verbessern,VVINF,verbessern,DE,lemmesTempsDE
w_DE_BE_2010_17625,DE_BE,BE,2010,17625,verbessern,VVFIN,verbessern,DE,lemmesTempsDE
w_DE_BE_2010_17648,DE_BE,BE,2010,17648,verbessern,VVINF,verbessern,DE,lemmesTempsDE
w_DE_BE_2010_20511,DE_BE,BE,2010,20511,verbessern,VVINF,verbessern,DE,lemmesTempsDE
w_DE_BE_2010_20526,DE_BE,BE,2010,20526,verbessern,VVFIN,verbessern,DE,lemmesTempsDE
w_DE_BE_2010_20539,DE_BE,BE,2010,20539,verbessern,VVINF,verbessern,DE,lemmesTempsDE
w_DE_BE_2010_21366,DE_BE,BE,2010,21366,verbessern,VVINF,verbessern,DE,lemmesTempsDE
w_DE_BE_2010_21541,DE_BE,BE,2010,21541,verbessern,VVFIN,verbessern,DE,lemmesTempsDE
w_DE_BE_2010_21700,DE_BE,BE,2010,21700,verbessert,VVPP,verbessern,DE,lemmesTempsDE
w_DE_BE_2010_21767,DE_BE,BE,2010,21767,verbessert,VVPP,verbessern,DE,lemmesTempsDE
w_DE_BE_2010_26678,DE_BE,BE,2010,26678,verbessern,VVFIN,verbessern,DE,lemmesTempsDE
w_DE_BE_2010_27175,DE_BE,BE,2010,27175,verbessern,VVINF,verbessern,DE,lemmesTempsDE
w_DE_BE_2010_27281,DE_BE,BE,2010,27281,verbessern,VVFIN,verbessern,DE,lemmesTempsDE
w_DE_BE_2010_27290,DE_BE,BE,2010,27290,verbessern,VVFIN,verbessern,DE,lemmesTempsDE
w_DE_BE_2010_27388,DE_BE,BE,2010,27388,verbessern,VVFIN,verbessern,DE,lemmesTempsDE
w_DE_BE_2010_27403,DE_BE,BE,2010,27403,verbessert,VVPP,verbessern,DE,lemmesTempsDE
w_DE_BE_2010_27845,DE_BE,BE,2010,27845,verbessert,VVPP,verbessern,DE,lemmesTempsDE
w_DE_BE_2010_29444,DE_BE,BE,2010,29444,verbessern,VVFIN,verbessern,DE,lemmesTempsDE
w_DE_BE_2010_42582,DE_BE,BE,2010,42582,verbessert,VVFIN,verbessern,DE,lemmesTempsDE
w_DE_BE_2010_44196,DE_BE,BE,2010,44196,verbessern,VVINF,verbessern,DE,lemmesTempsDE
w_DE_BE_2010_46664,DE_BE,BE,2010,46664,verbessert,VVPP,verbessern,DE,lemmesTempsDE
w_DE_BE_2010_61442,DE_BE,BE,2010,61442,verbessert,VVPP,verbessern,DE,lemmesTempsDE
w_DE_BE_2010_66728,DE_BE,BE,2010,66728,verbessern,VVINF,verbessern,DE,lemmesTempsDE
w_DE_AR_1987_6624,DE_AR,AR,1987,6624,verbessern,VVINF,verbessern,DE,lemmesTempsDE
w_DE_AR_1987_8448,DE_AR,AR,1987,8448,verbessert,VVPP,verbessern,DE,lemmesTempsDE
w_DE_AR_1987_29585,DE_AR,AR,1987,29585,verbessern,VVINF,verbessern,DE,lemmesTempsDE
w_DE_LU_2025_7945,DE_LU,LU,2025,7945,verbessert,VVPP,verbessern,DE,lemmesTempsDE
w_DE_LU_2025_8436,DE_LU,LU,2025,8436,verbessern,VVINF,verbessern,DE,lemmesTempsDE
w_DE_LU_2025_9331,DE_LU,LU,2025,9331,verbessern,VVINF,verbessern,DE,lemmesTempsDE
w_DE_LU_2025_17123,DE_LU,LU,2025,17123,verbessert,VVPP,verbessern,DE,lemmesTempsDE
w_DE_LU_2025_23381,DE_LU,LU,2025,23381,verbessern,VVINF,verbessern,DE,lemmesTempsDE
w_DE_LU_2025_25898,DE_LU,LU,2025,25898,verbessern,VVFIN,verbessern,DE,lemmesTempsDE
w_DE_LU_2025_25938,DE_LU,LU,2025,25938,verbessert,VVPP,verbessern,DE,lemmesTempsDE
w_DE_LU_2025_27155,DE_LU,LU,2025,27155,verbessert,VVPP,verbessern,DE,lemmesTempsDE
w_DE_LU_2025_27185,DE_LU,LU,2025,27185,verbessern,VVINF,verbessern,DE,lemmesTempsDE
w_DE_LU_2025_31877,DE_LU,LU,2025,31877,verbessern,VVINF,verbessern,DE,lemmesTempsDE
w_DE_LU_2025_33704,DE_LU,LU,2025,33704,verbessern,VVINF,verbessern,DE,lemmesTempsDE
w_DE_LU_2025_36534,DE_LU,LU,2025,36534,verbessert,VVPP,verbessern,DE,lemmesTempsDE
w_DE_LU_2025_38114,DE_LU,LU,2025,38114,verbessert,VVPP,verbessern,DE,lemmesTempsDE
w_DE_LU_2025_44064,DE_LU,LU,2025,44064,verbessern,VVINF,verbessern,DE,lemmesTempsDE
w_DE_LU_2025_44084,DE_LU,LU,2025,44084,verbessern,VVINF,verbessern,DE,lemmesTempsDE
w_DE_LU_2025_44121,DE_LU,LU,2025,44121,verbessern,VVINF,verbessern,DE,lemmesTempsDE
w_DE_LU_2025_51233,DE_LU,LU,2025,51233,verbessert,VVPP,verbessern,DE,lemmesTempsDE
w_DE_NW_2024_6220,DE_NW,NW,2024,6220,verbessern,VVINF,verbessern,DE,lemmesTempsDE
w_DE_NW_2024_7492,DE_NW,NW,2024,7492,verbessert,VVFIN,verbessern,DE,lemmesTempsDE
w_DE_NW_2024_7534,DE_NW,NW,2024,7534,verbessert,VVFIN,verbessern,DE,lemmesTempsDE
w_DE_NW_2024_7844,DE_NW,NW,2024,7844,verbessert,VVPP,verbessern,DE,lemmesTempsDE
w_DE_NW_2024_8192,DE_NW,NW,2024,8192,verbessert,VVPP,verbessern,DE,lemmesTempsDE
w_DE_NW_2024_8801,DE_NW,NW,2024,8801,verbessert,VVPP,verbessern,DE,lemmesTempsDE
w_DE_NW_2024_26560,DE_NW,NW,2024,26560,verbessert,VVPP,verbessern,DE,lemmesTempsDE
w_DE_NW_2024_30333,DE_NW,NW,2024,30333,verbessern,VVINF,verbessern,DE,lemmesTempsDE
w_DE_NW_2024_36184,DE_NW,NW,2024,36184,verbessert,VVPP,verbessern,DE,lemmesTempsDE
w_DE_NW_2024_38709,DE_NW,NW,2024,38709,verbessert,VVPP,verbessern,DE,lemmesTempsDE
w_DE_NW_2024_40740,DE_NW,NW,2024,40740,verbessert,VVPP,verbessern,DE,lemmesTempsDE
w_DE_NW_2024_41650,DE_NW,NW,2024,41650,verbessert,VVPP,verbessern,DE,lemmesTempsDE
w_DE_NW_2024_41890,DE_NW,NW,2024,41890,verbessern,VVINF,verbessern,DE,lemmesTempsDE
w_DE_NW_2024_43296,DE_NW,NW,2024,43296,verbessern,VVINF,verbessern,DE,lemmesTempsDE
w_DE_NW_2024_45556,DE_NW,NW,2024,45556,verbessert,VVPP,verbessern,DE,lemmesTempsDE
w_DE_NW_2024_46614,DE_NW,NW,2024,46614,verbessert,VVPP,verbessern,DE,lemmesTempsDE
w_DE_NW_2024_48877,DE_NW,NW,2024,48877,verbessern,VVINF,verbessern,DE,lemmesTempsDE
w_DE_NW_2024_48967,DE_NW,NW,2024,48967,verbessern,VVINF,verbessern,DE,lemmesTempsDE
w_DE_NW_2024_49298,DE_NW,NW,2024,49298,verbessert,VVPP,verbessern,DE,lemmesTempsDE
w_DE_NW_2024_52137,DE_NW,NW,2024,52137,verbessern,VVINF,verbessern,DE,lemmesTempsDE
w_DE_NW_2024_52319,DE_NW,NW,2024,52319,verbessern,VVINF,verbessern,DE,lemmesTempsDE
w_DE_NW_2024_55329,DE_NW,NW,2024,55329,verbessern,VVINF,verbessern,DE,lemmesTempsDE
w_DE_NW_2024_66428,DE_NW,NW,2024,66428,verbessern,VVINF,verbessern,DE,lemmesTempsDE
w_DE_NW_2024_66806,DE_NW,NW,2024,66806,verbessert,VVPP,verbessern,DE,lemmesTempsDE
w_DE_AI_2011_2807,DE_AI,AI,2011,2807,verbessern,VVINF,verbessern,DE,lemmesTempsDE
w_DE_AI_2011_3554,DE_AI,AI,2011,3554,verbessert,VVPP,verbessern,DE,lemmesTempsDE
w_DE_AI_2011_5042,DE_AI,AI,2011,5042,verbessert,VVPP,verbessern,DE,lemmesTempsDE
w_DE_AI_2011_5446,DE_AI,AI,2011,5446,verbessern,VVFIN,verbessern,DE,lemmesTempsDE
w_DE_AI_2011_7113,DE_AI,AI,2011,7113,verbessern,VVFIN,verbessern,DE,lemmesTempsDE
w_DE_AI_2011_21589,DE_AI,AI,2011,21589,verbessern,VVINF,verbessern,DE,lemmesTempsDE
w_DE_AI_2011_24362,DE_AI,AI,2011,24362,verbessert,VVPP,verbessern,DE,lemmesTempsDE
w_DE_AI_2011_29504,DE_AI,AI,2011,29504,verbessert,VVPP,verbessern,DE,lemmesTempsDE
w_DE_SZ_1986_11631,DE_SZ,SZ,1986,11631,verbessert,VVPP,verbessern,DE,lemmesTempsDE
w_DE_SZ_1986_19179,DE_SZ,SZ,1986,19179,verbessert,VVPP,verbessern,DE,lemmesTempsDE
w_DE_SO_2023_7752,DE_SO,SO,2023,7752,verbessern,VVINF,verbessern,DE,lemmesTempsDE
w_DE_SO_2023_7953,DE_SO,SO,2023,7953,verbessert,VVPP,verbessern,DE,lemmesTempsDE
w_DE_SO_2023_8042,DE_SO,SO,2023,8042,verbessern,VVINF,verbessern,DE,lemmesTempsDE
w_DE_SO_2023_10631,DE_SO,SO,2023,10631,verbessert,VVPP,verbessern,DE,lemmesTempsDE
w_DE_SO_2023_11648,DE_SO,SO,2023,11648,verbessern,VVINF,verbessern,DE,lemmesTempsDE
w_DE_SO_2023_14638,DE_SO,SO,2023,14638,verbessern,VVINF,verbessern,DE,lemmesTempsDE
w_DE_SO_2023_23289,DE_SO,SO,2023,23289,verbessern,VVINF,verbessern,DE,lemmesTempsDE
w_DE_SO_2023_23430,DE_SO,SO,2023,23430,verbessern,VVINF,verbessern,DE,lemmesTempsDE
w_DE_SO_2023_23570,DE_SO,SO,2023,23570,verbessert,VVPP,verbessern,DE,lemmesTempsDE
w_DE_SO_2023_25868,DE_SO,SO,2023,25868,verbessern,VVINF,verbessern,DE,lemmesTempsDE
w_DE_SO_2023_27933,DE_SO,SO,2023,27933,verbessern,VVINF,verbessern,DE,lemmesTempsDE
w_DE_SO_2023_29282,DE_SO,SO,2023,29282,verbessert,VVPP,verbessern,DE,lemmesTempsDE
w_DE_SO_2023_30012,DE_SO,SO,2023,30012,verbessern,VVINF,verbessern,DE,lemmesTempsDE
w_DE_SO_2023_37469,DE_SO,SO,2023,37469,verbessern,VVINF,verbessern,DE,lemmesTempsDE
w_DE_SO_2023_39590,DE_SO,SO,2023,39590,verbessern,VVINF,verbessern,DE,lemmesTempsDE
w_DE_SO_2023_44365,DE_SO,SO,2023,44365,verbessert,VVPP,verbessern,DE,lemmesTempsDE
w_DE_SO_2023_45545,DE_SO,SO,2023,45545,verbessert,VVPP,verbessern,DE,lemmesTempsDE
w_DE_SO_2023_47078,DE_SO,SO,2023,47078,verbessern,VVINF,verbessern,DE,lemmesTempsDE
w_DE_SO_2023_49232,DE_SO,SO,2023,49232,verbessert,VVPP,verbessern,DE,lemmesTempsDE
w_DE_SO_2023_53480,DE_SO,SO,2023,53480,verbessert,VVPP,verbessern,DE,lemmesTempsDE
w_DE_SO_2023_54714,DE_SO,SO,2023,54714,verbessern,VVFIN,verbessern,DE,lemmesTempsDE
w_DE_OW_2006_6747,DE_OW,OW,2006,6747,verbessern,VVINF,verbessern,DE,lemmesTempsDE
w_DE_OW_2006_9867,DE_OW,OW,2006,9867,verbessert,VVPP,verbessern,DE,lemmesTempsDE
w_DE_OW_2006_12900,DE_OW,OW,2006,12900,verbessert,VVPP,verbessern,DE,lemmesTempsDE
w_DE_OW_2006_13025,DE_OW,OW,2006,13025,verbessert,VVPP,verbessern,DE,lemmesTempsDE
w_DE_OW_2006_13942,DE_OW,OW,2006,13942,verbessern,VVINF,verbessern,DE,lemmesTempsDE
w_DE_OW_2006_17146,DE_OW,OW,2006,17146,verbessert,VVPP,verbessern,DE,lemmesTempsDE
w_DE_OW_2006_18640,DE_OW,OW,2006,18640,verbessern,VVINF,verbessern,DE,lemmesTempsDE
w_DE_OW_2006_19319,DE_OW,OW,2006,19319,verbessern,VVINF,verbessern,DE,lemmesTempsDE
w_DE_OW_2006_19856,DE_OW,OW,2006,19856,verbessert,VVPP,verbessern,DE,lemmesTempsDE
w_DE_OW_2006_21917,DE_OW,OW,2006,21917,verbessern,VVINF,verbessern,DE,lemmesTempsDE
w_DE_OW_2006_26077,DE_OW,OW,2006,26077,verbessert,VVPP,verbessern,DE,lemmesTempsDE
w_DE_OW_2006_27142,DE_OW,OW,2006,27142,verbessert,VVPP,verbessern,DE,lemmesTempsDE
w_DE_UR_2023_7714,DE_UR,UR,2023,7714,verbessern,VVINF,verbessern,DE,lemmesTempsDE
w_DE_UR_2023_28625,DE_UR,UR,2023,28625,verbessert,VVPP,verbessern,DE,lemmesTempsDE
w_DE_UR_2023_29316,DE_UR,UR,2023,29316,verbessert,VVPP,verbessern,DE,lemmesTempsDE
w_DE_UR_2023_30061,DE_UR,UR,2023,30061,verbessert,VVPP,verbessern,DE,lemmesTempsDE
w_DE_UR_2023_31277,DE_UR,UR,2023,31277,verbessern,VVINF,verbessern,DE,lemmesTempsDE
w_DE_UR_2023_32583,DE_UR,UR,2023,32583,verbessert,VVPP,verbessern,DE,lemmesTempsDE
w_DE_UR_2023_40817,DE_UR,UR,2023,40817,verbessert,VVFIN,verbessern,DE,lemmesTempsDE
w_DE_UR_2023_41278,DE_UR,UR,2023,41278,verbessert,VVPP,verbessern,DE,lemmesTempsDE
w_DE_UR_2023_49422,DE_UR,UR,2023,49422,verbessern,VVINF,verbessern,DE,lemmesTempsDE
w_DE_UR_2023_58488,DE_UR,UR,2023,58488,verbessern,VVINF,verbessern,DE,lemmesTempsDE
w_DE_UR_2023_59226,DE_UR,UR,2023,59226,verbessern,VVINF,verbessern,DE,lemmesTempsDE
w_DE_UR_2023_59304,DE_UR,UR,2023,59304,verbessern,VVINF,verbessern,DE,lemmesTempsDE
w_DE_GL_2025_5380,DE_GL,GL,2025,5380,verbessern,VVFIN,verbessern,DE,lemmesTempsDE
w_DE_GL_2025_5398,DE_GL,GL,2025,5398,verbessert,VVPP,verbessern,DE,lemmesTempsDE
w_DE_GL_2025_12588,DE_GL,GL,2025,12588,verbessern,VVFIN,verbessern,DE,lemmesTempsDE
w_DE_GL_2025_13300,DE_GL,GL,2025,13300,verbessert,VVPP,verbessern,DE,lemmesTempsDE
w_DE_GL_2025_13549,DE_GL,GL,2025,13549,verbessern,VVINF,verbessern,DE,lemmesTempsDE
w_DE_GL_2025_18864,DE_GL,GL,2025,18864,verbessert,VVPP,verbessern,DE,lemmesTempsDE
w_DE_GL_2025_20270,DE_GL,GL,2025,20270,verbessert,VVPP,verbessern,DE,lemmesTempsDE
w_DE_GL_2025_24674,DE_GL,GL,2025,24674,verbessert,VVPP,verbessern,DE,lemmesTempsDE
w_DE_GL_2025_24745,DE_GL,GL,2025,24745,verbessert,VVPP,verbessern,DE,lemmesTempsDE
w_DE_GL_2025_25291,DE_GL,GL,2025,25291,verbessern,VVINF,verbessern,DE,lemmesTempsDE
w_DE_GL_2025_26192,DE_GL,GL,2025,26192,verbessern,VVINF,verbessern,DE,lemmesTempsDE
w_DE_GL_2025_32444,DE_GL,GL,2025,32444,verbessert,VVPP,verbessern,DE,lemmesTempsDE
w_DE_GL_2025_33959,DE_GL,GL,2025,33959,verbessert,VVFIN,verbessern,DE,lemmesTempsDE
w_DE_GL_2025_34027,DE_GL,GL,2025,34027,verbessert,VVPP,verbessern,DE,lemmesTempsDE
w_DE_GL_2025_36499,DE_GL,GL,2025,36499,verbessert,VVPP,verbessern,DE,lemmesTempsDE
w_DE_SZ_2008_9104,DE_SZ,SZ,2008,9104,verbessert,VVFIN,verbessern,DE,lemmesTempsDE
w_DE_SZ_2008_12522,DE_SZ,SZ,2008,12522,verbessert,VVPP,verbessern,DE,lemmesTempsDE
w_DE_SZ_2008_16071,DE_SZ,SZ,2008,16071,verbessern,VVINF,verbessern,DE,lemmesTempsDE
w_DE_SZ_2008_18059,DE_SZ,SZ,2008,18059,verbessern,VVINF,verbessern,DE,lemmesTempsDE
w_DE_SZ_2008_19690,DE_SZ,SZ,2008,19690,verbessert,VVPP,verbessern,DE,lemmesTempsDE
w_DE_BS_2019_2821,DE_BS,BS,2019,2821,verbessern,VVINF,verbessern,DE,lemmesTempsDE
w_DE_BS_2019_3923,DE_BS,BS,2019,3923,verbessern,VVINF,verbessern,DE,lemmesTempsDE
w_DE_BS_2019_8085,DE_BS,BS,2019,8085,verbessert,VVPP,verbessern,DE,lemmesTempsDE
w_DE_BS_2019_8324,DE_BS,BS,2019,8324,verbessert,VVPP,verbessern,DE,lemmesTempsDE
w_DE_BS_2019_8416,DE_BS,BS,2019,8416,verbessern,VVINF,verbessern,DE,lemmesTempsDE
w_DE_BS_2019_12725,DE_BS,BS,2019,12725,verbessern,VVINF,verbessern,DE,lemmesTempsDE
w_DE_BS_2019_12884,DE_BS,BS,2019,12884,verbessern,VVINF,verbessern,DE,lemmesTempsDE
w_DE_BS_2019_12989,DE_BS,BS,2019,12989,verbessert,VVPP,verbessern,DE,lemmesTempsDE
w_DE_BS_2019_13068,DE_BS,BS,2019,13068,verbessern,VVINF,verbessern,DE,lemmesTempsDE
w_DE_BS_2019_13646,DE_BS,BS,2019,13646,verbessern,VVINF,verbessern,DE,lemmesTempsDE
w_DE_BS_2019_13661,DE_BS,BS,2019,13661,verbessern,VVINF,verbessern,DE,lemmesTempsDE
w_DE_BS_2019_13687,DE_BS,BS,2019,13687,verbessern,VVINF,verbessern,DE,lemmesTempsDE
w_DE_BS_2019_15512,DE_BS,BS,2019,15512,verbessern,VVINF,verbessern,DE,lemmesTempsDE
w_DE_BS_2019_15527,DE_BS,BS,2019,15527,verbessern,VVINF,verbessern,DE,lemmesTempsDE
w_DE_BS_2024_1636,DE_BS,BS,2024,1636,verbessern,VVINF,verbessern,DE,lemmesTempsDE
w_DE_BS_2024_2113,DE_BS,BS,2024,2113,verbessern,VVINF,verbessern,DE,lemmesTempsDE
w_DE_BS_2024_2863,DE_BS,BS,2024,2863,VERBESSERN,VVFIN,verbessern,DE,lemmesTempsDE
w_DE_BS_2024_3377,DE_BS,BS,2024,3377,verbessert,VVFIN,verbessern,DE,lemmesTempsDE
w_DE_BS_2024_3616,DE_BS,BS,2024,3616,verbessert,VVPP,verbessern,DE,lemmesTempsDE
w_DE_BS_2024_5626,DE_BS,BS,2024,5626,verbessern,VVINF,verbessern,DE,lemmesTempsDE
w_DE_BS_2024_7223,DE_BS,BS,2024,7223,verbessert,VVPP,verbessern,DE,lemmesTempsDE
w_DE_BS_2024_9170,DE_BS,BS,2024,9170,verbessern,VVINF,verbessern,DE,lemmesTempsDE
w_DE_BS_2024_10728,DE_BS,BS,2024,10728,verbessern,VVINF,verbessern,DE,lemmesTempsDE
w_DE_BS_2024_10956,DE_BS,BS,2024,10956,Verbessert,VVFIN,verbessern,DE,lemmesTempsDE
w_DE_BS_2024_12410,DE_BS,BS,2024,12410,verbessert,VVPP,verbessern,DE,lemmesTempsDE
w_DE_BS_2024_13717,DE_BS,BS,2024,13717,verbessert,VVPP,verbessern,DE,lemmesTempsDE
w_DE_BS_2024_15044,DE_BS,BS,2024,15044,verbessert,VVPP,verbessern,DE,lemmesTempsDE
w_DE_BS_2024_19540,DE_BS,BS,2024,19540,verbessern,VVINF,verbessern,DE,lemmesTempsDE
w_DE_BS_2024_20339,DE_BS,BS,2024,20339,verbessert,VVPP,verbessern,DE,lemmesTempsDE
w_DE_BS_2024_21390,DE_BS,BS,2024,21390,verbessern,VVINF,verbessern,DE,lemmesTempsDE
w_DE_BS_2024_23114,DE_BS,BS,2024,23114,verbessert,VVPP,verbessern,DE,lemmesTempsDE
w_DE_BS_2024_24765,DE_BS,BS,2024,24765,verbessern,VVINF,verbessern,DE,lemmesTempsDE
w_DE_BS_2024_25151,DE_BS,BS,2024,25151,verbessern,VVINF,verbessern,DE,lemmesTempsDE
w_DE_BS_2024_29206,DE_BS,BS,2024,29206,verbessern,VVINF,verbessern,DE,lemmesTempsDE
w_DE_BS_2024_29303,DE_BS,BS,2024,29303,verbessern,VVINF,verbessern,DE,lemmesTempsDE
w_DE_BS_2024_29445,DE_BS,BS,2024,29445,verbessert,VVPP,verbessern,DE,lemmesTempsDE
w_DE_BS_2024_29473,DE_BS,BS,2024,29473,verbessern,VVFIN,verbessern,DE,lemmesTempsDE
w_DE_BS_2024_30596,DE_BS,BS,2024,30596,verbessern,VVINF,verbessern,DE,lemmesTempsDE
w_DE_BS_2024_30798,DE_BS,BS,2024,30798,verbessern,VVINF,verbessern,DE,lemmesTempsDE
w_DE_BS_2024_31479,DE_BS,BS,2024,31479,verbessert,VVPP,verbessern,DE,lemmesTempsDE
w_DE_BS_2024_36585,DE_BS,BS,2024,36585,verbessert,VVPP,verbessern,DE,lemmesTempsDE
w_DE_BS_2024_36598,DE_BS,BS,2024,36598,verbessern,VVINF,verbessern,DE,lemmesTempsDE
w_DE_BS_2024_41083,DE_BS,BS,2024,41083,verbessert,VVPP,verbessern,DE,lemmesTempsDE
w_DE_ZG_2004_4138,DE_ZG,ZG,2004,4138,verbessert,VVPP,verbessern,DE,lemmesTempsDE
w_DE_ZG_2004_5322,DE_ZG,ZG,2004,5322,verbessern,VVFIN,verbessern,DE,lemmesTempsDE
w_DE_ZG_2004_9012,DE_ZG,ZG,2004,9012,verbessern,VVINF,verbessern,DE,lemmesTempsDE
w_DE_ZG_2004_9801,DE_ZG,ZG,2004,9801,verbessern,VVINF,verbessern,DE,lemmesTempsDE
w_DE_ZG_2004_15665,DE_ZG,ZG,2004,15665,verbessern,VVINF,verbessern,DE,lemmesTempsDE
w_DE_ZG_2004_15701,DE_ZG,ZG,2004,15701,verbessern,VVINF,verbessern,DE,lemmesTempsDE
w_DE_ZG_2004_16081,DE_ZG,ZG,2004,16081,verbessern,VVFIN,verbessern,DE,lemmesTempsDE
w_DE_ZG_2004_17642,DE_ZG,ZG,2004,17642,verbessert,VVFIN,verbessern,DE,lemmesTempsDE
w_DE_ZG_2004_18212,DE_ZG,ZG,2004,18212,verbessern,VVINF,verbessern,DE,lemmesTempsDE
w_DE_ZG_2004_19181,DE_ZG,ZG,2004,19181,verbessern,VVINF,verbessern,DE,lemmesTempsDE
w_DE_ZG_2004_19797,DE_ZG,ZG,2004,19797,verbessern,VVINF,verbessern,DE,lemmesTempsDE
w_DE_ZG_2004_22275,DE_ZG,ZG,2004,22275,verbessern,VVINF,verbessern,DE,lemmesTempsDE
w_DE_ZG_2004_22299,DE_ZG,ZG,2004,22299,verbessern,VVINF,verbessern,DE,lemmesTempsDE
w_DE_ZG_2004_23485,DE_ZG,ZG,2004,23485,verbessert,VVPP,verbessern,DE,lemmesTempsDE
w_DE_ZG_2004_28703,DE_ZG,ZG,2004,28703,verbessert,VVFIN,verbessern,DE,lemmesTempsDE
w_DE_ZG_2004_31577,DE_ZG,ZG,2004,31577,verbessert,VVPP,verbessern,DE,lemmesTempsDE
w_DE_ZG_2025_4543,DE_ZG,ZG,2025,4543,verbessern,VVINF,verbessern,DE,lemmesTempsDE
w_DE_ZG_2025_7409,DE_ZG,ZG,2025,7409,verbessern,VVFIN,verbessern,DE,lemmesTempsDE
w_DE_ZG_2025_7880,DE_ZG,ZG,2025,7880,verbessern,VVFIN,verbessern,DE,lemmesTempsDE
w_DE_ZG_2025_9387,DE_ZG,ZG,2025,9387,verbessern,VVINF,verbessern,DE,lemmesTempsDE
w_DE_ZG_2025_9875,DE_ZG,ZG,2025,9875,verbessern,VVINF,verbessern,DE,lemmesTempsDE
w_DE_ZG_2025_10401,DE_ZG,ZG,2025,10401,verbessern,VVINF,verbessern,DE,lemmesTempsDE
w_DE_ZG_2025_11348,DE_ZG,ZG,2025,11348,verbessern,VVINF,verbessern,DE,lemmesTempsDE
w_DE_ZG_2025_11372,DE_ZG,ZG,2025,11372,verbessern,VVINF,verbessern,DE,lemmesTempsDE
w_DE_ZG_2025_12143,DE_ZG,ZG,2025,12143,verbessert,VVPP,verbessern,DE,lemmesTempsDE
w_DE_BE_2008_2038,DE_BE,BE,2008,2038,verbessert,VVPP,verbessern,DE,lemmesTempsDE
w_DE_BE_2008_13961,DE_BE,BE,2008,13961,verbessert,VVFIN,verbessern,DE,lemmesTempsDE
w_DE_BE_2008_16090,DE_BE,BE,2008,16090,verbessert,VVPP,verbessern,DE,lemmesTempsDE
w_DE_BE_2008_16373,DE_BE,BE,2008,16373,verbessern,VVINF,verbessern,DE,lemmesTempsDE
w_DE_BE_2008_16426,DE_BE,BE,2008,16426,verbessern,VVFIN,verbessern,DE,lemmesTempsDE
w_DE_BE_2008_17200,DE_BE,BE,2008,17200,verbessern,VVINF,verbessern,DE,lemmesTempsDE
w_DE_BE_2008_17320,DE_BE,BE,2008,17320,verbessern,VVFIN,verbessern,DE,lemmesTempsDE
w_DE_BE_2008_18316,DE_BE,BE,2008,18316,verbessern,VVINF,verbessern,DE,lemmesTempsDE
w_DE_BE_2008_18331,DE_BE,BE,2008,18331,verbessern,VVFIN,verbessern,DE,lemmesTempsDE
w_DE_BE_2008_18344,DE_BE,BE,2008,18344,verbessern,VVINF,verbessern,DE,lemmesTempsDE
w_DE_BE_2008_19171,DE_BE,BE,2008,19171,verbessern,VVINF,verbessern,DE,lemmesTempsDE
w_DE_BE_2008_19320,DE_BE,BE,2008,19320,verbessern,VVFIN,verbessern,DE,lemmesTempsDE
w_DE_BE_2008_19479,DE_BE,BE,2008,19479,verbessert,VVPP,verbessern,DE,lemmesTempsDE
w_DE_BE_2008_19546,DE_BE,BE,2008,19546,verbessert,VVPP,verbessern,DE,lemmesTempsDE
w_DE_BE_2008_24091,DE_BE,BE,2008,24091,verbessern,VVFIN,verbessern,DE,lemmesTempsDE
w_DE_BE_2008_24504,DE_BE,BE,2008,24504,verbessern,VVINF,verbessern,DE,lemmesTempsDE
w_DE_BE_2008_24605,DE_BE,BE,2008,24605,verbessern,VVFIN,verbessern,DE,lemmesTempsDE
w_DE_BE_2008_24703,DE_BE,BE,2008,24703,verbessern,VVFIN,verbessern,DE,lemmesTempsDE
w_DE_BE_2008_24718,DE_BE,BE,2008,24718,verbessert,VVPP,verbessern,DE,lemmesTempsDE
w_DE_BE_2008_24749,DE_BE,BE,2008,24749,verbessern,VVFIN,verbessern,DE,lemmesTempsDE
w_DE_BE_2008_25169,DE_BE,BE,2008,25169,verbessert,VVPP,verbessern,DE,lemmesTempsDE
w_DE_BE_2008_26710,DE_BE,BE,2008,26710,verbessern,VVFIN,verbessern,DE,lemmesTempsDE
w_DE_BE_2008_39450,DE_BE,BE,2008,39450,verbessert,VVFIN,verbessern,DE,lemmesTempsDE
w_DE_BE_2008_40981,DE_BE,BE,2008,40981,verbessern,VVINF,verbessern,DE,lemmesTempsDE
w_DE_BE_2008_41661,DE_BE,BE,2008,41661,verbessert,VVFIN,verbessern,DE,lemmesTempsDE
w_DE_BE_2008_43561,DE_BE,BE,2008,43561,verbessert,VVPP,verbessern,DE,lemmesTempsDE
w_DE_BE_2008_55255,DE_BE,BE,2008,55255,verbessert,VVPP,verbessern,DE,lemmesTempsDE
w_DE_BE_2008_57930,DE_BE,BE,2008,57930,verbessern,VVINF,verbessern,DE,lemmesTempsDE
w_DE_BE_2002_1999,DE_BE,BE,2002,1999,verbessert,VVPP,verbessern,DE,lemmesTempsDE
w_DE_BE_2002_13263,DE_BE,BE,2002,13263,verbessert,VVFIN,verbessern,DE,lemmesTempsDE
w_DE_BE_2002_15411,DE_BE,BE,2002,15411,verbessert,VVFIN,verbessern,DE,lemmesTempsDE
w_DE_BE_2002_15568,DE_BE,BE,2002,15568,verbessern,VVFIN,verbessern,DE,lemmesTempsDE
w_DE_BE_2002_15639,DE_BE,BE,2002,15639,verbessern,VVINF,verbessern,DE,lemmesTempsDE
w_DE_BE_2002_16360,DE_BE,BE,2002,16360,verbessern,VVFIN,verbessern,DE,lemmesTempsDE
w_DE_BE_2002_16383,DE_BE,BE,2002,16383,verbessern,VVINF,verbessern,DE,lemmesTempsDE
w_DE_BE_2002_17457,DE_BE,BE,2002,17457,verbessern,VVINF,verbessern,DE,lemmesTempsDE
w_DE_BE_2002_17466,DE_BE,BE,2002,17466,verbessern,VVFIN,verbessern,DE,lemmesTempsDE
w_DE_BE_2002_17479,DE_BE,BE,2002,17479,verbessern,VVINF,verbessern,DE,lemmesTempsDE
w_DE_BE_2002_18295,DE_BE,BE,2002,18295,verbessern,VVINF,verbessern,DE,lemmesTempsDE
w_DE_BE_2002_18438,DE_BE,BE,2002,18438,verbessern,VVFIN,verbessern,DE,lemmesTempsDE
w_DE_BE_2002_18596,DE_BE,BE,2002,18596,verbessert,VVPP,verbessern,DE,lemmesTempsDE
w_DE_BE_2002_18661,DE_BE,BE,2002,18661,verbessert,VVPP,verbessern,DE,lemmesTempsDE
w_DE_BE_2002_22090,DE_BE,BE,2002,22090,verbessern,VVFIN,verbessern,DE,lemmesTempsDE
w_DE_BE_2002_22476,DE_BE,BE,2002,22476,verbessern,VVFIN,verbessern,DE,lemmesTempsDE
w_DE_BE_2002_22485,DE_BE,BE,2002,22485,verbessern,VVINF,verbessern,DE,lemmesTempsDE
w_DE_BE_2002_22586,DE_BE,BE,2002,22586,verbessern,VVFIN,verbessern,DE,lemmesTempsDE
w_DE_BE_2002_22684,DE_BE,BE,2002,22684,verbessern,VVFIN,verbessern,DE,lemmesTempsDE
w_DE_BE_2002_22699,DE_BE,BE,2002,22699,verbessert,VVPP,verbessern,DE,lemmesTempsDE
w_DE_BE_2002_23133,DE_BE,BE,2002,23133,verbessert,VVPP,verbessern,DE,lemmesTempsDE
w_DE_BE_2002_24577,DE_BE,BE,2002,24577,verbessern,VVFIN,verbessern,DE,lemmesTempsDE
w_DE_BE_2002_35714,DE_BE,BE,2002,35714,verbessert,VVFIN,verbessern,DE,lemmesTempsDE
w_DE_BE_2002_37840,DE_BE,BE,2002,37840,verbessert,VVFIN,verbessern,DE,lemmesTempsDE
w_DE_BE_2002_39631,DE_BE,BE,2002,39631,verbessert,VVPP,verbessern,DE,lemmesTempsDE
w_DE_BE_2002_43502,DE_BE,BE,2002,43502,verbessert,VVPP,verbessern,DE,lemmesTempsDE
w_DE_BE_2002_49939,DE_BE,BE,2002,49939,verbessern,VVINF,verbessern,DE,lemmesTempsDE
w_DE_BE_2002_64735,DE_BE,BE,2002,64735,verbessern,VVINF,verbessern,DE,lemmesTempsDE
w_DE_BE_2002_65027,DE_BE,BE,2002,65027,verbessert,VVPP,verbessern,DE,lemmesTempsDE
w_DE_SZ_2004_8830,DE_SZ,SZ,2004,8830,verbessert,VVFIN,verbessern,DE,lemmesTempsDE
w_DE_AR_2002_4171,DE_AR,AR,2002,4171,verbessern,VVINF,verbessern,DE,lemmesTempsDE
w_DE_AR_2002_4502,DE_AR,AR,2002,4502,verbessern,VVINF,verbessern,DE,lemmesTempsDE
w_DE_AR_2002_10459,DE_AR,AR,2002,10459,verbessern,VVINF,verbessern,DE,lemmesTempsDE
w_DE_AR_2002_11369,DE_AR,AR,2002,11369,verbessert,VVPP,verbessern,DE,lemmesTempsDE
w_DE_AR_2002_12636,DE_AR,AR,2002,12636,verbessern,VVINF,verbessern,DE,lemmesTempsDE
w_DE_AR_2002_24222,DE_AR,AR,2002,24222,verbessert,VVPP,verbessern,DE,lemmesTempsDE
w_DE_AR_2002_25883,DE_AR,AR,2002,25883,verbessern,VVFIN,verbessern,DE,lemmesTempsDE
w_DE_AR_2002_26005,DE_AR,AR,2002,26005,verbessern,VVINF,verbessern,DE,lemmesTempsDE
w_DE_AR_2002_26163,DE_AR,AR,2002,26163,verbessern,VVINF,verbessern,DE,lemmesTempsDE
w_DE_AR_2002_26468,DE_AR,AR,2002,26468,verbessern,VVINF,verbessern,DE,lemmesTempsDE
w_DE_AR_2002_26688,DE_AR,AR,2002,26688,verbessern,VVINF,verbessern,DE,lemmesTempsDE
w_DE_BS_2010_7662,DE_BS,BS,2010,7662,verbessert,VVPP,verbessern,DE,lemmesTempsDE
w_DE_BS_2010_9117,DE_BS,BS,2010,9117,verbessern,VVINF,verbessern,DE,lemmesTempsDE
w_DE_BS_2010_14797,DE_BS,BS,2010,14797,verbessern,VVINF,verbessern,DE,lemmesTempsDE
w_DE_BS_2010_14968,DE_BS,BS,2010,14968,verbessert,VVPP,verbessern,DE,lemmesTempsDE
w_DE_BS_2010_16227,DE_BS,BS,2010,16227,verbessert,VVPP,verbessern,DE,lemmesTempsDE
w_DE_BS_2010_17795,DE_BS,BS,2010,17795,verbessern,VVFIN,verbessern,DE,lemmesTempsDE
w_DE_BS_2010_22652,DE_BS,BS,2010,22652,verbessern,VVINF,verbessern,DE,lemmesTempsDE
w_DE_BS_2010_23382,DE_BS,BS,2010,23382,verbessern,VVINF,verbessern,DE,lemmesTempsDE
w_DE_BS_2010_24249,DE_BS,BS,2010,24249,verbessern,VVINF,verbessern,DE,lemmesTempsDE
w_DE_BS_2010_24303,DE_BS,BS,2010,24303,verbessert,VVPP,verbessern,DE,lemmesTempsDE
w_DE_BS_2010_24542,DE_BS,BS,2010,24542,verbessern,VVINF,verbessern,DE,lemmesTempsDE
w_DE_BS_2010_31869,DE_BS,BS,2010,31869,verbessert,VVPP,verbessern,DE,lemmesTempsDE
w_DE_BS_2010_36596,DE_BS,BS,2010,36596,verbessern,VVINF,verbessern,DE,lemmesTempsDE
w_DE_BS_2010_36947,DE_BS,BS,2010,36947,verbessern,VVFIN,verbessern,DE,lemmesTempsDE
w_DE_BS_2010_39522,DE_BS,BS,2010,39522,verbessern,VVINF,verbessern,DE,lemmesTempsDE
w_DE_BS_2010_40793,DE_BS,BS,2010,40793,verbessern,VVINF,verbessern,DE,lemmesTempsDE
w_DE_BS_2010_41394,DE_BS,BS,2010,41394,verbessert,VVPP,verbessern,DE,lemmesTempsDE
w_DE_BS_2010_41485,DE_BS,BS,2010,41485,verbessert,VVPP,verbessern,DE,lemmesTempsDE
w_DE_BS_2010_42467,DE_BS,BS,2010,42467,verbessert,VVPP,verbessern,DE,lemmesTempsDE
w_DE_BS_2010_42549,DE_BS,BS,2010,42549,verbessern,VVINF,verbessern,DE,lemmesTempsDE
w_DE_BS_2010_43010,DE_BS,BS,2010,43010,verbessern,VVINF,verbessern,DE,lemmesTempsDE
w_DE_BS_2010_45572,DE_BS,BS,2010,45572,verbessert,VVFIN,verbessern,DE,lemmesTempsDE
w_DE_BS_2010_46755,DE_BS,BS,2010,46755,verbessert,VVFIN,verbessern,DE,lemmesTempsDE
w_DE_BS_2010_52661,DE_BS,BS,2010,52661,verbessern,VVINF,verbessern,DE,lemmesTempsDE
w_DE_BS_2010_59510,DE_BS,BS,2010,59510,verbessert,VVPP,verbessern,DE,lemmesTempsDE
w_DE_BS_2010_61740,DE_BS,BS,2010,61740,verbessern,VVINF,verbessern,DE,lemmesTempsDE
w_DE_BS_2010_62628,DE_BS,BS,2010,62628,verbessern,VVINF,verbessern,DE,lemmesTempsDE
w_DE_BS_2010_69698,DE_BS,BS,2010,69698,verbessert,VVPP,verbessern,DE,lemmesTempsDE
w_DE_BS_2010_70404,DE_BS,BS,2010,70404,verbessern,VVINF,verbessern,DE,lemmesTempsDE
w_DE_BS_2010_70587,DE_BS,BS,2010,70587,verbessern,VVINF,verbessern,DE,lemmesTempsDE
w_DE_BS_2010_70832,DE_BS,BS,2010,70832,verbessern,VVINF,verbessern,DE,lemmesTempsDE
w_DE_BS_2010_74146,DE_BS,BS,2010,74146,verbessern,VVINF,verbessern,DE,lemmesTempsDE
w_DE_BS_2010_75567,DE_BS,BS,2010,75567,verbessert,VVPP,verbessern,DE,lemmesTempsDE
w_DE_BS_2010_76168,DE_BS,BS,2010,76168,verbessern,VVINF,verbessern,DE,lemmesTempsDE
w_DE_BS_2010_77579,DE_BS,BS,2010,77579,verbessert,VVPP,verbessern,DE,lemmesTempsDE
w_DE_SZ_2010_6935,DE_SZ,SZ,2010,6935,verbessert,VVPP,verbessern,DE,lemmesTempsDE
w_DE_SZ_2010_7600,DE_SZ,SZ,2010,7600,verbessern,VVINF,verbessern,DE,lemmesTempsDE
w_DE_SZ_2012_1661,DE_SZ,SZ,2012,1661,verbessern,VVINF,verbessern,DE,lemmesTempsDE
w_DE_SZ_2012_1835,DE_SZ,SZ,2012,1835,verbessern,VVINF,verbessern,DE,lemmesTempsDE
w_DE_SZ_2012_1944,DE_SZ,SZ,2012,1944,verbessern,VVINF,verbessern,DE,lemmesTempsDE
w_DE_SZ_2012_4201,DE_SZ,SZ,2012,4201,verbessern,VVINF,verbessern,DE,lemmesTempsDE
w_DE_SZ_2012_4828,DE_SZ,SZ,2012,4828,verbessern,VVINF,verbessern,DE,lemmesTempsDE
w_DE_SZ_2012_4887,DE_SZ,SZ,2012,4887,verbessern,VVINF,verbessern,DE,lemmesTempsDE
w_DE_SZ_2012_6278,DE_SZ,SZ,2012,6278,verbessert,VVPP,verbessern,DE,lemmesTempsDE
w_DE_SZ_2012_6358,DE_SZ,SZ,2012,6358,verbessern,VVINF,verbessern,DE,lemmesTempsDE
w_DE_OW_1987_18779,DE_OW,OW,1987,18779,verbessern,VVINF,verbessern,DE,lemmesTempsDE
w_DE_OW_1987_43968,DE_OW,OW,1987,43968,verbessern,VVFIN,verbessern,DE,lemmesTempsDE
w_DE_OW_1987_44264,DE_OW,OW,1987,44264,verbessern,VVINF,verbessern,DE,lemmesTempsDE
w_DE_OW_1987_53921,DE_OW,OW,1987,53921,verbessert,VVFIN,verbessern,DE,lemmesTempsDE
w_DE_OW_1987_57171,DE_OW,OW,1987,57171,verbessern,VVINF,verbessern,DE,lemmesTempsDE
w_DE_OW_1987_64465,DE_OW,OW,1987,64465,verbessert,VVPP,verbessern,DE,lemmesTempsDE
w_DE_OW_1987_65875,DE_OW,OW,1987,65875,verbessert,VVPP,verbessern,DE,lemmesTempsDE
w_DE_OW_1987_67700,DE_OW,OW,1987,67700,verbessert,VVPP,verbessern,DE,lemmesTempsDE
w_DE_LU_2009_5245,DE_LU,LU,2009,5245,verbessert,VVPP,verbessern,DE,lemmesTempsDE
w_DE_LU_2009_9437,DE_LU,LU,2009,9437,verbessert,VVPP,verbessern,DE,lemmesTempsDE
w_DE_LU_2009_13981,DE_LU,LU,2009,13981,verbessern,VVINF,verbessern,DE,lemmesTempsDE
w_DE_LU_2009_17858,DE_LU,LU,2009,17858,verbessern,VVINF,verbessern,DE,lemmesTempsDE
w_DE_LU_2009_29939,DE_LU,LU,2009,29939,verbessern,VVINF,verbessern,DE,lemmesTempsDE
w_DE_LU_2009_41303,DE_LU,LU,2009,41303,verbessert,VVPP,verbessern,DE,lemmesTempsDE
w_DE_LU_2009_41388,DE_LU,LU,2009,41388,verbessert,VVFIN,verbessern,DE,lemmesTempsDE
w_DE_LU_2009_43490,DE_LU,LU,2009,43490,verbessert,VVPP,verbessern,DE,lemmesTempsDE
w_DE_LU_2009_44607,DE_LU,LU,2009,44607,verbessert,VVPP,verbessern,DE,lemmesTempsDE
w_DE_LU_2009_47466,DE_LU,LU,2009,47466,verbessert,VVPP,verbessern,DE,lemmesTempsDE
w_DE_LU_2009_49488,DE_LU,LU,2009,49488,verbessert,VVPP,verbessern,DE,lemmesTempsDE
w_DE_LU_2009_49608,DE_LU,LU,2009,49608,verbessert,VVPP,verbessern,DE,lemmesTempsDE
w_DE_LU_2009_55930,DE_LU,LU,2009,55930,verbessern,VVINF,verbessern,DE,lemmesTempsDE
w_DE_LU_2009_67582,DE_LU,LU,2009,67582,verbessert,VVPP,verbessern,DE,lemmesTempsDE
w_DE_SH_2004_27729,DE_SH,SH,2004,27729,verbessert,VVPP,verbessern,DE,lemmesTempsDE
w_DE_SH_2004_36968,DE_SH,SH,2004,36968,verbessern,VVINF,verbessern,DE,lemmesTempsDE
w_DE_SH_2004_47703,DE_SH,SH,2004,47703,verbessert,VVPP,verbessern,DE,lemmesTempsDE
w_DE_SH_2004_73466,DE_SH,SH,2004,73466,verbessert,VVFIN,verbessern,DE,lemmesTempsDE
w_DE_SH_2004_93464,DE_SH,SH,2004,93464,verbessern,VVINF,verbessern,DE,lemmesTempsDE
w_DE_SH_2004_96332,DE_SH,SH,2004,96332,verbessern,VVINF,verbessern,DE,lemmesTempsDE
w_DE_SH_2004_98915,DE_SH,SH,2004,98915,verbessern,VVINF,verbessern,DE,lemmesTempsDE
w_DE_SH_2004_106854,DE_SH,SH,2004,106854,verbessert,VVFIN,verbessern,DE,lemmesTempsDE
w_DE_SH_2004_113417,DE_SH,SH,2004,113417,verbessern,VVINF,verbessern,DE,lemmesTempsDE
w_DE_BS_2025_4039,DE_BS,BS,2025,4039,verbessern,VVINF,verbessern,DE,lemmesTempsDE
w_DE_BS_2025_4881,DE_BS,BS,2025,4881,verbessern,VVINF,verbessern,DE,lemmesTempsDE
w_DE_BS_2025_5114,DE_BS,BS,2025,5114,verbessern,VVINF,verbessern,DE,lemmesTempsDE
w_DE_BS_2025_5842,DE_BS,BS,2025,5842,VERBESSERN,VVFIN,verbessern,DE,lemmesTempsDE
w_DE_BS_2025_6351,DE_BS,BS,2025,6351,verbessert,VVFIN,verbessern,DE,lemmesTempsDE
w_DE_BS_2025_6590,DE_BS,BS,2025,6590,verbessert,VVPP,verbessern,DE,lemmesTempsDE
w_DE_BS_2025_10709,DE_BS,BS,2025,10709,verbessern,VVINF,verbessern,DE,lemmesTempsDE
w_DE_BS_2025_12291,DE_BS,BS,2025,12291,verbessert,VVPP,verbessern,DE,lemmesTempsDE
w_DE_BS_2025_14195,DE_BS,BS,2025,14195,verbessern,VVINF,verbessern,DE,lemmesTempsDE
w_DE_BS_2025_15733,DE_BS,BS,2025,15733,verbessern,VVINF,verbessern,DE,lemmesTempsDE
w_DE_BS_2025_15961,DE_BS,BS,2025,15961,Verbessert,VVFIN,verbessern,DE,lemmesTempsDE
w_DE_BS_2025_18151,DE_BS,BS,2025,18151,verbessert,VVPP,verbessern,DE,lemmesTempsDE
w_DE_BS_2025_19444,DE_BS,BS,2025,19444,verbessert,VVPP,verbessern,DE,lemmesTempsDE
w_DE_BS_2025_20761,DE_BS,BS,2025,20761,verbessert,VVPP,verbessern,DE,lemmesTempsDE
w_DE_BS_2025_22379,DE_BS,BS,2025,22379,verbessert,VVFIN,verbessern,DE,lemmesTempsDE
w_DE_BS_2025_23191,DE_BS,BS,2025,23191,verbessert,VVPP,verbessern,DE,lemmesTempsDE
w_DE_BS_2025_23640,DE_BS,BS,2025,23640,verbessert,VVPP,verbessern,DE,lemmesTempsDE
w_DE_BS_2025_23772,DE_BS,BS,2025,23772,verbessern,VVINF,verbessern,DE,lemmesTempsDE
w_DE_BS_2025_29026,DE_BS,BS,2025,29026,verbessern,VVINF,verbessern,DE,lemmesTempsDE
w_DE_BS_2025_31176,DE_BS,BS,2025,31176,verbessert,VVPP,verbessern,DE,lemmesTempsDE
w_DE_BS_2025_32188,DE_BS,BS,2025,32188,verbessern,VVINF,verbessern,DE,lemmesTempsDE
w_DE_BS_2025_35219,DE_BS,BS,2025,35219,verbessert,VVPP,verbessern,DE,lemmesTempsDE
w_DE_BS_2025_36858,DE_BS,BS,2025,36858,verbessern,VVINF,verbessern,DE,lemmesTempsDE
w_DE_BS_2025_37225,DE_BS,BS,2025,37225,verbessern,VVINF,verbessern,DE,lemmesTempsDE
w_DE_BS_2025_41211,DE_BS,BS,2025,41211,verbessern,VVINF,verbessern,DE,lemmesTempsDE
w_DE_BS_2025_41308,DE_BS,BS,2025,41308,verbessern,VVINF,verbessern,DE,lemmesTempsDE
w_DE_BS_2025_41445,DE_BS,BS,2025,41445,verbessert,VVPP,verbessern,DE,lemmesTempsDE
w_DE_BS_2025_41473,DE_BS,BS,2025,41473,verbessern,VVFIN,verbessern,DE,lemmesTempsDE
w_DE_BS_2025_42588,DE_BS,BS,2025,42588,verbessern,VVINF,verbessern,DE,lemmesTempsDE
w_DE_BS_2025_42784,DE_BS,BS,2025,42784,verbessern,VVINF,verbessern,DE,lemmesTempsDE
w_DE_BS_2025_43460,DE_BS,BS,2025,43460,verbessert,VVPP,verbessern,DE,lemmesTempsDE
w_DE_BS_2025_48421,DE_BS,BS,2025,48421,verbessern,VVINF,verbessern,DE,lemmesTempsDE
w_DE_BS_2025_49513,DE_BS,BS,2025,49513,verbessern,VVINF,verbessern,DE,lemmesTempsDE
w_DE_BS_2025_53670,DE_BS,BS,2025,53670,verbessert,VVPP,verbessern,DE,lemmesTempsDE
w_DE_BS_2025_53871,DE_BS,BS,2025,53871,verbessert,VVPP,verbessern,DE,lemmesTempsDE
w_DE_BS_2025_53962,DE_BS,BS,2025,53962,verbessern,VVINF,verbessern,DE,lemmesTempsDE
w_DE_BS_2025_58364,DE_BS,BS,2025,58364,verbessern,VVINF,verbessern,DE,lemmesTempsDE
w_DE_BS_2025_58521,DE_BS,BS,2025,58521,verbessern,VVINF,verbessern,DE,lemmesTempsDE
w_DE_BS_2025_58628,DE_BS,BS,2025,58628,verbessert,VVPP,verbessern,DE,lemmesTempsDE
w_DE_BS_2025_58707,DE_BS,BS,2025,58707,verbessern,VVINF,verbessern,DE,lemmesTempsDE
w_DE_BS_2025_59290,DE_BS,BS,2025,59290,verbessern,VVINF,verbessern,DE,lemmesTempsDE
w_DE_BS_2025_59305,DE_BS,BS,2025,59305,verbessern,VVINF,verbessern,DE,lemmesTempsDE
w_DE_BS_2025_59331,DE_BS,BS,2025,59331,verbessern,VVINF,verbessern,DE,lemmesTempsDE
w_DE_BS_2025_61166,DE_BS,BS,2025,61166,verbessern,VVINF,verbessern,DE,lemmesTempsDE
w_DE_BS_2025_61181,DE_BS,BS,2025,61181,verbessern,VVINF,verbessern,DE,lemmesTempsDE
w_DE_BS_2025_69109,DE_BS,BS,2025,69109,verbessert,VVPP,verbessern,DE,lemmesTempsDE
w_DE_BS_2025_69122,DE_BS,BS,2025,69122,verbessern,VVINF,verbessern,DE,lemmesTempsDE
w_DE_BS_2025_73704,DE_BS,BS,2025,73704,verbessert,VVPP,verbessern,DE,lemmesTempsDE
w_DE_BE_2024_613,DE_BE,BE,2024,613,verbessert,VVPP,verbessern,DE,lemmesTempsDE
w_DE_BE_2024_5563,DE_BE,BE,2024,5563,verbessert,VVPP,verbessern,DE,lemmesTempsDE
w_DE_BE_2024_6680,DE_BE,BE,2024,6680,verbessern,VVFIN,verbessern,DE,lemmesTempsDE
w_DE_BE_2024_7859,DE_BE,BE,2024,7859,verbessert,VVPP,verbessern,DE,lemmesTempsDE
w_DE_BE_2024_10859,DE_BE,BE,2024,10859,verbessert,VVPP,verbessern,DE,lemmesTempsDE
w_DE_BE_2024_11834,DE_BE,BE,2024,11834,verbessert,VVPP,verbessern,DE,lemmesTempsDE
w_DE_BE_2024_12255,DE_BE,BE,2024,12255,verbessern,VVFIN,verbessern,DE,lemmesTempsDE
w_DE_BE_2024_13792,DE_BE,BE,2024,13792,verbessert,VVFIN,verbessern,DE,lemmesTempsDE
w_DE_BE_2024_14450,DE_BE,BE,2024,14450,verbessert,VVPP,verbessern,DE,lemmesTempsDE
w_DE_BE_2024_14521,DE_BE,BE,2024,14521,verbessern,VVFIN,verbessern,DE,lemmesTempsDE
w_DE_BE_2024_14540,DE_BE,BE,2024,14540,verbessert,VVPP,verbessern,DE,lemmesTempsDE
w_DE_BE_2024_15956,DE_BE,BE,2024,15956,verbessert,VVPP,verbessern,DE,lemmesTempsDE
w_DE_BE_2024_16510,DE_BE,BE,2024,16510,verbessern,VVINF,verbessern,DE,lemmesTempsDE
w_DE_BE_2024_16995,DE_BE,BE,2024,16995,verbessern,VVFIN,verbessern,DE,lemmesTempsDE
w_DE_BE_2024_20787,DE_BE,BE,2024,20787,verbessern,VVFIN,verbessern,DE,lemmesTempsDE
w_DE_BE_2024_21525,DE_BE,BE,2024,21525,verbessern,VVFIN,verbessern,DE,lemmesTempsDE
w_DE_BE_2024_21534,DE_BE,BE,2024,21534,verbessern,VVINF,verbessern,DE,lemmesTempsDE
w_DE_BE_2024_21643,DE_BE,BE,2024,21643,verbessern,VVFIN,verbessern,DE,lemmesTempsDE
w_DE_BE_2024_21741,DE_BE,BE,2024,21741,verbessern,VVFIN,verbessern,DE,lemmesTempsDE
w_DE_BE_2024_21756,DE_BE,BE,2024,21756,verbessert,VVPP,verbessern,DE,lemmesTempsDE
w_DE_BE_2024_22326,DE_BE,BE,2024,22326,verbessert,VVPP,verbessern,DE,lemmesTempsDE
w_DE_BE_2024_35763,DE_BE,BE,2024,35763,verbessert,VVFIN,verbessern,DE,lemmesTempsDE
w_DE_BE_2024_37522,DE_BE,BE,2024,37522,verbessert,VVPP,verbessern,DE,lemmesTempsDE
w_DE_BE_2024_37596,DE_BE,BE,2024,37596,verbessert,VVFIN,verbessern,DE,lemmesTempsDE
w_DE_BE_2024_38337,DE_BE,BE,2024,38337,verbessern,VVINF,verbessern,DE,lemmesTempsDE
w_DE_BE_2024_38719,DE_BE,BE,2024,38719,verbessert,VVPP,verbessern,DE,lemmesTempsDE
w_DE_BE_2024_38965,DE_BE,BE,2024,38965,verbessert,VVFIN,verbessern,DE,lemmesTempsDE
w_DE_BE_2024_40686,DE_BE,BE,2024,40686,verbessert,VVPP,verbessern,DE,lemmesTempsDE
w_DE_BE_2024_40705,DE_BE,BE,2024,40705,verbessert,VVPP,verbessern,DE,lemmesTempsDE
w_DE_BE_2024_56541,DE_BE,BE,2024,56541,verbessert,VVPP,verbessern,DE,lemmesTempsDE
w_DE_BE_2024_57316,DE_BE,BE,2024,57316,verbessern,VVINF,verbessern,DE,lemmesTempsDE
w_DE_BE_2024_61401,DE_BE,BE,2024,61401,verbessern,VVINF,verbessern,DE,lemmesTempsDE
w_DE_BE_2024_69012,DE_BE,BE,2024,69012,verbessert,VVPP,verbessern,DE,lemmesTempsDE
w_DE_BE_2004_1999,DE_BE,BE,2004,1999,verbessert,VVPP,verbessern,DE,lemmesTempsDE
w_DE_BE_2004_13263,DE_BE,BE,2004,13263,verbessert,VVFIN,verbessern,DE,lemmesTempsDE
w_DE_BE_2004_15411,DE_BE,BE,2004,15411,verbessert,VVFIN,verbessern,DE,lemmesTempsDE
w_DE_BE_2004_15568,DE_BE,BE,2004,15568,verbessern,VVFIN,verbessern,DE,lemmesTempsDE
w_DE_BE_2004_15639,DE_BE,BE,2004,15639,verbessern,VVINF,verbessern,DE,lemmesTempsDE
w_DE_BE_2004_16360,DE_BE,BE,2004,16360,verbessern,VVFIN,verbessern,DE,lemmesTempsDE
w_DE_BE_2004_16383,DE_BE,BE,2004,16383,verbessern,VVINF,verbessern,DE,lemmesTempsDE
w_DE_BE_2004_17457,DE_BE,BE,2004,17457,verbessern,VVINF,verbessern,DE,lemmesTempsDE
w_DE_BE_2004_17466,DE_BE,BE,2004,17466,verbessern,VVFIN,verbessern,DE,lemmesTempsDE
w_DE_BE_2004_17479,DE_BE,BE,2004,17479,verbessern,VVINF,verbessern,DE,lemmesTempsDE
w_DE_BE_2004_18293,DE_BE,BE,2004,18293,verbessern,VVINF,verbessern,DE,lemmesTempsDE
w_DE_BE_2004_18436,DE_BE,BE,2004,18436,verbessern,VVFIN,verbessern,DE,lemmesTempsDE
w_DE_BE_2004_18594,DE_BE,BE,2004,18594,verbessert,VVPP,verbessern,DE,lemmesTempsDE
w_DE_BE_2004_18659,DE_BE,BE,2004,18659,verbessert,VVPP,verbessern,DE,lemmesTempsDE
w_DE_BE_2004_22088,DE_BE,BE,2004,22088,verbessern,VVFIN,verbessern,DE,lemmesTempsDE
w_DE_BE_2004_22474,DE_BE,BE,2004,22474,verbessern,VVFIN,verbessern,DE,lemmesTempsDE
w_DE_BE_2004_22483,DE_BE,BE,2004,22483,verbessern,VVINF,verbessern,DE,lemmesTempsDE
w_DE_BE_2004_22584,DE_BE,BE,2004,22584,verbessern,VVFIN,verbessern,DE,lemmesTempsDE
w_DE_BE_2004_22682,DE_BE,BE,2004,22682,verbessern,VVFIN,verbessern,DE,lemmesTempsDE
w_DE_BE_2004_22697,DE_BE,BE,2004,22697,verbessert,VVPP,verbessern,DE,lemmesTempsDE
w_DE_BE_2004_23131,DE_BE,BE,2004,23131,verbessert,VVPP,verbessern,DE,lemmesTempsDE
w_DE_BE_2004_24575,DE_BE,BE,2004,24575,verbessern,VVFIN,verbessern,DE,lemmesTempsDE
w_DE_BE_2004_35829,DE_BE,BE,2004,35829,verbessert,VVFIN,verbessern,DE,lemmesTempsDE
w_DE_BE_2004_37955,DE_BE,BE,2004,37955,verbessert,VVFIN,verbessern,DE,lemmesTempsDE
w_DE_BE_2004_39606,DE_BE,BE,2004,39606,verbessert,VVPP,verbessern,DE,lemmesTempsDE
w_DE_BE_2004_43469,DE_BE,BE,2004,43469,verbessert,VVPP,verbessern,DE,lemmesTempsDE
w_DE_BE_2004_49279,DE_BE,BE,2004,49279,verbessert,VVPP,verbessern,DE,lemmesTempsDE
w_DE_BE_2004_51138,DE_BE,BE,2004,51138,verbessern,VVINF,verbessern,DE,lemmesTempsDE
w_DE_BE_2004_66019,DE_BE,BE,2004,66019,verbessern,VVINF,verbessern,DE,lemmesTempsDE
w_DE_BE_2004_66311,DE_BE,BE,2004,66311,verbessert,VVPP,verbessern,DE,lemmesTempsDE
w_DE_AI_2002_7584,DE_AI,AI,2002,7584,verbessert,VVPP,verbessern,DE,lemmesTempsDE
w_DE_AI_2002_7636,DE_AI,AI,2002,7636,verbessert,VVPP,verbessern,DE,lemmesTempsDE
w_DE_AI_2002_37078,DE_AI,AI,2002,37078,verbessern,VVINF,verbessern,DE,lemmesTempsDE
w_DE_AI_2002_37828,DE_AI,AI,2002,37828,verbessert,VVPP,verbessern,DE,lemmesTempsDE
w_DE_AI_2002_39315,DE_AI,AI,2002,39315,verbessert,VVPP,verbessern,DE,lemmesTempsDE
w_DE_AI_2002_39718,DE_AI,AI,2002,39718,verbessern,VVFIN,verbessern,DE,lemmesTempsDE
w_DE_AI_2002_41390,DE_AI,AI,2002,41390,verbessern,VVFIN,verbessern,DE,lemmesTempsDE
w_DE_AI_2002_54158,DE_AI,AI,2002,54158,verbessern,VVINF,verbessern,DE,lemmesTempsDE
w_DE_AI_2002_55984,DE_AI,AI,2002,55984,verbessert,VVPP,verbessern,DE,lemmesTempsDE
w_DE_SH_2021_8302,DE_SH,SH,2021,8302,verbessern,VVINF,verbessern,DE,lemmesTempsDE
w_DE_SH_2021_9896,DE_SH,SH,2021,9896,verbessert,VVPP,verbessern,DE,lemmesTempsDE
w_DE_SH_2021_9972,DE_SH,SH,2021,9972,verbessert,VVPP,verbessern,DE,lemmesTempsDE
w_DE_SH_2021_14422,DE_SH,SH,2021,14422,verbessern,VVINF,verbessern,DE,lemmesTempsDE
w_DE_SH_2021_30230,DE_SH,SH,2021,30230,verbessert,VVPP,verbessern,DE,lemmesTempsDE
w_DE_SH_2021_41683,DE_SH,SH,2021,41683,verbessern,VVINF,verbessern,DE,lemmesTempsDE
w_DE_SH_2021_41865,DE_SH,SH,2021,41865,verbessert,VVPP,verbessern,DE,lemmesTempsDE
w_DE_SH_2021_42099,DE_SH,SH,2021,42099,verbessern,VVINF,verbessern,DE,lemmesTempsDE
w_DE_SH_2021_44299,DE_SH,SH,2021,44299,verbessert,VVPP,verbessern,DE,lemmesTempsDE
w_DE_SH_2021_44638,DE_SH,SH,2021,44638,verbessert,VVPP,verbessern,DE,lemmesTempsDE
w_DE_SH_2021_45300,DE_SH,SH,2021,45300,verbessert,VVPP,verbessern,DE,lemmesTempsDE
w_DE_SH_2021_46039,DE_SH,SH,2021,46039,verbessern,VVINF,verbessern,DE,lemmesTempsDE
w_DE_SH_2021_46082,DE_SH,SH,2021,46082,verbessern,VVINF,verbessern,DE,lemmesTempsDE
w_DE_SH_2021_46100,DE_SH,SH,2021,46100,verbessert,VVPP,verbessern,DE,lemmesTempsDE
w_DE_SH_2021_47676,DE_SH,SH,2021,47676,verbessert,VVPP,verbessern,DE,lemmesTempsDE
w_DE_SH_2021_47938,DE_SH,SH,2021,47938,verbessern,VVINF,verbessern,DE,lemmesTempsDE
w_DE_SH_2021_49278,DE_SH,SH,2021,49278,verbessern,VVINF,verbessern,DE,lemmesTempsDE
w_DE_SH_2021_49661,DE_SH,SH,2021,49661,verbessern,VVINF,verbessern,DE,lemmesTempsDE
w_DE_SZ_2022_5674,DE_SZ,SZ,2022,5674,verbessern,VVINF,verbessern,DE,lemmesTempsDE
w_DE_SZ_2022_5990,DE_SZ,SZ,2022,5990,verbessern,VVINF,verbessern,DE,lemmesTempsDE
w_DE_SZ_2022_9534,DE_SZ,SZ,2022,9534,verbessern,VVINF,verbessern,DE,lemmesTempsDE
w_DE_SZ_2022_16536,DE_SZ,SZ,2022,16536,verbessern,VVINF,verbessern,DE,lemmesTempsDE
w_DE_SZ_2022_16928,DE_SZ,SZ,2022,16928,verbessert,VVPP,verbessern,DE,lemmesTempsDE
w_DE_SZ_2022_18032,DE_SZ,SZ,2022,18032,verbessern,VVINF,verbessern,DE,lemmesTempsDE
w_DE_SZ_2022_18057,DE_SZ,SZ,2022,18057,verbessern,VVINF,verbessern,DE,lemmesTempsDE
w_DE_SZ_2022_18256,DE_SZ,SZ,2022,18256,verbessern,VVINF,verbessern,DE,lemmesTempsDE
w_DE_SZ_2022_18276,DE_SZ,SZ,2022,18276,verbessern,VVINF,verbessern,DE,lemmesTempsDE
w_DE_SZ_2022_18440,DE_SZ,SZ,2022,18440,verbessern,VVINF,verbessern,DE,lemmesTempsDE
w_DE_SZ_2022_18461,DE_SZ,SZ,2022,18461,verbessern,VVINF,verbessern,DE,lemmesTempsDE
w_DE_SZ_2022_18620,DE_SZ,SZ,2022,18620,verbessern,VVINF,verbessern,DE,lemmesTempsDE
w_DE_SZ_2022_18634,DE_SZ,SZ,2022,18634,verbessern,VVINF,verbessern,DE,lemmesTempsDE
w_DE_SZ_2022_21953,DE_SZ,SZ,2022,21953,verbessert,VVPP,verbessern,DE,lemmesTempsDE
w_DE_SZ_2022_23212,DE_SZ,SZ,2022,23212,verbessert,VVPP,verbessern,DE,lemmesTempsDE
w_DE_SZ_2022_24330,DE_SZ,SZ,2022,24330,verbessert,VVPP,verbessern,DE,lemmesTempsDE
w_DE_SZ_2022_24344,DE_SZ,SZ,2022,24344,verbessert,VVPP,verbessern,DE,lemmesTempsDE
w_DE_SZ_2022_24576,DE_SZ,SZ,2022,24576,verbessern,VVINF,verbessern,DE,lemmesTempsDE
w_DE_SZ_2022_24955,DE_SZ,SZ,2022,24955,verbessern,VVINF,verbessern,DE,lemmesTempsDE
w_DE_SZ_2022_28267,DE_SZ,SZ,2022,28267,verbessert,VVPP,verbessern,DE,lemmesTempsDE
w_DE_SZ_2022_36326,DE_SZ,SZ,2022,36326,verbessert,VVPP,verbessern,DE,lemmesTempsDE
w_DE_SZ_2022_36352,DE_SZ,SZ,2022,36352,verbessern,VVINF,verbessern,DE,lemmesTempsDE
w_DE_SZ_2022_36406,DE_SZ,SZ,2022,36406,verbessern,VVINF,verbessern,DE,lemmesTempsDE
w_DE_SZ_2022_38923,DE_SZ,SZ,2022,38923,verbessern,VVINF,verbessern,DE,lemmesTempsDE
w_DE_BE_2006_2038,DE_BE,BE,2006,2038,verbessert,VVPP,verbessern,DE,lemmesTempsDE
w_DE_BE_2006_13960,DE_BE,BE,2006,13960,verbessert,VVFIN,verbessern,DE,lemmesTempsDE
w_DE_BE_2006_16089,DE_BE,BE,2006,16089,verbessert,VVPP,verbessern,DE,lemmesTempsDE
w_DE_BE_2006_16372,DE_BE,BE,2006,16372,verbessern,VVINF,verbessern,DE,lemmesTempsDE
w_DE_BE_2006_16425,DE_BE,BE,2006,16425,verbessern,VVFIN,verbessern,DE,lemmesTempsDE
w_DE_BE_2006_17199,DE_BE,BE,2006,17199,verbessern,VVINF,verbessern,DE,lemmesTempsDE
w_DE_BE_2006_17319,DE_BE,BE,2006,17319,verbessern,VVFIN,verbessern,DE,lemmesTempsDE
w_DE_BE_2006_18315,DE_BE,BE,2006,18315,verbessern,VVINF,verbessern,DE,lemmesTempsDE
w_DE_BE_2006_18330,DE_BE,BE,2006,18330,verbessern,VVFIN,verbessern,DE,lemmesTempsDE
w_DE_BE_2006_18343,DE_BE,BE,2006,18343,verbessern,VVINF,verbessern,DE,lemmesTempsDE
w_DE_BE_2006_19170,DE_BE,BE,2006,19170,verbessern,VVINF,verbessern,DE,lemmesTempsDE
w_DE_BE_2006_19319,DE_BE,BE,2006,19319,verbessern,VVFIN,verbessern,DE,lemmesTempsDE
w_DE_BE_2006_19478,DE_BE,BE,2006,19478,verbessert,VVPP,verbessern,DE,lemmesTempsDE
w_DE_BE_2006_19545,DE_BE,BE,2006,19545,verbessert,VVPP,verbessern,DE,lemmesTempsDE
w_DE_BE_2006_24090,DE_BE,BE,2006,24090,verbessern,VVFIN,verbessern,DE,lemmesTempsDE
w_DE_BE_2006_24503,DE_BE,BE,2006,24503,verbessern,VVINF,verbessern,DE,lemmesTempsDE
w_DE_BE_2006_24604,DE_BE,BE,2006,24604,verbessern,VVFIN,verbessern,DE,lemmesTempsDE
w_DE_BE_2006_24702,DE_BE,BE,2006,24702,verbessern,VVFIN,verbessern,DE,lemmesTempsDE
w_DE_BE_2006_24717,DE_BE,BE,2006,24717,verbessert,VVPP,verbessern,DE,lemmesTempsDE
w_DE_BE_2006_24748,DE_BE,BE,2006,24748,verbessern,VVFIN,verbessern,DE,lemmesTempsDE
w_DE_BE_2006_25168,DE_BE,BE,2006,25168,verbessert,VVPP,verbessern,DE,lemmesTempsDE
w_DE_BE_2006_26709,DE_BE,BE,2006,26709,verbessern,VVFIN,verbessern,DE,lemmesTempsDE
w_DE_BE_2006_39642,DE_BE,BE,2006,39642,verbessert,VVFIN,verbessern,DE,lemmesTempsDE
w_DE_BE_2006_41494,DE_BE,BE,2006,41494,verbessern,VVINF,verbessern,DE,lemmesTempsDE
w_DE_BE_2006_42169,DE_BE,BE,2006,42169,verbessert,VVFIN,verbessern,DE,lemmesTempsDE
w_DE_BE_2006_44134,DE_BE,BE,2006,44134,verbessert,VVPP,verbessern,DE,lemmesTempsDE
w_DE_BE_2006_55520,DE_BE,BE,2006,55520,verbessert,VVPP,verbessern,DE,lemmesTempsDE
w_DE_BE_2006_58187,DE_BE,BE,2006,58187,verbessern,VVINF,verbessern,DE,lemmesTempsDE
w_DE_BE_2013_2012,DE_BE,BE,2013,2012,verbessert,VVPP,verbessern,DE,lemmesTempsDE
w_DE_BE_2013_6735,DE_BE,BE,2013,6735,verbessern,VVINF,verbessern,DE,lemmesTempsDE
w_DE_BE_2013_16119,DE_BE,BE,2013,16119,verbessert,VVPP,verbessern,DE,lemmesTempsDE
w_DE_BE_2013_16321,DE_BE,BE,2013,16321,verbessert,VVPP,verbessern,DE,lemmesTempsDE
w_DE_BE_2013_16340,DE_BE,BE,2013,16340,verbessert,VVPP,verbessern,DE,lemmesTempsDE
w_DE_BE_2013_17400,DE_BE,BE,2013,17400,verbessern,VVINF,verbessern,DE,lemmesTempsDE
w_DE_BE_2013_17601,DE_BE,BE,2013,17601,verbessern,VVFIN,verbessern,DE,lemmesTempsDE
w_DE_BE_2013_17624,DE_BE,BE,2013,17624,verbessern,VVINF,verbessern,DE,lemmesTempsDE
w_DE_BE_2013_20487,DE_BE,BE,2013,20487,verbessern,VVINF,verbessern,DE,lemmesTempsDE
w_DE_BE_2013_20502,DE_BE,BE,2013,20502,verbessern,VVFIN,verbessern,DE,lemmesTempsDE
w_DE_BE_2013_20515,DE_BE,BE,2013,20515,verbessern,VVINF,verbessern,DE,lemmesTempsDE
w_DE_BE_2013_21342,DE_BE,BE,2013,21342,verbessern,VVINF,verbessern,DE,lemmesTempsDE
w_DE_BE_2013_21517,DE_BE,BE,2013,21517,verbessern,VVFIN,verbessern,DE,lemmesTempsDE
w_DE_BE_2013_21676,DE_BE,BE,2013,21676,verbessert,VVPP,verbessern,DE,lemmesTempsDE
w_DE_BE_2013_21743,DE_BE,BE,2013,21743,verbessert,VVPP,verbessern,DE,lemmesTempsDE
w_DE_BE_2013_26654,DE_BE,BE,2013,26654,verbessern,VVFIN,verbessern,DE,lemmesTempsDE
w_DE_BE_2013_27114,DE_BE,BE,2013,27114,verbessern,VVFIN,verbessern,DE,lemmesTempsDE
w_DE_BE_2013_27123,DE_BE,BE,2013,27123,verbessern,VVINF,verbessern,DE,lemmesTempsDE
w_DE_BE_2013_27262,DE_BE,BE,2013,27262,verbessern,VVFIN,verbessern,DE,lemmesTempsDE
w_DE_BE_2013_27360,DE_BE,BE,2013,27360,verbessern,VVFIN,verbessern,DE,lemmesTempsDE
w_DE_BE_2013_27375,DE_BE,BE,2013,27375,verbessert,VVPP,verbessern,DE,lemmesTempsDE
w_DE_BE_2013_27817,DE_BE,BE,2013,27817,verbessert,VVPP,verbessern,DE,lemmesTempsDE
w_DE_BE_2013_29416,DE_BE,BE,2013,29416,verbessern,VVFIN,verbessern,DE,lemmesTempsDE
w_DE_BE_2013_41753,DE_BE,BE,2013,41753,verbessert,VVFIN,verbessern,DE,lemmesTempsDE
w_DE_BE_2013_45152,DE_BE,BE,2013,45152,verbessert,VVPP,verbessern,DE,lemmesTempsDE
w_DE_BE_2013_58513,DE_BE,BE,2013,58513,verbessert,VVPP,verbessern,DE,lemmesTempsDE
w_DE_BE_2013_60802,DE_BE,BE,2013,60802,verbessern,VVINF,verbessern,DE,lemmesTempsDE
w_DE_BE_2013_63424,DE_BE,BE,2013,63424,verbessern,VVINF,verbessern,DE,lemmesTempsDE
w_DE_AG_1996_6050,DE_AG,AG,1996,6050,verbessern,VVINF,verbessern,DE,lemmesTempsDE
w_DE_AG_1996_6097,DE_AG,AG,1996,6097,verbessern,VVINF,verbessern,DE,lemmesTempsDE
w_DE_AG_1996_6374,DE_AG,AG,1996,6374,verbessern,VVFIN,verbessern,DE,lemmesTempsDE
w_DE_AG_1996_12203,DE_AG,AG,1996,12203,verbessert,VVPP,verbessern,DE,lemmesTempsDE
w_DE_AG_1996_15858,DE_AG,AG,1996,15858,verbessert,VVPP,verbessern,DE,lemmesTempsDE
w_DE_AG_1996_20929,DE_AG,AG,1996,20929,verbessert,VVPP,verbessern,DE,lemmesTempsDE
w_DE_AG_1996_23204,DE_AG,AG,1996,23204,verbessert,VVFIN,verbessern,DE,lemmesTempsDE
w_DE_AG_1996_25082,DE_AG,AG,1996,25082,verbessert,VVFIN,verbessern,DE,lemmesTempsDE
w_DE_AG_1996_28772,DE_AG,AG,1996,28772,verbessern,VVINF,verbessern,DE,lemmesTempsDE
w_DE_AG_1996_31284,DE_AG,AG,1996,31284,verbessern,VVINF,verbessern,DE,lemmesTempsDE
w_DE_AG_1996_31618,DE_AG,AG,1996,31618,verbessern,VVINF,verbessern,DE,lemmesTempsDE
w_DE_AG_1996_31633,DE_AG,AG,1996,31633,verbessern,VVINF,verbessern,DE,lemmesTempsDE
w_DE_AG_1996_32074,DE_AG,AG,1996,32074,verbessern,VVINF,verbessern,DE,lemmesTempsDE
w_DE_AG_1996_32212,DE_AG,AG,1996,32212,verbesserte,VVFIN,verbessern,DE,lemmesTempsDE
w_DE_AG_1996_32250,DE_AG,AG,1996,32250,verbessert,VVPP,verbessern,DE,lemmesTempsDE
w_DE_AG_1996_34559,DE_AG,AG,1996,34559,verbessert,VVFIN,verbessern,DE,lemmesTempsDE
w_DE_AG_1996_36850,DE_AG,AG,1996,36850,verbessern,VVINF,verbessern,DE,lemmesTempsDE
w_DE_AR_2012_3923,DE_AR,AR,2012,3923,verbessern,VVINF,verbessern,DE,lemmesTempsDE
w_DE_AR_2012_4249,DE_AR,AR,2012,4249,verbessern,VVINF,verbessern,DE,lemmesTempsDE
w_DE_AR_2012_8393,DE_AR,AR,2012,8393,verbessern,VVINF,verbessern,DE,lemmesTempsDE
w_DE_AR_2012_9033,DE_AR,AR,2012,9033,verbessert,VVPP,verbessern,DE,lemmesTempsDE
w_DE_AR_2012_9829,DE_AR,AR,2012,9829,verbessern,VVINF,verbessern,DE,lemmesTempsDE
w_DE_AR_2012_10085,DE_AR,AR,2012,10085,verbessert,VVPP,verbessern,DE,lemmesTempsDE
w_DE_AR_2012_10761,DE_AR,AR,2012,10761,verbessern,VVINF,verbessern,DE,lemmesTempsDE
w_DE_AR_2012_18375,DE_AR,AR,2012,18375,verbessert,VVPP,verbessern,DE,lemmesTempsDE
w_DE_AR_2012_18987,DE_AR,AR,2012,18987,verbessert,VVPP,verbessern,DE,lemmesTempsDE
w_DE_AR_2012_22815,DE_AR,AR,2012,22815,verbessert,VVPP,verbessern,DE,lemmesTempsDE
w_DE_AR_2012_24287,DE_AR,AR,2012,24287,verbessern,VVINF,verbessern,DE,lemmesTempsDE
w_DE_AR_2012_24436,DE_AR,AR,2012,24436,verbessern,VVINF,verbessern,DE,lemmesTempsDE
w_DE_AI_2017_1555,DE_AI,AI,2017,1555,verbessern,VVINF,verbessern,DE,lemmesTempsDE
w_DE_AI_2017_3185,DE_AI,AI,2017,3185,verbessern,VVINF,verbessern,DE,lemmesTempsDE
w_DE_AI_2017_3950,DE_AI,AI,2017,3950,verbessert,VVFIN,verbessern,DE,lemmesTempsDE
w_DE_AI_2017_4975,DE_AI,AI,2017,4975,verbessern,VVINF,verbessern,DE,lemmesTempsDE
w_DE_AI_2017_25817,DE_AI,AI,2017,25817,verbessert,VVFIN,verbessern,DE,lemmesTempsDE
w_DE_AI_2017_39172,DE_AI,AI,2017,39172,verbessert,VVPP,verbessern,DE,lemmesTempsDE
w_DE_AI_2017_39275,DE_AI,AI,2017,39275,verbessern,VVINF,verbessern,DE,lemmesTempsDE
w_DE_AI_2017_47188,DE_AI,AI,2017,47188,verbessern,VVINF,verbessern,DE,lemmesTempsDE
w_DE_AI_2017_48021,DE_AI,AI,2017,48021,verbessern,VVINF,verbessern,DE,lemmesTempsDE
w_DE_AR_2025_16934,DE_AR,AR,2025,16934,verbessern,VVINF,verbessern,DE,lemmesTempsDE
w_DE_AR_2025_17308,DE_AR,AR,2025,17308,verbessern,VVINF,verbessern,DE,lemmesTempsDE
w_DE_AR_2025_17339,DE_AR,AR,2025,17339,verbessern,VVINF,verbessern,DE,lemmesTempsDE
w_DE_AR_2025_29317,DE_AR,AR,2025,29317,verbessert,VVPP,verbessern,DE,lemmesTempsDE
w_DE_AR_2025_32513,DE_AR,AR,2025,32513,verbessert,VVPP,verbessern,DE,lemmesTempsDE
w_DE_AR_2025_33170,DE_AR,AR,2025,33170,verbessert,VVPP,verbessern,DE,lemmesTempsDE
w_DE_AR_2025_37690,DE_AR,AR,2025,37690,verbessert,VVPP,verbessern,DE,lemmesTempsDE
w_DE_AR_2025_39369,DE_AR,AR,2025,39369,verbessern,VVINF,verbessern,DE,lemmesTempsDE
w_DE_AR_2025_39545,DE_AR,AR,2025,39545,verbessern,VVINF,verbessern,DE,lemmesTempsDE
w_DE_BL_2025_9599,DE_BL,BL,2025,9599,verbessert,VVFIN,verbessern,DE,lemmesTempsDE
w_DE_BL_2025_13092,DE_BL,BL,2025,13092,verbessern,VVINF,verbessern,DE,lemmesTempsDE
w_DE_BL_2025_16585,DE_BL,BL,2025,16585,verbessern,VVINF,verbessern,DE,lemmesTempsDE
w_DE_BL_2025_18919,DE_BL,BL,2025,18919,verbessert,VVPP,verbessern,DE,lemmesTempsDE
w_DE_BL_2025_23524,DE_BL,BL,2025,23524,verbessern,VVINF,verbessern,DE,lemmesTempsDE
w_DE_BL_2025_26067,DE_BL,BL,2025,26067,verbessern,VVINF,verbessern,DE,lemmesTempsDE
w_DE_BL_2025_31501,DE_BL,BL,2025,31501,verbessern,VVINF,verbessern,DE,lemmesTempsDE
w_DE_BL_2025_33902,DE_BL,BL,2025,33902,verbessert,VVPP,verbessern,DE,lemmesTempsDE
w_DE_BL_2025_34359,DE_BL,BL,2025,34359,verbessert,VVPP,verbessern,DE,lemmesTempsDE
w_DE_BL_2025_34608,DE_BL,BL,2025,34608,verbessert,VVPP,verbessern,DE,lemmesTempsDE
w_DE_BL_2025_35083,DE_BL,BL,2025,35083,verbessert,VVPP,verbessern,DE,lemmesTempsDE
w_DE_BL_2025_35393,DE_BL,BL,2025,35393,verbessert,VVPP,verbessern,DE,lemmesTempsDE
w_DE_BL_2025_35746,DE_BL,BL,2025,35746,verbessert,VVPP,verbessern,DE,lemmesTempsDE
w_DE_BL_2025_36126,DE_BL,BL,2025,36126,verbessert,VVPP,verbessern,DE,lemmesTempsDE
w_DE_BL_2025_37230,DE_BL,BL,2025,37230,verbessert,VVPP,verbessern,DE,lemmesTempsDE
w_DE_BL_2025_38549,DE_BL,BL,2025,38549,verbessert,VVPP,verbessern,DE,lemmesTempsDE
w_DE_BL_2025_38613,DE_BL,BL,2025,38613,verbessert,VVPP,verbessern,DE,lemmesTempsDE
w_DE_BL_2025_40160,DE_BL,BL,2025,40160,verbessern,VVFIN,verbessern,DE,lemmesTempsDE
w_DE_BL_2025_40489,DE_BL,BL,2025,40489,verbessert,VVPP,verbessern,DE,lemmesTempsDE
w_DE_BL_2025_40887,DE_BL,BL,2025,40887,verbessert,VVPP,verbessern,DE,lemmesTempsDE
w_DE_BL_2025_41349,DE_BL,BL,2025,41349,verbessert,VVPP,verbessern,DE,lemmesTempsDE
w_DE_BL_2025_42602,DE_BL,BL,2025,42602,verbessert,VVPP,verbessern,DE,lemmesTempsDE
w_DE_BL_2025_42609,DE_BL,BL,2025,42609,verbessert,VVPP,verbessern,DE,lemmesTempsDE
w_DE_BL_2025_42916,DE_BL,BL,2025,42916,verbessert,VVPP,verbessern,DE,lemmesTempsDE
w_DE_BL_2025_43100,DE_BL,BL,2025,43100,verbessert,VVPP,verbessern,DE,lemmesTempsDE
w_DE_BL_2025_44633,DE_BL,BL,2025,44633,verbessert,VVPP,verbessern,DE,lemmesTempsDE
w_DE_BL_2025_47011,DE_BL,BL,2025,47011,verbessert,VVPP,verbessern,DE,lemmesTempsDE
w_DE_BL_2025_47080,DE_BL,BL,2025,47080,verbessert,VVPP,verbessern,DE,lemmesTempsDE
w_DE_BL_2025_47370,DE_BL,BL,2025,47370,verbessern,VVFIN,verbessern,DE,lemmesTempsDE
w_DE_BL_2025_47536,DE_BL,BL,2025,47536,verbessern,VVINF,verbessern,DE,lemmesTempsDE
w_DE_BL_2025_47999,DE_BL,BL,2025,47999,verbessert,VVPP,verbessern,DE,lemmesTempsDE
w_DE_BL_2025_48662,DE_BL,BL,2025,48662,verbessern,VVINF,verbessern,DE,lemmesTempsDE
w_DE_BL_2025_59862,DE_BL,BL,2025,59862,verbessert,VVPP,verbessern,DE,lemmesTempsDE
w_DE_BL_2025_63336,DE_BL,BL,2025,63336,verbessert,VVPP,verbessern,DE,lemmesTempsDE
w_DE_BE_2012_2047,DE_BE,BE,2012,2047,verbessert,VVPP,verbessern,DE,lemmesTempsDE
w_DE_BE_2012_6770,DE_BE,BE,2012,6770,verbessern,VVINF,verbessern,DE,lemmesTempsDE
w_DE_BE_2012_16154,DE_BE,BE,2012,16154,verbessert,VVPP,verbessern,DE,lemmesTempsDE
w_DE_BE_2012_16356,DE_BE,BE,2012,16356,verbessert,VVPP,verbessern,DE,lemmesTempsDE
w_DE_BE_2012_16375,DE_BE,BE,2012,16375,verbessert,VVPP,verbessern,DE,lemmesTempsDE
w_DE_BE_2012_17435,DE_BE,BE,2012,17435,verbessern,VVINF,verbessern,DE,lemmesTempsDE
w_DE_BE_2012_17636,DE_BE,BE,2012,17636,verbessern,VVFIN,verbessern,DE,lemmesTempsDE
w_DE_BE_2012_17659,DE_BE,BE,2012,17659,verbessern,VVINF,verbessern,DE,lemmesTempsDE
w_DE_BE_2012_20522,DE_BE,BE,2012,20522,verbessern,VVINF,verbessern,DE,lemmesTempsDE
w_DE_BE_2012_20537,DE_BE,BE,2012,20537,verbessern,VVFIN,verbessern,DE,lemmesTempsDE
w_DE_BE_2012_20550,DE_BE,BE,2012,20550,verbessern,VVINF,verbessern,DE,lemmesTempsDE
w_DE_BE_2012_21377,DE_BE,BE,2012,21377,verbessern,VVINF,verbessern,DE,lemmesTempsDE
w_DE_BE_2012_21552,DE_BE,BE,2012,21552,verbessern,VVFIN,verbessern,DE,lemmesTempsDE
w_DE_BE_2012_21711,DE_BE,BE,2012,21711,verbessert,VVPP,verbessern,DE,lemmesTempsDE
w_DE_BE_2012_21778,DE_BE,BE,2012,21778,verbessert,VVPP,verbessern,DE,lemmesTempsDE
w_DE_BE_2012_26689,DE_BE,BE,2012,26689,verbessern,VVFIN,verbessern,DE,lemmesTempsDE
w_DE_BE_2012_27149,DE_BE,BE,2012,27149,verbessern,VVFIN,verbessern,DE,lemmesTempsDE
w_DE_BE_2012_27158,DE_BE,BE,2012,27158,verbessern,VVINF,verbessern,DE,lemmesTempsDE
w_DE_BE_2012_27297,DE_BE,BE,2012,27297,verbessern,VVFIN,verbessern,DE,lemmesTempsDE
w_DE_BE_2012_27395,DE_BE,BE,2012,27395,verbessern,VVFIN,verbessern,DE,lemmesTempsDE
w_DE_BE_2012_27410,DE_BE,BE,2012,27410,verbessert,VVPP,verbessern,DE,lemmesTempsDE
w_DE_BE_2012_27852,DE_BE,BE,2012,27852,verbessert,VVPP,verbessern,DE,lemmesTempsDE
w_DE_BE_2012_29451,DE_BE,BE,2012,29451,verbessern,VVFIN,verbessern,DE,lemmesTempsDE
w_DE_BE_2012_42589,DE_BE,BE,2012,42589,verbessert,VVFIN,verbessern,DE,lemmesTempsDE
w_DE_BE_2012_44203,DE_BE,BE,2012,44203,verbessern,VVINF,verbessern,DE,lemmesTempsDE
w_DE_BE_2012_46671,DE_BE,BE,2012,46671,verbessert,VVPP,verbessern,DE,lemmesTempsDE
w_DE_BE_2012_61454,DE_BE,BE,2012,61454,verbessert,VVPP,verbessern,DE,lemmesTempsDE
w_DE_BE_2012_63731,DE_BE,BE,2012,63731,verbessern,VVINF,verbessern,DE,lemmesTempsDE
w_DE_BE_2012_66761,DE_BE,BE,2012,66761,verbessern,VVINF,verbessern,DE,lemmesTempsDE
w_DE_BS_2012_5367,DE_BS,BS,2012,5367,verbessert,VVPP,verbessern,DE,lemmesTempsDE
w_DE_BS_2012_10225,DE_BS,BS,2012,10225,verbessert,VVPP,verbessern,DE,lemmesTempsDE
w_DE_BS_2012_12583,DE_BS,BS,2012,12583,verbessern,VVINF,verbessern,DE,lemmesTempsDE
w_DE_BS_2012_12736,DE_BS,BS,2012,12736,verbessert,VVPP,verbessern,DE,lemmesTempsDE
w_DE_BS_2012_14100,DE_BS,BS,2012,14100,verbessert,VVPP,verbessern,DE,lemmesTempsDE
w_DE_BS_2012_15656,DE_BS,BS,2012,15656,verbessert,VVPP,verbessern,DE,lemmesTempsDE
w_DE_BS_2012_23068,DE_BS,BS,2012,23068,verbessern,VVINF,verbessern,DE,lemmesTempsDE
w_DE_BS_2012_23822,DE_BS,BS,2012,23822,verbessern,VVINF,verbessern,DE,lemmesTempsDE
w_DE_BS_2012_24922,DE_BS,BS,2012,24922,verbessern,VVINF,verbessern,DE,lemmesTempsDE
w_DE_BS_2012_24978,DE_BS,BS,2012,24978,verbessert,VVPP,verbessern,DE,lemmesTempsDE
w_DE_BS_2012_25215,DE_BS,BS,2012,25215,verbessern,VVINF,verbessern,DE,lemmesTempsDE
w_DE_BS_2012_27898,DE_BS,BS,2012,27898,verbessert,VVPP,verbessern,DE,lemmesTempsDE
w_DE_BS_2012_28242,DE_BS,BS,2012,28242,verbessern,VVINF,verbessern,DE,lemmesTempsDE
w_DE_BS_2012_28321,DE_BS,BS,2012,28321,verbessern,VVINF,verbessern,DE,lemmesTempsDE
w_DE_BS_2012_28372,DE_BS,BS,2012,28372,verbessern,VVINF,verbessern,DE,lemmesTempsDE
w_DE_BS_2012_34736,DE_BS,BS,2012,34736,verbessert,VVPP,verbessern,DE,lemmesTempsDE
w_DE_BS_2012_39905,DE_BS,BS,2012,39905,verbessern,VVINF,verbessern,DE,lemmesTempsDE
w_DE_BS_2012_40246,DE_BS,BS,2012,40246,verbessern,VVFIN,verbessern,DE,lemmesTempsDE
w_DE_BS_2012_43349,DE_BS,BS,2012,43349,verbessern,VVINF,verbessern,DE,lemmesTempsDE
w_DE_BS_2012_44101,DE_BS,BS,2012,44101,verbessert,VVPP,verbessern,DE,lemmesTempsDE
w_DE_BS_2012_44392,DE_BS,BS,2012,44392,verbessert,VVPP,verbessern,DE,lemmesTempsDE
w_DE_BS_2012_45116,DE_BS,BS,2012,45116,verbessern,VVINF,verbessern,DE,lemmesTempsDE
w_DE_BS_2012_46943,DE_BS,BS,2012,46943,verbessern,VVINF,verbessern,DE,lemmesTempsDE
w_DE_BS_2012_47026,DE_BS,BS,2012,47026,verbessert,VVPP,verbessern,DE,lemmesTempsDE
w_DE_BS_2012_47105,DE_BS,BS,2012,47105,verbessern,VVINF,verbessern,DE,lemmesTempsDE
w_DE_BS_2012_47646,DE_BS,BS,2012,47646,verbessern,VVINF,verbessern,DE,lemmesTempsDE
w_DE_BS_2012_50354,DE_BS,BS,2012,50354,verbessern,VVINF,verbessern,DE,lemmesTempsDE
w_DE_BS_2012_58705,DE_BS,BS,2012,58705,verbessern,VVINF,verbessern,DE,lemmesTempsDE
w_DE_BS_2012_60836,DE_BS,BS,2012,60836,verbessere,VVFIN,verbessern,DE,lemmesTempsDE
w_DE_BS_2018_4266,DE_BS,BS,2018,4266,verbessern,VVINF,verbessern,DE,lemmesTempsDE
w_DE_BS_2018_4865,DE_BS,BS,2018,4865,verbessert,VVPP,verbessern,DE,lemmesTempsDE
w_DE_BS_2018_5816,DE_BS,BS,2018,5816,VERBESSERN,VVFIN,verbessern,DE,lemmesTempsDE
w_DE_BS_2018_11281,DE_BS,BS,2018,11281,verbessert,VVPP,verbessern,DE,lemmesTempsDE
w_DE_BS_2018_14566,DE_BS,BS,2018,14566,Verbessert,VVPP,verbessern,DE,lemmesTempsDE
w_DE_BS_2018_14649,DE_BS,BS,2018,14649,verbessern,VVINF,verbessern,DE,lemmesTempsDE
w_DE_BS_2018_19479,DE_BS,BS,2018,19479,verbessert,VVPP,verbessern,DE,lemmesTempsDE
w_DE_BS_2018_20996,DE_BS,BS,2018,20996,verbessert,VVPP,verbessern,DE,lemmesTempsDE
w_DE_BS_2018_22833,DE_BS,BS,2018,22833,verbessert,VVPP,verbessern,DE,lemmesTempsDE
w_DE_BS_2018_24809,DE_BS,BS,2018,24809,verbessert,VVFIN,verbessern,DE,lemmesTempsDE
w_DE_BS_2018_25493,DE_BS,BS,2018,25493,verbessert,VVPP,verbessern,DE,lemmesTempsDE
w_DE_BS_2018_26033,DE_BS,BS,2018,26033,verbessert,VVPP,verbessern,DE,lemmesTempsDE
w_DE_BS_2018_26165,DE_BS,BS,2018,26165,verbessern,VVINF,verbessern,DE,lemmesTempsDE
w_DE_BS_2018_31476,DE_BS,BS,2018,31476,verbessern,VVINF,verbessern,DE,lemmesTempsDE
w_DE_BS_2018_31668,DE_BS,BS,2018,31668,verbessert,VVPP,verbessern,DE,lemmesTempsDE
w_DE_BS_2018_31932,DE_BS,BS,2018,31932,verbessern,VVINF,verbessern,DE,lemmesTempsDE
w_DE_BS_2018_32720,DE_BS,BS,2018,32720,verbessert,VVPP,verbessern,DE,lemmesTempsDE
w_DE_BS_2018_37319,DE_BS,BS,2018,37319,verbessern,VVINF,verbessern,DE,lemmesTempsDE
w_DE_BS_2018_37680,DE_BS,BS,2018,37680,verbessern,VVFIN,verbessern,DE,lemmesTempsDE
w_DE_BS_2018_42189,DE_BS,BS,2018,42189,verbessern,VVINF,verbessern,DE,lemmesTempsDE
w_DE_BS_2018_42901,DE_BS,BS,2018,42901,verbessert,VVPP,verbessern,DE,lemmesTempsDE
w_DE_BS_2018_43290,DE_BS,BS,2018,43290,verbessert,VVPP,verbessern,DE,lemmesTempsDE
w_DE_BS_2018_44032,DE_BS,BS,2018,44032,verbessern,VVINF,verbessern,DE,lemmesTempsDE
w_DE_BS_2018_45665,DE_BS,BS,2018,45665,verbessern,VVINF,verbessern,DE,lemmesTempsDE
w_DE_BS_2018_45943,DE_BS,BS,2018,45943,verbessert,VVPP,verbessern,DE,lemmesTempsDE
w_DE_BS_2018_46022,DE_BS,BS,2018,46022,verbessern,VVINF,verbessern,DE,lemmesTempsDE
w_DE_BS_2018_46594,DE_BS,BS,2018,46594,verbessern,VVINF,verbessern,DE,lemmesTempsDE
w_DE_BS_2018_49147,DE_BS,BS,2018,49147,verbessern,VVINF,verbessern,DE,lemmesTempsDE
w_DE_BS_2018_57531,DE_BS,BS,2018,57531,verbessern,VVINF,verbessern,DE,lemmesTempsDE
w_DE_ZH_2020_4699,DE_ZH,ZH,2020,4699,verbessern,VVINF,verbessern,DE,lemmesTempsDE
w_DE_ZH_2020_9327,DE_ZH,ZH,2020,9327,verbessern,VVINF,verbessern,DE,lemmesTempsDE
w_DE_ZH_2020_22187,DE_ZH,ZH,2020,22187,verbessert,VVPP,verbessern,DE,lemmesTempsDE
w_DE_ZH_2020_23259,DE_ZH,ZH,2020,23259,verbessern,VVFIN,verbessern,DE,lemmesTempsDE
w_DE_ZH_2020_33904,DE_ZH,ZH,2020,33904,verbessern,VVINF,verbessern,DE,lemmesTempsDE
w_DE_ZH_2020_60001,DE_ZH,ZH,2020,60001,verbessern,VVINF,verbessern,DE,lemmesTempsDE
w_DE_ZH_2020_60071,DE_ZH,ZH,2020,60071,verbessern,VVINF,verbessern,DE,lemmesTempsDE
w_DE_ZH_2020_69685,DE_ZH,ZH,2020,69685,verbessert,VVPP,verbessern,DE,lemmesTempsDE
w_DE_ZH_2020_74313,DE_ZH,ZH,2020,74313,verbessert,VVPP,verbessern,DE,lemmesTempsDE
w_DE_ZH_2020_74624,DE_ZH,ZH,2020,74624,verbessert,VVPP,verbessern,DE,lemmesTempsDE
w_DE_AR_2008_9690,DE_AR,AR,2008,9690,Verbesserung,NN,Verbesserung,DE,lemmesTempsDE
w_DE_AR_2008_19751,DE_AR,AR,2008,19751,Verbesserung,NN,Verbesserung,DE,lemmesTempsDE
w_DE_AR_2008_24053,DE_AR,AR,2008,24053,Verbesserung,NN,Verbesserung,DE,lemmesTempsDE
w_DE_ZG_1987_3974,DE_ZG,ZG,1987,3974,Verbesserung,NN,Verbesserung,DE,lemmesTempsDE
w_DE_ZG_1987_7338,DE_ZG,ZG,1987,7338,Verbesserungen,NN,Verbesserung,DE,lemmesTempsDE
w_DE_ZG_1987_24529,DE_ZG,ZG,1987,24529,Verbesserung,NN,Verbesserung,DE,lemmesTempsDE
w_DE_ZG_1987_24547,DE_ZG,ZG,1987,24547,Verbesserung,NN,Verbesserung,DE,lemmesTempsDE
w_DE_TG_2018_32577,DE_TG,TG,2018,32577,Verbesserung,NN,Verbesserung,DE,lemmesTempsDE
w_DE_TG_2018_32651,DE_TG,TG,2018,32651,Verbesserung,NN,Verbesserung,DE,lemmesTempsDE
w_DE_TG_2018_32861,DE_TG,TG,2018,32861,Verbesserungen,NN,Verbesserung,DE,lemmesTempsDE
w_DE_TG_2018_33125,DE_TG,TG,2018,33125,Verbesserungen,NN,Verbesserung,DE,lemmesTempsDE
w_DE_TG_2018_39644,DE_TG,TG,2018,39644,Verbesserungen,NN,Verbesserung,DE,lemmesTempsDE
w_DE_TG_2018_41718,DE_TG,TG,2018,41718,Verbesserungen,NN,Verbesserung,DE,lemmesTempsDE
w_DE_AG_2025_10162,DE_AG,AG,2025,10162,Verbesserung,NN,Verbesserung,DE,lemmesTempsDE
w_DE_AG_2025_11819,DE_AG,AG,2025,11819,Verbesserung,NN,Verbesserung,DE,lemmesTempsDE
w_DE_AG_2025_15359,DE_AG,AG,2025,15359,Verbesserung,NN,Verbesserung,DE,lemmesTempsDE
w_DE_AG_2025_52816,DE_AG,AG,2025,52816,Verbesserung,NN,Verbesserung,DE,lemmesTempsDE
w_DE_AG_2025_61986,DE_AG,AG,2025,61986,Verbesserung,NN,Verbesserung,DE,lemmesTempsDE
w_DE_AG_2025_63658,DE_AG,AG,2025,63658,Verbesserung,NN,Verbesserung,DE,lemmesTempsDE
w_DE_AG_2025_66777,DE_AG,AG,2025,66777,Verbesserung,NN,Verbesserung,DE,lemmesTempsDE
w_DE_AG_2025_72015,DE_AG,AG,2025,72015,Verbesserung,NN,Verbesserung,DE,lemmesTempsDE
w_DE_AG_2025_75981,DE_AG,AG,2025,75981,Verbesserungen,NN,Verbesserung,DE,lemmesTempsDE
w_DE_BS_1986_2755,DE_BS,BS,1986,2755,Verbesserung,NN,Verbesserung,DE,lemmesTempsDE
w_DE_BS_1986_10842,DE_BS,BS,1986,10842,Verbesserung,NN,Verbesserung,DE,lemmesTempsDE
w_DE_BS_1986_24444,DE_BS,BS,1986,24444,Verbesserung,NN,Verbesserung,DE,lemmesTempsDE
w_DE_BS_1986_34749,DE_BS,BS,1986,34749,Verbesserung,NN,Verbesserung,DE,lemmesTempsDE
w_DE_BE_2010_13219,DE_BE,BE,2010,13219,Verbesserungen,NN,Verbesserung,DE,lemmesTempsDE
w_DE_BE_2010_16352,DE_BE,BE,2010,16352,Verbesserungen,NN,Verbesserung,DE,lemmesTempsDE
w_DE_BE_2010_22400,DE_BE,BE,2010,22400,Verbesserung,NN,Verbesserung,DE,lemmesTempsDE
w_DE_BE_2010_42713,DE_BE,BE,2010,42713,Verbesserungen,NN,Verbesserung,DE,lemmesTempsDE
w_DE_BE_2010_42969,DE_BE,BE,2010,42969,Verbesserungen,NN,Verbesserung,DE,lemmesTempsDE
w_DE_BE_2010_43182,DE_BE,BE,2010,43182,Verbesserungen,NN,Verbesserung,DE,lemmesTempsDE
w_DE_BE_2010_43214,DE_BE,BE,2010,43214,Verbesserungen,NN,Verbesserung,DE,lemmesTempsDE
w_DE_BE_2010_43292,DE_BE,BE,2010,43292,Verbesserungen,NN,Verbesserung,DE,lemmesTempsDE
w_DE_BE_2010_43453,DE_BE,BE,2010,43453,Verbesserung,NN,Verbesserung,DE,lemmesTempsDE
w_DE_BE_2010_48142,DE_BE,BE,2010,48142,Verbesserungen,NN,Verbesserung,DE,lemmesTempsDE
w_DE_BE_2010_51278,DE_BE,BE,2010,51278,Verbesserung,NN,Verbesserung,DE,lemmesTempsDE
w_DE_BE_2010_66845,DE_BE,BE,2010,66845,Verbesserungen,NN,Verbesserung,DE,lemmesTempsDE
w_DE_BE_2010_74991,DE_BE,BE,2010,74991,Verbesserung,NN,Verbesserung,DE,lemmesTempsDE
w_DE_AR_1987_3292,DE_AR,AR,1987,3292,Verbesserung,NN,Verbesserung,DE,lemmesTempsDE
w_DE_AR_1987_3345,DE_AR,AR,1987,3345,Verbesserung,NN,Verbesserung,DE,lemmesTempsDE
w_DE_AR_1987_3385,DE_AR,AR,1987,3385,Verbesserung,NN,Verbesserung,DE,lemmesTempsDE
w_DE_AR_1987_3423,DE_AR,AR,1987,3423,Verbesserung,NN,Verbesserung,DE,lemmesTempsDE
w_DE_AR_1987_3470,DE_AR,AR,1987,3470,Verbesserung,NN,Verbesserung,DE,lemmesTempsDE
w_DE_AR_1987_3895,DE_AR,AR,1987,3895,Verbesserung,NN,Verbesserung,DE,lemmesTempsDE
w_DE_AR_1987_7493,DE_AR,AR,1987,7493,Verbesserung,NN,Verbesserung,DE,lemmesTempsDE
w_DE_AR_1987_9258,DE_AR,AR,1987,9258,Verbesserung,NN,Verbesserung,DE,lemmesTempsDE
w_DE_AR_1987_18322,DE_AR,AR,1987,18322,Verbesserung,NN,Verbesserung,DE,lemmesTempsDE
w_DE_AR_1987_19489,DE_AR,AR,1987,19489,Verbesserungen,NN,Verbesserung,DE,lemmesTempsDE
w_DE_AR_1987_19559,DE_AR,AR,1987,19559,Verbesserungen,NN,Verbesserung,DE,lemmesTempsDE
w_DE_AR_1987_23212,DE_AR,AR,1987,23212,Verbesserung,NN,Verbesserung,DE,lemmesTempsDE
w_DE_AR_1987_23906,DE_AR,AR,1987,23906,Verbesserung,NN,Verbesserung,DE,lemmesTempsDE
w_DE_AR_1987_26001,DE_AR,AR,1987,26001,Verbesserung,NN,Verbesserung,DE,lemmesTempsDE
w_DE_AR_1987_26163,DE_AR,AR,1987,26163,Verbesserung,NN,Verbesserung,DE,lemmesTempsDE
w_DE_AR_1987_27236,DE_AR,AR,1987,27236,Verbesserung,NN,Verbesserung,DE,lemmesTempsDE
w_DE_AR_1987_29475,DE_AR,AR,1987,29475,Verbesserung,NN,Verbesserung,DE,lemmesTempsDE
w_DE_AR_1987_30072,DE_AR,AR,1987,30072,Verbesserung,NN,Verbesserung,DE,lemmesTempsDE
w_DE_LU_2025_15090,DE_LU,LU,2025,15090,Verbesserung,NN,Verbesserung,DE,lemmesTempsDE
w_DE_LU_2025_17578,DE_LU,LU,2025,17578,Verbesserung,NN,Verbesserung,DE,lemmesTempsDE
w_DE_LU_2025_26204,DE_LU,LU,2025,26204,Verbesserung,NN,Verbesserung,DE,lemmesTempsDE
w_DE_LU_2025_29459,DE_LU,LU,2025,29459,Verbesserung,NN,Verbesserung,DE,lemmesTempsDE
w_DE_LU_2025_31009,DE_LU,LU,2025,31009,Verbesserungen,NN,Verbesserung,DE,lemmesTempsDE
w_DE_LU_2025_51154,DE_LU,LU,2025,51154,Verbesserung,NN,Verbesserung,DE,lemmesTempsDE
w_DE_NW_2024_2319,DE_NW,NW,2024,2319,Verbesserungen,NN,Verbesserung,DE,lemmesTempsDE
w_DE_NW_2024_3362,DE_NW,NW,2024,3362,Verbesserung,NN,Verbesserung,DE,lemmesTempsDE
w_DE_NW_2024_6234,DE_NW,NW,2024,6234,Verbesserung,NN,Verbesserung,DE,lemmesTempsDE
w_DE_NW_2024_6855,DE_NW,NW,2024,6855,Verbesserung,NN,Verbesserung,DE,lemmesTempsDE
w_DE_NW_2024_6956,DE_NW,NW,2024,6956,Verbesserung,NN,Verbesserung,DE,lemmesTempsDE
w_DE_NW_2024_18286,DE_NW,NW,2024,18286,Verbesserung,NN,Verbesserung,DE,lemmesTempsDE
w_DE_NW_2024_24005,DE_NW,NW,2024,24005,Verbesserung,NN,Verbesserung,DE,lemmesTempsDE
w_DE_NW_2024_27921,DE_NW,NW,2024,27921,Verbesserung,NN,Verbesserung,DE,lemmesTempsDE
w_DE_NW_2024_36273,DE_NW,NW,2024,36273,Verbesserungen,NN,Verbesserung,DE,lemmesTempsDE
w_DE_NW_2024_36444,DE_NW,NW,2024,36444,Verbesserung,NN,Verbesserung,DE,lemmesTempsDE
w_DE_NW_2024_37685,DE_NW,NW,2024,37685,Verbesserung,NN,Verbesserung,DE,lemmesTempsDE
w_DE_NW_2024_38072,DE_NW,NW,2024,38072,Verbesserung,NN,Verbesserung,DE,lemmesTempsDE
w_DE_NW_2024_38737,DE_NW,NW,2024,38737,Verbesserung,NN,Verbesserung,DE,lemmesTempsDE
w_DE_NW_2024_38786,DE_NW,NW,2024,38786,Verbesserung,NN,Verbesserung,DE,lemmesTempsDE
w_DE_NW_2024_39447,DE_NW,NW,2024,39447,Verbesserung,NN,Verbesserung,DE,lemmesTempsDE
w_DE_NW_2024_40282,DE_NW,NW,2024,40282,Verbesserung,NN,Verbesserung,DE,lemmesTempsDE
w_DE_NW_2024_40294,DE_NW,NW,2024,40294,Verbesserung,NN,Verbesserung,DE,lemmesTempsDE
w_DE_NW_2024_43152,DE_NW,NW,2024,43152,Verbesserung,NN,Verbesserung,DE,lemmesTempsDE
w_DE_NW_2024_45042,DE_NW,NW,2024,45042,Verbesserung,NN,Verbesserung,DE,lemmesTempsDE
w_DE_NW_2024_45352,DE_NW,NW,2024,45352,Verbesserung,NN,Verbesserung,DE,lemmesTempsDE
w_DE_NW_2024_47190,DE_NW,NW,2024,47190,Verbesserung,NN,Verbesserung,DE,lemmesTempsDE
w_DE_NW_2024_54409,DE_NW,NW,2024,54409,Verbesserung,NN,Verbesserung,DE,lemmesTempsDE
w_DE_NW_2024_68434,DE_NW,NW,2024,68434,Verbesserung,NN,Verbesserung,DE,lemmesTempsDE
w_DE_AI_2011_1435,DE_AI,AI,2011,1435,Verbesserung,NN,Verbesserung,DE,lemmesTempsDE
w_DE_AI_2011_2853,DE_AI,AI,2011,2853,Verbesserungen,NN,Verbesserung,DE,lemmesTempsDE
w_DE_AI_2011_3576,DE_AI,AI,2011,3576,Verbesserungen,NN,Verbesserung,DE,lemmesTempsDE
w_DE_AI_2011_3589,DE_AI,AI,2011,3589,Verbesserungen,NN,Verbesserung,DE,lemmesTempsDE
w_DE_AI_2011_5205,DE_AI,AI,2011,5205,Verbesserung,NN,Verbesserung,DE,lemmesTempsDE
w_DE_AI_2011_7346,DE_AI,AI,2011,7346,Verbesserung,NN,Verbesserung,DE,lemmesTempsDE
w_DE_AI_2011_10047,DE_AI,AI,2011,10047,Verbesserung,NN,Verbesserung,DE,lemmesTempsDE
w_DE_AI_2011_14234,DE_AI,AI,2011,14234,Verbesserungen,NN,Verbesserung,DE,lemmesTempsDE
w_DE_AI_2011_21443,DE_AI,AI,2011,21443,Verbesserungen,NN,Verbesserung,DE,lemmesTempsDE
w_DE_AI_2011_21614,DE_AI,AI,2011,21614,Verbesserung,NN,Verbesserung,DE,lemmesTempsDE
w_DE_AI_2011_29915,DE_AI,AI,2011,29915,Verbesserungen,NN,Verbesserung,DE,lemmesTempsDE
w_DE_SZ_1986_7896,DE_SZ,SZ,1986,7896,Verbesserung,NN,Verbesserung,DE,lemmesTempsDE
w_DE_SZ_1986_9617,DE_SZ,SZ,1986,9617,Verbesserung,NN,Verbesserung,DE,lemmesTempsDE
w_DE_SZ_1986_16610,DE_SZ,SZ,1986,16610,Verbesserung,NN,Verbesserung,DE,lemmesTempsDE
w_DE_SZ_1986_16972,DE_SZ,SZ,1986,16972,Verbesserung,NN,Verbesserung,DE,lemmesTempsDE
w_DE_SZ_1986_18169,DE_SZ,SZ,1986,18169,Verbesserung,NN,Verbesserung,DE,lemmesTempsDE
w_DE_SZ_1986_19152,DE_SZ,SZ,1986,19152,Verbesserungen,NN,Verbesserung,DE,lemmesTempsDE
w_DE_SZ_1986_28037,DE_SZ,SZ,1986,28037,Verbesserung,NN,Verbesserung,DE,lemmesTempsDE
w_DE_SZ_1986_38803,DE_SZ,SZ,1986,38803,Verbesserung,NN,Verbesserung,DE,lemmesTempsDE
w_DE_SZ_1986_46516,DE_SZ,SZ,1986,46516,Verbesserungen,NN,Verbesserung,DE,lemmesTempsDE
w_DE_SZ_1986_49541,DE_SZ,SZ,1986,49541,Verbesserung,NN,Verbesserung,DE,lemmesTempsDE
w_DE_SZ_1986_50957,DE_SZ,SZ,1986,50957,Verbesserung,NN,Verbesserung,DE,lemmesTempsDE
w_DE_SO_2023_44504,DE_SO,SO,2023,44504,Verbesserungen,NN,Verbesserung,DE,lemmesTempsDE
w_DE_SO_2023_48746,DE_SO,SO,2023,48746,Verbesserung,NN,Verbesserung,DE,lemmesTempsDE
w_DE_SO_2023_49336,DE_SO,SO,2023,49336,Verbesserung,NN,Verbesserung,DE,lemmesTempsDE
w_DE_OW_2006_4949,DE_OW,OW,2006,4949,Verbesserungen,NN,Verbesserung,DE,lemmesTempsDE
w_DE_OW_2006_13619,DE_OW,OW,2006,13619,Verbesserung,NN,Verbesserung,DE,lemmesTempsDE
w_DE_OW_2006_17309,DE_OW,OW,2006,17309,Verbesserung,NN,Verbesserung,DE,lemmesTempsDE
w_DE_OW_2006_20288,DE_OW,OW,2006,20288,Verbesserung,NN,Verbesserung,DE,lemmesTempsDE
w_DE_UR_2023_5126,DE_UR,UR,2023,5126,Verbesserung,NN,Verbesserung,DE,lemmesTempsDE
w_DE_UR_2023_14635,DE_UR,UR,2023,14635,Verbesserung,NN,Verbesserung,DE,lemmesTempsDE
w_DE_UR_2023_15851,DE_UR,UR,2023,15851,Verbesserung,NN,Verbesserung,DE,lemmesTempsDE
w_DE_UR_2023_16749,DE_UR,UR,2023,16749,Verbesserung,NN,Verbesserung,DE,lemmesTempsDE
w_DE_UR_2023_29660,DE_UR,UR,2023,29660,Verbesserung,NN,Verbesserung,DE,lemmesTempsDE
w_DE_UR_2023_29757,DE_UR,UR,2023,29757,Verbesserung,NN,Verbesserung,DE,lemmesTempsDE
w_DE_UR_2023_32709,DE_UR,UR,2023,32709,Verbesserung,NN,Verbesserung,DE,lemmesTempsDE
w_DE_UR_2023_35564,DE_UR,UR,2023,35564,Verbesserung,NN,Verbesserung,DE,lemmesTempsDE
w_DE_UR_2023_41230,DE_UR,UR,2023,41230,Verbesserung,NN,Verbesserung,DE,lemmesTempsDE
w_DE_UR_2023_41679,DE_UR,UR,2023,41679,Verbesserung,NN,Verbesserung,DE,lemmesTempsDE
w_DE_UR_2023_41739,DE_UR,UR,2023,41739,Verbesserung,NN,Verbesserung,DE,lemmesTempsDE
w_DE_UR_2023_41754,DE_UR,UR,2023,41754,Verbesserung,NN,Verbesserung,DE,lemmesTempsDE
w_DE_UR_2023_42663,DE_UR,UR,2023,42663,Verbesserung,NN,Verbesserung,DE,lemmesTempsDE
w_DE_UR_2023_43552,DE_UR,UR,2023,43552,Verbesserung,NN,Verbesserung,DE,lemmesTempsDE
w_DE_UR_2023_53779,DE_UR,UR,2023,53779,Verbesserung,NN,Verbesserung,DE,lemmesTempsDE
w_DE_GL_2025_7216,DE_GL,GL,2025,7216,Verbesserung,NN,Verbesserung,DE,lemmesTempsDE
w_DE_GL_2025_8094,DE_GL,GL,2025,8094,Verbesserung,NN,Verbesserung,DE,lemmesTempsDE
w_DE_GL_2025_12895,DE_GL,GL,2025,12895,Verbesserung,NN,Verbesserung,DE,lemmesTempsDE
w_DE_GL_2025_12901,DE_GL,GL,2025,12901,Verbesserung,NN,Verbesserung,DE,lemmesTempsDE
w_DE_GL_2025_13580,DE_GL,GL,2025,13580,Verbesserung,NN,Verbesserung,DE,lemmesTempsDE
w_DE_GL_2025_17708,DE_GL,GL,2025,17708,Verbesserung,NN,Verbesserung,DE,lemmesTempsDE
w_DE_GL_2025_18846,DE_GL,GL,2025,18846,Verbesserungen,NN,Verbesserung,DE,lemmesTempsDE
w_DE_GL_2025_19393,DE_GL,GL,2025,19393,Verbesserung,NN,Verbesserung,DE,lemmesTempsDE
w_DE_GL_2025_19401,DE_GL,GL,2025,19401,Verbesserungen,NN,Verbesserung,DE,lemmesTempsDE
w_DE_GL_2025_19594,DE_GL,GL,2025,19594,Verbesserungen,NN,Verbesserung,DE,lemmesTempsDE
w_DE_GL_2025_21069,DE_GL,GL,2025,21069,Verbesserung,NN,Verbesserung,DE,lemmesTempsDE
w_DE_GL_2025_22472,DE_GL,GL,2025,22472,Verbesserung,NN,Verbesserung,DE,lemmesTempsDE
w_DE_GL_2025_22645,DE_GL,GL,2025,22645,Verbesserung,NN,Verbesserung,DE,lemmesTempsDE
w_DE_GL_2025_24419,DE_GL,GL,2025,24419,Verbesserung,NN,Verbesserung,DE,lemmesTempsDE
w_DE_GL_2025_25044,DE_GL,GL,2025,25044,Verbesserung,NN,Verbesserung,DE,lemmesTempsDE
w_DE_SZ_2008_1432,DE_SZ,SZ,2008,1432,Verbesserungen,NN,Verbesserung,DE,lemmesTempsDE
w_DE_SZ_2008_4007,DE_SZ,SZ,2008,4007,Verbesserung,NN,Verbesserung,DE,lemmesTempsDE
w_DE_SZ_2008_11233,DE_SZ,SZ,2008,11233,Verbesserung,NN,Verbesserung,DE,lemmesTempsDE
w_DE_SZ_2008_11768,DE_SZ,SZ,2008,11768,Verbesserung,NN,Verbesserung,DE,lemmesTempsDE
w_DE_SZ_2008_11800,DE_SZ,SZ,2008,11800,Verbesserung,NN,Verbesserung,DE,lemmesTempsDE
w_DE_SZ_2008_11823,DE_SZ,SZ,2008,11823,Verbesserung,NN,Verbesserung,DE,lemmesTempsDE
w_DE_SZ_2008_12558,DE_SZ,SZ,2008,12558,Verbesserung,NN,Verbesserung,DE,lemmesTempsDE
w_DE_SZ_2008_12567,DE_SZ,SZ,2008,12567,Verbesserung,NN,Verbesserung,DE,lemmesTempsDE
w_DE_SZ_2008_13852,DE_SZ,SZ,2008,13852,Verbesserung,NN,Verbesserung,DE,lemmesTempsDE
w_DE_SZ_2008_14932,DE_SZ,SZ,2008,14932,Verbesserung,NN,Verbesserung,DE,lemmesTempsDE
w_DE_SZ_2008_16393,DE_SZ,SZ,2008,16393,Verbesserung,NN,Verbesserung,DE,lemmesTempsDE
w_DE_SZ_2008_17211,DE_SZ,SZ,2008,17211,Verbesserung,NN,Verbesserung,DE,lemmesTempsDE
w_DE_SZ_2008_17457,DE_SZ,SZ,2008,17457,Verbesserung,NN,Verbesserung,DE,lemmesTempsDE
w_DE_SZ_2008_17489,DE_SZ,SZ,2008,17489,Verbesserung,NN,Verbesserung,DE,lemmesTempsDE
w_DE_SZ_2008_17512,DE_SZ,SZ,2008,17512,Verbesserung,NN,Verbesserung,DE,lemmesTempsDE
w_DE_SZ_2008_18063,DE_SZ,SZ,2008,18063,Verbesserungen,NN,Verbesserung,DE,lemmesTempsDE
w_DE_SZ_2008_18089,DE_SZ,SZ,2008,18089,Verbesserung,NN,Verbesserung,DE,lemmesTempsDE
w_DE_SZ_2008_18522,DE_SZ,SZ,2008,18522,Verbesserung,NN,Verbesserung,DE,lemmesTempsDE
w_DE_SZ_2008_18538,DE_SZ,SZ,2008,18538,Verbesserung,NN,Verbesserung,DE,lemmesTempsDE
w_DE_SZ_2008_18687,DE_SZ,SZ,2008,18687,Verbesserung,NN,Verbesserung,DE,lemmesTempsDE
w_DE_SZ_2008_18833,DE_SZ,SZ,2008,18833,Verbesserung,NN,Verbesserung,DE,lemmesTempsDE
w_DE_SZ_2008_22728,DE_SZ,SZ,2008,22728,Verbesserung,NN,Verbesserung,DE,lemmesTempsDE
w_DE_BS_2019_4906,DE_BS,BS,2019,4906,Verbesserung,NN,Verbesserung,DE,lemmesTempsDE
w_DE_BS_2019_7173,DE_BS,BS,2019,7173,Verbesserung,NN,Verbesserung,DE,lemmesTempsDE
w_DE_BS_2019_7816,DE_BS,BS,2019,7816,Verbesserung,NN,Verbesserung,DE,lemmesTempsDE
w_DE_BS_2019_12561,DE_BS,BS,2019,12561,Verbesserung,NN,Verbesserung,DE,lemmesTempsDE
w_DE_BS_2019_12684,DE_BS,BS,2019,12684,Verbesserung,NN,Verbesserung,DE,lemmesTempsDE
w_DE_BS_2019_14587,DE_BS,BS,2019,14587,Verbesserung,NN,Verbesserung,DE,lemmesTempsDE
w_DE_BS_2019_14629,DE_BS,BS,2019,14629,Verbesserung,NN,Verbesserung,DE,lemmesTempsDE
w_DE_BS_2019_14923,DE_BS,BS,2019,14923,Verbesserung,NN,Verbesserung,DE,lemmesTempsDE
w_DE_BS_2019_16657,DE_BS,BS,2019,16657,Verbesserung,NN,Verbesserung,DE,lemmesTempsDE
w_DE_BS_2019_16699,DE_BS,BS,2019,16699,Verbesserung,NN,Verbesserung,DE,lemmesTempsDE
w_DE_BS_2019_16752,DE_BS,BS,2019,16752,Verbesserung,NN,Verbesserung,DE,lemmesTempsDE
w_DE_BS_2019_17160,DE_BS,BS,2019,17160,Verbesserung,NN,Verbesserung,DE,lemmesTempsDE
w_DE_BS_2019_20164,DE_BS,BS,2019,20164,Verbesserung,NN,Verbesserung,DE,lemmesTempsDE
w_DE_BS_2024_6212,DE_BS,BS,2024,6212,Verbesserung,NN,Verbesserung,DE,lemmesTempsDE
w_DE_BS_2024_10014,DE_BS,BS,2024,10014,Verbesserung,NN,Verbesserung,DE,lemmesTempsDE
w_DE_BS_2024_10347,DE_BS,BS,2024,10347,Verbesserung,NN,Verbesserung,DE,lemmesTempsDE
w_DE_BS_2024_10534,DE_BS,BS,2024,10534,Verbesserung,NN,Verbesserung,DE,lemmesTempsDE
w_DE_BS_2024_10572,DE_BS,BS,2024,10572,Verbesserung,NN,Verbesserung,DE,lemmesTempsDE
w_DE_BS_2024_10624,DE_BS,BS,2024,10624,Verbesserung,NN,Verbesserung,DE,lemmesTempsDE
w_DE_BS_2024_11472,DE_BS,BS,2024,11472,Verbesserungen,NN,Verbesserung,DE,lemmesTempsDE
w_DE_BS_2024_20276,DE_BS,BS,2024,20276,Verbesserung,NN,Verbesserung,DE,lemmesTempsDE
w_DE_BS_2024_20600,DE_BS,BS,2024,20600,Verbesserungen,NN,Verbesserung,DE,lemmesTempsDE
w_DE_BS_2024_21278,DE_BS,BS,2024,21278,Verbesserung,NN,Verbesserung,DE,lemmesTempsDE
w_DE_BS_2024_24466,DE_BS,BS,2024,24466,Verbesserung,NN,Verbesserung,DE,lemmesTempsDE
w_DE_BS_2024_26099,DE_BS,BS,2024,26099,Verbesserung,NN,Verbesserung,DE,lemmesTempsDE
w_DE_BS_2024_30391,DE_BS,BS,2024,30391,Verbesserung,NN,Verbesserung,DE,lemmesTempsDE
w_DE_BS_2024_39735,DE_BS,BS,2024,39735,Verbesserung,NN,Verbesserung,DE,lemmesTempsDE
w_DE_ZG_2004_11295,DE_ZG,ZG,2004,11295,Verbesserung,NN,Verbesserung,DE,lemmesTempsDE
w_DE_ZG_2004_11372,DE_ZG,ZG,2004,11372,Verbesserung,NN,Verbesserung,DE,lemmesTempsDE
w_DE_ZG_2004_15746,DE_ZG,ZG,2004,15746,Verbesserung,NN,Verbesserung,DE,lemmesTempsDE
w_DE_ZG_2004_17268,DE_ZG,ZG,2004,17268,Verbesserung,NN,Verbesserung,DE,lemmesTempsDE
w_DE_ZG_2004_24719,DE_ZG,ZG,2004,24719,Verbesserung,NN,Verbesserung,DE,lemmesTempsDE
w_DE_ZG_2004_25078,DE_ZG,ZG,2004,25078,Verbesserung,NN,Verbesserung,DE,lemmesTempsDE
w_DE_ZG_2004_25963,DE_ZG,ZG,2004,25963,Verbesserung,NN,Verbesserung,DE,lemmesTempsDE
w_DE_ZG_2004_35274,DE_ZG,ZG,2004,35274,Verbesserung,NN,Verbesserung,DE,lemmesTempsDE
w_DE_ZG_2004_38210,DE_ZG,ZG,2004,38210,Verbesserungen,NN,Verbesserung,DE,lemmesTempsDE
w_DE_ZG_2025_3934,DE_ZG,ZG,2025,3934,Verbesserung,NN,Verbesserung,DE,lemmesTempsDE
w_DE_ZG_2025_13121,DE_ZG,ZG,2025,13121,Verbesserung,NN,Verbesserung,DE,lemmesTempsDE
w_DE_ZG_2025_16883,DE_ZG,ZG,2025,16883,Verbesserung,NN,Verbesserung,DE,lemmesTempsDE
w_DE_BE_2008_16019,DE_BE,BE,2008,16019,Verbesserungen,NN,Verbesserung,DE,lemmesTempsDE
w_DE_BE_2008_16263,DE_BE,BE,2008,16263,Verbesserung,NN,Verbesserung,DE,lemmesTempsDE
w_DE_BE_2008_16323,DE_BE,BE,2008,16323,Verbesserungen,NN,Verbesserung,DE,lemmesTempsDE
w_DE_BE_2008_20066,DE_BE,BE,2008,20066,Verbesserung,NN,Verbesserung,DE,lemmesTempsDE
w_DE_BE_2008_39581,DE_BE,BE,2008,39581,Verbesserungen,NN,Verbesserung,DE,lemmesTempsDE
w_DE_BE_2008_39834,DE_BE,BE,2008,39834,Verbesserungen,NN,Verbesserung,DE,lemmesTempsDE
w_DE_BE_2008_40000,DE_BE,BE,2008,40000,Verbesserungen,NN,Verbesserung,DE,lemmesTempsDE
w_DE_BE_2008_40032,DE_BE,BE,2008,40032,Verbesserungen,NN,Verbesserung,DE,lemmesTempsDE
w_DE_BE_2008_40115,DE_BE,BE,2008,40115,Verbesserungen,NN,Verbesserung,DE,lemmesTempsDE
w_DE_BE_2008_40262,DE_BE,BE,2008,40262,Verbesserung,NN,Verbesserung,DE,lemmesTempsDE
w_DE_BE_2008_47679,DE_BE,BE,2008,47679,Verbesserung,NN,Verbesserung,DE,lemmesTempsDE
w_DE_BE_2008_58047,DE_BE,BE,2008,58047,Verbesserungen,NN,Verbesserung,DE,lemmesTempsDE
w_DE_BE_2008_62626,DE_BE,BE,2008,62626,Verbesserung,NN,Verbesserung,DE,lemmesTempsDE
w_DE_BE_2002_14477,DE_BE,BE,2002,14477,Verbesserungen,NN,Verbesserung,DE,lemmesTempsDE
w_DE_BE_2002_15352,DE_BE,BE,2002,15352,Verbesserungen,NN,Verbesserung,DE,lemmesTempsDE
w_DE_BE_2002_15589,DE_BE,BE,2002,15589,Verbesserungen,NN,Verbesserung,DE,lemmesTempsDE
w_DE_BE_2002_24642,DE_BE,BE,2002,24642,Verbesserung,NN,Verbesserung,DE,lemmesTempsDE
w_DE_BE_2002_25142,DE_BE,BE,2002,25142,Verbesserung,NN,Verbesserung,DE,lemmesTempsDE
w_DE_BE_2002_35849,DE_BE,BE,2002,35849,Verbesserungen,NN,Verbesserung,DE,lemmesTempsDE
w_DE_BE_2002_36049,DE_BE,BE,2002,36049,Verbesserungen,NN,Verbesserung,DE,lemmesTempsDE
w_DE_BE_2002_36149,DE_BE,BE,2002,36149,Verbesserungen,NN,Verbesserung,DE,lemmesTempsDE
w_DE_BE_2002_36181,DE_BE,BE,2002,36181,Verbesserungen,NN,Verbesserung,DE,lemmesTempsDE
w_DE_BE_2002_36282,DE_BE,BE,2002,36282,Verbesserungen,NN,Verbesserung,DE,lemmesTempsDE
w_DE_BE_2002_36437,DE_BE,BE,2002,36437,Verbesserung,NN,Verbesserung,DE,lemmesTempsDE
w_DE_BE_2002_42197,DE_BE,BE,2002,42197,Verbesserung,NN,Verbesserung,DE,lemmesTempsDE
w_DE_BE_2002_48159,DE_BE,BE,2002,48159,Verbesserung,NN,Verbesserung,DE,lemmesTempsDE
w_DE_BE_2002_51933,DE_BE,BE,2002,51933,Verbesserung,NN,Verbesserung,DE,lemmesTempsDE
w_DE_BE_2002_55980,DE_BE,BE,2002,55980,Verbesserung,NN,Verbesserung,DE,lemmesTempsDE
w_DE_BE_2002_57222,DE_BE,BE,2002,57222,Verbesserungen,NN,Verbesserung,DE,lemmesTempsDE
w_DE_BE_2002_57714,DE_BE,BE,2002,57714,Verbesserungen,NN,Verbesserung,DE,lemmesTempsDE
w_DE_BE_2002_57825,DE_BE,BE,2002,57825,Verbesserung,NN,Verbesserung,DE,lemmesTempsDE
w_DE_BE_2002_59306,DE_BE,BE,2002,59306,Verbesserung,NN,Verbesserung,DE,lemmesTempsDE
w_DE_BE_2002_62633,DE_BE,BE,2002,62633,Verbesserung,NN,Verbesserung,DE,lemmesTempsDE
w_DE_BE_2002_63778,DE_BE,BE,2002,63778,Verbesserung,NN,Verbesserung,DE,lemmesTempsDE
w_DE_SZ_2004_1124,DE_SZ,SZ,2004,1124,Verbesserung,NN,Verbesserung,DE,lemmesTempsDE
w_DE_SZ_2004_1253,DE_SZ,SZ,2004,1253,Verbesserungen,NN,Verbesserung,DE,lemmesTempsDE
w_DE_AR_2002_11462,DE_AR,AR,2002,11462,Verbesserung,NN,Verbesserung,DE,lemmesTempsDE
w_DE_AR_2002_20610,DE_AR,AR,2002,20610,Verbesserung,NN,Verbesserung,DE,lemmesTempsDE
w_DE_AR_2002_25467,DE_AR,AR,2002,25467,Verbesserung,NN,Verbesserung,DE,lemmesTempsDE
w_DE_BS_2010_4027,DE_BS,BS,2010,4027,Verbesserung,NN,Verbesserung,DE,lemmesTempsDE
w_DE_BS_2010_8615,DE_BS,BS,2010,8615,Verbesserung,NN,Verbesserung,DE,lemmesTempsDE
w_DE_BS_2010_10063,DE_BS,BS,2010,10063,Verbesserung,NN,Verbesserung,DE,lemmesTempsDE
w_DE_BS_2010_10850,DE_BS,BS,2010,10850,Verbesserung,NN,Verbesserung,DE,lemmesTempsDE
w_DE_BS_2010_12540,DE_BS,BS,2010,12540,Verbesserung,NN,Verbesserung,DE,lemmesTempsDE
w_DE_BS_2010_15249,DE_BS,BS,2010,15249,Verbesserung,NN,Verbesserung,DE,lemmesTempsDE
w_DE_BS_2010_20268,DE_BS,BS,2010,20268,Verbesserungen,NN,Verbesserung,DE,lemmesTempsDE
w_DE_BS_2010_22187,DE_BS,BS,2010,22187,Verbesserung,NN,Verbesserung,DE,lemmesTempsDE
w_DE_BS_2010_32140,DE_BS,BS,2010,32140,Verbesserung,NN,Verbesserung,DE,lemmesTempsDE
w_DE_BS_2010_32397,DE_BS,BS,2010,32397,Verbesserung,NN,Verbesserung,DE,lemmesTempsDE
w_DE_BS_2010_32855,DE_BS,BS,2010,32855,Verbesserung,NN,Verbesserung,DE,lemmesTempsDE
w_DE_BS_2010_33196,DE_BS,BS,2010,33196,Verbesserung,NN,Verbesserung,DE,lemmesTempsDE
w_DE_BS_2010_34264,DE_BS,BS,2010,34264,Verbesserung,NN,Verbesserung,DE,lemmesTempsDE
w_DE_BS_2010_40508,DE_BS,BS,2010,40508,Verbesserung,NN,Verbesserung,DE,lemmesTempsDE
w_DE_BS_2010_40576,DE_BS,BS,2010,40576,Verbesserung,NN,Verbesserung,DE,lemmesTempsDE
w_DE_BS_2010_41630,DE_BS,BS,2010,41630,Verbesserung,NN,Verbesserung,DE,lemmesTempsDE
w_DE_BS_2010_42020,DE_BS,BS,2010,42020,Verbesserung,NN,Verbesserung,DE,lemmesTempsDE
w_DE_BS_2010_43718,DE_BS,BS,2010,43718,Verbesserung,NN,Verbesserung,DE,lemmesTempsDE
w_DE_BS_2010_44627,DE_BS,BS,2010,44627,Verbesserung,NN,Verbesserung,DE,lemmesTempsDE
w_DE_BS_2010_44657,DE_BS,BS,2010,44657,Verbesserung,NN,Verbesserung,DE,lemmesTempsDE
w_DE_BS_2010_44802,DE_BS,BS,2010,44802,Verbesserung,NN,Verbesserung,DE,lemmesTempsDE
w_DE_BS_2010_44849,DE_BS,BS,2010,44849,Verbesserung,NN,Verbesserung,DE,lemmesTempsDE
w_DE_BS_2010_45607,DE_BS,BS,2010,45607,Verbesserung,NN,Verbesserung,DE,lemmesTempsDE
w_DE_BS_2010_45964,DE_BS,BS,2010,45964,Verbesserung,NN,Verbesserung,DE,lemmesTempsDE
w_DE_BS_2010_45992,DE_BS,BS,2010,45992,Verbesserung,NN,Verbesserung,DE,lemmesTempsDE
w_DE_BS_2010_46680,DE_BS,BS,2010,46680,Verbesserung,NN,Verbesserung,DE,lemmesTempsDE
w_DE_BS_2010_46701,DE_BS,BS,2010,46701,Verbesserung,NN,Verbesserung,DE,lemmesTempsDE
w_DE_BS_2010_46723,DE_BS,BS,2010,46723,Verbesserung,NN,Verbesserung,DE,lemmesTempsDE
w_DE_BS_2010_46790,DE_BS,BS,2010,46790,Verbesserung,NN,Verbesserung,DE,lemmesTempsDE
w_DE_BS_2010_47105,DE_BS,BS,2010,47105,Verbesserung,NN,Verbesserung,DE,lemmesTempsDE
w_DE_BS_2010_47133,DE_BS,BS,2010,47133,Verbesserung,NN,Verbesserung,DE,lemmesTempsDE
w_DE_BS_2010_50762,DE_BS,BS,2010,50762,Verbesserung,NN,Verbesserung,DE,lemmesTempsDE
w_DE_BS_2010_52026,DE_BS,BS,2010,52026,Verbesserung,NN,Verbesserung,DE,lemmesTempsDE
w_DE_BS_2010_52093,DE_BS,BS,2010,52093,Verbesserung,NN,Verbesserung,DE,lemmesTempsDE
w_DE_BS_2010_52152,DE_BS,BS,2010,52152,Verbesserung,NN,Verbesserung,DE,lemmesTempsDE
w_DE_BS_2010_57361,DE_BS,BS,2010,57361,Verbesserung,NN,Verbesserung,DE,lemmesTempsDE
w_DE_BS_2010_59898,DE_BS,BS,2010,59898,Verbesserung,NN,Verbesserung,DE,lemmesTempsDE
w_DE_BS_2010_59936,DE_BS,BS,2010,59936,Verbesserung,NN,Verbesserung,DE,lemmesTempsDE
w_DE_BS_2010_61377,DE_BS,BS,2010,61377,Verbesserung,NN,Verbesserung,DE,lemmesTempsDE
w_DE_BS_2010_61436,DE_BS,BS,2010,61436,Verbesserungen,NN,Verbesserung,DE,lemmesTempsDE
w_DE_BS_2010_64762,DE_BS,BS,2010,64762,Verbesserungen,NN,Verbesserung,DE,lemmesTempsDE
w_DE_BS_2010_65015,DE_BS,BS,2010,65015,Verbesserung,NN,Verbesserung,DE,lemmesTempsDE
w_DE_BS_2010_69524,DE_BS,BS,2010,69524,Verbesserung,NN,Verbesserung,DE,lemmesTempsDE
w_DE_BS_2010_69898,DE_BS,BS,2010,69898,Verbesserungen,NN,Verbesserung,DE,lemmesTempsDE
w_DE_BS_2010_71244,DE_BS,BS,2010,71244,Verbesserungen,NN,Verbesserung,DE,lemmesTempsDE
w_DE_BS_2010_74069,DE_BS,BS,2010,74069,Verbesserungen,NN,Verbesserung,DE,lemmesTempsDE
w_DE_BS_2010_74179,DE_BS,BS,2010,74179,Verbesserung,NN,Verbesserung,DE,lemmesTempsDE
w_DE_SZ_2010_3308,DE_SZ,SZ,2010,3308,Verbesserung,NN,Verbesserung,DE,lemmesTempsDE
w_DE_SZ_2010_3840,DE_SZ,SZ,2010,3840,Verbesserung,NN,Verbesserung,DE,lemmesTempsDE
w_DE_SZ_2010_5006,DE_SZ,SZ,2010,5006,Verbesserung,NN,Verbesserung,DE,lemmesTempsDE
w_DE_SZ_2010_5021,DE_SZ,SZ,2010,5021,Verbesserung,NN,Verbesserung,DE,lemmesTempsDE
w_DE_SZ_2010_5096,DE_SZ,SZ,2010,5096,Verbesserung,NN,Verbesserung,DE,lemmesTempsDE
w_DE_SZ_2010_6294,DE_SZ,SZ,2010,6294,Verbesserungen,NN,Verbesserung,DE,lemmesTempsDE
w_DE_SZ_2010_7784,DE_SZ,SZ,2010,7784,Verbesserung,NN,Verbesserung,DE,lemmesTempsDE
w_DE_SZ_2010_7996,DE_SZ,SZ,2010,7996,Verbesserung,NN,Verbesserung,DE,lemmesTempsDE
w_DE_SZ_2012_6231,DE_SZ,SZ,2012,6231,Verbesserung,NN,Verbesserung,DE,lemmesTempsDE
w_DE_SZ_2012_6633,DE_SZ,SZ,2012,6633,Verbesserung,NN,Verbesserung,DE,lemmesTempsDE
w_DE_OW_1987_11875,DE_OW,OW,1987,11875,Verbesserungen,NN,Verbesserung,DE,lemmesTempsDE
w_DE_OW_1987_12096,DE_OW,OW,1987,12096,Verbesserungen,NN,Verbesserung,DE,lemmesTempsDE
w_DE_OW_1987_13831,DE_OW,OW,1987,13831,Verbesserung,NN,Verbesserung,DE,lemmesTempsDE
w_DE_OW_1987_13883,DE_OW,OW,1987,13883,Verbesserung,NN,Verbesserung,DE,lemmesTempsDE
w_DE_OW_1987_33055,DE_OW,OW,1987,33055,Verbesserung,NN,Verbesserung,DE,lemmesTempsDE
w_DE_OW_1987_40106,DE_OW,OW,1987,40106,Verbesserungen,NN,Verbesserung,DE,lemmesTempsDE
w_DE_OW_1987_44399,DE_OW,OW,1987,44399,Verbesserung,NN,Verbesserung,DE,lemmesTempsDE
w_DE_OW_1987_56994,DE_OW,OW,1987,56994,Verbesserungen,NN,Verbesserung,DE,lemmesTempsDE
w_DE_OW_1987_71248,DE_OW,OW,1987,71248,Verbesserung,NN,Verbesserung,DE,lemmesTempsDE
w_DE_LU_2009_7211,DE_LU,LU,2009,7211,Verbesserung,NN,Verbesserung,DE,lemmesTempsDE
w_DE_LU_2009_7402,DE_LU,LU,2009,7402,Verbesserung,NN,Verbesserung,DE,lemmesTempsDE
w_DE_LU_2009_8238,DE_LU,LU,2009,8238,Verbesserung,NN,Verbesserung,DE,lemmesTempsDE
w_DE_LU_2009_15468,DE_LU,LU,2009,15468,Verbesserungen,NN,Verbesserung,DE,lemmesTempsDE
w_DE_LU_2009_20058,DE_LU,LU,2009,20058,Verbesserung,NN,Verbesserung,DE,lemmesTempsDE
w_DE_LU_2009_20092,DE_LU,LU,2009,20092,Verbesserung,NN,Verbesserung,DE,lemmesTempsDE
w_DE_LU_2009_22141,DE_LU,LU,2009,22141,Verbesserung,NN,Verbesserung,DE,lemmesTempsDE
w_DE_LU_2009_23170,DE_LU,LU,2009,23170,Verbesserung,NN,Verbesserung,DE,lemmesTempsDE
w_DE_LU_2009_26068,DE_LU,LU,2009,26068,Verbesserung,NN,Verbesserung,DE,lemmesTempsDE
w_DE_LU_2009_29970,DE_LU,LU,2009,29970,Verbesserung,NN,Verbesserung,DE,lemmesTempsDE
w_DE_LU_2009_30720,DE_LU,LU,2009,30720,Verbesserung,NN,Verbesserung,DE,lemmesTempsDE
w_DE_LU_2009_33700,DE_LU,LU,2009,33700,Verbesserung,NN,Verbesserung,DE,lemmesTempsDE
w_DE_LU_2009_34879,DE_LU,LU,2009,34879,Verbesserung,NN,Verbesserung,DE,lemmesTempsDE
w_DE_LU_2009_40347,DE_LU,LU,2009,40347,Verbesserung,NN,Verbesserung,DE,lemmesTempsDE
w_DE_LU_2009_40558,DE_LU,LU,2009,40558,Verbesserung,NN,Verbesserung,DE,lemmesTempsDE
w_DE_LU_2009_41663,DE_LU,LU,2009,41663,Verbesserungen,NN,Verbesserung,DE,lemmesTempsDE
w_DE_LU_2009_42944,DE_LU,LU,2009,42944,Verbesserung,NN,Verbesserung,DE,lemmesTempsDE
w_DE_LU_2009_43583,DE_LU,LU,2009,43583,Verbesserungen,NN,Verbesserung,DE,lemmesTempsDE
w_DE_LU_2009_45829,DE_LU,LU,2009,45829,Verbesserungen,NN,Verbesserung,DE,lemmesTempsDE
w_DE_LU_2009_46377,DE_LU,LU,2009,46377,Verbesserung,NN,Verbesserung,DE,lemmesTempsDE
w_DE_LU_2009_49896,DE_LU,LU,2009,49896,Verbesserung,NN,Verbesserung,DE,lemmesTempsDE
w_DE_LU_2009_51328,DE_LU,LU,2009,51328,Verbesserung,NN,Verbesserung,DE,lemmesTempsDE
w_DE_LU_2009_51631,DE_LU,LU,2009,51631,Verbesserung,NN,Verbesserung,DE,lemmesTempsDE
w_DE_LU_2009_57989,DE_LU,LU,2009,57989,Verbesserung,NN,Verbesserung,DE,lemmesTempsDE
w_DE_LU_2009_59677,DE_LU,LU,2009,59677,Verbesserung,NN,Verbesserung,DE,lemmesTempsDE
w_DE_LU_2009_59981,DE_LU,LU,2009,59981,Verbesserung,NN,Verbesserung,DE,lemmesTempsDE
w_DE_SH_2004_21439,DE_SH,SH,2004,21439,Verbesserung,NN,Verbesserung,DE,lemmesTempsDE
w_DE_SH_2004_27851,DE_SH,SH,2004,27851,Verbesserung,NN,Verbesserung,DE,lemmesTempsDE
w_DE_SH_2004_28414,DE_SH,SH,2004,28414,Verbesserung,NN,Verbesserung,DE,lemmesTempsDE
w_DE_SH_2004_31586,DE_SH,SH,2004,31586,Verbesserungen,NN,Verbesserung,DE,lemmesTempsDE
w_DE_SH_2004_50475,DE_SH,SH,2004,50475,Verbesserung,NN,Verbesserung,DE,lemmesTempsDE
w_DE_SH_2004_50646,DE_SH,SH,2004,50646,Verbesserungen,NN,Verbesserung,DE,lemmesTempsDE
w_DE_SH_2004_51435,DE_SH,SH,2004,51435,Verbesserung,NN,Verbesserung,DE,lemmesTempsDE
w_DE_SH_2004_59330,DE_SH,SH,2004,59330,Verbesserungen,NN,Verbesserung,DE,lemmesTempsDE
w_DE_SH_2004_59658,DE_SH,SH,2004,59658,Verbesserung,NN,Verbesserung,DE,lemmesTempsDE
w_DE_SH_2004_59743,DE_SH,SH,2004,59743,Verbesserung,NN,Verbesserung,DE,lemmesTempsDE
w_DE_SH_2004_61516,DE_SH,SH,2004,61516,Verbesserungen,NN,Verbesserung,DE,lemmesTempsDE
w_DE_SH_2004_61530,DE_SH,SH,2004,61530,Verbesserungen,NN,Verbesserung,DE,lemmesTempsDE
w_DE_SH_2004_90267,DE_SH,SH,2004,90267,Verbesserungen,NN,Verbesserung,DE,lemmesTempsDE
w_DE_SH_2004_91688,DE_SH,SH,2004,91688,Verbesserungen,NN,Verbesserung,DE,lemmesTempsDE
w_DE_SH_2004_95798,DE_SH,SH,2004,95798,Verbesserung,NN,Verbesserung,DE,lemmesTempsDE
w_DE_SH_2004_98339,DE_SH,SH,2004,98339,Verbesserungen,NN,Verbesserung,DE,lemmesTempsDE
w_DE_SH_2004_107635,DE_SH,SH,2004,107635,Verbesserung,NN,Verbesserung,DE,lemmesTempsDE
w_DE_SH_2004_109119,DE_SH,SH,2004,109119,Verbesserungen,NN,Verbesserung,DE,lemmesTempsDE
w_DE_SH_2004_109742,DE_SH,SH,2004,109742,Verbesserung,NN,Verbesserung,DE,lemmesTempsDE
w_DE_SH_2004_117854,DE_SH,SH,2004,117854,Verbesserungen,NN,Verbesserung,DE,lemmesTempsDE
w_DE_BS_2025_8370,DE_BS,BS,2025,8370,Verbesserung,NN,Verbesserung,DE,lemmesTempsDE
w_DE_BS_2025_9089,DE_BS,BS,2025,9089,Verbesserung,NN,Verbesserung,DE,lemmesTempsDE
w_DE_BS_2025_11282,DE_BS,BS,2025,11282,Verbesserung,NN,Verbesserung,DE,lemmesTempsDE
w_DE_BS_2025_15029,DE_BS,BS,2025,15029,Verbesserung,NN,Verbesserung,DE,lemmesTempsDE
w_DE_BS_2025_15357,DE_BS,BS,2025,15357,Verbesserung,NN,Verbesserung,DE,lemmesTempsDE
w_DE_BS_2025_15539,DE_BS,BS,2025,15539,Verbesserung,NN,Verbesserung,DE,lemmesTempsDE
w_DE_BS_2025_15577,DE_BS,BS,2025,15577,Verbesserung,NN,Verbesserung,DE,lemmesTempsDE
w_DE_BS_2025_15629,DE_BS,BS,2025,15629,Verbesserung,NN,Verbesserung,DE,lemmesTempsDE
w_DE_BS_2025_17183,DE_BS,BS,2025,17183,Verbesserungen,NN,Verbesserung,DE,lemmesTempsDE
w_DE_BS_2025_23690,DE_BS,BS,2025,23690,Verbesserung,NN,Verbesserung,DE,lemmesTempsDE
w_DE_BS_2025_23715,DE_BS,BS,2025,23715,Verbesserung,NN,Verbesserung,DE,lemmesTempsDE
w_DE_BS_2025_23965,DE_BS,BS,2025,23965,Verbesserung,NN,Verbesserung,DE,lemmesTempsDE
w_DE_BS_2025_29715,DE_BS,BS,2025,29715,Verbesserung,NN,Verbesserung,DE,lemmesTempsDE
w_DE_BS_2025_31113,DE_BS,BS,2025,31113,Verbesserung,NN,Verbesserung,DE,lemmesTempsDE
w_DE_BS_2025_31437,DE_BS,BS,2025,31437,Verbesserungen,NN,Verbesserung,DE,lemmesTempsDE
w_DE_BS_2025_32076,DE_BS,BS,2025,32076,Verbesserung,NN,Verbesserung,DE,lemmesTempsDE
w_DE_BS_2025_36551,DE_BS,BS,2025,36551,Verbesserung,NN,Verbesserung,DE,lemmesTempsDE
w_DE_BS_2025_38159,DE_BS,BS,2025,38159,Verbesserung,NN,Verbesserung,DE,lemmesTempsDE
w_DE_BS_2025_42387,DE_BS,BS,2025,42387,Verbesserung,NN,Verbesserung,DE,lemmesTempsDE
w_DE_BS_2025_50502,DE_BS,BS,2025,50502,Verbesserung,NN,Verbesserung,DE,lemmesTempsDE
w_DE_BS_2025_52778,DE_BS,BS,2025,52778,Verbesserung,NN,Verbesserung,DE,lemmesTempsDE
w_DE_BS_2025_53402,DE_BS,BS,2025,53402,Verbesserung,NN,Verbesserung,DE,lemmesTempsDE
w_DE_BS_2025_58200,DE_BS,BS,2025,58200,Verbesserung,NN,Verbesserung,DE,lemmesTempsDE
w_DE_BS_2025_58323,DE_BS,BS,2025,58323,Verbesserung,NN,Verbesserung,DE,lemmesTempsDE
w_DE_BS_2025_60231,DE_BS,BS,2025,60231,Verbesserung,NN,Verbesserung,DE,lemmesTempsDE
w_DE_BS_2025_60273,DE_BS,BS,2025,60273,Verbesserung,NN,Verbesserung,DE,lemmesTempsDE
w_DE_BS_2025_60568,DE_BS,BS,2025,60568,Verbesserung,NN,Verbesserung,DE,lemmesTempsDE
w_DE_BS_2025_62303,DE_BS,BS,2025,62303,Verbesserung,NN,Verbesserung,DE,lemmesTempsDE
w_DE_BS_2025_62345,DE_BS,BS,2025,62345,Verbesserung,NN,Verbesserung,DE,lemmesTempsDE
w_DE_BS_2025_62398,DE_BS,BS,2025,62398,Verbesserung,NN,Verbesserung,DE,lemmesTempsDE
w_DE_BS_2025_62806,DE_BS,BS,2025,62806,Verbesserung,NN,Verbesserung,DE,lemmesTempsDE
w_DE_BS_2025_72354,DE_BS,BS,2025,72354,Verbesserung,NN,Verbesserung,DE,lemmesTempsDE
w_DE_BE_2024_11727,DE_BE,BE,2024,11727,Verbesserung,NN,Verbesserung,DE,lemmesTempsDE
w_DE_BE_2024_14414,DE_BE,BE,2024,14414,Verbesserungen,NN,Verbesserung,DE,lemmesTempsDE
w_DE_BE_2024_36638,DE_BE,BE,2024,36638,Verbesserung,NN,Verbesserung,DE,lemmesTempsDE
w_DE_BE_2024_37477,DE_BE,BE,2024,37477,Verbesserung,NN,Verbesserung,DE,lemmesTempsDE
w_DE_BE_2024_38092,DE_BE,BE,2024,38092,Verbesserung,NN,Verbesserung,DE,lemmesTempsDE
w_DE_BE_2024_38255,DE_BE,BE,2024,38255,Verbesserung,NN,Verbesserung,DE,lemmesTempsDE
w_DE_BE_2024_38274,DE_BE,BE,2024,38274,Verbesserung,NN,Verbesserung,DE,lemmesTempsDE
w_DE_BE_2024_38361,DE_BE,BE,2024,38361,Verbesserung,NN,Verbesserung,DE,lemmesTempsDE
w_DE_BE_2024_38779,DE_BE,BE,2024,38779,Verbesserung,NN,Verbesserung,DE,lemmesTempsDE
w_DE_BE_2024_38940,DE_BE,BE,2024,38940,Verbesserung,NN,Verbesserung,DE,lemmesTempsDE
w_DE_BE_2024_40902,DE_BE,BE,2024,40902,Verbesserungen,NN,Verbesserung,DE,lemmesTempsDE
w_DE_BE_2024_49144,DE_BE,BE,2024,49144,Verbesserung,NN,Verbesserung,DE,lemmesTempsDE
w_DE_BE_2024_61501,DE_BE,BE,2024,61501,Verbesserungen,NN,Verbesserung,DE,lemmesTempsDE
w_DE_BE_2024_68677,DE_BE,BE,2024,68677,Verbesserung,NN,Verbesserung,DE,lemmesTempsDE
w_DE_BE_2004_14477,DE_BE,BE,2004,14477,Verbesserungen,NN,Verbesserung,DE,lemmesTempsDE
w_DE_BE_2004_15352,DE_BE,BE,2004,15352,Verbesserungen,NN,Verbesserung,DE,lemmesTempsDE
w_DE_BE_2004_15589,DE_BE,BE,2004,15589,Verbesserungen,NN,Verbesserung,DE,lemmesTempsDE
w_DE_BE_2004_24640,DE_BE,BE,2004,24640,Verbesserung,NN,Verbesserung,DE,lemmesTempsDE
w_DE_BE_2004_25140,DE_BE,BE,2004,25140,Verbesserung,NN,Verbesserung,DE,lemmesTempsDE
w_DE_BE_2004_35964,DE_BE,BE,2004,35964,Verbesserungen,NN,Verbesserung,DE,lemmesTempsDE
w_DE_BE_2004_36164,DE_BE,BE,2004,36164,Verbesserungen,NN,Verbesserung,DE,lemmesTempsDE
w_DE_BE_2004_36264,DE_BE,BE,2004,36264,Verbesserungen,NN,Verbesserung,DE,lemmesTempsDE
w_DE_BE_2004_36296,DE_BE,BE,2004,36296,Verbesserungen,NN,Verbesserung,DE,lemmesTempsDE
w_DE_BE_2004_36397,DE_BE,BE,2004,36397,Verbesserungen,NN,Verbesserung,DE,lemmesTempsDE
w_DE_BE_2004_36552,DE_BE,BE,2004,36552,Verbesserung,NN,Verbesserung,DE,lemmesTempsDE
w_DE_BE_2004_42164,DE_BE,BE,2004,42164,Verbesserung,NN,Verbesserung,DE,lemmesTempsDE
w_DE_BE_2004_53121,DE_BE,BE,2004,53121,Verbesserung,NN,Verbesserung,DE,lemmesTempsDE
w_DE_BE_2004_57244,DE_BE,BE,2004,57244,Verbesserung,NN,Verbesserung,DE,lemmesTempsDE
w_DE_BE_2004_58496,DE_BE,BE,2004,58496,Verbesserungen,NN,Verbesserung,DE,lemmesTempsDE
w_DE_BE_2004_58993,DE_BE,BE,2004,58993,Verbesserungen,NN,Verbesserung,DE,lemmesTempsDE
w_DE_BE_2004_59104,DE_BE,BE,2004,59104,Verbesserung,NN,Verbesserung,DE,lemmesTempsDE
w_DE_BE_2004_60571,DE_BE,BE,2004,60571,Verbesserung,NN,Verbesserung,DE,lemmesTempsDE
w_DE_BE_2004_63897,DE_BE,BE,2004,63897,Verbesserung,NN,Verbesserung,DE,lemmesTempsDE
w_DE_BE_2004_65077,DE_BE,BE,2004,65077,Verbesserung,NN,Verbesserung,DE,lemmesTempsDE
w_DE_AI_2002_9573,DE_AI,AI,2002,9573,Verbesserungen,NN,Verbesserung,DE,lemmesTempsDE
w_DE_AI_2002_10951,DE_AI,AI,2002,10951,Verbesserung,NN,Verbesserung,DE,lemmesTempsDE
w_DE_AI_2002_20173,DE_AI,AI,2002,20173,Verbesserungen,NN,Verbesserung,DE,lemmesTempsDE
w_DE_AI_2002_20196,DE_AI,AI,2002,20196,Verbesserung,NN,Verbesserung,DE,lemmesTempsDE
w_DE_AI_2002_23148,DE_AI,AI,2002,23148,Verbesserungen,NN,Verbesserung,DE,lemmesTempsDE
w_DE_AI_2002_25525,DE_AI,AI,2002,25525,Verbesserung,NN,Verbesserung,DE,lemmesTempsDE
w_DE_AI_2002_35707,DE_AI,AI,2002,35707,Verbesserung,NN,Verbesserung,DE,lemmesTempsDE
w_DE_AI_2002_37124,DE_AI,AI,2002,37124,Verbesserungen,NN,Verbesserung,DE,lemmesTempsDE
w_DE_AI_2002_37850,DE_AI,AI,2002,37850,Verbesserungen,NN,Verbesserung,DE,lemmesTempsDE
w_DE_AI_2002_37863,DE_AI,AI,2002,37863,Verbesserungen,NN,Verbesserung,DE,lemmesTempsDE
w_DE_AI_2002_39481,DE_AI,AI,2002,39481,Verbesserung,NN,Verbesserung,DE,lemmesTempsDE
w_DE_AI_2002_41618,DE_AI,AI,2002,41618,Verbesserung,NN,Verbesserung,DE,lemmesTempsDE
w_DE_AI_2002_48696,DE_AI,AI,2002,48696,Verbesserungen,NN,Verbesserung,DE,lemmesTempsDE
w_DE_AI_2002_53351,DE_AI,AI,2002,53351,Verbesserung,NN,Verbesserung,DE,lemmesTempsDE
w_DE_AI_2002_54183,DE_AI,AI,2002,54183,Verbesserung,NN,Verbesserung,DE,lemmesTempsDE
w_DE_SH_2021_5121,DE_SH,SH,2021,5121,Verbesserungen,NN,Verbesserung,DE,lemmesTempsDE
w_DE_SH_2021_8559,DE_SH,SH,2021,8559,Verbesserung,NN,Verbesserung,DE,lemmesTempsDE
w_DE_SH_2021_9250,DE_SH,SH,2021,9250,Verbesserung,NN,Verbesserung,DE,lemmesTempsDE
w_DE_SH_2021_9369,DE_SH,SH,2021,9369,Verbesserung,NN,Verbesserung,DE,lemmesTempsDE
w_DE_SH_2021_9607,DE_SH,SH,2021,9607,Verbesserung,NN,Verbesserung,DE,lemmesTempsDE
w_DE_SH_2021_9874,DE_SH,SH,2021,9874,Verbesserung,NN,Verbesserung,DE,lemmesTempsDE
w_DE_SH_2021_13040,DE_SH,SH,2021,13040,Verbesserung,NN,Verbesserung,DE,lemmesTempsDE
w_DE_SH_2021_14980,DE_SH,SH,2021,14980,Verbesserung,NN,Verbesserung,DE,lemmesTempsDE
w_DE_SH_2021_21063,DE_SH,SH,2021,21063,Verbesserung,NN,Verbesserung,DE,lemmesTempsDE
w_DE_SH_2021_39793,DE_SH,SH,2021,39793,Verbesserungen,NN,Verbesserung,DE,lemmesTempsDE
w_DE_SH_2021_40014,DE_SH,SH,2021,40014,Verbesserung,NN,Verbesserung,DE,lemmesTempsDE
w_DE_SH_2021_41672,DE_SH,SH,2021,41672,Verbesserung,NN,Verbesserung,DE,lemmesTempsDE
w_DE_SH_2021_41802,DE_SH,SH,2021,41802,Verbesserungen,NN,Verbesserung,DE,lemmesTempsDE
w_DE_SH_2021_41954,DE_SH,SH,2021,41954,Verbesserungen,NN,Verbesserung,DE,lemmesTempsDE
w_DE_SH_2021_42085,DE_SH,SH,2021,42085,Verbesserungen,NN,Verbesserung,DE,lemmesTempsDE
w_DE_SH_2021_42420,DE_SH,SH,2021,42420,Verbesserungen,NN,Verbesserung,DE,lemmesTempsDE
w_DE_SH_2021_44165,DE_SH,SH,2021,44165,Verbesserung,NN,Verbesserung,DE,lemmesTempsDE
w_DE_SH_2021_44606,DE_SH,SH,2021,44606,Verbesserung,NN,Verbesserung,DE,lemmesTempsDE
w_DE_SH_2021_44877,DE_SH,SH,2021,44877,Verbesserungen,NN,Verbesserung,DE,lemmesTempsDE
w_DE_SH_2021_45368,DE_SH,SH,2021,45368,Verbesserungen,NN,Verbesserung,DE,lemmesTempsDE
w_DE_SH_2021_46191,DE_SH,SH,2021,46191,Verbesserung,NN,Verbesserung,DE,lemmesTempsDE
w_DE_SH_2021_46314,DE_SH,SH,2021,46314,Verbesserung,NN,Verbesserung,DE,lemmesTempsDE
w_DE_SH_2021_46656,DE_SH,SH,2021,46656,Verbesserung,NN,Verbesserung,DE,lemmesTempsDE
w_DE_SH_2021_46854,DE_SH,SH,2021,46854,Verbesserung,NN,Verbesserung,DE,lemmesTempsDE
w_DE_SH_2021_47010,DE_SH,SH,2021,47010,Verbesserung,NN,Verbesserung,DE,lemmesTempsDE
w_DE_SH_2021_47115,DE_SH,SH,2021,47115,Verbesserung,NN,Verbesserung,DE,lemmesTempsDE
w_DE_SH_2021_47128,DE_SH,SH,2021,47128,Verbesserung,NN,Verbesserung,DE,lemmesTempsDE
w_DE_SH_2021_47393,DE_SH,SH,2021,47393,Verbesserung,NN,Verbesserung,DE,lemmesTempsDE
w_DE_SH_2021_47540,DE_SH,SH,2021,47540,Verbesserung,NN,Verbesserung,DE,lemmesTempsDE
w_DE_SH_2021_47558,DE_SH,SH,2021,47558,Verbesserung,NN,Verbesserung,DE,lemmesTempsDE
w_DE_SH_2021_47628,DE_SH,SH,2021,47628,Verbesserung,NN,Verbesserung,DE,lemmesTempsDE
w_DE_SH_2021_49213,DE_SH,SH,2021,49213,Verbesserungen,NN,Verbesserung,DE,lemmesTempsDE
w_DE_SH_2021_49270,DE_SH,SH,2021,49270,Verbesserung,NN,Verbesserung,DE,lemmesTempsDE
w_DE_SH_2021_50141,DE_SH,SH,2021,50141,Verbesserung,NN,Verbesserung,DE,lemmesTempsDE
w_DE_SH_2021_51707,DE_SH,SH,2021,51707,Verbesserung,NN,Verbesserung,DE,lemmesTempsDE
w_DE_SH_2021_59733,DE_SH,SH,2021,59733,Verbesserungen,NN,Verbesserung,DE,lemmesTempsDE
w_DE_SH_2021_61216,DE_SH,SH,2021,61216,Verbesserungen,NN,Verbesserung,DE,lemmesTempsDE
w_DE_SZ_2022_671,DE_SZ,SZ,2022,671,Verbesserungen,NN,Verbesserung,DE,lemmesTempsDE
w_DE_SZ_2022_4335,DE_SZ,SZ,2022,4335,Verbesserung,NN,Verbesserung,DE,lemmesTempsDE
w_DE_SZ_2022_21982,DE_SZ,SZ,2022,21982,Verbesserung,NN,Verbesserung,DE,lemmesTempsDE
w_DE_SZ_2022_22265,DE_SZ,SZ,2022,22265,Verbesserung,NN,Verbesserung,DE,lemmesTempsDE
w_DE_SZ_2022_23434,DE_SZ,SZ,2022,23434,Verbesserungen,NN,Verbesserung,DE,lemmesTempsDE
w_DE_SZ_2022_24711,DE_SZ,SZ,2022,24711,Verbesserung,NN,Verbesserung,DE,lemmesTempsDE
w_DE_SZ_2022_37753,DE_SZ,SZ,2022,37753,Verbesserung,NN,Verbesserung,DE,lemmesTempsDE
w_DE_BE_2006_16018,DE_BE,BE,2006,16018,Verbesserungen,NN,Verbesserung,DE,lemmesTempsDE
w_DE_BE_2006_16262,DE_BE,BE,2006,16262,Verbesserung,NN,Verbesserung,DE,lemmesTempsDE
w_DE_BE_2006_16322,DE_BE,BE,2006,16322,Verbesserungen,NN,Verbesserung,DE,lemmesTempsDE
w_DE_BE_2006_20065,DE_BE,BE,2006,20065,Verbesserung,NN,Verbesserung,DE,lemmesTempsDE
w_DE_BE_2006_39773,DE_BE,BE,2006,39773,Verbesserungen,NN,Verbesserung,DE,lemmesTempsDE
w_DE_BE_2006_40042,DE_BE,BE,2006,40042,Verbesserungen,NN,Verbesserung,DE,lemmesTempsDE
w_DE_BE_2006_40208,DE_BE,BE,2006,40208,Verbesserungen,NN,Verbesserung,DE,lemmesTempsDE
w_DE_BE_2006_40240,DE_BE,BE,2006,40240,Verbesserungen,NN,Verbesserung,DE,lemmesTempsDE
w_DE_BE_2006_40323,DE_BE,BE,2006,40323,Verbesserungen,NN,Verbesserung,DE,lemmesTempsDE
w_DE_BE_2006_40470,DE_BE,BE,2006,40470,Verbesserung,NN,Verbesserung,DE,lemmesTempsDE
w_DE_BE_2006_47935,DE_BE,BE,2006,47935,Verbesserung,NN,Verbesserung,DE,lemmesTempsDE
w_DE_BE_2006_58304,DE_BE,BE,2006,58304,Verbesserungen,NN,Verbesserung,DE,lemmesTempsDE
w_DE_BE_2006_62923,DE_BE,BE,2006,62923,Verbesserung,NN,Verbesserung,DE,lemmesTempsDE
w_DE_AI_2015_969,DE_AI,AI,2015,969,Verbesserung,NN,Verbesserung,DE,lemmesTempsDE
w_DE_AI_2015_9811,DE_AI,AI,2015,9811,Verbesserung,NN,Verbesserung,DE,lemmesTempsDE
w_DE_AI_2015_10625,DE_AI,AI,2015,10625,Verbesserung,NN,Verbesserung,DE,lemmesTempsDE
w_DE_AI_2015_12083,DE_AI,AI,2015,12083,Verbesserungen,NN,Verbesserung,DE,lemmesTempsDE
w_DE_AI_2015_12114,DE_AI,AI,2015,12114,Verbesserungen,NN,Verbesserung,DE,lemmesTempsDE
w_DE_AI_2015_15107,DE_AI,AI,2015,15107,Verbesserungen,NN,Verbesserung,DE,lemmesTempsDE
w_DE_BE_2013_13195,DE_BE,BE,2013,13195,Verbesserungen,NN,Verbesserung,DE,lemmesTempsDE
w_DE_BE_2013_16328,DE_BE,BE,2013,16328,Verbesserungen,NN,Verbesserung,DE,lemmesTempsDE
w_DE_BE_2013_22376,DE_BE,BE,2013,22376,Verbesserung,NN,Verbesserung,DE,lemmesTempsDE
w_DE_BE_2013_41884,DE_BE,BE,2013,41884,Verbesserungen,NN,Verbesserung,DE,lemmesTempsDE
w_DE_BE_2013_42136,DE_BE,BE,2013,42136,Verbesserungen,NN,Verbesserung,DE,lemmesTempsDE
w_DE_BE_2013_42349,DE_BE,BE,2013,42349,Verbesserungen,NN,Verbesserung,DE,lemmesTempsDE
w_DE_BE_2013_42381,DE_BE,BE,2013,42381,Verbesserungen,NN,Verbesserung,DE,lemmesTempsDE
w_DE_BE_2013_42459,DE_BE,BE,2013,42459,Verbesserungen,NN,Verbesserung,DE,lemmesTempsDE
w_DE_BE_2013_42620,DE_BE,BE,2013,42620,Verbesserung,NN,Verbesserung,DE,lemmesTempsDE
w_DE_BE_2013_46861,DE_BE,BE,2013,46861,Verbesserungen,NN,Verbesserung,DE,lemmesTempsDE
w_DE_BE_2013_49423,DE_BE,BE,2013,49423,Verbesserung,NN,Verbesserung,DE,lemmesTempsDE
w_DE_BE_2013_63541,DE_BE,BE,2013,63541,Verbesserungen,NN,Verbesserung,DE,lemmesTempsDE
w_DE_BE_2013_70323,DE_BE,BE,2013,70323,Verbesserung,NN,Verbesserung,DE,lemmesTempsDE
w_DE_AG_1996_2119,DE_AG,AG,1996,2119,Verbesserung,NN,Verbesserung,DE,lemmesTempsDE
w_DE_AG_1996_8492,DE_AG,AG,1996,8492,Verbesserung,NN,Verbesserung,DE,lemmesTempsDE
w_DE_AG_1996_11967,DE_AG,AG,1996,11967,Verbesserung,NN,Verbesserung,DE,lemmesTempsDE
w_DE_AG_1996_12787,DE_AG,AG,1996,12787,Verbesserung,NN,Verbesserung,DE,lemmesTempsDE
w_DE_AG_1996_18157,DE_AG,AG,1996,18157,Verbesserung,NN,Verbesserung,DE,lemmesTempsDE
w_DE_AG_1996_18176,DE_AG,AG,1996,18176,Verbesserung,NN,Verbesserung,DE,lemmesTempsDE
w_DE_AG_1996_20494,DE_AG,AG,1996,20494,Verbesserungen,NN,Verbesserung,DE,lemmesTempsDE
w_DE_AG_1996_26552,DE_AG,AG,1996,26552,Verbesserung,NN,Verbesserung,DE,lemmesTempsDE
w_DE_AG_1996_26805,DE_AG,AG,1996,26805,Verbesserung,NN,Verbesserung,DE,lemmesTempsDE
w_DE_AG_1996_29160,DE_AG,AG,1996,29160,Verbesserung,NN,Verbesserung,DE,lemmesTempsDE
w_DE_AG_1996_31395,DE_AG,AG,1996,31395,Verbesserung,NN,Verbesserung,DE,lemmesTempsDE
w_DE_AG_1996_33383,DE_AG,AG,1996,33383,Verbesserung,NN,Verbesserung,DE,lemmesTempsDE
w_DE_AR_2012_9128,DE_AR,AR,2012,9128,Verbesserung,NN,Verbesserung,DE,lemmesTempsDE
w_DE_AR_2012_19917,DE_AR,AR,2012,19917,Verbesserung,NN,Verbesserung,DE,lemmesTempsDE
w_DE_AR_2012_23939,DE_AR,AR,2012,23939,Verbesserung,NN,Verbesserung,DE,lemmesTempsDE
w_DE_AI_2017_4935,DE_AI,AI,2017,4935,Verbesserung,NN,Verbesserung,DE,lemmesTempsDE
w_DE_AI_2017_7482,DE_AI,AI,2017,7482,Verbesserung,NN,Verbesserung,DE,lemmesTempsDE
w_DE_AI_2017_9368,DE_AI,AI,2017,9368,Verbesserung,NN,Verbesserung,DE,lemmesTempsDE
w_DE_AI_2017_38716,DE_AI,AI,2017,38716,Verbesserung,NN,Verbesserung,DE,lemmesTempsDE
w_DE_AR_2025_15267,DE_AR,AR,2025,15267,Verbesserung,NN,Verbesserung,DE,lemmesTempsDE
w_DE_AR_2025_18279,DE_AR,AR,2025,18279,Verbesserungen,NN,Verbesserung,DE,lemmesTempsDE
w_DE_AR_2025_28556,DE_AR,AR,2025,28556,Verbesserungen,NN,Verbesserung,DE,lemmesTempsDE
w_DE_AR_2025_29095,DE_AR,AR,2025,29095,Verbesserungen,NN,Verbesserung,DE,lemmesTempsDE
w_DE_AR_2025_38981,DE_AR,AR,2025,38981,Verbesserung,NN,Verbesserung,DE,lemmesTempsDE
w_DE_BL_2025_9840,DE_BL,BL,2025,9840,Verbesserung,NN,Verbesserung,DE,lemmesTempsDE
w_DE_BL_2025_12320,DE_BL,BL,2025,12320,Verbesserung,NN,Verbesserung,DE,lemmesTempsDE
w_DE_BL_2025_13263,DE_BL,BL,2025,13263,Verbesserung,NN,Verbesserung,DE,lemmesTempsDE
w_DE_BL_2025_13370,DE_BL,BL,2025,13370,Verbesserung,NN,Verbesserung,DE,lemmesTempsDE
w_DE_BL_2025_14661,DE_BL,BL,2025,14661,Verbesserung,NN,Verbesserung,DE,lemmesTempsDE
w_DE_BL_2025_15293,DE_BL,BL,2025,15293,Verbesserung,NN,Verbesserung,DE,lemmesTempsDE
w_DE_BL_2025_16028,DE_BL,BL,2025,16028,Verbesserung,NN,Verbesserung,DE,lemmesTempsDE
w_DE_BL_2025_19604,DE_BL,BL,2025,19604,Verbesserung,NN,Verbesserung,DE,lemmesTempsDE
w_DE_BL_2025_21896,DE_BL,BL,2025,21896,Verbesserung,NN,Verbesserung,DE,lemmesTempsDE
w_DE_BL_2025_21963,DE_BL,BL,2025,21963,Verbesserung,NN,Verbesserung,DE,lemmesTempsDE
w_DE_BL_2025_22473,DE_BL,BL,2025,22473,Verbesserung,NN,Verbesserung,DE,lemmesTempsDE
w_DE_BL_2025_22550,DE_BL,BL,2025,22550,Verbesserung,NN,Verbesserung,DE,lemmesTempsDE
w_DE_BL_2025_22566,DE_BL,BL,2025,22566,Verbesserung,NN,Verbesserung,DE,lemmesTempsDE
w_DE_BL_2025_22601,DE_BL,BL,2025,22601,Verbesserung,NN,Verbesserung,DE,lemmesTempsDE
w_DE_BL_2025_25463,DE_BL,BL,2025,25463,Verbesserung,NN,Verbesserung,DE,lemmesTempsDE
w_DE_BL_2025_25482,DE_BL,BL,2025,25482,Verbesserung,NN,Verbesserung,DE,lemmesTempsDE
w_DE_BL_2025_28336,DE_BL,BL,2025,28336,Verbesserung,NN,Verbesserung,DE,lemmesTempsDE
w_DE_BL_2025_28346,DE_BL,BL,2025,28346,Verbesserung,NN,Verbesserung,DE,lemmesTempsDE
w_DE_BL_2025_31871,DE_BL,BL,2025,31871,Verbesserung,NN,Verbesserung,DE,lemmesTempsDE
w_DE_BL_2025_31890,DE_BL,BL,2025,31890,Verbesserungen,NN,Verbesserung,DE,lemmesTempsDE
w_DE_BL_2025_31992,DE_BL,BL,2025,31992,Verbesserung,NN,Verbesserung,DE,lemmesTempsDE
w_DE_BL_2025_34660,DE_BL,BL,2025,34660,Verbesserungen,NN,Verbesserung,DE,lemmesTempsDE
w_DE_BL_2025_36283,DE_BL,BL,2025,36283,Verbesserung,NN,Verbesserung,DE,lemmesTempsDE
w_DE_BL_2025_36583,DE_BL,BL,2025,36583,Verbesserung,NN,Verbesserung,DE,lemmesTempsDE
w_DE_BL_2025_36848,DE_BL,BL,2025,36848,Verbesserung,NN,Verbesserung,DE,lemmesTempsDE
w_DE_BL_2025_36875,DE_BL,BL,2025,36875,Verbesserung,NN,Verbesserung,DE,lemmesTempsDE
w_DE_BL_2025_37065,DE_BL,BL,2025,37065,Verbesserung,NN,Verbesserung,DE,lemmesTempsDE
w_DE_BL_2025_37092,DE_BL,BL,2025,37092,Verbesserung,NN,Verbesserung,DE,lemmesTempsDE
w_DE_BL_2025_37293,DE_BL,BL,2025,37293,Verbesserung,NN,Verbesserung,DE,lemmesTempsDE
w_DE_BL_2025_37475,DE_BL,BL,2025,37475,Verbesserung,NN,Verbesserung,DE,lemmesTempsDE
w_DE_BL_2025_37503,DE_BL,BL,2025,37503,Verbesserung,NN,Verbesserung,DE,lemmesTempsDE
w_DE_BL_2025_37580,DE_BL,BL,2025,37580,Verbesserung,NN,Verbesserung,DE,lemmesTempsDE
w_DE_BL_2025_37641,DE_BL,BL,2025,37641,Verbesserung,NN,Verbesserung,DE,lemmesTempsDE
w_DE_BL_2025_37670,DE_BL,BL,2025,37670,Verbesserung,NN,Verbesserung,DE,lemmesTempsDE
w_DE_BL_2025_37811,DE_BL,BL,2025,37811,Verbesserung,NN,Verbesserung,DE,lemmesTempsDE
w_DE_BL_2025_37840,DE_BL,BL,2025,37840,Verbesserung,NN,Verbesserung,DE,lemmesTempsDE
w_DE_BL_2025_38011,DE_BL,BL,2025,38011,Verbesserung,NN,Verbesserung,DE,lemmesTempsDE
w_DE_BL_2025_38040,DE_BL,BL,2025,38040,Verbesserung,NN,Verbesserung,DE,lemmesTempsDE
w_DE_BL_2025_38349,DE_BL,BL,2025,38349,Verbesserung,NN,Verbesserung,DE,lemmesTempsDE
w_DE_BL_2025_38376,DE_BL,BL,2025,38376,Verbesserung,NN,Verbesserung,DE,lemmesTempsDE
w_DE_BL_2025_39216,DE_BL,BL,2025,39216,Verbesserung,NN,Verbesserung,DE,lemmesTempsDE
w_DE_BL_2025_45155,DE_BL,BL,2025,45155,Verbesserung,NN,Verbesserung,DE,lemmesTempsDE
w_DE_BL_2025_45369,DE_BL,BL,2025,45369,Verbesserung,NN,Verbesserung,DE,lemmesTempsDE
w_DE_BL_2025_45518,DE_BL,BL,2025,45518,Verbesserungen,NN,Verbesserung,DE,lemmesTempsDE
w_DE_BL_2025_45666,DE_BL,BL,2025,45666,Verbesserungen,NN,Verbesserung,DE,lemmesTempsDE
w_DE_BL_2025_45948,DE_BL,BL,2025,45948,Verbesserung,NN,Verbesserung,DE,lemmesTempsDE
w_DE_BL_2025_46464,DE_BL,BL,2025,46464,Verbesserung,NN,Verbesserung,DE,lemmesTempsDE
w_DE_BL_2025_46557,DE_BL,BL,2025,46557,Verbesserung,NN,Verbesserung,DE,lemmesTempsDE
w_DE_BL_2025_46580,DE_BL,BL,2025,46580,Verbesserung,NN,Verbesserung,DE,lemmesTempsDE
w_DE_BL_2025_46606,DE_BL,BL,2025,46606,Verbesserung,NN,Verbesserung,DE,lemmesTempsDE
w_DE_BL_2025_47266,DE_BL,BL,2025,47266,Verbesserung,NN,Verbesserung,DE,lemmesTempsDE
w_DE_BL_2025_47417,DE_BL,BL,2025,47417,Verbesserung,NN,Verbesserung,DE,lemmesTempsDE
w_DE_BL_2025_47513,DE_BL,BL,2025,47513,Verbesserung,NN,Verbesserung,DE,lemmesTempsDE
w_DE_BL_2025_48761,DE_BL,BL,2025,48761,Verbesserung,NN,Verbesserung,DE,lemmesTempsDE
w_DE_BL_2025_52947,DE_BL,BL,2025,52947,Verbesserung,NN,Verbesserung,DE,lemmesTempsDE
w_DE_BL_2025_57338,DE_BL,BL,2025,57338,Verbesserung,NN,Verbesserung,DE,lemmesTempsDE
w_DE_BL_2025_62235,DE_BL,BL,2025,62235,Verbesserung,NN,Verbesserung,DE,lemmesTempsDE
w_DE_BE_2012_13230,DE_BE,BE,2012,13230,Verbesserungen,NN,Verbesserung,DE,lemmesTempsDE
w_DE_BE_2012_16363,DE_BE,BE,2012,16363,Verbesserungen,NN,Verbesserung,DE,lemmesTempsDE
w_DE_BE_2012_22411,DE_BE,BE,2012,22411,Verbesserung,NN,Verbesserung,DE,lemmesTempsDE
w_DE_BE_2012_42720,DE_BE,BE,2012,42720,Verbesserungen,NN,Verbesserung,DE,lemmesTempsDE
w_DE_BE_2012_42976,DE_BE,BE,2012,42976,Verbesserungen,NN,Verbesserung,DE,lemmesTempsDE
w_DE_BE_2012_43189,DE_BE,BE,2012,43189,Verbesserungen,NN,Verbesserung,DE,lemmesTempsDE
w_DE_BE_2012_43221,DE_BE,BE,2012,43221,Verbesserungen,NN,Verbesserung,DE,lemmesTempsDE
w_DE_BE_2012_43299,DE_BE,BE,2012,43299,Verbesserungen,NN,Verbesserung,DE,lemmesTempsDE
w_DE_BE_2012_43460,DE_BE,BE,2012,43460,Verbesserung,NN,Verbesserung,DE,lemmesTempsDE
w_DE_BE_2012_48149,DE_BE,BE,2012,48149,Verbesserungen,NN,Verbesserung,DE,lemmesTempsDE
w_DE_BE_2012_51285,DE_BE,BE,2012,51285,Verbesserung,NN,Verbesserung,DE,lemmesTempsDE
w_DE_BE_2012_66878,DE_BE,BE,2012,66878,Verbesserungen,NN,Verbesserung,DE,lemmesTempsDE
w_DE_BE_2012_75024,DE_BE,BE,2012,75024,Verbesserung,NN,Verbesserung,DE,lemmesTempsDE
w_DE_BS_2012_2265,DE_BS,BS,2012,2265,Verbesserung,NN,Verbesserung,DE,lemmesTempsDE
w_DE_BS_2012_6428,DE_BS,BS,2012,6428,Verbesserung,NN,Verbesserung,DE,lemmesTempsDE
w_DE_BS_2012_7746,DE_BS,BS,2012,7746,Verbesserung,NN,Verbesserung,DE,lemmesTempsDE
w_DE_BS_2012_8486,DE_BS,BS,2012,8486,Verbesserung,NN,Verbesserung,DE,lemmesTempsDE
w_DE_BS_2012_13024,DE_BS,BS,2012,13024,Verbesserung,NN,Verbesserung,DE,lemmesTempsDE
w_DE_BS_2012_20835,DE_BS,BS,2012,20835,Verbesserungen,NN,Verbesserung,DE,lemmesTempsDE
w_DE_BS_2012_22629,DE_BS,BS,2012,22629,Verbesserung,NN,Verbesserung,DE,lemmesTempsDE
w_DE_BS_2012_27023,DE_BS,BS,2012,27023,Verbesserungen,NN,Verbesserung,DE,lemmesTempsDE
w_DE_BS_2012_27209,DE_BS,BS,2012,27209,Verbesserung,NN,Verbesserung,DE,lemmesTempsDE
w_DE_BS_2012_27646,DE_BS,BS,2012,27646,Verbesserung,NN,Verbesserung,DE,lemmesTempsDE
w_DE_BS_2012_27767,DE_BS,BS,2012,27767,Verbesserungen,NN,Verbesserung,DE,lemmesTempsDE
w_DE_BS_2012_27781,DE_BS,BS,2012,27781,Verbesserungen,NN,Verbesserung,DE,lemmesTempsDE
w_DE_BS_2012_27951,DE_BS,BS,2012,27951,Verbesserung,NN,Verbesserung,DE,lemmesTempsDE
w_DE_BS_2012_30914,DE_BS,BS,2012,30914,Verbesserung,NN,Verbesserung,DE,lemmesTempsDE
w_DE_BS_2012_35168,DE_BS,BS,2012,35168,Verbesserung,NN,Verbesserung,DE,lemmesTempsDE
w_DE_BS_2012_35311,DE_BS,BS,2012,35311,Verbesserung,NN,Verbesserung,DE,lemmesTempsDE
w_DE_BS_2012_35801,DE_BS,BS,2012,35801,Verbesserung,NN,Verbesserung,DE,lemmesTempsDE
w_DE_BS_2012_36099,DE_BS,BS,2012,36099,Verbesserung,NN,Verbesserung,DE,lemmesTempsDE
w_DE_BS_2012_37138,DE_BS,BS,2012,37138,Verbesserung,NN,Verbesserung,DE,lemmesTempsDE
w_DE_BS_2012_44833,DE_BS,BS,2012,44833,Verbesserung,NN,Verbesserung,DE,lemmesTempsDE
w_DE_BS_2012_45759,DE_BS,BS,2012,45759,Verbesserung,NN,Verbesserung,DE,lemmesTempsDE
w_DE_BS_2012_46132,DE_BS,BS,2012,46132,Verbesserung,NN,Verbesserung,DE,lemmesTempsDE
w_DE_BS_2012_46583,DE_BS,BS,2012,46583,Verbesserung,NN,Verbesserung,DE,lemmesTempsDE
w_DE_BS_2012_49147,DE_BS,BS,2012,49147,Verbesserung,NN,Verbesserung,DE,lemmesTempsDE
w_DE_BS_2012_49983,DE_BS,BS,2012,49983,Verbesserung,NN,Verbesserung,DE,lemmesTempsDE
w_DE_BS_2012_50296,DE_BS,BS,2012,50296,Verbesserung,NN,Verbesserung,DE,lemmesTempsDE
w_DE_BS_2012_51188,DE_BS,BS,2012,51188,Verbesserung,NN,Verbesserung,DE,lemmesTempsDE
w_DE_BS_2012_51444,DE_BS,BS,2012,51444,Verbesserung,NN,Verbesserung,DE,lemmesTempsDE
w_DE_BS_2012_51474,DE_BS,BS,2012,51474,Verbesserung,NN,Verbesserung,DE,lemmesTempsDE
w_DE_BS_2012_51735,DE_BS,BS,2012,51735,Verbesserung,NN,Verbesserung,DE,lemmesTempsDE
w_DE_BS_2012_52428,DE_BS,BS,2012,52428,Verbesserung,NN,Verbesserung,DE,lemmesTempsDE
w_DE_BS_2012_52651,DE_BS,BS,2012,52651,Verbesserung,NN,Verbesserung,DE,lemmesTempsDE
w_DE_BS_2012_53025,DE_BS,BS,2012,53025,Verbesserung,NN,Verbesserung,DE,lemmesTempsDE
w_DE_BS_2012_56816,DE_BS,BS,2012,56816,Verbesserung,NN,Verbesserung,DE,lemmesTempsDE
w_DE_BS_2012_58132,DE_BS,BS,2012,58132,Verbesserung,NN,Verbesserung,DE,lemmesTempsDE
w_DE_BS_2012_58199,DE_BS,BS,2012,58199,Verbesserung,NN,Verbesserung,DE,lemmesTempsDE
w_DE_BS_2012_58216,DE_BS,BS,2012,58216,Verbesserung,NN,Verbesserung,DE,lemmesTempsDE
w_DE_BS_2018_1427,DE_BS,BS,2018,1427,Verbesserung,NN,Verbesserung,DE,lemmesTempsDE
w_DE_BS_2018_6091,DE_BS,BS,2018,6091,Verbesserung,NN,Verbesserung,DE,lemmesTempsDE
w_DE_BS_2018_7681,DE_BS,BS,2018,7681,Verbesserung,NN,Verbesserung,DE,lemmesTempsDE
w_DE_BS_2018_8388,DE_BS,BS,2018,8388,Verbesserung,NN,Verbesserung,DE,lemmesTempsDE
w_DE_BS_2018_10210,DE_BS,BS,2018,10210,Verbesserung,NN,Verbesserung,DE,lemmesTempsDE
w_DE_BS_2018_10541,DE_BS,BS,2018,10541,Verbesserung,NN,Verbesserung,DE,lemmesTempsDE
w_DE_BS_2018_10689,DE_BS,BS,2018,10689,Verbesserung,NN,Verbesserung,DE,lemmesTempsDE
w_DE_BS_2018_10736,DE_BS,BS,2018,10736,Verbesserung,NN,Verbesserung,DE,lemmesTempsDE
w_DE_BS_2018_10770,DE_BS,BS,2018,10770,Verbesserung,NN,Verbesserung,DE,lemmesTempsDE
w_DE_BS_2018_10832,DE_BS,BS,2018,10832,Verbesserungen,NN,Verbesserung,DE,lemmesTempsDE
w_DE_BS_2018_10855,DE_BS,BS,2018,10855,Verbesserung,NN,Verbesserung,DE,lemmesTempsDE
w_DE_BS_2018_10943,DE_BS,BS,2018,10943,Verbesserungen,NN,Verbesserung,DE,lemmesTempsDE
w_DE_BS_2018_13854,DE_BS,BS,2018,13854,Verbesserung,NN,Verbesserung,DE,lemmesTempsDE
w_DE_BS_2018_14102,DE_BS,BS,2018,14102,Verbesserung,NN,Verbesserung,DE,lemmesTempsDE
w_DE_BS_2018_14171,DE_BS,BS,2018,14171,Verbesserung,NN,Verbesserung,DE,lemmesTempsDE
w_DE_BS_2018_14367,DE_BS,BS,2018,14367,Verbesserung,NN,Verbesserung,DE,lemmesTempsDE
w_DE_BS_2018_16099,DE_BS,BS,2018,16099,Verbesserung,NN,Verbesserung,DE,lemmesTempsDE
w_DE_BS_2018_18410,DE_BS,BS,2018,18410,Verbesserungen,NN,Verbesserung,DE,lemmesTempsDE
w_DE_BS_2018_23762,DE_BS,BS,2018,23762,Verbesserung,NN,Verbesserung,DE,lemmesTempsDE
w_DE_BS_2018_26084,DE_BS,BS,2018,26084,Verbesserung,NN,Verbesserung,DE,lemmesTempsDE
w_DE_BS_2018_26109,DE_BS,BS,2018,26109,Verbesserung,NN,Verbesserung,DE,lemmesTempsDE
w_DE_BS_2018_26358,DE_BS,BS,2018,26358,Verbesserung,NN,Verbesserung,DE,lemmesTempsDE
w_DE_BS_2018_32955,DE_BS,BS,2018,32955,Verbesserung,NN,Verbesserung,DE,lemmesTempsDE
w_DE_BS_2018_33242,DE_BS,BS,2018,33242,Verbesserung,NN,Verbesserung,DE,lemmesTempsDE
w_DE_BS_2018_33825,DE_BS,BS,2018,33825,Verbesserung,NN,Verbesserung,DE,lemmesTempsDE
w_DE_BS_2018_34189,DE_BS,BS,2018,34189,Verbesserung,NN,Verbesserung,DE,lemmesTempsDE
w_DE_BS_2018_43751,DE_BS,BS,2018,43751,Verbesserung,NN,Verbesserung,DE,lemmesTempsDE
w_DE_BS_2018_44603,DE_BS,BS,2018,44603,Verbesserung,NN,Verbesserung,DE,lemmesTempsDE
w_DE_BS_2018_44974,DE_BS,BS,2018,44974,Verbesserung,NN,Verbesserung,DE,lemmesTempsDE
w_DE_BS_2018_45491,DE_BS,BS,2018,45491,Verbesserung,NN,Verbesserung,DE,lemmesTempsDE
w_DE_BS_2018_47865,DE_BS,BS,2018,47865,Verbesserung,NN,Verbesserung,DE,lemmesTempsDE
w_DE_BS_2018_48747,DE_BS,BS,2018,48747,Verbesserung,NN,Verbesserung,DE,lemmesTempsDE
w_DE_BS_2018_49089,DE_BS,BS,2018,49089,Verbesserung,NN,Verbesserung,DE,lemmesTempsDE
w_DE_BS_2018_49845,DE_BS,BS,2018,49845,Verbesserung,NN,Verbesserung,DE,lemmesTempsDE
w_DE_BS_2018_50099,DE_BS,BS,2018,50099,Verbesserung,NN,Verbesserung,DE,lemmesTempsDE
w_DE_BS_2018_50129,DE_BS,BS,2018,50129,Verbesserung,NN,Verbesserung,DE,lemmesTempsDE
w_DE_BS_2018_50389,DE_BS,BS,2018,50389,Verbesserung,NN,Verbesserung,DE,lemmesTempsDE
w_DE_BS_2018_51141,DE_BS,BS,2018,51141,Verbesserung,NN,Verbesserung,DE,lemmesTempsDE
w_DE_BS_2018_51353,DE_BS,BS,2018,51353,Verbesserung,NN,Verbesserung,DE,lemmesTempsDE
w_DE_BS_2018_51694,DE_BS,BS,2018,51694,Verbesserung,NN,Verbesserung,DE,lemmesTempsDE
w_DE_BS_2018_55617,DE_BS,BS,2018,55617,Verbesserung,NN,Verbesserung,DE,lemmesTempsDE
w_DE_BS_2018_56947,DE_BS,BS,2018,56947,Verbesserung,NN,Verbesserung,DE,lemmesTempsDE
w_DE_BS_2018_57014,DE_BS,BS,2018,57014,Verbesserung,NN,Verbesserung,DE,lemmesTempsDE
w_DE_BS_2018_57031,DE_BS,BS,2018,57031,Verbesserung,NN,Verbesserung,DE,lemmesTempsDE
w_DE_BS_2018_59222,DE_BS,BS,2018,59222,Verbesserung,NN,Verbesserung,DE,lemmesTempsDE
w_DE_ZH_2020_18573,DE_ZH,ZH,2020,18573,Verbesserung,NN,Verbesserung,DE,lemmesTempsDE
w_DE_ZH_2020_33869,DE_ZH,ZH,2020,33869,Verbesserung,NN,Verbesserung,DE,lemmesTempsDE
w_DE_ZH_2020_35234,DE_ZH,ZH,2020,35234,Verbesserung,NN,Verbesserung,DE,lemmesTempsDE
w_DE_ZH_2020_35387,DE_ZH,ZH,2020,35387,Verbesserung,NN,Verbesserung,DE,lemmesTempsDE
w_DE_ZH_2020_38084,DE_ZH,ZH,2020,38084,Verbesserung,NN,Verbesserung,DE,lemmesTempsDE
w_DE_ZH_2020_38195,DE_ZH,ZH,2020,38195,Verbesserung,NN,Verbesserung,DE,lemmesTempsDE
w_DE_ZH_2020_40654,DE_ZH,ZH,2020,40654,Verbesserungen,NN,Verbesserung,DE,lemmesTempsDE
w_DE_ZH_2020_59220,DE_ZH,ZH,2020,59220,Verbesserung,NN,Verbesserung,DE,lemmesTempsDE
w_DE_ZH_2020_60390,DE_ZH,ZH,2020,60390,Verbesserungen,NN,Verbesserung,DE,lemmesTempsDE
w_DE_ZH_2020_70918,DE_ZH,ZH,2020,70918,Verbesserung,NN,Verbesserung,DE,lemmesTempsDE
w_DE_ZH_2020_70936,DE_ZH,ZH,2020,70936,Verbesserung,NN,Verbesserung,DE,lemmesTempsDE
w_DE_ZH_2020_72445,DE_ZH,ZH,2020,72445,Verbesserung,NN,Verbesserung,DE,lemmesTempsDE
w_DE_ZH_2020_73017,DE_ZH,ZH,2020,73017,Verbesserung,NN,Verbesserung,DE,lemmesTempsDE
w_DE_ZH_2020_73260,DE_ZH,ZH,2020,73260,Verbesserung,NN,Verbesserung,DE,lemmesTempsDE
w_DE_ZH_2020_73955,DE_ZH,ZH,2020,73955,Verbesserung,NN,Verbesserung,DE,lemmesTempsDE
w_DE_ZH_2020_74628,DE_ZH,ZH,2020,74628,Verbesserung,NN,Verbesserung,DE,lemmesTempsDE
w_DE_TG_2018_6821,DE_TG,TG,2018,6821,Verkehrsqualität,NN,Verkehrsqualität,DE,lemmesTempsDE
w_DE_NW_2024_45354,DE_NW,NW,2024,45354,Verkehrsqualität,NN,Verkehrsqualität,DE,lemmesTempsDE
w_DE_NW_2024_45501,DE_NW,NW,2024,45501,Verkehrsqualität,NN,Verkehrsqualität,DE,lemmesTempsDE
w_DE_NW_2024_45542,DE_NW,NW,2024,45542,Verkehrsqualität,NN,Verkehrsqualität,DE,lemmesTempsDE
w_DE_NW_2024_45786,DE_NW,NW,2024,45786,Verkehrsqualität,NN,Verkehrsqualität,DE,lemmesTempsDE
w_DE_LU_2009_39779,DE_LU,LU,2009,39779,Verkehrsqualität,NN,Verkehrsqualität,DE,lemmesTempsDE
w_DE_AI_2017_44612,DE_AI,AI,2017,44612,Verkehrsqualität,NN,Verkehrsqualität,DE,lemmesTempsDE
w_DE_BL_2025_36285,DE_BL,BL,2025,36285,Verkehrsqualität,NN,Verkehrsqualität,DE,lemmesTempsDE
w_DE_ZH_2020_34088,DE_ZH,ZH,2020,34088,Verkehrsqualität,NN,Verkehrsqualität,DE,lemmesTempsDE
w_DE_ZH_2020_34358,DE_ZH,ZH,2020,34358,Verkehrsqualität,NN,Verkehrsqualität,DE,lemmesTempsDE
w_DE_ZH_2020_34897,DE_ZH,ZH,2020,34897,Verkehrsqualität,NN,Verkehrsqualität,DE,lemmesTempsDE
w_DE_TG_2018_32745,DE_TG,TG,2018,32745,Verkehrsüberlastung,NN,Verkehrsüberlastung,DE,lemmesTempsDE
w_DE_AG_2025_65837,DE_AG,AG,2025,65837,Verkehrsüberlastungen,NN,Verkehrsüberlastung,DE,lemmesTempsDE
w_DE_LU_2025_28811,DE_LU,LU,2025,28811,Verkehrsüberlastung,NN,Verkehrsüberlastung,DE,lemmesTempsDE
w_DE_NW_2024_43019,DE_NW,NW,2024,43019,Verkehrsüberlastungen,NN,Verkehrsüberlastung,DE,lemmesTempsDE
w_DE_UR_2023_27844,DE_UR,UR,2023,27844,Verkehrsüberlastung,NN,Verkehrsüberlastung,DE,lemmesTempsDE
w_DE_UR_2023_28063,DE_UR,UR,2023,28063,Verkehrsüberlastung,NN,Verkehrsüberlastung,DE,lemmesTempsDE
w_DE_BS_2019_6533,DE_BS,BS,2019,6533,Verkehrsüberlastung,NN,Verkehrsüberlastung,DE,lemmesTempsDE
w_DE_LU_2009_23167,DE_LU,LU,2009,23167,Verkehrsüberlastungen,NN,Verkehrsüberlastung,DE,lemmesTempsDE
w_DE_LU_2009_39552,DE_LU,LU,2009,39552,Verkehrsüberlastungen,NN,Verkehrsüberlastung,DE,lemmesTempsDE
w_DE_LU_2009_39838,DE_LU,LU,2009,39838,Verkehrsüberlastung,NN,Verkehrsüberlastung,DE,lemmesTempsDE
w_DE_LU_2009_41886,DE_LU,LU,2009,41886,Verkehrsüberlastungen,NN,Verkehrsüberlastung,DE,lemmesTempsDE
w_DE_BS_2025_52143,DE_BS,BS,2025,52143,Verkehrsüberlastung,NN,Verkehrsüberlastung,DE,lemmesTempsDE
w_DE_SH_2021_9493,DE_SH,SH,2021,9493,Verkehrsüberlastungen,NN,Verkehrsüberlastung,DE,lemmesTempsDE
w_DE_BS_2010_60558,DE_BS,BS,2010,60558,Verlangsamung,NN,Verlangsamung,DE,lemmesTempsDE
w_DE_OW_1987_12648,DE_OW,OW,1987,12648,Verlangsamung,NN,Verlangsamung,DE,lemmesTempsDE
w_DE_BL_2025_40931,DE_BL,BL,2025,40931,Verlangsamung,NN,Verlangsamung,DE,lemmesTempsDE
w_DE_AG_2025_70374,DE_AG,AG,2025,70374,Verspätungen,NN,Verspätung,DE,lemmesTempsDE
w_DE_ZG_2004_20460,DE_ZG,ZG,2004,20460,Verspätungen,NN,Verspätung,DE,lemmesTempsDE
w_DE_BS_2010_70012,DE_BS,BS,2010,70012,Verspätungen,NN,Verspätung,DE,lemmesTempsDE
w_DE_BE_2024_37063,DE_BE,BE,2024,37063,Verspätungen,NN,Verspätung,DE,lemmesTempsDE
w_DE_AR_2008_4008,DE_AR,AR,2008,4008,wahrnehmen,VVINF,wahrnehmen,DE,lemmesTempsDE
w_DE_ZG_1987_851,DE_ZG,ZG,1987,851,wahrnehmen,VVINF,wahrnehmen,DE,lemmesTempsDE
w_DE_TG_2018_17350,DE_TG,TG,2018,17350,wahrgenommen,VVPP,wahrnehmen,DE,lemmesTempsDE
w_DE_TG_2018_32678,DE_TG,TG,2018,32678,wahrnehmen,VVINF,wahrnehmen,DE,lemmesTempsDE
w_DE_TG_2018_54183,DE_TG,TG,2018,54183,wahrnehmen,VVINF,wahrnehmen,DE,lemmesTempsDE
w_DE_AG_2025_25009,DE_AG,AG,2025,25009,wahrgenommen,VVPP,wahrnehmen,DE,lemmesTempsDE
w_DE_AG_2025_73251,DE_AG,AG,2025,73251,wahrgenommen,VVPP,wahrnehmen,DE,lemmesTempsDE
w_DE_BE_2010_1942,DE_BE,BE,2010,1942,wahrgenommen,VVPP,wahrnehmen,DE,lemmesTempsDE
w_DE_BE_2010_2257,DE_BE,BE,2010,2257,wahrgenommen,VVPP,wahrnehmen,DE,lemmesTempsDE
w_DE_BE_2010_2621,DE_BE,BE,2010,2621,wahrnehmen,VVINF,wahrnehmen,DE,lemmesTempsDE
w_DE_BE_2010_2635,DE_BE,BE,2010,2635,wahrzunehmen,VVIZU,wahrnehmen,DE,lemmesTempsDE
w_DE_BE_2010_7587,DE_BE,BE,2010,7587,wahrnimmt,VVFIN,wahrnehmen,DE,lemmesTempsDE
w_DE_BE_2010_30241,DE_BE,BE,2010,30241,wahrnehmen,VVINF,wahrnehmen,DE,lemmesTempsDE
w_DE_BE_2010_35754,DE_BE,BE,2010,35754,wahrnehmen,VVFIN,wahrnehmen,DE,lemmesTempsDE
w_DE_BE_2010_65642,DE_BE,BE,2010,65642,wahrnehmen,VVFIN,wahrnehmen,DE,lemmesTempsDE
w_DE_BE_2010_72075,DE_BE,BE,2010,72075,wahrnehmen,VVINF,wahrnehmen,DE,lemmesTempsDE
w_DE_BE_2010_81945,DE_BE,BE,2010,81945,wahrnehmen,VVFIN,wahrnehmen,DE,lemmesTempsDE
w_DE_LU_2025_198,DE_LU,LU,2025,198,wahrzunehmen,VVIZU,wahrnehmen,DE,lemmesTempsDE
w_DE_LU_2025_2432,DE_LU,LU,2025,2432,wahrzunehmen,VVIZU,wahrnehmen,DE,lemmesTempsDE
w_DE_LU_2025_44244,DE_LU,LU,2025,44244,wahrgenommen,VVPP,wahrnehmen,DE,lemmesTempsDE
w_DE_NW_2024_4740,DE_NW,NW,2024,4740,wahrzunehmen,VVIZU,wahrnehmen,DE,lemmesTempsDE
w_DE_NW_2024_44694,DE_NW,NW,2024,44694,wahrnehmen,VVINF,wahrnehmen,DE,lemmesTempsDE
w_DE_NW_2024_46782,DE_NW,NW,2024,46782,wahrnehmen,VVINF,wahrnehmen,DE,lemmesTempsDE
w_DE_NW_2024_48074,DE_NW,NW,2024,48074,wahrnehmen,VVINF,wahrnehmen,DE,lemmesTempsDE
w_DE_SO_2023_8579,DE_SO,SO,2023,8579,wahrnehmen,VVINF,wahrnehmen,DE,lemmesTempsDE
w_DE_OW_2006_12846,DE_OW,OW,2006,12846,wahrgenommen,VVPP,wahrnehmen,DE,lemmesTempsDE
w_DE_UR_2023_3669,DE_UR,UR,2023,3669,wahrnehmen,VVINF,wahrnehmen,DE,lemmesTempsDE
w_DE_GL_2025_3134,DE_GL,GL,2025,3134,wahrnehmen,VVINF,wahrnehmen,DE,lemmesTempsDE
w_DE_GL_2025_24087,DE_GL,GL,2025,24087,wahrnehmen,VVINF,wahrnehmen,DE,lemmesTempsDE
w_DE_BS_2024_23397,DE_BS,BS,2024,23397,wahrzunehmen,VVIZU,wahrnehmen,DE,lemmesTempsDE
w_DE_BS_2024_40125,DE_BS,BS,2024,40125,wahrnimmt,VVFIN,wahrnehmen,DE,lemmesTempsDE
w_DE_BS_2024_40247,DE_BS,BS,2024,40247,wahrnehmen,VVINF,wahrnehmen,DE,lemmesTempsDE
w_DE_BS_2024_41009,DE_BS,BS,2024,41009,wahrnimmt,VVFIN,wahrnehmen,DE,lemmesTempsDE
w_DE_BE_2008_1944,DE_BE,BE,2008,1944,wahrgenommen,VVPP,wahrnehmen,DE,lemmesTempsDE
w_DE_BE_2008_2259,DE_BE,BE,2008,2259,wahrgenommen,VVPP,wahrnehmen,DE,lemmesTempsDE
w_DE_BE_2008_2623,DE_BE,BE,2008,2623,wahrnehmen,VVINF,wahrnehmen,DE,lemmesTempsDE
w_DE_BE_2008_2637,DE_BE,BE,2008,2637,wahrzunehmen,VVIZU,wahrnehmen,DE,lemmesTempsDE
w_DE_BE_2008_7454,DE_BE,BE,2008,7454,wahrnimmt,VVFIN,wahrnehmen,DE,lemmesTempsDE
w_DE_BE_2008_27515,DE_BE,BE,2008,27515,wahrnehmen,VVINF,wahrnehmen,DE,lemmesTempsDE
w_DE_BE_2008_32900,DE_BE,BE,2008,32900,wahrnehmen,VVFIN,wahrnehmen,DE,lemmesTempsDE
w_DE_BE_2008_56994,DE_BE,BE,2008,56994,wahrnehmen,VVFIN,wahrnehmen,DE,lemmesTempsDE
w_DE_BE_2008_69706,DE_BE,BE,2008,69706,wahrnehmen,VVFIN,wahrnehmen,DE,lemmesTempsDE
w_DE_BE_2002_1905,DE_BE,BE,2002,1905,wahrgenommen,VVPP,wahrnehmen,DE,lemmesTempsDE
w_DE_BE_2002_2220,DE_BE,BE,2002,2220,wahrgenommen,VVPP,wahrnehmen,DE,lemmesTempsDE
w_DE_BE_2002_2584,DE_BE,BE,2002,2584,wahrnehmen,VVINF,wahrnehmen,DE,lemmesTempsDE
w_DE_BE_2002_2598,DE_BE,BE,2002,2598,wahrzunehmen,VVIZU,wahrnehmen,DE,lemmesTempsDE
w_DE_BE_2002_7414,DE_BE,BE,2002,7414,wahrnimmt,VVFIN,wahrnehmen,DE,lemmesTempsDE
w_DE_BE_2002_25315,DE_BE,BE,2002,25315,wahrnehmen,VVINF,wahrnehmen,DE,lemmesTempsDE
w_DE_BE_2002_30542,DE_BE,BE,2002,30542,wahrnehmen,VVFIN,wahrnehmen,DE,lemmesTempsDE
w_DE_BE_2002_49114,DE_BE,BE,2002,49114,wahrnehmen,VVFIN,wahrnehmen,DE,lemmesTempsDE
w_DE_BE_2002_55856,DE_BE,BE,2002,55856,wahrzunehmen,VVIZU,wahrnehmen,DE,lemmesTempsDE
w_DE_AR_2002_4379,DE_AR,AR,2002,4379,wahrnehmen,VVINF,wahrnehmen,DE,lemmesTempsDE
w_DE_BS_2010_30052,DE_BS,BS,2010,30052,wahrnehmen,VVINF,wahrnehmen,DE,lemmesTempsDE
w_DE_BS_2010_37848,DE_BS,BS,2010,37848,wahrzunehmen,VVIZU,wahrnehmen,DE,lemmesTempsDE
w_DE_BS_2010_60000,DE_BS,BS,2010,60000,wahrgenommen,VVPP,wahrnehmen,DE,lemmesTempsDE
w_DE_BS_2010_65139,DE_BS,BS,2010,65139,wahrgenommen,VVPP,wahrnehmen,DE,lemmesTempsDE
w_DE_BS_2010_67023,DE_BS,BS,2010,67023,wahrgenommen,VVPP,wahrnehmen,DE,lemmesTempsDE
w_DE_BS_2010_67305,DE_BS,BS,2010,67305,wahrgenommen,VVPP,wahrnehmen,DE,lemmesTempsDE
w_DE_BS_2010_67548,DE_BS,BS,2010,67548,wahrgenommen,VVPP,wahrnehmen,DE,lemmesTempsDE
w_DE_OW_1987_88861,DE_OW,OW,1987,88861,wahrzunehmen,VVIZU,wahrnehmen,DE,lemmesTempsDE
w_DE_LU_2009_5519,DE_LU,LU,2009,5519,wahrnehmen,VVINF,wahrnehmen,DE,lemmesTempsDE
w_DE_LU_2009_5560,DE_LU,LU,2009,5560,wahrzunehmen,VVIZU,wahrnehmen,DE,lemmesTempsDE
w_DE_LU_2009_11170,DE_LU,LU,2009,11170,wahrnehmen,VVINF,wahrnehmen,DE,lemmesTempsDE
w_DE_LU_2009_14472,DE_LU,LU,2009,14472,wahrnehmen,VVINF,wahrnehmen,DE,lemmesTempsDE
w_DE_LU_2009_15070,DE_LU,LU,2009,15070,wahrgenommen,VVPP,wahrnehmen,DE,lemmesTempsDE
w_DE_LU_2009_26863,DE_LU,LU,2009,26863,wahrzunehmen,VVIZU,wahrnehmen,DE,lemmesTempsDE
w_DE_LU_2009_33731,DE_LU,LU,2009,33731,wahrzunehmen,VVIZU,wahrnehmen,DE,lemmesTempsDE
w_DE_SH_2004_27552,DE_SH,SH,2004,27552,wahrnehmen,VVINF,wahrnehmen,DE,lemmesTempsDE
w_DE_SH_2004_29962,DE_SH,SH,2004,29962,wahrnehmen,VVINF,wahrnehmen,DE,lemmesTempsDE
w_DE_SH_2004_49365,DE_SH,SH,2004,49365,wahrgenommen,VVPP,wahrnehmen,DE,lemmesTempsDE
w_DE_SH_2004_57970,DE_SH,SH,2004,57970,wahrnimmt,VVFIN,wahrnehmen,DE,lemmesTempsDE
w_DE_SH_2004_62834,DE_SH,SH,2004,62834,wahrzunehmen,VVIZU,wahrnehmen,DE,lemmesTempsDE
w_DE_SH_2004_64570,DE_SH,SH,2004,64570,wahrzunehmen,VVIZU,wahrnehmen,DE,lemmesTempsDE
w_DE_SH_2004_107491,DE_SH,SH,2004,107491,wahrzunehmen,VVIZU,wahrnehmen,DE,lemmesTempsDE
w_DE_SH_2004_108011,DE_SH,SH,2004,108011,wahrzunehmen,VVIZU,wahrnehmen,DE,lemmesTempsDE
w_DE_BS_2025_23096,DE_BS,BS,2025,23096,wahrnehmen,VVINF,wahrnehmen,DE,lemmesTempsDE
w_DE_BS_2025_35495,DE_BS,BS,2025,35495,wahrzunehmen,VVIZU,wahrnehmen,DE,lemmesTempsDE
w_DE_BS_2025_72753,DE_BS,BS,2025,72753,wahrnimmt,VVFIN,wahrnehmen,DE,lemmesTempsDE
w_DE_BS_2025_72875,DE_BS,BS,2025,72875,wahrnehmen,VVINF,wahrnehmen,DE,lemmesTempsDE
w_DE_BS_2025_73624,DE_BS,BS,2025,73624,wahrnimmt,VVFIN,wahrnehmen,DE,lemmesTempsDE
w_DE_BE_2024_524,DE_BE,BE,2024,524,wahrgenommen,VVPP,wahrnehmen,DE,lemmesTempsDE
w_DE_BE_2024_799,DE_BE,BE,2024,799,wahrgenommen,VVPP,wahrnehmen,DE,lemmesTempsDE
w_DE_BE_2024_1183,DE_BE,BE,2024,1183,wahrzunehmen,VVIZU,wahrnehmen,DE,lemmesTempsDE
w_DE_BE_2024_9259,DE_BE,BE,2024,9259,wahrnehmen,VVINF,wahrnehmen,DE,lemmesTempsDE
w_DE_BE_2024_22923,DE_BE,BE,2024,22923,wahrnehmen,VVINF,wahrnehmen,DE,lemmesTempsDE
w_DE_BE_2024_59464,DE_BE,BE,2024,59464,wahrgenommen,VVPP,wahrnehmen,DE,lemmesTempsDE
w_DE_BE_2024_65514,DE_BE,BE,2024,65514,wahrnehmen,VVINF,wahrnehmen,DE,lemmesTempsDE
w_DE_BE_2004_1905,DE_BE,BE,2004,1905,wahrgenommen,VVPP,wahrnehmen,DE,lemmesTempsDE
w_DE_BE_2004_2220,DE_BE,BE,2004,2220,wahrgenommen,VVPP,wahrnehmen,DE,lemmesTempsDE
w_DE_BE_2004_2584,DE_BE,BE,2004,2584,wahrnehmen,VVINF,wahrnehmen,DE,lemmesTempsDE
w_DE_BE_2004_2598,DE_BE,BE,2004,2598,wahrzunehmen,VVIZU,wahrnehmen,DE,lemmesTempsDE
w_DE_BE_2004_7414,DE_BE,BE,2004,7414,wahrnimmt,VVFIN,wahrnehmen,DE,lemmesTempsDE
w_DE_BE_2004_25313,DE_BE,BE,2004,25313,wahrnehmen,VVINF,wahrnehmen,DE,lemmesTempsDE
w_DE_BE_2004_30540,DE_BE,BE,2004,30540,wahrnehmen,VVFIN,wahrnehmen,DE,lemmesTempsDE
w_DE_BE_2004_50273,DE_BE,BE,2004,50273,wahrnehmen,VVFIN,wahrnehmen,DE,lemmesTempsDE
w_DE_BE_2004_57120,DE_BE,BE,2004,57120,wahrzunehmen,VVIZU,wahrnehmen,DE,lemmesTempsDE
w_DE_AI_2002_9149,DE_AI,AI,2002,9149,wahrgenommen,VVPP,wahrnehmen,DE,lemmesTempsDE
w_DE_BE_2006_1944,DE_BE,BE,2006,1944,wahrgenommen,VVPP,wahrnehmen,DE,lemmesTempsDE
w_DE_BE_2006_2259,DE_BE,BE,2006,2259,wahrgenommen,VVPP,wahrnehmen,DE,lemmesTempsDE
w_DE_BE_2006_2623,DE_BE,BE,2006,2623,wahrnehmen,VVINF,wahrnehmen,DE,lemmesTempsDE
w_DE_BE_2006_2637,DE_BE,BE,2006,2637,wahrzunehmen,VVIZU,wahrnehmen,DE,lemmesTempsDE
w_DE_BE_2006_7453,DE_BE,BE,2006,7453,wahrnimmt,VVFIN,wahrnehmen,DE,lemmesTempsDE
w_DE_BE_2006_27514,DE_BE,BE,2006,27514,wahrnehmen,VVINF,wahrnehmen,DE,lemmesTempsDE
w_DE_BE_2006_32899,DE_BE,BE,2006,32899,wahrnehmen,VVFIN,wahrnehmen,DE,lemmesTempsDE
w_DE_BE_2006_57259,DE_BE,BE,2006,57259,wahrnehmen,VVFIN,wahrnehmen,DE,lemmesTempsDE
w_DE_BE_2006_70068,DE_BE,BE,2006,70068,wahrnehmen,VVFIN,wahrnehmen,DE,lemmesTempsDE
w_DE_BE_2013_1918,DE_BE,BE,2013,1918,wahrgenommen,VVPP,wahrnehmen,DE,lemmesTempsDE
w_DE_BE_2013_2233,DE_BE,BE,2013,2233,wahrgenommen,VVPP,wahrnehmen,DE,lemmesTempsDE
w_DE_BE_2013_2597,DE_BE,BE,2013,2597,wahrnehmen,VVINF,wahrnehmen,DE,lemmesTempsDE
w_DE_BE_2013_2611,DE_BE,BE,2013,2611,wahrzunehmen,VVIZU,wahrnehmen,DE,lemmesTempsDE
w_DE_BE_2013_7563,DE_BE,BE,2013,7563,wahrnimmt,VVFIN,wahrnehmen,DE,lemmesTempsDE
w_DE_BE_2013_30213,DE_BE,BE,2013,30213,wahrnehmen,VVINF,wahrnehmen,DE,lemmesTempsDE
w_DE_BE_2013_62749,DE_BE,BE,2013,62749,wahrnehmen,VVFIN,wahrnehmen,DE,lemmesTempsDE
w_DE_BE_2013_67417,DE_BE,BE,2013,67417,wahrnehmen,VVINF,wahrnehmen,DE,lemmesTempsDE
w_DE_AG_1996_3913,DE_AG,AG,1996,3913,wahrnehmen,VVINF,wahrnehmen,DE,lemmesTempsDE
w_DE_AR_2012_4131,DE_AR,AR,2012,4131,wahrnehmen,VVINF,wahrnehmen,DE,lemmesTempsDE
w_DE_AR_2025_10305,DE_AR,AR,2025,10305,wahrgenommen,VVPP,wahrnehmen,DE,lemmesTempsDE
w_DE_AR_2025_23698,DE_AR,AR,2025,23698,wahrgenommen,VVPP,wahrnehmen,DE,lemmesTempsDE
w_DE_BL_2025_13010,DE_BL,BL,2025,13010,wahrzunehmen,VVIZU,wahrnehmen,DE,lemmesTempsDE
w_DE_BL_2025_31739,DE_BL,BL,2025,31739,wahrnehmen,VVINF,wahrnehmen,DE,lemmesTempsDE
w_DE_BE_2012_1953,DE_BE,BE,2012,1953,wahrgenommen,VVPP,wahrnehmen,DE,lemmesTempsDE
w_DE_BE_2012_2268,DE_BE,BE,2012,2268,wahrgenommen,VVPP,wahrnehmen,DE,lemmesTempsDE
w_DE_BE_2012_2632,DE_BE,BE,2012,2632,wahrnehmen,VVINF,wahrnehmen,DE,lemmesTempsDE
w_DE_BE_2012_2646,DE_BE,BE,2012,2646,wahrzunehmen,VVIZU,wahrnehmen,DE,lemmesTempsDE
w_DE_BE_2012_7598,DE_BE,BE,2012,7598,wahrnimmt,VVFIN,wahrnehmen,DE,lemmesTempsDE
w_DE_BE_2012_30248,DE_BE,BE,2012,30248,wahrnehmen,VVINF,wahrnehmen,DE,lemmesTempsDE
w_DE_BE_2012_35761,DE_BE,BE,2012,35761,wahrnehmen,VVFIN,wahrnehmen,DE,lemmesTempsDE
w_DE_BE_2012_65675,DE_BE,BE,2012,65675,wahrnehmen,VVFIN,wahrnehmen,DE,lemmesTempsDE
w_DE_BE_2012_72108,DE_BE,BE,2012,72108,wahrnehmen,VVINF,wahrnehmen,DE,lemmesTempsDE
w_DE_BE_2012_81978,DE_BE,BE,2012,81978,wahrnehmen,VVFIN,wahrnehmen,DE,lemmesTempsDE
w_DE_BS_2012_32970,DE_BS,BS,2012,32970,wahrnehmen,VVINF,wahrnehmen,DE,lemmesTempsDE
w_DE_BS_2012_41076,DE_BS,BS,2012,41076,wahrzunehmen,VVIZU,wahrnehmen,DE,lemmesTempsDE
w_DE_BS_2018_25398,DE_BS,BS,2018,25398,wahrnehmen,VVINF,wahrnehmen,DE,lemmesTempsDE
w_DE_BS_2018_38621,DE_BS,BS,2018,38621,wahrzunehmen,VVIZU,wahrnehmen,DE,lemmesTempsDE
w_DE_BS_2018_59550,DE_BS,BS,2018,59550,wahrnimmt,VVFIN,wahrnehmen,DE,lemmesTempsDE
w_DE_BS_2018_60207,DE_BS,BS,2018,60207,wahrnimmt,VVFIN,wahrnehmen,DE,lemmesTempsDE
w_DE_TG_2018_7199,DE_TG,TG,2018,7199,Wahrnehmung,NN,Wahrnehmung,DE,lemmesTempsDE
w_DE_AG_2025_26897,DE_AG,AG,2025,26897,Wahrnehmung,NN,Wahrnehmung,DE,lemmesTempsDE
w_DE_BE_2010_1722,DE_BE,BE,2010,1722,Wahrnehmung,NN,Wahrnehmung,DE,lemmesTempsDE
w_DE_BE_2010_2811,DE_BE,BE,2010,2811,Wahrnehmung,NN,Wahrnehmung,DE,lemmesTempsDE
w_DE_BE_2008_1724,DE_BE,BE,2008,1724,Wahrnehmung,NN,Wahrnehmung,DE,lemmesTempsDE
w_DE_BE_2008_2813,DE_BE,BE,2008,2813,Wahrnehmung,NN,Wahrnehmung,DE,lemmesTempsDE
w_DE_BE_2002_1685,DE_BE,BE,2002,1685,Wahrnehmung,NN,Wahrnehmung,DE,lemmesTempsDE
w_DE_BE_2002_2774,DE_BE,BE,2002,2774,Wahrnehmung,NN,Wahrnehmung,DE,lemmesTempsDE
w_DE_BS_2010_65874,DE_BS,BS,2010,65874,Wahrnehmung,NN,Wahrnehmung,DE,lemmesTempsDE
w_DE_SH_2004_115017,DE_SH,SH,2004,115017,Wahrnehmung,NN,Wahrnehmung,DE,lemmesTempsDE
w_DE_SH_2004_115652,DE_SH,SH,2004,115652,Wahrnehmung,NN,Wahrnehmung,DE,lemmesTempsDE
w_DE_SH_2004_115704,DE_SH,SH,2004,115704,Wahrnehmung,NN,Wahrnehmung,DE,lemmesTempsDE
w_DE_BE_2024_1954,DE_BE,BE,2024,1954,Wahrnehmung,NN,Wahrnehmung,DE,lemmesTempsDE
w_DE_BE_2004_1685,DE_BE,BE,2004,1685,Wahrnehmung,NN,Wahrnehmung,DE,lemmesTempsDE
w_DE_BE_2004_2774,DE_BE,BE,2004,2774,Wahrnehmung,NN,Wahrnehmung,DE,lemmesTempsDE
w_DE_BE_2006_1724,DE_BE,BE,2006,1724,Wahrnehmung,NN,Wahrnehmung,DE,lemmesTempsDE
w_DE_BE_2006_2813,DE_BE,BE,2006,2813,Wahrnehmung,NN,Wahrnehmung,DE,lemmesTempsDE
w_DE_BE_2013_1698,DE_BE,BE,2013,1698,Wahrnehmung,NN,Wahrnehmung,DE,lemmesTempsDE
w_DE_BE_2013_2787,DE_BE,BE,2013,2787,Wahrnehmung,NN,Wahrnehmung,DE,lemmesTempsDE
w_DE_BE_2012_1733,DE_BE,BE,2012,1733,Wahrnehmung,NN,Wahrnehmung,DE,lemmesTempsDE
w_DE_BE_2012_2822,DE_BE,BE,2012,2822,Wahrnehmung,NN,Wahrnehmung,DE,lemmesTempsDE
w_DE_ZH_2020_60253,DE_ZH,ZH,2020,60253,Wahrnehmung,NN,Wahrnehmung,DE,lemmesTempsDE
w_DE_ZG_1987_17182,DE_ZG,ZG,1987,17182,Zahlungen,NN,Zahlung,DE,lemmesTempsDE
w_DE_ZG_1987_33274,DE_ZG,ZG,1987,33274,Zahlungen,NN,Zahlung,DE,lemmesTempsDE
w_DE_AR_2008_200,DE_AR,AR,2008,200,Zeit,NN,Zeit,DE,lemmesTempsDE
w_DE_AR_2008_11492,DE_AR,AR,2008,11492,Zeit,NN,Zeit,DE,lemmesTempsDE
w_DE_AR_2008_12737,DE_AR,AR,2008,12737,Zeit,NN,Zeit,DE,lemmesTempsDE
w_DE_AR_2008_14274,DE_AR,AR,2008,14274,Zeit,NN,Zeit,DE,lemmesTempsDE
w_DE_AR_2008_14700,DE_AR,AR,2008,14700,Zeit,NN,Zeit,DE,lemmesTempsDE
w_DE_AR_2008_15099,DE_AR,AR,2008,15099,Zeit,NN,Zeit,DE,lemmesTempsDE
w_DE_AR_2008_26948,DE_AR,AR,2008,26948,Zeit,NN,Zeit,DE,lemmesTempsDE
w_DE_AR_2008_28651,DE_AR,AR,2008,28651,Zeit,NN,Zeit,DE,lemmesTempsDE
w_DE_AR_2008_31843,DE_AR,AR,2008,31843,Zeit,NN,Zeit,DE,lemmesTempsDE
w_DE_ZG_1987_1156,DE_ZG,ZG,1987,1156,Zeit,NN,Zeit,DE,lemmesTempsDE
w_DE_ZG_1987_8588,DE_ZG,ZG,1987,8588,Zeit,NN,Zeit,DE,lemmesTempsDE
w_DE_ZG_1987_13464,DE_ZG,ZG,1987,13464,Zeit,NN,Zeit,DE,lemmesTempsDE
w_DE_ZG_1987_17528,DE_ZG,ZG,1987,17528,Zeit,NN,Zeit,DE,lemmesTempsDE
w_DE_ZG_1987_18673,DE_ZG,ZG,1987,18673,Zeit,NN,Zeit,DE,lemmesTempsDE
w_DE_ZG_1987_19430,DE_ZG,ZG,1987,19430,Zeit,NN,Zeit,DE,lemmesTempsDE
w_DE_ZG_1987_21873,DE_ZG,ZG,1987,21873,Zeit,NN,Zeit,DE,lemmesTempsDE
w_DE_ZG_1987_24129,DE_ZG,ZG,1987,24129,Zeit,NN,Zeit,DE,lemmesTempsDE
w_DE_ZG_1987_31079,DE_ZG,ZG,1987,31079,Zeiten,NN,Zeit,DE,lemmesTempsDE
w_DE_TG_2018_5970,DE_TG,TG,2018,5970,Zeit,NN,Zeit,DE,lemmesTempsDE
w_DE_TG_2018_25087,DE_TG,TG,2018,25087,Zeit,NN,Zeit,DE,lemmesTempsDE
w_DE_TG_2018_28485,DE_TG,TG,2018,28485,Zeit,NN,Zeit,DE,lemmesTempsDE
w_DE_AG_2025_38092,DE_AG,AG,2025,38092,Zeit,NN,Zeit,DE,lemmesTempsDE
w_DE_AG_2025_38578,DE_AG,AG,2025,38578,Zeiten,NN,Zeit,DE,lemmesTempsDE
w_DE_AG_2025_62733,DE_AG,AG,2025,62733,Zeit,NN,Zeit,DE,lemmesTempsDE
w_DE_AG_2025_70341,DE_AG,AG,2025,70341,Zeit,NN,Zeit,DE,lemmesTempsDE
w_DE_AG_2025_90204,DE_AG,AG,2025,90204,Zeit,NN,Zeit,DE,lemmesTempsDE
w_DE_BS_1986_2829,DE_BS,BS,1986,2829,Zeit,NN,Zeit,DE,lemmesTempsDE
w_DE_BS_1986_13618,DE_BS,BS,1986,13618,Zeit,NN,Zeit,DE,lemmesTempsDE
w_DE_BS_1986_18547,DE_BS,BS,1986,18547,Zeit,NN,Zeit,DE,lemmesTempsDE
w_DE_BS_1986_29555,DE_BS,BS,1986,29555,Zeit,NN,Zeit,DE,lemmesTempsDE
w_DE_BS_1986_31556,DE_BS,BS,1986,31556,Zeit,NN,Zeit,DE,lemmesTempsDE
w_DE_BS_1986_32909,DE_BS,BS,1986,32909,Zeit,NN,Zeit,DE,lemmesTempsDE
w_DE_BS_1986_33593,DE_BS,BS,1986,33593,Zeit,NN,Zeit,DE,lemmesTempsDE
w_DE_BS_1986_34452,DE_BS,BS,1986,34452,Zeit,NN,Zeit,DE,lemmesTempsDE
w_DE_BS_1986_35725,DE_BS,BS,1986,35725,Zeit,NN,Zeit,DE,lemmesTempsDE
w_DE_BS_1986_37296,DE_BS,BS,1986,37296,Zeit,NN,Zeit,DE,lemmesTempsDE
w_DE_BS_1986_37518,DE_BS,BS,1986,37518,Zeit,NN,Zeit,DE,lemmesTempsDE
w_DE_BS_1986_38254,DE_BS,BS,1986,38254,Zeit,NN,Zeit,DE,lemmesTempsDE
w_DE_BS_1986_45679,DE_BS,BS,1986,45679,Zeiten,NN,Zeit,DE,lemmesTempsDE
w_DE_BE_2010_7485,DE_BE,BE,2010,7485,Zeiten,NN,Zeit,DE,lemmesTempsDE
w_DE_BE_2010_13043,DE_BE,BE,2010,13043,Zeit,NN,Zeit,DE,lemmesTempsDE
w_DE_BE_2010_16777,DE_BE,BE,2010,16777,Zeit,NN,Zeit,DE,lemmesTempsDE
w_DE_BE_2010_31225,DE_BE,BE,2010,31225,Zeit,NN,Zeit,DE,lemmesTempsDE
w_DE_BE_2010_33316,DE_BE,BE,2010,33316,Zeit,NN,Zeit,DE,lemmesTempsDE
w_DE_BE_2010_47842,DE_BE,BE,2010,47842,Zeiten,NN,Zeit,DE,lemmesTempsDE
w_DE_BE_2010_48059,DE_BE,BE,2010,48059,Zeiten,NN,Zeit,DE,lemmesTempsDE
w_DE_BE_2010_59011,DE_BE,BE,2010,59011,Zeit,NN,Zeit,DE,lemmesTempsDE
w_DE_BE_2010_67233,DE_BE,BE,2010,67233,Zeit,NN,Zeit,DE,lemmesTempsDE
w_DE_BE_2010_67239,DE_BE,BE,2010,67239,Zeit,NN,Zeit,DE,lemmesTempsDE
w_DE_BE_2010_67245,DE_BE,BE,2010,67245,Zeit,NN,Zeit,DE,lemmesTempsDE
w_DE_BE_2010_67251,DE_BE,BE,2010,67251,Zeit,NN,Zeit,DE,lemmesTempsDE
w_DE_AR_1987_3680,DE_AR,AR,1987,3680,Zeit,NN,Zeit,DE,lemmesTempsDE
w_DE_AR_1987_10285,DE_AR,AR,1987,10285,Zeit,NN,Zeit,DE,lemmesTempsDE
w_DE_AR_1987_11216,DE_AR,AR,1987,11216,Zeit,NN,Zeit,DE,lemmesTempsDE
w_DE_AR_1987_12097,DE_AR,AR,1987,12097,Zeit,NN,Zeit,DE,lemmesTempsDE
w_DE_AR_1987_12220,DE_AR,AR,1987,12220,Zeit,NN,Zeit,DE,lemmesTempsDE
w_DE_AR_1987_13212,DE_AR,AR,1987,13212,Zeit,NN,Zeit,DE,lemmesTempsDE
w_DE_AR_1987_13408,DE_AR,AR,1987,13408,Zeit,NN,Zeit,DE,lemmesTempsDE
w_DE_AR_1987_13909,DE_AR,AR,1987,13909,Zeit,NN,Zeit,DE,lemmesTempsDE
w_DE_AR_1987_13971,DE_AR,AR,1987,13971,Zeit,NN,Zeit,DE,lemmesTempsDE
w_DE_AR_1987_16635,DE_AR,AR,1987,16635,Zeit,NN,Zeit,DE,lemmesTempsDE
w_DE_AR_1987_16875,DE_AR,AR,1987,16875,Zeit,NN,Zeit,DE,lemmesTempsDE
w_DE_AR_1987_16937,DE_AR,AR,1987,16937,Zeit,NN,Zeit,DE,lemmesTempsDE
w_DE_AR_1987_17225,DE_AR,AR,1987,17225,Zeit,NN,Zeit,DE,lemmesTempsDE
w_DE_AR_1987_17997,DE_AR,AR,1987,17997,Zeit,NN,Zeit,DE,lemmesTempsDE
w_DE_AR_1987_18298,DE_AR,AR,1987,18298,Zeit,NN,Zeit,DE,lemmesTempsDE
w_DE_AR_1987_18516,DE_AR,AR,1987,18516,Zeit,NN,Zeit,DE,lemmesTempsDE
w_DE_AR_1987_18642,DE_AR,AR,1987,18642,Zeit,NN,Zeit,DE,lemmesTempsDE
w_DE_AR_1987_18733,DE_AR,AR,1987,18733,Zeit,NN,Zeit,DE,lemmesTempsDE
w_DE_AR_1987_19655,DE_AR,AR,1987,19655,Zeit,NN,Zeit,DE,lemmesTempsDE
w_DE_AR_1987_19821,DE_AR,AR,1987,19821,Zeit,NN,Zeit,DE,lemmesTempsDE
w_DE_AR_1987_21005,DE_AR,AR,1987,21005,Zeit,NN,Zeit,DE,lemmesTempsDE
w_DE_AR_1987_21364,DE_AR,AR,1987,21364,Zeit,NN,Zeit,DE,lemmesTempsDE
w_DE_AR_1987_24914,DE_AR,AR,1987,24914,Zeit,NN,Zeit,DE,lemmesTempsDE
w_DE_AR_1987_27145,DE_AR,AR,1987,27145,Zeit,NN,Zeit,DE,lemmesTempsDE
w_DE_AR_1987_27622,DE_AR,AR,1987,27622,Zeit,NN,Zeit,DE,lemmesTempsDE
w_DE_AR_1987_28687,DE_AR,AR,1987,28687,Zeit,NN,Zeit,DE,lemmesTempsDE
w_DE_AR_1987_37588,DE_AR,AR,1987,37588,Zeit,NN,Zeit,DE,lemmesTempsDE
w_DE_AR_1987_38151,DE_AR,AR,1987,38151,Zeit,NN,Zeit,DE,lemmesTempsDE
w_DE_AR_1987_39594,DE_AR,AR,1987,39594,Zeit,NN,Zeit,DE,lemmesTempsDE
w_DE_AR_1987_40403,DE_AR,AR,1987,40403,Zeit,NN,Zeit,DE,lemmesTempsDE
w_DE_AR_1987_42579,DE_AR,AR,1987,42579,Zeit,NN,Zeit,DE,lemmesTempsDE
w_DE_AR_1987_42744,DE_AR,AR,1987,42744,Zeit,NN,Zeit,DE,lemmesTempsDE
w_DE_AR_1987_43549,DE_AR,AR,1987,43549,Zeit,NN,Zeit,DE,lemmesTempsDE
w_DE_AR_1987_45185,DE_AR,AR,1987,45185,Zeit,NN,Zeit,DE,lemmesTempsDE
w_DE_AR_1987_46341,DE_AR,AR,1987,46341,Zeit,NN,Zeit,DE,lemmesTempsDE
w_DE_AR_1987_56654,DE_AR,AR,1987,56654,Zeit,NN,Zeit,DE,lemmesTempsDE
w_DE_LU_2025_44009,DE_LU,LU,2025,44009,Zeit,NN,Zeit,DE,lemmesTempsDE
w_DE_NW_2024_4297,DE_NW,NW,2024,4297,Zeit,NN,Zeit,DE,lemmesTempsDE
w_DE_NW_2024_6495,DE_NW,NW,2024,6495,Zeit,NN,Zeit,DE,lemmesTempsDE
w_DE_NW_2024_35083,DE_NW,NW,2024,35083,Zeit,NN,Zeit,DE,lemmesTempsDE
w_DE_NW_2024_35187,DE_NW,NW,2024,35187,Zeit,NN,Zeit,DE,lemmesTempsDE
w_DE_NW_2024_40565,DE_NW,NW,2024,40565,Zeit,NN,Zeit,DE,lemmesTempsDE
w_DE_NW_2024_47942,DE_NW,NW,2024,47942,Zeit,NN,Zeit,DE,lemmesTempsDE
w_DE_NW_2024_48764,DE_NW,NW,2024,48764,Zeit,NN,Zeit,DE,lemmesTempsDE
w_DE_NW_2024_55486,DE_NW,NW,2024,55486,Zeit,NN,Zeit,DE,lemmesTempsDE
w_DE_NW_2024_56763,DE_NW,NW,2024,56763,Zeit,NN,Zeit,DE,lemmesTempsDE
w_DE_NW_2024_58483,DE_NW,NW,2024,58483,Zeit,NN,Zeit,DE,lemmesTempsDE
w_DE_NW_2024_58584,DE_NW,NW,2024,58584,Zeit,NN,Zeit,DE,lemmesTempsDE
w_DE_NW_2024_63791,DE_NW,NW,2024,63791,Zeit,NN,Zeit,DE,lemmesTempsDE
w_DE_NW_2024_66328,DE_NW,NW,2024,66328,Zeit,NN,Zeit,DE,lemmesTempsDE
w_DE_NW_2024_68959,DE_NW,NW,2024,68959,Zeit,NN,Zeit,DE,lemmesTempsDE
w_DE_AI_2011_4899,DE_AI,AI,2011,4899,Zeit,NN,Zeit,DE,lemmesTempsDE
w_DE_AI_2011_29214,DE_AI,AI,2011,29214,Zeit,NN,Zeit,DE,lemmesTempsDE
w_DE_AI_2011_30298,DE_AI,AI,2011,30298,Zeit,NN,Zeit,DE,lemmesTempsDE
w_DE_SZ_1986_3431,DE_SZ,SZ,1986,3431,Zeit,NN,Zeit,DE,lemmesTempsDE
w_DE_SZ_1986_4812,DE_SZ,SZ,1986,4812,Zeit,NN,Zeit,DE,lemmesTempsDE
w_DE_SZ_1986_4835,DE_SZ,SZ,1986,4835,Zeit,NN,Zeit,DE,lemmesTempsDE
w_DE_SZ_1986_9527,DE_SZ,SZ,1986,9527,Zeit,NN,Zeit,DE,lemmesTempsDE
w_DE_SZ_1986_12449,DE_SZ,SZ,1986,12449,Zeit,NN,Zeit,DE,lemmesTempsDE
w_DE_SZ_1986_17323,DE_SZ,SZ,1986,17323,Zeit,NN,Zeit,DE,lemmesTempsDE
w_DE_SZ_1986_17460,DE_SZ,SZ,1986,17460,Zeit,NN,Zeit,DE,lemmesTempsDE
w_DE_SZ_1986_21477,DE_SZ,SZ,1986,21477,Zeit,NN,Zeit,DE,lemmesTempsDE
w_DE_SZ_1986_25284,DE_SZ,SZ,1986,25284,Zeiten,NN,Zeit,DE,lemmesTempsDE
w_DE_SZ_1986_27133,DE_SZ,SZ,1986,27133,Zeit,NN,Zeit,DE,lemmesTempsDE
w_DE_SZ_1986_31705,DE_SZ,SZ,1986,31705,Zeit,NN,Zeit,DE,lemmesTempsDE
w_DE_SZ_1986_41439,DE_SZ,SZ,1986,41439,Zeit,NN,Zeit,DE,lemmesTempsDE
w_DE_SZ_1986_41626,DE_SZ,SZ,1986,41626,Zeit,NN,Zeit,DE,lemmesTempsDE
w_DE_SZ_1986_42779,DE_SZ,SZ,1986,42779,Zeit,NN,Zeit,DE,lemmesTempsDE
w_DE_SZ_1986_43698,DE_SZ,SZ,1986,43698,Zeit,NN,Zeit,DE,lemmesTempsDE
w_DE_SZ_1986_45155,DE_SZ,SZ,1986,45155,Zeit,NN,Zeit,DE,lemmesTempsDE
w_DE_SO_2023_24,DE_SO,SO,2023,24,Zeit,NN,Zeit,DE,lemmesTempsDE
w_DE_SO_2023_20627,DE_SO,SO,2023,20627,Zeit,NN,Zeit,DE,lemmesTempsDE
w_DE_SO_2023_21062,DE_SO,SO,2023,21062,Zeit,NN,Zeit,DE,lemmesTempsDE
w_DE_SO_2023_32426,DE_SO,SO,2023,32426,Zeiten,NN,Zeit,DE,lemmesTempsDE
w_DE_SO_2023_49297,DE_SO,SO,2023,49297,Zeit,NN,Zeit,DE,lemmesTempsDE
w_DE_SO_2023_53432,DE_SO,SO,2023,53432,Zeit,NN,Zeit,DE,lemmesTempsDE
w_DE_SO_2023_59349,DE_SO,SO,2023,59349,Zeit,NN,Zeit,DE,lemmesTempsDE
w_DE_OW_2006_2977,DE_OW,OW,2006,2977,Zeit,NN,Zeit,DE,lemmesTempsDE
w_DE_OW_2006_6223,DE_OW,OW,2006,6223,Zeit,NN,Zeit,DE,lemmesTempsDE
w_DE_OW_2006_6857,DE_OW,OW,2006,6857,Zeit,NN,Zeit,DE,lemmesTempsDE
w_DE_OW_2006_7802,DE_OW,OW,2006,7802,Zeit,NN,Zeit,DE,lemmesTempsDE
w_DE_OW_2006_9129,DE_OW,OW,2006,9129,Zeit,NN,Zeit,DE,lemmesTempsDE
w_DE_OW_2006_10675,DE_OW,OW,2006,10675,Zeit,NN,Zeit,DE,lemmesTempsDE
w_DE_OW_2006_21029,DE_OW,OW,2006,21029,Zeit,NN,Zeit,DE,lemmesTempsDE
w_DE_OW_2006_26688,DE_OW,OW,2006,26688,Zeit,NN,Zeit,DE,lemmesTempsDE
w_DE_UR_2023_19135,DE_UR,UR,2023,19135,Zeit,NN,Zeit,DE,lemmesTempsDE
w_DE_UR_2023_45131,DE_UR,UR,2023,45131,Zeit,NN,Zeit,DE,lemmesTempsDE
w_DE_UR_2023_47014,DE_UR,UR,2023,47014,Zeit,NN,Zeit,DE,lemmesTempsDE
w_DE_UR_2023_48187,DE_UR,UR,2023,48187,Zeit,NN,Zeit,DE,lemmesTempsDE
w_DE_UR_2023_55017,DE_UR,UR,2023,55017,Zeit,NN,Zeit,DE,lemmesTempsDE
w_DE_GL_2025_39809,DE_GL,GL,2025,39809,Zeit,NN,Zeit,DE,lemmesTempsDE
w_DE_GL_2025_44122,DE_GL,GL,2025,44122,Zeit,NN,Zeit,DE,lemmesTempsDE
w_DE_SZ_2008_10938,DE_SZ,SZ,2008,10938,Zeit,NN,Zeit,DE,lemmesTempsDE
w_DE_SZ_2008_15716,DE_SZ,SZ,2008,15716,Zeit,NN,Zeit,DE,lemmesTempsDE
w_DE_SZ_2008_22208,DE_SZ,SZ,2008,22208,Zeit,NN,Zeit,DE,lemmesTempsDE
w_DE_BS_2024_2169,DE_BS,BS,2024,2169,Zeit,NN,Zeit,DE,lemmesTempsDE
w_DE_BS_2024_2885,DE_BS,BS,2024,2885,Zeit,NN,Zeit,DE,lemmesTempsDE
w_DE_BS_2024_19706,DE_BS,BS,2024,19706,Zeit,NN,Zeit,DE,lemmesTempsDE
w_DE_BS_2024_31965,DE_BS,BS,2024,31965,Zeiten,NN,Zeit,DE,lemmesTempsDE
w_DE_BS_2024_34793,DE_BS,BS,2024,34793,Zeit,NN,Zeit,DE,lemmesTempsDE
w_DE_BS_2024_39642,DE_BS,BS,2024,39642,Zeiten,NN,Zeit,DE,lemmesTempsDE
w_DE_BS_2024_41645,DE_BS,BS,2024,41645,Zeit,NN,Zeit,DE,lemmesTempsDE
w_DE_ZG_2004_2800,DE_ZG,ZG,2004,2800,Zeit,NN,Zeit,DE,lemmesTempsDE
w_DE_ZG_2004_24150,DE_ZG,ZG,2004,24150,Zeit,NN,Zeit,DE,lemmesTempsDE
w_DE_ZG_2004_25453,DE_ZG,ZG,2004,25453,Zeit,NN,Zeit,DE,lemmesTempsDE
w_DE_ZG_2004_30013,DE_ZG,ZG,2004,30013,Zeit,NN,Zeit,DE,lemmesTempsDE
w_DE_ZG_2004_30050,DE_ZG,ZG,2004,30050,Zeit,NN,Zeit,DE,lemmesTempsDE
w_DE_ZG_2004_30358,DE_ZG,ZG,2004,30358,Zeit,NN,Zeit,DE,lemmesTempsDE
w_DE_ZG_2004_33333,DE_ZG,ZG,2004,33333,Zeit,NN,Zeit,DE,lemmesTempsDE
w_DE_BE_2008_7358,DE_BE,BE,2008,7358,Zeiten,NN,Zeit,DE,lemmesTempsDE
w_DE_BE_2008_15131,DE_BE,BE,2008,15131,Zeit,NN,Zeit,DE,lemmesTempsDE
w_DE_BE_2008_28461,DE_BE,BE,2008,28461,Zeit,NN,Zeit,DE,lemmesTempsDE
w_DE_BE_2008_30587,DE_BE,BE,2008,30587,Zeit,NN,Zeit,DE,lemmesTempsDE
w_DE_BE_2008_42280,DE_BE,BE,2008,42280,Zeit,NN,Zeit,DE,lemmesTempsDE
w_DE_BE_2008_44884,DE_BE,BE,2008,44884,Zeiten,NN,Zeit,DE,lemmesTempsDE
w_DE_BE_2008_58435,DE_BE,BE,2008,58435,Zeit,NN,Zeit,DE,lemmesTempsDE
w_DE_BE_2008_58441,DE_BE,BE,2008,58441,Zeit,NN,Zeit,DE,lemmesTempsDE
w_DE_BE_2008_58447,DE_BE,BE,2008,58447,Zeit,NN,Zeit,DE,lemmesTempsDE
w_DE_BE_2008_58453,DE_BE,BE,2008,58453,Zeit,NN,Zeit,DE,lemmesTempsDE
w_DE_BE_2008_63439,DE_BE,BE,2008,63439,Zeit,NN,Zeit,DE,lemmesTempsDE
w_DE_BE_2002_7318,DE_BE,BE,2002,7318,Zeiten,NN,Zeit,DE,lemmesTempsDE
w_DE_BE_2002_14362,DE_BE,BE,2002,14362,Zeit,NN,Zeit,DE,lemmesTempsDE
w_DE_BE_2002_26222,DE_BE,BE,2002,26222,Zeit,NN,Zeit,DE,lemmesTempsDE
w_DE_BE_2002_28303,DE_BE,BE,2002,28303,Zeit,NN,Zeit,DE,lemmesTempsDE
w_DE_BE_2002_56318,DE_BE,BE,2002,56318,Zeit,NN,Zeit,DE,lemmesTempsDE
w_DE_BE_2002_58951,DE_BE,BE,2002,58951,Zeit,NN,Zeit,DE,lemmesTempsDE
w_DE_BE_2002_66424,DE_BE,BE,2002,66424,Zeit,NN,Zeit,DE,lemmesTempsDE
w_DE_BE_2002_67481,DE_BE,BE,2002,67481,Zeit,NN,Zeit,DE,lemmesTempsDE
w_DE_SZ_2004_4405,DE_SZ,SZ,2004,4405,Zeit,NN,Zeit,DE,lemmesTempsDE
w_DE_SZ_2004_7862,DE_SZ,SZ,2004,7862,Zeit,NN,Zeit,DE,lemmesTempsDE
w_DE_SZ_2004_8162,DE_SZ,SZ,2004,8162,Zeit,NN,Zeit,DE,lemmesTempsDE
w_DE_AR_2002_719,DE_AR,AR,2002,719,Zeit,NN,Zeit,DE,lemmesTempsDE
w_DE_AR_2002_11946,DE_AR,AR,2002,11946,Zeit,NN,Zeit,DE,lemmesTempsDE
w_DE_AR_2002_12813,DE_AR,AR,2002,12813,Zeit,NN,Zeit,DE,lemmesTempsDE
w_DE_AR_2002_13917,DE_AR,AR,2002,13917,Zeit,NN,Zeit,DE,lemmesTempsDE
w_DE_AR_2002_15440,DE_AR,AR,2002,15440,Zeit,NN,Zeit,DE,lemmesTempsDE
w_DE_AR_2002_15855,DE_AR,AR,2002,15855,Zeit,NN,Zeit,DE,lemmesTempsDE
w_DE_AR_2002_16261,DE_AR,AR,2002,16261,Zeit,NN,Zeit,DE,lemmesTempsDE
w_DE_AR_2002_28418,DE_AR,AR,2002,28418,Zeit,NN,Zeit,DE,lemmesTempsDE
w_DE_AR_2002_30424,DE_AR,AR,2002,30424,Zeit,NN,Zeit,DE,lemmesTempsDE
w_DE_AR_2002_33266,DE_AR,AR,2002,33266,Zeit,NN,Zeit,DE,lemmesTempsDE
w_DE_BS_2010_7857,DE_BS,BS,2010,7857,Zeit,NN,Zeit,DE,lemmesTempsDE
w_DE_BS_2010_13423,DE_BS,BS,2010,13423,Zeit,NN,Zeit,DE,lemmesTempsDE
w_DE_BS_2010_14343,DE_BS,BS,2010,14343,Zeit,NN,Zeit,DE,lemmesTempsDE
w_DE_BS_2010_20931,DE_BS,BS,2010,20931,Zeit,NN,Zeit,DE,lemmesTempsDE
w_DE_BS_2010_24087,DE_BS,BS,2010,24087,Zeit,NN,Zeit,DE,lemmesTempsDE
w_DE_BS_2010_24313,DE_BS,BS,2010,24313,Zeit,NN,Zeit,DE,lemmesTempsDE
w_DE_BS_2010_24332,DE_BS,BS,2010,24332,Zeit,NN,Zeit,DE,lemmesTempsDE
w_DE_BS_2010_34185,DE_BS,BS,2010,34185,Zeit,NN,Zeit,DE,lemmesTempsDE
w_DE_BS_2010_48853,DE_BS,BS,2010,48853,Zeit,NN,Zeit,DE,lemmesTempsDE
w_DE_BS_2010_60940,DE_BS,BS,2010,60940,Zeit,NN,Zeit,DE,lemmesTempsDE
w_DE_BS_2010_63610,DE_BS,BS,2010,63610,Zeit,NN,Zeit,DE,lemmesTempsDE
w_DE_BS_2010_65352,DE_BS,BS,2010,65352,Zeit,NN,Zeit,DE,lemmesTempsDE
w_DE_BS_2010_69058,DE_BS,BS,2010,69058,Zeit,NN,Zeit,DE,lemmesTempsDE
w_DE_BS_2010_69411,DE_BS,BS,2010,69411,Zeit,NN,Zeit,DE,lemmesTempsDE
w_DE_BS_2010_69514,DE_BS,BS,2010,69514,Zeit,NN,Zeit,DE,lemmesTempsDE
w_DE_BS_2010_73154,DE_BS,BS,2010,73154,Zeit,NN,Zeit,DE,lemmesTempsDE
w_DE_BS_2010_74481,DE_BS,BS,2010,74481,Zeit,NN,Zeit,DE,lemmesTempsDE
w_DE_BS_2010_74616,DE_BS,BS,2010,74616,Zeit,NN,Zeit,DE,lemmesTempsDE
w_DE_BS_2010_75448,DE_BS,BS,2010,75448,Zeit,NN,Zeit,DE,lemmesTempsDE
w_DE_BS_2010_81049,DE_BS,BS,2010,81049,Zeit,NN,Zeit,DE,lemmesTempsDE
w_DE_SZ_2010_1994,DE_SZ,SZ,2010,1994,Zeit,NN,Zeit,DE,lemmesTempsDE
w_DE_SZ_2010_2223,DE_SZ,SZ,2010,2223,Zeit,NN,Zeit,DE,lemmesTempsDE
w_DE_SZ_2010_6042,DE_SZ,SZ,2010,6042,Zeiten,NN,Zeit,DE,lemmesTempsDE
w_DE_SZ_2010_9258,DE_SZ,SZ,2010,9258,Zeit,NN,Zeit,DE,lemmesTempsDE
w_DE_SZ_2012_973,DE_SZ,SZ,2012,973,Zeit,NN,Zeit,DE,lemmesTempsDE
w_DE_OW_1987_510,DE_OW,OW,1987,510,Zeit,NN,Zeit,DE,lemmesTempsDE
w_DE_OW_1987_5254,DE_OW,OW,1987,5254,Zeit,NN,Zeit,DE,lemmesTempsDE
w_DE_OW_1987_9460,DE_OW,OW,1987,9460,Zeit,NN,Zeit,DE,lemmesTempsDE
w_DE_OW_1987_11948,DE_OW,OW,1987,11948,Zeit,NN,Zeit,DE,lemmesTempsDE
w_DE_OW_1987_12768,DE_OW,OW,1987,12768,Zeit,NN,Zeit,DE,lemmesTempsDE
w_DE_OW_1987_14166,DE_OW,OW,1987,14166,Zeiten,NN,Zeit,DE,lemmesTempsDE
w_DE_OW_1987_19805,DE_OW,OW,1987,19805,Zeit,NN,Zeit,DE,lemmesTempsDE
w_DE_OW_1987_20476,DE_OW,OW,1987,20476,Zeit,NN,Zeit,DE,lemmesTempsDE
w_DE_OW_1987_22238,DE_OW,OW,1987,22238,Zeit,NN,Zeit,DE,lemmesTempsDE
w_DE_OW_1987_23178,DE_OW,OW,1987,23178,Zeit,NN,Zeit,DE,lemmesTempsDE
w_DE_OW_1987_23369,DE_OW,OW,1987,23369,Zeit,NN,Zeit,DE,lemmesTempsDE
w_DE_OW_1987_24545,DE_OW,OW,1987,24545,Zeit,NN,Zeit,DE,lemmesTempsDE
w_DE_OW_1987_25009,DE_OW,OW,1987,25009,Zeit,NN,Zeit,DE,lemmesTempsDE
w_DE_OW_1987_25691,DE_OW,OW,1987,25691,Zeit,NN,Zeit,DE,lemmesTempsDE
w_DE_OW_1987_25890,DE_OW,OW,1987,25890,Zeit,NN,Zeit,DE,lemmesTempsDE
w_DE_OW_1987_26868,DE_OW,OW,1987,26868,Zeit,NN,Zeit,DE,lemmesTempsDE
w_DE_OW_1987_28727,DE_OW,OW,1987,28727,Zeiten,NN,Zeit,DE,lemmesTempsDE
w_DE_OW_1987_35908,DE_OW,OW,1987,35908,Zeit,NN,Zeit,DE,lemmesTempsDE
w_DE_OW_1987_36532,DE_OW,OW,1987,36532,Zeit,NN,Zeit,DE,lemmesTempsDE
w_DE_OW_1987_42474,DE_OW,OW,1987,42474,Zeit,NN,Zeit,DE,lemmesTempsDE
w_DE_OW_1987_42499,DE_OW,OW,1987,42499,Zeit,NN,Zeit,DE,lemmesTempsDE
w_DE_OW_1987_45007,DE_OW,OW,1987,45007,Zeit,NN,Zeit,DE,lemmesTempsDE
w_DE_OW_1987_56762,DE_OW,OW,1987,56762,Zeit,NN,Zeit,DE,lemmesTempsDE
w_DE_OW_1987_57592,DE_OW,OW,1987,57592,Zeit,NN,Zeit,DE,lemmesTempsDE
w_DE_OW_1987_59068,DE_OW,OW,1987,59068,Zeit,NN,Zeit,DE,lemmesTempsDE
w_DE_OW_1987_59464,DE_OW,OW,1987,59464,Zeit,NN,Zeit,DE,lemmesTempsDE
w_DE_OW_1987_59693,DE_OW,OW,1987,59693,Zeit,NN,Zeit,DE,lemmesTempsDE
w_DE_OW_1987_62431,DE_OW,OW,1987,62431,Zeit,NN,Zeit,DE,lemmesTempsDE
w_DE_OW_1987_64251,DE_OW,OW,1987,64251,Zeit,NN,Zeit,DE,lemmesTempsDE
w_DE_OW_1987_68455,DE_OW,OW,1987,68455,Zeit,NN,Zeit,DE,lemmesTempsDE
w_DE_OW_1987_80755,DE_OW,OW,1987,80755,Zeiten,NN,Zeit,DE,lemmesTempsDE
w_DE_LU_2009_15898,DE_LU,LU,2009,15898,Zeit,NN,Zeit,DE,lemmesTempsDE
w_DE_LU_2009_24309,DE_LU,LU,2009,24309,Zeit,NN,Zeit,DE,lemmesTempsDE
w_DE_LU_2009_25640,DE_LU,LU,2009,25640,Zeit,NN,Zeit,DE,lemmesTempsDE
w_DE_LU_2009_34929,DE_LU,LU,2009,34929,Zeiten,NN,Zeit,DE,lemmesTempsDE
w_DE_LU_2009_55528,DE_LU,LU,2009,55528,Zeit,NN,Zeit,DE,lemmesTempsDE
w_DE_SH_2004_29936,DE_SH,SH,2004,29936,Zeit,NN,Zeit,DE,lemmesTempsDE
w_DE_SH_2004_30675,DE_SH,SH,2004,30675,Zeit,NN,Zeit,DE,lemmesTempsDE
w_DE_SH_2004_35859,DE_SH,SH,2004,35859,Zeiten,NN,Zeit,DE,lemmesTempsDE
w_DE_SH_2004_40260,DE_SH,SH,2004,40260,Zeit,NN,Zeit,DE,lemmesTempsDE
w_DE_SH_2004_62137,DE_SH,SH,2004,62137,Zeit,NN,Zeit,DE,lemmesTempsDE
w_DE_SH_2004_63425,DE_SH,SH,2004,63425,Zeiten,NN,Zeit,DE,lemmesTempsDE
w_DE_SH_2004_63524,DE_SH,SH,2004,63524,Zeiten,NN,Zeit,DE,lemmesTempsDE
w_DE_SH_2004_63736,DE_SH,SH,2004,63736,Zeiten,NN,Zeit,DE,lemmesTempsDE
w_DE_SH_2004_63780,DE_SH,SH,2004,63780,Zeiten,NN,Zeit,DE,lemmesTempsDE
w_DE_SH_2004_65239,DE_SH,SH,2004,65239,Zeit,NN,Zeit,DE,lemmesTempsDE
w_DE_SH_2004_68703,DE_SH,SH,2004,68703,Zeit,NN,Zeit,DE,lemmesTempsDE
w_DE_SH_2004_69303,DE_SH,SH,2004,69303,Zeit,NN,Zeit,DE,lemmesTempsDE
w_DE_SH_2004_70732,DE_SH,SH,2004,70732,Zeit,NN,Zeit,DE,lemmesTempsDE
w_DE_SH_2004_71774,DE_SH,SH,2004,71774,Zeit,NN,Zeit,DE,lemmesTempsDE
w_DE_SH_2004_72178,DE_SH,SH,2004,72178,Zeit,NN,Zeit,DE,lemmesTempsDE
w_DE_SH_2004_72412,DE_SH,SH,2004,72412,Zeit,NN,Zeit,DE,lemmesTempsDE
w_DE_SH_2004_74431,DE_SH,SH,2004,74431,Zeit,NN,Zeit,DE,lemmesTempsDE
w_DE_SH_2004_74465,DE_SH,SH,2004,74465,Zeit,NN,Zeit,DE,lemmesTempsDE
w_DE_SH_2004_74823,DE_SH,SH,2004,74823,Zeit,NN,Zeit,DE,lemmesTempsDE
w_DE_SH_2004_92096,DE_SH,SH,2004,92096,Zeit,NN,Zeit,DE,lemmesTempsDE
w_DE_SH_2004_105634,DE_SH,SH,2004,105634,Zeit,NN,Zeit,DE,lemmesTempsDE
w_DE_SH_2004_113990,DE_SH,SH,2004,113990,Zeit,NN,Zeit,DE,lemmesTempsDE
w_DE_SH_2004_115432,DE_SH,SH,2004,115432,Zeiten,NN,Zeit,DE,lemmesTempsDE
w_DE_BS_2025_5170,DE_BS,BS,2025,5170,Zeit,NN,Zeit,DE,lemmesTempsDE
w_DE_BS_2025_5864,DE_BS,BS,2025,5864,Zeit,NN,Zeit,DE,lemmesTempsDE
w_DE_BS_2025_30552,DE_BS,BS,2025,30552,Zeit,NN,Zeit,DE,lemmesTempsDE
w_DE_BS_2025_43935,DE_BS,BS,2025,43935,Zeiten,NN,Zeit,DE,lemmesTempsDE
w_DE_BS_2025_67342,DE_BS,BS,2025,67342,Zeit,NN,Zeit,DE,lemmesTempsDE
w_DE_BS_2025_72269,DE_BS,BS,2025,72269,Zeiten,NN,Zeit,DE,lemmesTempsDE
w_DE_BS_2025_74268,DE_BS,BS,2025,74268,Zeit,NN,Zeit,DE,lemmesTempsDE
w_DE_BE_2024_5350,DE_BE,BE,2024,5350,Zeit,NN,Zeit,DE,lemmesTempsDE
w_DE_BE_2024_19292,DE_BE,BE,2024,19292,Zeit,NN,Zeit,DE,lemmesTempsDE
w_DE_BE_2024_25659,DE_BE,BE,2024,25659,Zeit,NN,Zeit,DE,lemmesTempsDE
w_DE_BE_2024_32886,DE_BE,BE,2024,32886,Zeiten,NN,Zeit,DE,lemmesTempsDE
w_DE_BE_2024_61799,DE_BE,BE,2024,61799,Zeit,NN,Zeit,DE,lemmesTempsDE
w_DE_BE_2024_61807,DE_BE,BE,2024,61807,Zeit,NN,Zeit,DE,lemmesTempsDE
w_DE_BE_2024_61816,DE_BE,BE,2024,61816,Zeit,NN,Zeit,DE,lemmesTempsDE
w_DE_BE_2004_7318,DE_BE,BE,2004,7318,Zeiten,NN,Zeit,DE,lemmesTempsDE
w_DE_BE_2004_14362,DE_BE,BE,2004,14362,Zeit,NN,Zeit,DE,lemmesTempsDE
w_DE_BE_2004_26220,DE_BE,BE,2004,26220,Zeit,NN,Zeit,DE,lemmesTempsDE
w_DE_BE_2004_28301,DE_BE,BE,2004,28301,Zeit,NN,Zeit,DE,lemmesTempsDE
w_DE_BE_2004_57582,DE_BE,BE,2004,57582,Zeit,NN,Zeit,DE,lemmesTempsDE
w_DE_BE_2004_60230,DE_BE,BE,2004,60230,Zeit,NN,Zeit,DE,lemmesTempsDE
w_DE_BE_2004_67688,DE_BE,BE,2004,67688,Zeit,NN,Zeit,DE,lemmesTempsDE
w_DE_BE_2004_68745,DE_BE,BE,2004,68745,Zeit,NN,Zeit,DE,lemmesTempsDE
w_DE_AI_2002_5782,DE_AI,AI,2002,5782,Zeit,NN,Zeit,DE,lemmesTempsDE
w_DE_AI_2002_9310,DE_AI,AI,2002,9310,Zeit,NN,Zeit,DE,lemmesTempsDE
w_DE_AI_2002_15044,DE_AI,AI,2002,15044,Zeit,NN,Zeit,DE,lemmesTempsDE
w_DE_AI_2002_19040,DE_AI,AI,2002,19040,Zeit,NN,Zeit,DE,lemmesTempsDE
w_DE_AI_2002_20575,DE_AI,AI,2002,20575,Zeit,NN,Zeit,DE,lemmesTempsDE
w_DE_AI_2002_23284,DE_AI,AI,2002,23284,Zeit,NN,Zeit,DE,lemmesTempsDE
w_DE_AI_2002_23341,DE_AI,AI,2002,23341,Zeit,NN,Zeit,DE,lemmesTempsDE
w_DE_AI_2002_23592,DE_AI,AI,2002,23592,Zeit,NN,Zeit,DE,lemmesTempsDE
w_DE_AI_2002_26271,DE_AI,AI,2002,26271,Zeit,NN,Zeit,DE,lemmesTempsDE
w_DE_AI_2002_28307,DE_AI,AI,2002,28307,Zeit,NN,Zeit,DE,lemmesTempsDE
w_DE_AI_2002_28320,DE_AI,AI,2002,28320,Zeit,NN,Zeit,DE,lemmesTempsDE
w_DE_AI_2002_28415,DE_AI,AI,2002,28415,Zeit,NN,Zeit,DE,lemmesTempsDE
w_DE_AI_2002_30647,DE_AI,AI,2002,30647,Zeit,NN,Zeit,DE,lemmesTempsDE
w_DE_AI_2002_32904,DE_AI,AI,2002,32904,Zeit,NN,Zeit,DE,lemmesTempsDE
w_DE_AI_2002_39172,DE_AI,AI,2002,39172,Zeit,NN,Zeit,DE,lemmesTempsDE
w_DE_SH_2021_45358,DE_SH,SH,2021,45358,Zeit,NN,Zeit,DE,lemmesTempsDE
w_DE_BE_2006_7357,DE_BE,BE,2006,7357,Zeiten,NN,Zeit,DE,lemmesTempsDE
w_DE_BE_2006_15130,DE_BE,BE,2006,15130,Zeit,NN,Zeit,DE,lemmesTempsDE
w_DE_BE_2006_28460,DE_BE,BE,2006,28460,Zeit,NN,Zeit,DE,lemmesTempsDE
w_DE_BE_2006_30586,DE_BE,BE,2006,30586,Zeit,NN,Zeit,DE,lemmesTempsDE
w_DE_BE_2006_45416,DE_BE,BE,2006,45416,Zeiten,NN,Zeit,DE,lemmesTempsDE
w_DE_BE_2006_58692,DE_BE,BE,2006,58692,Zeit,NN,Zeit,DE,lemmesTempsDE
w_DE_BE_2006_58698,DE_BE,BE,2006,58698,Zeit,NN,Zeit,DE,lemmesTempsDE
w_DE_BE_2006_58704,DE_BE,BE,2006,58704,Zeit,NN,Zeit,DE,lemmesTempsDE
w_DE_BE_2006_58710,DE_BE,BE,2006,58710,Zeit,NN,Zeit,DE,lemmesTempsDE
w_DE_BE_2006_59127,DE_BE,BE,2006,59127,Zeit,NN,Zeit,DE,lemmesTempsDE
w_DE_BE_2006_63736,DE_BE,BE,2006,63736,Zeit,NN,Zeit,DE,lemmesTempsDE
w_DE_AI_2015_10654,DE_AI,AI,2015,10654,Zeit,NN,Zeit,DE,lemmesTempsDE
w_DE_BE_2013_7461,DE_BE,BE,2013,7461,Zeiten,NN,Zeit,DE,lemmesTempsDE
w_DE_BE_2013_13019,DE_BE,BE,2013,13019,Zeit,NN,Zeit,DE,lemmesTempsDE
w_DE_BE_2013_16753,DE_BE,BE,2013,16753,Zeit,NN,Zeit,DE,lemmesTempsDE
w_DE_BE_2013_31197,DE_BE,BE,2013,31197,Zeit,NN,Zeit,DE,lemmesTempsDE
w_DE_BE_2013_33288,DE_BE,BE,2013,33288,Zeit,NN,Zeit,DE,lemmesTempsDE
w_DE_BE_2013_46560,DE_BE,BE,2013,46560,Zeiten,NN,Zeit,DE,lemmesTempsDE
w_DE_BE_2013_46777,DE_BE,BE,2013,46777,Zeiten,NN,Zeit,DE,lemmesTempsDE
w_DE_BE_2013_63929,DE_BE,BE,2013,63929,Zeit,NN,Zeit,DE,lemmesTempsDE
w_DE_BE_2013_63935,DE_BE,BE,2013,63935,Zeit,NN,Zeit,DE,lemmesTempsDE
w_DE_BE_2013_63941,DE_BE,BE,2013,63941,Zeit,NN,Zeit,DE,lemmesTempsDE
w_DE_BE_2013_63947,DE_BE,BE,2013,63947,Zeit,NN,Zeit,DE,lemmesTempsDE
w_DE_AG_1996_4537,DE_AG,AG,1996,4537,Zeit,NN,Zeit,DE,lemmesTempsDE
w_DE_AG_1996_10603,DE_AG,AG,1996,10603,Zeit,NN,Zeit,DE,lemmesTempsDE
w_DE_AG_1996_13696,DE_AG,AG,1996,13696,Zeit,NN,Zeit,DE,lemmesTempsDE
w_DE_AG_1996_14533,DE_AG,AG,1996,14533,Zeit,NN,Zeit,DE,lemmesTempsDE
w_DE_AG_1996_18610,DE_AG,AG,1996,18610,Zeit,NN,Zeit,DE,lemmesTempsDE
w_DE_AG_1996_23068,DE_AG,AG,1996,23068,Zeit,NN,Zeit,DE,lemmesTempsDE
w_DE_AG_1996_23115,DE_AG,AG,1996,23115,Zeit,NN,Zeit,DE,lemmesTempsDE
w_DE_AG_1996_37238,DE_AG,AG,1996,37238,Zeit,NN,Zeit,DE,lemmesTempsDE
w_DE_AG_1996_38157,DE_AG,AG,1996,38157,Zeit,NN,Zeit,DE,lemmesTempsDE
w_DE_AG_1996_38693,DE_AG,AG,1996,38693,Zeit,NN,Zeit,DE,lemmesTempsDE
w_DE_AG_1996_39467,DE_AG,AG,1996,39467,Zeit,NN,Zeit,DE,lemmesTempsDE
w_DE_AG_1996_40070,DE_AG,AG,1996,40070,Zeit,NN,Zeit,DE,lemmesTempsDE
w_DE_AG_1996_41707,DE_AG,AG,1996,41707,Zeit,NN,Zeit,DE,lemmesTempsDE
w_DE_AG_1996_42278,DE_AG,AG,1996,42278,Zeit,NN,Zeit,DE,lemmesTempsDE
w_DE_AG_1996_43492,DE_AG,AG,1996,43492,Zeit,NN,Zeit,DE,lemmesTempsDE
w_DE_AG_1996_44592,DE_AG,AG,1996,44592,Zeit,NN,Zeit,DE,lemmesTempsDE
w_DE_AR_2012_323,DE_AR,AR,2012,323,Zeit,NN,Zeit,DE,lemmesTempsDE
w_DE_AR_2012_10930,DE_AR,AR,2012,10930,Zeit,NN,Zeit,DE,lemmesTempsDE
w_DE_AR_2012_12175,DE_AR,AR,2012,12175,Zeit,NN,Zeit,DE,lemmesTempsDE
w_DE_AR_2012_14439,DE_AR,AR,2012,14439,Zeit,NN,Zeit,DE,lemmesTempsDE
w_DE_AR_2012_14865,DE_AR,AR,2012,14865,Zeit,NN,Zeit,DE,lemmesTempsDE
w_DE_AR_2012_15264,DE_AR,AR,2012,15264,Zeit,NN,Zeit,DE,lemmesTempsDE
w_DE_AR_2012_26834,DE_AR,AR,2012,26834,Zeit,NN,Zeit,DE,lemmesTempsDE
w_DE_AR_2012_28537,DE_AR,AR,2012,28537,Zeit,NN,Zeit,DE,lemmesTempsDE
w_DE_AR_2012_31729,DE_AR,AR,2012,31729,Zeit,NN,Zeit,DE,lemmesTempsDE
w_DE_AI_2017_11900,DE_AI,AI,2017,11900,Zeit,NN,Zeit,DE,lemmesTempsDE
w_DE_AI_2017_20329,DE_AI,AI,2017,20329,Zeit,NN,Zeit,DE,lemmesTempsDE
w_DE_AI_2017_40713,DE_AI,AI,2017,40713,Zeit,NN,Zeit,DE,lemmesTempsDE
w_DE_AI_2017_41270,DE_AI,AI,2017,41270,Zeit,NN,Zeit,DE,lemmesTempsDE
w_DE_AI_2017_41850,DE_AI,AI,2017,41850,Zeit,NN,Zeit,DE,lemmesTempsDE
w_DE_AI_2017_42730,DE_AI,AI,2017,42730,Zeit,NN,Zeit,DE,lemmesTempsDE
w_DE_AR_2025_11043,DE_AR,AR,2025,11043,Zeit,NN,Zeit,DE,lemmesTempsDE
w_DE_AR_2025_18790,DE_AR,AR,2025,18790,Zeit,NN,Zeit,DE,lemmesTempsDE
w_DE_AR_2025_20127,DE_AR,AR,2025,20127,Zeit,NN,Zeit,DE,lemmesTempsDE
w_DE_AR_2025_25933,DE_AR,AR,2025,25933,Zeit,NN,Zeit,DE,lemmesTempsDE
w_DE_AR_2025_27270,DE_AR,AR,2025,27270,Zeit,NN,Zeit,DE,lemmesTempsDE
w_DE_AR_2025_28783,DE_AR,AR,2025,28783,Zeit,NN,Zeit,DE,lemmesTempsDE
w_DE_AR_2025_43729,DE_AR,AR,2025,43729,Zeit,NN,Zeit,DE,lemmesTempsDE
w_DE_BL_2025_4035,DE_BL,BL,2025,4035,Zeit,NN,Zeit,DE,lemmesTempsDE
w_DE_BL_2025_29873,DE_BL,BL,2025,29873,Zeit,NN,Zeit,DE,lemmesTempsDE
w_DE_BL_2025_30451,DE_BL,BL,2025,30451,Zeit,NN,Zeit,DE,lemmesTempsDE
w_DE_BE_2012_7496,DE_BE,BE,2012,7496,Zeiten,NN,Zeit,DE,lemmesTempsDE
w_DE_BE_2012_13054,DE_BE,BE,2012,13054,Zeit,NN,Zeit,DE,lemmesTempsDE
w_DE_BE_2012_16788,DE_BE,BE,2012,16788,Zeit,NN,Zeit,DE,lemmesTempsDE
w_DE_BE_2012_31232,DE_BE,BE,2012,31232,Zeit,NN,Zeit,DE,lemmesTempsDE
w_DE_BE_2012_33323,DE_BE,BE,2012,33323,Zeit,NN,Zeit,DE,lemmesTempsDE
w_DE_BE_2012_47849,DE_BE,BE,2012,47849,Zeiten,NN,Zeit,DE,lemmesTempsDE
w_DE_BE_2012_48066,DE_BE,BE,2012,48066,Zeiten,NN,Zeit,DE,lemmesTempsDE
w_DE_BE_2012_59023,DE_BE,BE,2012,59023,Zeit,NN,Zeit,DE,lemmesTempsDE
w_DE_BE_2012_67266,DE_BE,BE,2012,67266,Zeit,NN,Zeit,DE,lemmesTempsDE
w_DE_BE_2012_67272,DE_BE,BE,2012,67272,Zeit,NN,Zeit,DE,lemmesTempsDE
w_DE_BE_2012_67278,DE_BE,BE,2012,67278,Zeit,NN,Zeit,DE,lemmesTempsDE
w_DE_BE_2012_67284,DE_BE,BE,2012,67284,Zeit,NN,Zeit,DE,lemmesTempsDE
w_DE_BS_2012_5582,DE_BS,BS,2012,5582,Zeit,NN,Zeit,DE,lemmesTempsDE
w_DE_BS_2012_9763,DE_BS,BS,2012,9763,Zeit,NN,Zeit,DE,lemmesTempsDE
w_DE_BS_2012_24590,DE_BS,BS,2012,24590,Zeit,NN,Zeit,DE,lemmesTempsDE
w_DE_BS_2012_60786,DE_BS,BS,2012,60786,Zeit,NN,Zeit,DE,lemmesTempsDE
w_DE_BS_2018_5187,DE_BS,BS,2018,5187,Zeit,NN,Zeit,DE,lemmesTempsDE
w_DE_BS_2018_5838,DE_BS,BS,2018,5838,Zeit,NN,Zeit,DE,lemmesTempsDE
w_DE_BS_2018_32126,DE_BS,BS,2018,32126,Zeit,NN,Zeit,DE,lemmesTempsDE
w_DE_BS_2018_59089,DE_BS,BS,2018,59089,Zeiten,NN,Zeit,DE,lemmesTempsDE
w_DE_BS_2018_60780,DE_BS,BS,2018,60780,Zeit,NN,Zeit,DE,lemmesTempsDE
w_DE_ZH_2020_68058,DE_ZH,ZH,2020,68058,Zeit,NN,Zeit,DE,lemmesTempsDE
w_DE_AR_2008_22475,DE_AR,AR,2008,22475,Zugänglichkeit,NN,Zugänglichkeit,DE,lemmesTempsDE
w_DE_ZG_1987_2624,DE_ZG,ZG,1987,2624,Zugänglichkeit,NN,Zugänglichkeit,DE,lemmesTempsDE
w_DE_ZG_1987_11630,DE_ZG,ZG,1987,11630,Zugänglichkeit,NN,Zugänglichkeit,DE,lemmesTempsDE
w_DE_ZG_1987_14022,DE_ZG,ZG,1987,14022,Zugänglichkeit,NN,Zugänglichkeit,DE,lemmesTempsDE
w_DE_ZG_1987_14195,DE_ZG,ZG,1987,14195,Zugänglichkeit,NN,Zugänglichkeit,DE,lemmesTempsDE
w_DE_TG_2018_17133,DE_TG,TG,2018,17133,Zugänglichkeit,NN,Zugänglichkeit,DE,lemmesTempsDE
w_DE_TG_2018_43022,DE_TG,TG,2018,43022,Zugänglichkeit,NN,Zugänglichkeit,DE,lemmesTempsDE
w_DE_AG_2025_58642,DE_AG,AG,2025,58642,Zugänglichkeit,NN,Zugänglichkeit,DE,lemmesTempsDE
w_DE_LU_2025_39708,DE_LU,LU,2025,39708,Zugänglichkeit,NN,Zugänglichkeit,DE,lemmesTempsDE
w_DE_NW_2024_38701,DE_NW,NW,2024,38701,Zugänglichkeit,NN,Zugänglichkeit,DE,lemmesTempsDE
w_DE_NW_2024_38739,DE_NW,NW,2024,38739,Zugänglichkeit,NN,Zugänglichkeit,DE,lemmesTempsDE
w_DE_NW_2024_58610,DE_NW,NW,2024,58610,Zugänglichkeit,NN,Zugänglichkeit,DE,lemmesTempsDE
w_DE_OW_2006_18793,DE_OW,OW,2006,18793,Zugänglichkeit,NN,Zugänglichkeit,DE,lemmesTempsDE
w_DE_UR_2023_41602,DE_UR,UR,2023,41602,Zugänglichkeit,NN,Zugänglichkeit,DE,lemmesTempsDE
w_DE_BS_2019_13690,DE_BS,BS,2019,13690,Zugänglichkeit,NN,Zugänglichkeit,DE,lemmesTempsDE
w_DE_BS_2019_14162,DE_BS,BS,2019,14162,Zugänglichkeit,NN,Zugänglichkeit,DE,lemmesTempsDE
w_DE_BS_2019_14174,DE_BS,BS,2019,14174,Zugänglichkeit,NN,Zugänglichkeit,DE,lemmesTempsDE
w_DE_BS_2019_14804,DE_BS,BS,2019,14804,Zugänglichkeit,NN,Zugänglichkeit,DE,lemmesTempsDE
w_DE_BS_2019_14925,DE_BS,BS,2019,14925,Zugänglichkeit,NN,Zugänglichkeit,DE,lemmesTempsDE
w_DE_BS_2019_15289,DE_BS,BS,2019,15289,Zugänglichkeit,NN,Zugänglichkeit,DE,lemmesTempsDE
w_DE_BS_2019_15317,DE_BS,BS,2019,15317,Zugänglichkeit,NN,Zugänglichkeit,DE,lemmesTempsDE
w_DE_BS_2019_15323,DE_BS,BS,2019,15323,Zugänglichkeit,NN,Zugänglichkeit,DE,lemmesTempsDE
w_DE_BS_2019_16883,DE_BS,BS,2019,16883,Zugänglichkeit,NN,Zugänglichkeit,DE,lemmesTempsDE
w_DE_BS_2024_9674,DE_BS,BS,2024,9674,Zugänglichkeit,NN,Zugänglichkeit,DE,lemmesTempsDE
w_DE_BS_2024_10098,DE_BS,BS,2024,10098,Zugänglichkeit,NN,Zugänglichkeit,DE,lemmesTempsDE
w_DE_BS_2024_10114,DE_BS,BS,2024,10114,Zugänglichkeit,NN,Zugänglichkeit,DE,lemmesTempsDE
w_DE_BS_2024_15910,DE_BS,BS,2024,15910,Zugänglichkeit,NN,Zugänglichkeit,DE,lemmesTempsDE
w_DE_BS_2024_19522,DE_BS,BS,2024,19522,Zugänglichkeit,NN,Zugänglichkeit,DE,lemmesTempsDE
w_DE_AR_2002_23627,DE_AR,AR,2002,23627,Zugänglichkeit,NN,Zugänglichkeit,DE,lemmesTempsDE
w_DE_BS_2010_22655,DE_BS,BS,2010,22655,Zugänglichkeit,NN,Zugänglichkeit,DE,lemmesTempsDE
w_DE_BS_2010_22956,DE_BS,BS,2010,22956,Zugänglichkeit,NN,Zugänglichkeit,DE,lemmesTempsDE
w_DE_BS_2010_24239,DE_BS,BS,2010,24239,Zugänglichkeit,NN,Zugänglichkeit,DE,lemmesTempsDE
w_DE_BS_2010_24529,DE_BS,BS,2010,24529,Zugänglichkeit,NN,Zugänglichkeit,DE,lemmesTempsDE
w_DE_BS_2010_26182,DE_BS,BS,2010,26182,Zugänglichkeit,NN,Zugänglichkeit,DE,lemmesTempsDE
w_DE_BS_2010_32893,DE_BS,BS,2010,32893,Zugänglichkeit,NN,Zugänglichkeit,DE,lemmesTempsDE
w_DE_BS_2010_33001,DE_BS,BS,2010,33001,Zugänglichkeit,NN,Zugänglichkeit,DE,lemmesTempsDE
w_DE_BS_2010_40510,DE_BS,BS,2010,40510,Zugänglichkeit,NN,Zugänglichkeit,DE,lemmesTempsDE
w_DE_SZ_2010_4979,DE_SZ,SZ,2010,4979,Zugänglichkeit,NN,Zugänglichkeit,DE,lemmesTempsDE
w_DE_SZ_2010_5891,DE_SZ,SZ,2010,5891,Zugänglichkeit,NN,Zugänglichkeit,DE,lemmesTempsDE
w_DE_SZ_2012_4039,DE_SZ,SZ,2012,4039,Zugänglichkeit,NN,Zugänglichkeit,DE,lemmesTempsDE
w_DE_SZ_2012_6899,DE_SZ,SZ,2012,6899,Zugänglichkeit,NN,Zugänglichkeit,DE,lemmesTempsDE
w_DE_LU_2009_50205,DE_LU,LU,2009,50205,Zugänglichkeit,NN,Zugänglichkeit,DE,lemmesTempsDE
w_DE_SH_2004_97937,DE_SH,SH,2004,97937,Zugänglichkeit,NN,Zugänglichkeit,DE,lemmesTempsDE
w_DE_BS_2025_14689,DE_BS,BS,2025,14689,Zugänglichkeit,NN,Zugänglichkeit,DE,lemmesTempsDE
w_DE_BS_2025_15113,DE_BS,BS,2025,15113,Zugänglichkeit,NN,Zugänglichkeit,DE,lemmesTempsDE
w_DE_BS_2025_15129,DE_BS,BS,2025,15129,Zugänglichkeit,NN,Zugänglichkeit,DE,lemmesTempsDE
w_DE_BS_2025_21625,DE_BS,BS,2025,21625,Zugänglichkeit,NN,Zugänglichkeit,DE,lemmesTempsDE
w_DE_BS_2025_23692,DE_BS,BS,2025,23692,Zugänglichkeit,NN,Zugänglichkeit,DE,lemmesTempsDE
w_DE_BS_2025_29008,DE_BS,BS,2025,29008,Zugänglichkeit,NN,Zugänglichkeit,DE,lemmesTempsDE
w_DE_BS_2025_59335,DE_BS,BS,2025,59335,Zugänglichkeit,NN,Zugänglichkeit,DE,lemmesTempsDE
w_DE_BS_2025_59804,DE_BS,BS,2025,59804,Zugänglichkeit,NN,Zugänglichkeit,DE,lemmesTempsDE
w_DE_BS_2025_59816,DE_BS,BS,2025,59816,Zugänglichkeit,NN,Zugänglichkeit,DE,lemmesTempsDE
w_DE_BS_2025_60449,DE_BS,BS,2025,60449,Zugänglichkeit,NN,Zugänglichkeit,DE,lemmesTempsDE
w_DE_BS_2025_60570,DE_BS,BS,2025,60570,Zugänglichkeit,NN,Zugänglichkeit,DE,lemmesTempsDE
w_DE_BS_2025_60935,DE_BS,BS,2025,60935,Zugänglichkeit,NN,Zugänglichkeit,DE,lemmesTempsDE
w_DE_BS_2025_60963,DE_BS,BS,2025,60963,Zugänglichkeit,NN,Zugänglichkeit,DE,lemmesTempsDE
w_DE_BS_2025_60969,DE_BS,BS,2025,60969,Zugänglichkeit,NN,Zugänglichkeit,DE,lemmesTempsDE
w_DE_BS_2025_62529,DE_BS,BS,2025,62529,Zugänglichkeit,NN,Zugänglichkeit,DE,lemmesTempsDE
w_DE_BE_2024_16829,DE_BE,BE,2024,16829,Zugänglichkeit,NN,Zugänglichkeit,DE,lemmesTempsDE
w_DE_BE_2024_38781,DE_BE,BE,2024,38781,Zugänglichkeit,NN,Zugänglichkeit,DE,lemmesTempsDE
w_DE_AI_2002_18714,DE_AI,AI,2002,18714,Zugänglichkeit,NN,Zugänglichkeit,DE,lemmesTempsDE
w_DE_SH_2021_9252,DE_SH,SH,2021,9252,Zugänglichkeit,NN,Zugänglichkeit,DE,lemmesTempsDE
w_DE_SH_2021_48072,DE_SH,SH,2021,48072,Zugänglichkeit,NN,Zugänglichkeit,DE,lemmesTempsDE
w_DE_SH_2021_60030,DE_SH,SH,2021,60030,Zugänglichkeit,NN,Zugänglichkeit,DE,lemmesTempsDE
w_DE_SZ_2022_16913,DE_SZ,SZ,2022,16913,Zugänglichkeit,NN,Zugänglichkeit,DE,lemmesTempsDE
w_DE_SZ_2022_17314,DE_SZ,SZ,2022,17314,Zugänglichkeit,NN,Zugänglichkeit,DE,lemmesTempsDE
w_DE_SZ_2022_24340,DE_SZ,SZ,2022,24340,Zugänglichkeit,NN,Zugänglichkeit,DE,lemmesTempsDE
w_DE_AR_2025_48581,DE_AR,AR,2025,48581,Zugänglichkeit,NN,Zugänglichkeit,DE,lemmesTempsDE
w_DE_BL_2025_13080,DE_BL,BL,2025,13080,Zugänglichkeit,NN,Zugänglichkeit,DE,lemmesTempsDE
w_DE_BL_2025_38584,DE_BL,BL,2025,38584,Zugänglichkeit,NN,Zugänglichkeit,DE,lemmesTempsDE
w_DE_BL_2025_38598,DE_BL,BL,2025,38598,Zugänglichkeit,NN,Zugänglichkeit,DE,lemmesTempsDE
w_DE_BS_2012_16381,DE_BS,BS,2012,16381,Zugänglichkeit,NN,Zugänglichkeit,DE,lemmesTempsDE
w_DE_BS_2012_23071,DE_BS,BS,2012,23071,Zugänglichkeit,NN,Zugänglichkeit,DE,lemmesTempsDE
w_DE_BS_2012_23378,DE_BS,BS,2012,23378,Zugänglichkeit,NN,Zugänglichkeit,DE,lemmesTempsDE
w_DE_BS_2012_24901,DE_BS,BS,2012,24901,Zugänglichkeit,NN,Zugänglichkeit,DE,lemmesTempsDE
w_DE_BS_2012_25202,DE_BS,BS,2012,25202,Zugänglichkeit,NN,Zugänglichkeit,DE,lemmesTempsDE
w_DE_BS_2012_28958,DE_BS,BS,2012,28958,Zugänglichkeit,NN,Zugänglichkeit,DE,lemmesTempsDE
w_DE_BS_2012_35840,DE_BS,BS,2012,35840,Zugänglichkeit,NN,Zugänglichkeit,DE,lemmesTempsDE
w_DE_BS_2012_35948,DE_BS,BS,2012,35948,Zugänglichkeit,NN,Zugänglichkeit,DE,lemmesTempsDE
w_DE_BS_2012_50972,DE_BS,BS,2012,50972,Zugänglichkeit,NN,Zugänglichkeit,DE,lemmesTempsDE
w_DE_BS_2012_51269,DE_BS,BS,2012,51269,Zugänglichkeit,NN,Zugänglichkeit,DE,lemmesTempsDE
w_DE_BS_2018_13534,DE_BS,BS,2018,13534,Zugänglichkeit,NN,Zugänglichkeit,DE,lemmesTempsDE
w_DE_BS_2018_13926,DE_BS,BS,2018,13926,Zugänglichkeit,NN,Zugänglichkeit,DE,lemmesTempsDE
w_DE_BS_2018_13942,DE_BS,BS,2018,13942,Zugänglichkeit,NN,Zugänglichkeit,DE,lemmesTempsDE
w_DE_BS_2018_23923,DE_BS,BS,2018,23923,Zugänglichkeit,NN,Zugänglichkeit,DE,lemmesTempsDE
w_DE_BS_2018_26086,DE_BS,BS,2018,26086,Zugänglichkeit,NN,Zugänglichkeit,DE,lemmesTempsDE
w_DE_BS_2018_31465,DE_BS,BS,2018,31465,Zugänglichkeit,NN,Zugänglichkeit,DE,lemmesTempsDE
w_DE_BS_2018_31914,DE_BS,BS,2018,31914,Zugänglichkeit,NN,Zugänglichkeit,DE,lemmesTempsDE
w_DE_BS_2018_33850,DE_BS,BS,2018,33850,Zugänglichkeit,NN,Zugänglichkeit,DE,lemmesTempsDE
w_DE_BS_2018_33910,DE_BS,BS,2018,33910,Zugänglichkeit,NN,Zugänglichkeit,DE,lemmesTempsDE
w_DE_BS_2018_49616,DE_BS,BS,2018,49616,Zugänglichkeit,NN,Zugänglichkeit,DE,lemmesTempsDE
w_DE_BS_2018_49915,DE_BS,BS,2018,49915,Zugänglichkeit,NN,Zugänglichkeit,DE,lemmesTempsDE
w_DE_ZH_2020_19713,DE_ZH,ZH,2020,19713,Zugänglichkeit,NN,Zugänglichkeit,DE,lemmesTempsDE
w_DE_ZH_2020_22182,DE_ZH,ZH,2020,22182,Zugänglichkeit,NN,Zugänglichkeit,DE,lemmesTempsDE
w_DE_ZH_2020_23268,DE_ZH,ZH,2020,23268,Zugänglichkeit,NN,Zugänglichkeit,DE,lemmesTempsDE
w_DE_ZH_2020_61921,DE_ZH,ZH,2020,61921,Zugänglichkeit,NN,Zugänglichkeit,DE,lemmesTempsDE
w_DE_ZH_2020_69197,DE_ZH,ZH,2020,69197,Zugänglichkeit,NN,Zugänglichkeit,DE,lemmesTempsDE
w_DE_ZH_2020_73956,DE_ZH,ZH,2020,73956,Zugänglichkeit,NN,Zugänglichkeit,DE,lemmesTempsDE
w_DE_AG_2025_63761,DE_AG,AG,2025,63761,zuverlässigen,ADJA,zuverlässig,DE,lemmesTempsDE
w_DE_AG_2025_65883,DE_AG,AG,2025,65883,zuverlässigeren,ADJA,zuverlässig,DE,lemmesTempsDE
w_DE_AG_2025_80329,DE_AG,AG,2025,80329,zuverlässige,ADJA,zuverlässig,DE,lemmesTempsDE
w_DE_BE_2010_17149,DE_BE,BE,2010,17149,zuverlässigen,ADJA,zuverlässig,DE,lemmesTempsDE
w_DE_LU_2025_4647,DE_LU,LU,2025,4647,zuverlässige,ADJA,zuverlässig,DE,lemmesTempsDE
w_DE_LU_2025_5205,DE_LU,LU,2025,5205,zuverlässig,ADJD,zuverlässig,DE,lemmesTempsDE
w_DE_LU_2025_6058,DE_LU,LU,2025,6058,zuverlässig,ADJD,zuverlässig,DE,lemmesTempsDE
w_DE_LU_2025_6117,DE_LU,LU,2025,6117,zuverlässig,ADJD,zuverlässig,DE,lemmesTempsDE
w_DE_LU_2025_22722,DE_LU,LU,2025,22722,zuverlässig,ADJD,zuverlässig,DE,lemmesTempsDE
w_DE_LU_2025_22786,DE_LU,LU,2025,22786,zuverlässiges,ADJA,zuverlässig,DE,lemmesTempsDE
w_DE_LU_2025_25795,DE_LU,LU,2025,25795,zuverlässig,ADJD,zuverlässig,DE,lemmesTempsDE
w_DE_LU_2025_25965,DE_LU,LU,2025,25965,zuverlässige,ADJA,zuverlässig,DE,lemmesTempsDE
w_DE_LU_2025_27518,DE_LU,LU,2025,27518,zuverlässige,ADJA,zuverlässig,DE,lemmesTempsDE
w_DE_SZ_1986_22022,DE_SZ,SZ,1986,22022,zuverlässig,ADJD,zuverlässig,DE,lemmesTempsDE
w_DE_SO_2023_53720,DE_SO,SO,2023,53720,zuverlässig,ADJD,zuverlässig,DE,lemmesTempsDE
w_DE_GL_2025_37884,DE_GL,GL,2025,37884,zuverlässiges,ADJA,zuverlässig,DE,lemmesTempsDE
w_DE_SZ_2008_2048,DE_SZ,SZ,2008,2048,zuverlässig,ADJD,zuverlässig,DE,lemmesTempsDE
w_DE_SZ_2008_21109,DE_SZ,SZ,2008,21109,zuverlässig,ADJD,zuverlässig,DE,lemmesTempsDE
w_DE_ZG_2025_16906,DE_ZG,ZG,2025,16906,zuverlässiges,ADJA,zuverlässig,DE,lemmesTempsDE
w_DE_LU_2009_4261,DE_LU,LU,2009,4261,zuverlässig,ADJD,zuverlässig,DE,lemmesTempsDE
w_DE_LU_2009_42891,DE_LU,LU,2009,42891,zuverlässigem,ADJA,zuverlässig,DE,lemmesTempsDE
w_DE_LU_2009_45718,DE_LU,LU,2009,45718,zuverlässigen,ADJA,zuverlässig,DE,lemmesTempsDE
w_DE_BE_2024_15911,DE_BE,BE,2024,15911,zuverlässigen,ADJA,zuverlässig,DE,lemmesTempsDE
w_DE_BE_2024_16177,DE_BE,BE,2024,16177,zuverlässiger,ADJA,zuverlässig,DE,lemmesTempsDE
w_DE_SH_2021_56361,DE_SH,SH,2021,56361,zuverlässige,ADJA,zuverlässig,DE,lemmesTempsDE
w_DE_BE_2013_17125,DE_BE,BE,2013,17125,zuverlässigen,ADJA,zuverlässig,DE,lemmesTempsDE
w_DE_BL_2025_59755,DE_BL,BL,2025,59755,zuverlässige,ADJA,zuverlässig,DE,lemmesTempsDE
w_DE_BE_2012_17160,DE_BE,BE,2012,17160,zuverlässigen,ADJA,zuverlässig,DE,lemmesTempsDE
w_DE_ZH_2020_41059,DE_ZH,ZH,2020,41059,zuverlässige,ADJA,zuverlässig,DE,lemmesTempsDE
w_DE_ZH_2020_43790,DE_ZH,ZH,2020,43790,zuverlässigen,ADJA,zuverlässig,DE,lemmesTempsDE
w_DE_ZH_2020_53890,DE_ZH,ZH,2020,53890,zuverlässige,ADJA,zuverlässig,DE,lemmesTempsDE
w_DE_ZH_2020_56979,DE_ZH,ZH,2020,56979,zuverlässige,ADJA,zuverlässig,DE,lemmesTempsDE
w_DE_ZH_2020_58362,DE_ZH,ZH,2020,58362,zuverlässigen,ADJA,zuverlässig,DE,lemmesTempsDE
w_DE_AG_2025_12469,DE_AG,AG,2025,12469,Zuverlässigkeit,NN,Zuverlässigkeit,DE,lemmesTempsDE
w_DE_AG_2025_64522,DE_AG,AG,2025,64522,Zuverlässigkeit,NN,Zuverlässigkeit,DE,lemmesTempsDE
w_DE_BE_2010_43870,DE_BE,BE,2010,43870,Zuverlässigkeit,NN,Zuverlässigkeit,DE,lemmesTempsDE
w_DE_BE_2010_48067,DE_BE,BE,2010,48067,Zuverlässigkeit,NN,Zuverlässigkeit,DE,lemmesTempsDE
w_DE_LU_2025_24156,DE_LU,LU,2025,24156,Zuverlässigkeit,NN,Zuverlässigkeit,DE,lemmesTempsDE
w_DE_LU_2025_26215,DE_LU,LU,2025,26215,Zuverlässigkeit,NN,Zuverlässigkeit,DE,lemmesTempsDE
w_DE_OW_2006_28411,DE_OW,OW,2006,28411,Zuverlässigkeit,NN,Zuverlässigkeit,DE,lemmesTempsDE
w_DE_BS_2019_2843,DE_BS,BS,2019,2843,Zuverlässigkeit,NN,Zuverlässigkeit,DE,lemmesTempsDE
w_DE_ZG_2025_12883,DE_ZG,ZG,2025,12883,Zuverlässigkeit,NN,Zuverlässigkeit,DE,lemmesTempsDE
w_DE_BE_2008_40691,DE_BE,BE,2008,40691,Zuverlässigkeit,NN,Zuverlässigkeit,DE,lemmesTempsDE
w_DE_BE_2002_36936,DE_BE,BE,2002,36936,Zuverlässigkeit,NN,Zuverlässigkeit,DE,lemmesTempsDE
w_DE_LU_2009_40157,DE_LU,LU,2009,40157,Zuverlässigkeit,NN,Zuverlässigkeit,DE,lemmesTempsDE
w_DE_BS_2025_48443,DE_BS,BS,2025,48443,Zuverlässigkeit,NN,Zuverlässigkeit,DE,lemmesTempsDE
w_DE_BE_2024_14389,DE_BE,BE,2024,14389,Zuverlässigkeit,NN,Zuverlässigkeit,DE,lemmesTempsDE
w_DE_BE_2024_14831,DE_BE,BE,2024,14831,Zuverlässigkeit,NN,Zuverlässigkeit,DE,lemmesTempsDE
w_DE_BE_2024_40702,DE_BE,BE,2024,40702,Zuverlässigkeit,NN,Zuverlässigkeit,DE,lemmesTempsDE
w_DE_BE_2004_37051,DE_BE,BE,2004,37051,Zuverlässigkeit,NN,Zuverlässigkeit,DE,lemmesTempsDE
w_DE_BE_2006_41167,DE_BE,BE,2006,41167,Zuverlässigkeit,NN,Zuverlässigkeit,DE,lemmesTempsDE
w_DE_BE_2013_43047,DE_BE,BE,2013,43047,Zuverlässigkeit,NN,Zuverlässigkeit,DE,lemmesTempsDE
w_DE_BE_2013_46785,DE_BE,BE,2013,46785,Zuverlässigkeit,NN,Zuverlässigkeit,DE,lemmesTempsDE
w_DE_BL_2025_39896,DE_BL,BL,2025,39896,Zuverlässigkeit,NN,Zuverlässigkeit,DE,lemmesTempsDE
w_DE_BE_2012_43877,DE_BE,BE,2012,43877,Zuverlässigkeit,NN,Zuverlässigkeit,DE,lemmesTempsDE
w_DE_BE_2012_48074,DE_BE,BE,2012,48074,Zuverlässigkeit,NN,Zuverlässigkeit,DE,lemmesTempsDE
w_DE_BS_2012_43371,DE_BS,BS,2012,43371,Zuverlässigkeit,NN,Zuverlässigkeit,DE,lemmesTempsDE
w_DE_BS_2018_42211,DE_BS,BS,2018,42211,Zuverlässigkeit,NN,Zuverlässigkeit,DE,lemmesTempsDE
w_DE_ZH_2020_60148,DE_ZH,ZH,2020,60148,Zuverlässigkeit,NN,Zuverlässigkeit,DE,lemmesTempsDE
w_DE_AG_2025_37056,DE_AG,AG,2025,37056,Überlastung,NN,Überlastung,DE,lemmesTempsDE
w_DE_AG_2025_65779,DE_AG,AG,2025,65779,Überlastung,NN,Überlastung,DE,lemmesTempsDE
w_DE_AG_2025_67946,DE_AG,AG,2025,67946,Überlastung,NN,Überlastung,DE,lemmesTempsDE
w_DE_LU_2025_24153,DE_LU,LU,2025,24153,Überlastung,NN,Überlastung,DE,lemmesTempsDE
w_DE_OW_2006_23416,DE_OW,OW,2006,23416,Überlastungen,NN,Überlastung,DE,lemmesTempsDE
w_DE_OW_2006_23611,DE_OW,OW,2006,23611,Überlastungen,NN,Überlastung,DE,lemmesTempsDE
w_DE_UR_2023_27717,DE_UR,UR,2023,27717,Überlastung,NN,Überlastung,DE,lemmesTempsDE
w_DE_UR_2023_27961,DE_UR,UR,2023,27961,Überlastung,NN,Überlastung,DE,lemmesTempsDE
w_DE_SZ_2008_12685,DE_SZ,SZ,2008,12685,Überlastung,NN,Überlastung,DE,lemmesTempsDE
w_DE_BS_2024_9153,DE_BS,BS,2024,9153,Überlastung,NN,Überlastung,DE,lemmesTempsDE
w_DE_BS_2024_20986,DE_BS,BS,2024,20986,Überlastung,NN,Überlastung,DE,lemmesTempsDE
w_DE_BS_2010_43305,DE_BS,BS,2010,43305,Überlastungen,NN,Überlastung,DE,lemmesTempsDE
w_DE_BS_2010_43696,DE_BS,BS,2010,43696,Überlastung,NN,Überlastung,DE,lemmesTempsDE
w_DE_BS_2010_70676,DE_BS,BS,2010,70676,Überlastung,NN,Überlastung,DE,lemmesTempsDE
w_DE_SH_2004_58531,DE_SH,SH,2004,58531,Überlastung,NN,Überlastung,DE,lemmesTempsDE
w_DE_SH_2004_58556,DE_SH,SH,2004,58556,Überlastung,NN,Überlastung,DE,lemmesTempsDE
w_DE_SH_2004_91013,DE_SH,SH,2004,91013,Überlastungen,NN,Überlastung,DE,lemmesTempsDE
w_DE_SH_2004_91257,DE_SH,SH,2004,91257,Überlastung,NN,Überlastung,DE,lemmesTempsDE
w_DE_BS_2025_14178,DE_BS,BS,2025,14178,Überlastung,NN,Überlastung,DE,lemmesTempsDE
w_DE_BS_2025_31809,DE_BS,BS,2025,31809,Überlastung,NN,Überlastung,DE,lemmesTempsDE
w_DE_BE_2024_10777,DE_BE,BE,2024,10777,Überlastungen,NN,Überlastung,DE,lemmesTempsDE
w_DE_BE_2024_15638,DE_BE,BE,2024,15638,Überlastungen,NN,Überlastung,DE,lemmesTempsDE
w_DE_BE_2024_39198,DE_BE,BE,2024,39198,Überlastung,NN,Überlastung,DE,lemmesTempsDE
w_DE_BE_2024_40788,DE_BE,BE,2024,40788,Überlastung,NN,Überlastung,DE,lemmesTempsDE
w_DE_SH_2021_42878,DE_SH,SH,2021,42878,Überlastungen,NN,Überlastung,DE,lemmesTempsDE
w_DE_SZ_2022_21948,DE_SZ,SZ,2022,21948,Überlastungen,NN,Überlastung,DE,lemmesTempsDE
w_DE_AG_1996_25588,DE_AG,AG,1996,25588,Überlastung,NN,Überlastung,DE,lemmesTempsDE
w_DE_AG_1996_33983,DE_AG,AG,1996,33983,Überlastungen,NN,Überlastung,DE,lemmesTempsDE
w_DE_BL_2025_34185,DE_BL,BL,2025,34185,Überlastung,NN,Überlastung,DE,lemmesTempsDE
w_DE_BS_2012_30892,DE_BS,BS,2012,30892,Überlastung,NN,Überlastung,DE,lemmesTempsDE
w_DE_BS_2012_48824,DE_BS,BS,2012,48824,Überlastungen,NN,Überlastung,DE,lemmesTempsDE
w_DE_BS_2012_49125,DE_BS,BS,2012,49125,Überlastung,NN,Überlastung,DE,lemmesTempsDE
w_DE_BS_2018_47533,DE_BS,BS,2018,47533,Überlastungen,NN,Überlastung,DE,lemmesTempsDE
w_DE_BS_2018_47844,DE_BS,BS,2018,47844,Überlastung,NN,Überlastung,DE,lemmesTempsDE
w_DE_ZH_2020_17481,DE_ZH,ZH,2020,17481,Überlastungen,NN,Überlastung,DE,lemmesTempsDE
