lemma,count
Bern,4293
Basel,2256
B,2195
nr,2081
Appenzell,1903
Fr,1880
Luzern,1465
bzw,1317
St,1296
Zürich,1294
SR,1223
FS,1203
Schweiz,1139
Schaffhausen,1071
RPV,814
SBB,785
i,761
L,755
Obwalden,739
ST,730
Nidwalden,682
are,624
Solothurn,624
Rhein,585
Glarus,575
ESP,562
Schwyz,536
Uri,527
RPG,527
M,510
ca,496
ZE,420
r,419
VE,402
AL,371
TG,367
Biel,355
VO,355
KRP,346
Herisau,339
usw,338
BSG,309
TBA,304
ARA,298
N,295
AGR,292
NL,291
Mio,290
BS,282
de,280
NHG,264
EG,261
Thurgau,246
Thun,243
NW,242
x,224
Ausserrhoden,216
Johann,216
I,210
RiplaNr,205
Jakob,198
S1,192
öV,191
USG,190
KAWA,187
BAFU,186
Oberegg,186
be,185
ISOS,184
Ch,183
Jura,178
Stan,175
Ost,171
ha,168
Gem,165
M3,165
resp,161
Objektbla,159
IVS,156
Winterthur,153
Vierwaldstättersee,152
ASTRA,150
S2,149
UVEK,149
AöV,148
S4,148
Bühler,146
DQWRQDOHU5LFKWSODQ2EZDOGHQ,145
Wolf,144
Lu,144
GSchG,144
beco,140
ei,140
sil,140
LH,139
Baar,139
E2,137
Vgl,135
Deutschland,134
Langenthal,133
PA,133
Baden,132
Thayngen,132
KS,130
Cham,127
Aarau,127
KLEK,126
Engelberg,125
ä,125
Afu,124
MIV,124
Lörrach,124
PBG,123
j,122
Olten,121
ÖV,120
M1,120
rawi,119
Gais,118
Klybeck,117
Gonten,116
Bad,116
Stein,114
Pfäffikon,114
Zentralschweiz,113
SAZ,113
Hundwil,112
P,112
p,110
JGK,108
FFF,107
ten,106
BAV,105
Nordwestschweiz,105
Allschwil,103
BGS,102
Emmental,102
c,102
Wiese,100
AFU,99
Gundeldingen,99
VBS,99
SG,97
GSchV,95
Hergiswil,95
SO,95
Alpnach,93
LSV,92
BAZL,92
d'ie,92
SZ,91
Espace,91
Kant,91
Hrsg,90
GS,90
Arth,88
Innerrhoden,87
NSG,87
Neunkirch,87
RICHTPLANUNC,87
BL,87
BV,87
TVA,86
LSG,85
Meiringen,85
Kern,84
Eidg,83
N2,83
Wasserkraft,82
E3,81
di,81
Europa,81
E4,80
S5,79
BVD,79
ETH,79
Tab,78
Kreuzlingen,77
WEP,77
Risch,76
STEP,76
Dübendorf,76
Frankreich,76
S3,75
Stetten,75
La,75
KW,74
al,74
KV,74
WV,74
AWA,73
PNA,73
Uhl,72
StFV,72
Dez,72
XVJDQJVODJH,71
Pl,71
BLN,70
UNESCO,69
GEP,69
WEA,68
B_04,68
16a,68
AP,68
NISV,68
XU,67
Langnau,66
Muri,65
Au,65
Brugg,65
d,65
bernois,65
HY,64
Limmattal,64
Rheinfelden,64
e,64
von,64
E5,64
Riehen,63
Abb,63
VZÄ,62
benachb,62
EOS,62
Arth-Goldau,62
TEB,61
Langen,61
IV,60
Giswil,60
M2,60
Arc,59
XQG,59
rev,59
Novartis,59
Altr,59
ESP-A,59
Ostschweiz,59
Menzingen,59
betr,58
E1,58
V-3,57
admin,57
WBV,57
Dep,57
Bf,57
AFJ,56
MW,56
on,56
B_07,56
Saint-Louis,55
OB,55
Trois,55
AWE,55
Steffisburg,55
Liestal,54
LWG,54
BFS,54
IYZ,54
E6,53
XQJ,53
UGLH,53
B_05,52
Hitzkirch,52
DX,52
B_03,52
UVP,51
Roche,51
Rothenburg,51
Stansstad,50
E7,50
SCH,50
GH,50
Lacs,50
GSA,49
Spiez,49
Brienz,49
Al,49
Sursee,49
B3,49
Niederbipp,48
rGVK,48
E8,48
Wilchingen,48
DB,48
Rickenbach,48
Hard,48
TA,47
swisstopo,47
Kleinbasel,47
ft,47
PTT,47
Bodensee,47
Wollerau,47
Wil,47
ls,47
SE,46
HPHUNXQJHQ,46
Reuss,46
A,46
Uetendorf,46
UVPV,46
B_10,46
N4,45
Gossau,45
Ruswil,45
vif,45
Zofingen,45
Wettingen,45
Klybeckquai,45
nat,45
Raurica,45
Bienne,44
Parc,44
dje,44
RP,44
D8,43
Gotthard,43
EAP,43
Ala,43
Awel,43
Alban,43
Genf,43
ÖQV,43
ZH,42
LQ,42
Aft,42
RQ,42
5LFKWXQJVZHLVHQGH,42
Aaretal,42
Grundl,42
se,42
E_02,42
BUWD,42
C_04,42
E_04,41
lawa,41
Ried,41
Oensingen,41
f,41
Dornach,41
Siblingen,41
Schüpfheim,41
B_06,40
Reinach,40
RRB,40
Bed,40
Büren,40
6F,40
dans,40
RR,40
8a,40
Min,40
Lana,40
II,39
1DWXUXQG,39
NFA,39
Heimberg,39
Saanen,39
Ins,39
Milano,39
Lutzenberg,39
Kleinhüningen,39
L3,38
Münsingen,38
Aarberg,38
XQJHQ,38
Le,38
RS,38
AGG,38
B_01,38
LKV,38
LKS,38
Muotathal,38
B_02,38
q,38
IE,38
Ennetbürgen,38
ENHK,38
B2,38
OW,38
HS,37
Transparenz,37
Oberwil,37
Lausanne,37
D'ie,37
TBS,37
Lyss,37
Walli|Wallis,37
WBG,37
B_09,37
VÄ,37
B_08,37
Biberbrugg,36
Kt,36
HVWOHJXQJHQ,36
S6,36
agen,36
BauV,36
D_01,36
L5,36
ANF,36
DTV,36
Ev,36
ggf,36
Biel-Seeland,35
UGHQ,35
NO,35
Friedrich,35
Nov,35
L8,35
BLS,35
Anat,35
Wolfenschiessen,35
rn,35
Sihl,35
Steinegg,35
Brügg,35
HU,35
LEK,34
ROK,34
Karlsruhe,34
Köniz,34
J4,34
YJO,34
Objektblätter-M,34
tter-Mobilita,34
Agi,34
Aa,34
Balsthal,34
WaV,34
Mai,33
G6,33
BPG,33
ZG,33
Freiburg,33
DQGOXQJVDQZHLVXQJHQ,33
un,33
Conférence,33
Oeko-B,33
evtl,33
Waldshut,33
Amriswil,33
Neuchâtel,32
Stuttgart,32
K4,32
E_03,32
Franken,32
is,32
Egerkingen,32
Ostaargau,32
Wilen,32
AWöV,32
Geo,32
Göschenen,32
S-1,32
Sti,32
aa,32
OSQDFK,31
AppenzellA,31
E_05,31
Bettingen,31
NLG,31
Teufen,31
6LHGOXQJ,31
Zell,31
il,31
seeland,31
Linthal,31
NRP,31
Lwg,30
NHV,30
Romanshorn,30
Oberägeri,30
Rapperswil,30
Muota,30
Wädenswil,30
Pfaffnau,30
SFG,30
Allgemein,30
Inwil,30
DBL,30
Kägiswil,30
Rüdlingen,30
Uwe,30
S-3,30
Eurodistrict,30
Augusta,30
Ric,29
Baden-Württemberg,29
Tel,29
B14,29
Unterägeri,29
Jura-Bienne,29
Singen,29
Hallau,29
Mühleberg,29
Sarneraatal,29
WSP,29
NEF,29
Anton,29
Plus,29
Hagnau,29
Dagmersellen,29
HG,29
Paris,29
Ö2,29
H6,28
SACHBERE,28
Seelisberg,28
NSI,28
Arbon,28
A1,28
RichtplanAppenzell,28
Triengen,28
AÖV,28
Margarethen,28
Kriens,28
Felix,28
SAK,28
DZV,27
Ramsen,27
N5,27
Hochrhein,27
Lötschberg,27
HPHLQGHQ,27
M5,27
E_06,27
E_01,27
Sihlsee,27
FWG,27
Buochs,27
SVO,27
Engelberger,26
Lyssach,26
Bischofszell,26
Bst,26
Dallenwil,26
chtt,26
F8,26
I4,26
J5,26
Schwendi,26
Sirnach,26
Salina-Raurica,26
BGF,26
Thal,26
Fribourg,26
Lengg,26
GEF,26
Kus,26
NOK,26
ED,26
C_15,25
DSD,25
Sumiswald,25
QJHOEHUJ,25
Huttwil,25
HGV,25
SNCF,25
Walchwil,25
Thur,25
RRUGLQDWLRQVVWDQG,25
Turgi,25
Urnäsch,25
Groß,25
H5,25
RU,25
E-1,25
Anna,25
Weggis,25
M6,25
BT,25
Env,24
Chise,24
Strasbourg,24
eidg,24
Frankfurt,24
Würenlingen,24
Reiden,24
Utzenstorf,24
tb,24
Jan,24
Ibach,24
L6,24
Si,24
UXQGODJHQ,24
Beinwil,24
E-2,24
B34,24
Huningue,24
Elm,24
bienne,24
C_01,24
Herblingen,24
Suhr,24
Zwi,24
men,24
Di,24
SPM,24
D_02,23
e'ine,23
Eggerstanden,23
D_03,23
HQ,23
Wolhusen,23
Peter,23
ESP-D,23
Theodor,23
Wettstein,23
Binningen,23
C_02,23
K2,23
San,23
C7,23
Transjurassienne,23
PäV,23
Eschenbach,23
CTJ,23
Hochrhein-Bodensee,23
ADB,23
Arlesheim,23
DV,23
Sarnen,23
AGM,23
jr,23
GHV,22
Rupperswil,22
B33,22
I5,22
ADT,22
Chur,22
AareLand,22
Gottardo,22
AMO,22
DQWRQ,22
LB,22
NSchG,22
Reichenbach,22
schenergebni,22
Anh,22
VIV,22
Sihlquai,22
IFG,22
SIS,22
Rheinau,22
BA057358,22
jurassien,22
Koblenz,22
Frick,22
Gellert,22
XQJHUQ,22
LA,22
Neuenkirch,21
2o,21
PW-km,21
D1,21
Ermensee,21
D3,21
ZHAW,21
AZ,21
August,21
Niederwil,21
FINANZIERUNC,21
6HLWH,21
Hoffmann-La,21
NASAK,21
PE,21
Wynau,21
C_08,21
Neuenegg,21
Mrd,21
Rüti,21
HL,21
Diessenhofen,21
Spreitenbach,21
C_16,21
Ibergeregg,21
ZEB,21
HGHXWXQJ,21
Emmen,21
Hirschberg,21
Zurzach,21
C_07,21
EHUSU,21
GVM,21
SP,20
Gallen-Appenzell,20
C11,20
A3,20
Jurassien,20
GR,20
Bhf,20
Schällemätteli,20
Verkehrsachsen,20
Mesures,20
Aadorf,20
Wilderswil,20
A4,20
l'Arc,20
Menznau,20
GHU,20
Gstaad,20
Zuchwil,20
Luzern–,20
A_01,20
M4,20
Ciswil,20
Haslen,20
Selzach,20
Oe,20
1a,20
Dr,20
K30,20
Nanisau,20
tr,20
Schönenwerd,20
Klybeckplus,20
fü,20
Stücki,19
Ewil,19
Beatenberg,19
LW,19
D7,19
Area,19
Gundeli,19
Limmattalbahn,19
Hönggerberg,19
e'i,19
nes,19
Eiken,19
Seon,19
map,19
Jungsteinzeitl,19
TER,19
J3,19
Mümliswil-Ramiswil,19
Buchberg,19
D_06,19
Ri,19
DXWHQXQG,19
GHQ,19
Assek,19
E9,19
B12,19
F6,19
ZLVFKHQ,19
Netz,19
KANTOI,19
Walterswil,19
Kloten,19
HUQ,19
Bl,18
K8,18
Stephan,18
C_03,18
qui,18
Homburg,18
Rail,18
K3,18
Waldegg,18
chkei,18
US,18
Matthäus,18
JSG,18
AGS,18
Ettiswil,18
4G,18
Hasle,18
Sörenberg,18
Alberswil,18
Escholzmatt-Marbach,18
Roggwil,18
Wikon,18
HUQV,18
Chisebach,18
WMK,18
GBP,18
Mittelberg,18
S1-4,18
XG,18
G5,18
C1,18
Aareland,18
RQHQ,18
D4,18
Tessin,18
K9,18
Wei,18
Buchegg,18
TGV,18
Affoltern,18
Margrethen,18
SVV,18
Salina,18
Lauerzersee,18
Blegi,17
Steckborn,17
K5,17
Split,17
BR,17
Lengnau,17
Ro,17
JD,17
Aarburg,17
D12,17
I6,17
Erlinsbach,17
MD,17
UXQGODJHI,17
Isenthal,17
B8,17
Ä,17
Göscheneralpsee,17
Witi,17
Basel-Mulhouse,17
Dorenbach,17
G2,17
Wynental,17
G7,17
Sulgen,17
Kappel,17
DVP,17
KGSchG,17
DQ,17
Hallwilersee,17
G8,17
Hanhart,17
Dietikon,17
Swissgrid,17
D9,17
Altenrhein,17
Schachen,17
Guntmadingen,17
J30,17
FJF,17
F5,16
ZVV,16
6D,16
Stettenfeld,16
public,16
Hans,16
FABI,16
Saanen-Gstaad,16
VBBo,16
S1-,16
Mo,16
V2,16
Pfyn,16
CTSO,16
Voir,16
Ph,16
N1,16
HK,16
A2,16
QQHQ,16
7RXULVPXVXQG,16
Pilatus,16
V3,16
KR-Nr,16
J6,16
S1-9,16
WHQ,16
Bellinzona,16
Brig,16
sous,16
AS,16
C9,16
Rietli,16
Schwantenau,16
E_08,16
BPV,16
-Nr,16
AfE,16
Herbetswil,16
Swiss,16
RET,16
el,16
GPNU,16
Justi,16
Gösgen,15
Saint-Imier,15
Ö1,15
Bâle,15
C64,15
MGB,15
WMZ,15
Südbaden,15
Selgis,15
ASR,15
L4,15
Aug,15
B31,15
indd,15
Ebikon,15
Sardona,15
Nordschweiz,15
SIP,15
Erlä,15
C_14,15
WSL,15
Kirchberg,15
Goldiwil,15
VTN,15
Säntis,15
C8,15
Bassersdorf,15
Berg,15
Ernst,15
Sihlbrugg,15
Wigoltingen,15
≤,15
V1,15
Oev,15
B13,15
Büttenhardt,15
Jaberg,15
Jestetten,15
Römerswil,15
MLV,15
RA,15
Bülach,15
MinVV,15
Ennenda,15
Power,15
UWR,15
G9,15
Les,15
Regi,15
Kronberg,15
Tavanne,14
jn,14
Enggenhütten,14
Birmensdorf,14
36a,14
Untersiggenthal,14
6DUQHQ,14
Schwäbis,14
Delémont,14
Vitznau,14
SAG,14
Lengwil,14
1-C,14
DQWRQV,14
NSV,14
FM,14
Albi,14
C_17,14
fijr,14
B1,14
Suisse,14
Mulhouse,14
WTK,14
Luterbach,14
TwwV,14
Schindellegi,14
WWA,14
München,14
Wängi,14
Gundeldinger-Tunnel,14
ZMB,14
EBG,14
A5,14
VVEA,14
K48,14
Hasliberg,14
Braunau,14
F_04,14
Adligenswil,14
B15,14
sol,14
Gäu,14
Däniken,14
SAJA,14
DQWRQ2EZDOGHQ,14
e'in,14
AMB,14
Moosseedorf,14
C_18,14
aux,14
GschG,14
ERS,14
Marbach,14
F2,14
JHQ,13
F7,13
Hofen,13
B4,13
BLAET,13
J8,13
E-4,13
Bellevue,13
RAZ,13
s'i,13
K28,13
Dje,13
b'is,13
Schönau,13
B_11,13
Siebnen,13
Innerschwyz,13
RKQXQG,13
L1,13
Sisikon,13
ASB,13
B22,13
Bözberg,13
TRP,13
dipl,13
Lang,13
KGV,13
Klostermann,13
Feddersen,13
C_11,13
C4,13
N3,13
Aabach,13
JOLFK,13
Oberkirch,13
Chrischona,13
Möhlin,13
XQJGHU,13
Ballwil,13
J7,13
u,13
A_06,13
Teuftal,13
Untersee-Hochrhein,13
SECO,13
AltlV,13
B87,13
AKV,13
Gundeldinger,13
Bi,13
wi,13
Waldenburg,13
Liesberg,13
Toggenburg,13
Bo,13
Egnach,12
Gantrisch,12
EMG,12
Rot,12
Riggisberg,12
KWG,12
Sissach,12
L7,12
Life,12
Sciences,12
PD,12
Pour,12
vi,12
bafu,12
Wimmis,12
Schötz,12
Li,12
NP,12
Horn,12
NB,12
Spielwiese,12
12a,12
PEZA,12
Westschweiz,12
Döttingen,12
E4-2,12
Scheidegg,12
NWR,12
HGHXWXQJI,12
QWZLFNOXQJV,12
Engi,12
Alpiliegg,12
K29,12
Italien,12
I3,12
Schinznach,12
Ramersberg,12
OBJEKTBLAET,12
EJPD,12
KUHQ,12
sh,12
S8,12
Breitenbach,12
Fricktal,12
AUSI,12
J2,12
GA,12
Rigi,12
Bach,12
BA002881,12
Heerbrugg,12
C_20,12
D6,12
LBK,12
XN,12
EHU,12
Soutien,12
Flawil,12
Lugano,12
pf,12
Viv,12
Ma'i,12
UK,12
IIHQWOLFKHQ,12
Limmat,12
K10,12
GWh,12
VEJ,12
Maria,12
RICHTPLAII,12
RICHTPLAI,12
Konstanz,12
Litti,12
UVFKOLHVVXQJ,11
AVA,11
BA071773,11
Meret,11
Lindau,11
ton,11
ProRheno,11
Z3,11
Ji,11
Salenstein,11
9RURULHQWLHUXQJ,11
ZLVFKHQHUJHEQLV9,11
Merian,11
OSQDFKVWDG,11
Winznau,11
Stg,11
Ö3,11
Mitlödi,11
KDP,11
VD,11
Knutwil,11
B51,11
Thalwil,11
Brülisau,11
Wildbach,11
E21,11
Häming,11
G4,11
XQ,11
6DFKVHOQ,11
DQGVFKDIWVNRQ,11
Regio,11
swi,11
AJF,11
KLHUDUFKLHVWXIH,11
C2,11
D_04,11
Louis,11
S-2,11
S-7,11
GI,11
LR,11
QWZLFNOXQJ,11
WNG,11
Saul,11
PubliCar,11
Niklaus,11
SBG,11
B23,11
Vögelinsegg,11
TUAT,11
Buonas,11
L13,11
MG,11
Fö,11
GRU,11
FVV,11
DSchG,11
2l,11
Busse,11
Eggiwil,11
Rüdtligen-Alchenflüh,11
HM,11
SN,11
Brunegg,11
Lupfig,11
Trasadingen,11
Gettnau,11
Asa,11
S1-6,11
J9,11
7RXULVWLVFKH,11
F_01,11
Talkessel,11
Alpthal,11
Hüribach,11
EN,10
Lyon,10
Seco,10
Bienne-Seeland-Berner,10
NSF,10
KASAK,10
C_09,10
C_19,10
Eich,10
Pt,10
Z1,10
Pantaleon,10
Linde,10
REHAB,10
Konolfingen,10
KöV,10
Christoph,10
SIA,10
Ipsach,10
Dörﬂingen,10
Valley,10
ZB,10
Regio-ROK,10
MS,10
Dierikon,10
QGHQ,10
Len,10
BA,10
Fulenbach,10
Lutersarni,10
K68,10
Augst,10
QUERVERI,10
E_07,10
Uttwil,10
Ö23,10
Cru,10
RPC,10
HUWVFK,10
Therwil,10
UEHLWV,10
Kleinsiedlungs-ID,10
Sevogelbrücke,10
Ki,10
to,10
str,10
Laupersdorf,10
E15,10
GüTG,10
Hohbrugg,10
Ü1,10
FKV,10
Rutlenriet,10
Schmittenbach,10
Fig,10
Wolfwil,10
Z4,10
Innerschweiz,10
D_05,10
Josef,10
De,10
avec,10
K6,10
UHQ,10
PV,10
S1-5,10
industriel,10
ii,10
B16,10
Unterkulm,10
Birrhard,10
SV,10
E-6,10
XQGHVDPWI,10
Walensee,10
JOLFKNHLWHQ,10
AlgV,10
GWP,10
DQWRQI,10
S1-1,10
QUERVERWE,10
Feb,10
Höhi,10
Osteregg,10
Rüderswil,10
Oberaargau,10
Ols,10
ODXEHQEHUJ,10
T2,10
MB,10
V4,10
Otterbach,10
EV,10
Grenzach,10
EC,10
Européen,10
IC,10
Dijon,10
Münchwilen,10
Nordostschweiz,10
Deisswil,9
HQWUXPVODJHQ,9
KANTOII,9
60a,9
Nrn,9
Attiswil,9
Wk,9
REV,9
Steinigand,9
AW,9
Brühl,9
LQOHLWXQJ,9
NWCH,9
GöV,9
BWG,9
A_05,9
Diesbach,9
Näfels-Mollis,9
Amlikon-Bissegg,9
Schenkon,9
ISKV,9
WVG,9
AK,9
FMG,9
ÖBA,9
Z2,9
Neuschwendi,9
EFG,9
Neuägeri,9
QODJHQ,9
Jonen,9
Mst,9
Baldenwil,9
Carl,9
Meggenmüli,9
Breitried,9
C_12,9
LOGUXKH,9
kV,9
Ö27,9
IM,9
Niedergösgen,9
v,9
Max,9
Wildegg,9
NEB,9
RISKO,9
EKD,9
Elba,9
B21,9
B5,9
B7,9
Coop,9
2G,9
Fänn,9
Böttstein,9
LP,9
Lead,9
EK,9
Klingnau,9
E4-1,9
Klus,9
C10,9
Regel,9
D13,9
Schwellbrunn,9
City,9
L2,9
5a,9
d'i,9
11a,9
Ü10,9
Ermatingen,9
TriRhena,9
E_11,9
Bisisthal,9
Wernisberg,9
H1,9
Brienzersee,9
QWZLFNOXQJGHU,9
H4,9
S1-3,9
E3-1,9
Beznau,9
LFG,9
Frenkendorf,9
Wuppenau,9
Brunni,9
Ka,9
Hinwil,9
-K,9
Dietlikon,9
gi,9
IHG,9
Watch,9
SVG,9
Flumenthal,9
Gretzenbach,9
GschV,9
Jakob-Arena,9
Freudenberg,9
Rü,9
Schangnau,9
K09,9
Hondrich,9
Wattenwil,9
StromVG,9
Lotzwil,9
Meikirch,9
Pontarlier,9
Hofstetten,9
Rio,9
Janeiro,9
NschG,9
Murtensee,9
T6,8
Bethlehem,8
Mel,8
Rue,8
Friedlingen,8
jm,8
HSWHUDUEHLWHQ,8
Allmendingen,8
Faulensee,8
OECD,8
Clef,8
GEREF,8
Brünnen,8
Krauchthal,8
FR,8
ERE,8
Aaregäu,8
Lausen,8
a2,8
L01,8
Hauenstein-Ifenthal,8
Magglingen,8
Bernische,8
Luxembourg,8
Lommiswil,8
Boningen,8
Oberelsass,8
Kei,8
GB,8
QHUJLHNRQ,8
Langis,8
Andelfingen,8
GSK,8
Zt,8
Neu-Rheinau,8
Bäretswil,8
SGS,8
BUD,8
Renergia,8
2a,8
díe,8
KEBAG,8
Niederlenz,8
trafic,8
pas,8
sti,8
Dicki,8
Radegg,8
D11,8
aussch,8
2-C,8
ZHUGHQ,8
QWZLFNOXQJGHV,8
XQJHQI,8
B9,8
Dietwil,8
Swisscom,8
TV,8
Kaiser,8
St-Imier,8
Br,8
Windkraft,8
be'i,8
vo,8
ej,8
24c,8
El,8
Touri,8
Kon,8
rfo,8
198o,8
Martin,8
E13,8
E12,8
O3,8
Roßberg,8
Rechtskraft,8
S1-8,8
Möriken-Wildegg,8
E3-2,8
XQDKPHGHU,8
ÖBA1,8
Gewä,8
Mailand,8
SH,8
Staffelbach,8
RLV,8
TJ,8
FD,8
Sedrun,8
C24,8
B19,8
F_02,8
F_03,8
G_01,8
HUJlQ,8
KCB,8
Aesch,8
65a,8
D_07,8
E_09,8
BOAT,8
ZöBA,8
Geuensee,8
Grosswangen,8
REK,8
A16,8
Längi,8
Eppenberg-Wöschnau,8
d'Orvin,8
C_06,8
WTO,8
K1,8
TK,8
GV,8
Hundwiler,8
Schüss,8
Grünau,8
VOL,8
DSG,8
G3,8
E6a-4,8
Obersiggenthal,8
Rieter,8
V3-C,8
KD,8
WNI,8
GD,8
Sonnenberg,8
ZöN,8
38a,8
parc,8
Boswil,8
AbfG,8
DPG,8
80ff,8
HMV,8
FMV,8
Arisdorf,8
Hägendorf,8
QLJ,8
UZH,8
Nottwil,8
Link,8
Zelgli,8
VoltaNord,8
SGA,8
Ö35,8
Mollis,8
Schwarzenberg,8
BUWAL,8
KDV,8
WZVV,8
Neftenbach,8
Aubach,8
HPHLQGH,8
DSchV,8
Neukirch,8
inkl,8
LANAT,8
ONHUXQJ,8
Behandl,8
XVDPPHQDUEHLWPLWGHQ,7
Pfaffwil,7
Dieund,7
ONHUXQJVXQG,7
zun,7
Zugerberg,7
m2,7
VVzPBG,7
PM,7
ZGB,7
Oberrüti,7
Sigriswil,7
AfL,7
DIJ,7
USP,7
R_05,7
Selling,7
VK,7
Birsfelden,7
Unteriberg,7
F3,7
AGV,7
BewV,7
Büsserach,7
Erschwil,7
BASF,7
KLwG,7
Frankfurt–,7
Ruhrgebiet,7
15a,7
repla,7
ST4,7
C_23,7
Österreich,7
Boniswil,7
I7,7
UGDV,7
Mörschwil,7
Schöftland,7
Löhningen,7
Z2-1,7
Bussnang,7
Sommer,7
Rey,7
AuenVO,7
VTF,7
Malters,7
Meierskappel,7
Kallnach,7
Jost,7
MeteoSchweiz,7
CL,7
Deep,7
we,7
zwi,7
Ackermann,7
QWZLFN,7
JXQJ,7
B52,7
Corgémont,7
Regiotram,7
Walliswil,7
Randen,7
S7,7
VZ,7
S2-C,7
Clariden-Hüfifirn,7
HUQXQG,7
HQWUHQ,7
RK,7
Sool,7
J15,7
Hammer,7
ím,7
IIHQWOLFKH,7
Gelterkinden,7
Wittinsburg,7
Speicherschwendi,7
SRSZ,7
EU,7
XQJV,7
RD,7
ooo,7
Burgstogg,7
Bern-Zürich,7
Ü3,7
Ö6,7
Bernoulli,7
Eriswil,7
K49,7
Durrer,7
E_10,7
Heinrich,7
sr,7
Kesswil,7
M1a,7
tl,7
NAF,7
Sins,7
JSD,7
SIN,7
Murgenthal,7
JM,7
bzgl,7
Fe,7
B18,7
Altnau,7
Wauwil,7
Egolzwil,7
Standard,7
Fun,7
Hinterberg,7
R_06,7
SBP,7
è,7
LT,7
Innerthal,7
KFA,7
mobilitätAARGAU,7
Oftringen,7
A12,7
E'insi,7
öffentl,7
B0,7
OJ,7
WnG,7
Vorderthal,7
Merishausen,7
Wi,7
Schlatt-Haslen,7
rstr,7
Niklausen,7
SaanenGstaad,7
régionaux,7
GSUD,7
Zonenplanunq,7
Attisholz,7
B35,7
alledie,7
diegar,7
Ü22,7
Ü7,7
RichtplantextRi,7
Werd,7
Ba,7
Dat,7
ferroviaire,7
HQWUXPV,7
HLQ,7
Bichelsee-Balterswil,7
Oberdiessbach,7
Gümligenfeld,7
AnGV,7
Mâcon,7
Locle,7
eingedolt,7
IBA,7
Griesseney,7
Kiesen,7
Oberbipp,7
Paul,7
Scherrer,7
Zwischenergebn'is,7
05-LKV-BE,7
Domodossola,7
SaintLouis,7
Westquai,7
DQWRQXQG,7
SVA,7
Twann,7
Moutier,7
Imier,7
RRUGLQDWLRQ,7
dr,7
a3,7
Gunzgen,7
Bärschwil,7
HIV,7
TRA,7
Vaud,6
Oberi,6
L05,6
Ueo,6
EGK,6
ZUDK,6
DXWHQ,6
réseau,6
Thundorf,6
Rotterdam,6
Basel-SBB,6
1250m,6
ULJHQ,6
K11,6
DVWURQRPLHXQG,6
2bis,6
Wiliberg,6
tg,6
Salmsach,6
schenergebn'i,6
NöRG,6
dBA,6
Harmettlen,6
OUESTRAIL,6
Rütti,6
NE-orientierte,6
Löwenberg,6
ilr,6
fiir,6
AA,6
400m,6
Freitag,6
A11,6
Aaregg,6
DmsG,6
èB13,6
Bern-Basel,6
IW,6
Federführunq,6
DQWRQSU,6
place,6
Brislach,6
d'un,6
XK,6
F4,6
Lauerz,6
Oberiberg,6
see,6
z,6
Kategori,6
Gontenbad,6
B83,6
GS-BVE,6
TD,6
iQ,6
rü,6
HEHQVUlXPH,6
C21,6
Langrickenbach,6
B41,6
LHB,6
OHLFK,6
iBZ,6
ESA,6
BA024119,6
aBZ,6
BZ,6
Wellness,6
UHLQH,6
EHUGLH,6
Bühl,6
D2,6
Arl,6
VGEP,6
as,6
USZ,6
Sc,6
Emmenbrücke,6
UZB,6
-r,6
Neuthal,6
Berger,6
Dabe'i,6
XQJVSODQXQJ,6
XVWLPPHQ,6
nsatzmögl,6
XVV,6
QELQGXQJ,6
D10,6
VS,6
Brugg-Windisch,6
Barbara,6
ESP's,6
B86,6
ASm,6
Reitnau,6
B81,6
ó,6
ENTSORGUNC,6
NH,6
Gemein,6
PLA,6
S9,6
B10,6
Schlattli,6
GAF,6
Deitingen,6
FNL,6
L5-1,6
Honegg,6
Weyermannshaus,6
Ü5,6
k,6
HB,6
Landshut,6
ALN,6
Roggliswil,6
nüZ,6
HPA-P,6
Sedel,6
BIP,6
NOx,6
Rev,6
Altmatt-Biberbrugg,6
V5,6
HJ,6
zuy,6
aJ,6
Jul'i,6
Dürrbach,6
Cormoret,6
Stettlen,6
ESL,6
SWR,6
Dozwil,6
Gachnang,6
HOQHQ,6
JH,6
Ennerberg,6
Oerlikon,6
Oberwinterthur,6
Altstetten,6
Röm,6
Migros,6
Chis,6
g'i,6
R_02,6
Edlibach,6
C_13,6
H_02,6
H_03,6
MinVG,6
Bottmingen,6
Grossdietwil,6
Hemmental,6
Wien,6
ö,6
Abtwil,6
1G,6
Würenlos,6
Full-Reuenthal,6
berü,6
Prioritä,6
Mont,6
GallenAppenzell,6
VOC,6
Oberbüchel,6
Burgauerfeld,6
Bonau,6
Gürbe,6
Lei,6
I8,6
C6,6
Centre,6
Tüscherz-Alfermée,6
Aedermannsdorf,6
KRB,6
Klybeck-Kleinhüningen,6
G_02,6
fäl,6
E'i,6
WEU,6
häuﬁg,6
Eggli,6
TI,6
d2,6
rä,6
E6a-2,6
KBS,6
C_21,6
RKQ0LVFKXQG,6
XOlVVLJ,6
XU9HUI,6
Hunzenschwil,6
publics,6
S2-6,6
QVSU,6
Lebensrä,6
Choller,6
gg,6
Antonius,6
Berchtwil,6
RQH,6
V6,6
Iseltwald,6
Okt,6
QIWLJHQ,6
FKHQ,6
Dov,6
XVWHOOHQ,6
6-C,6
KEV,6
RKQ,6
Teilegg,5
XQGHV,5
HQWUXP6DUQHQ,5
ODXEHQELHOHQ,5
JHI,5
QWHQVLYWRXULVPXV,5
DQWRQVRUJWI,5
Diepoldsbach,5
Petinesca,5
98a,5
A_01und,5
Wiggen,5
Seftigen,5
Kol,5
DQWRQEH,5
Milken,5
Emdthal,5
Kernenried,5
Landeron,5
R-5,5
R-6,5
Moostäli,5
R-7,5
R-1,5
R-2,5
Hasli,5
TRB,5
BTS,5
PBV,5
Waadt,5
TEG,5
TEV,5
def,5
StatA,5
Bazenheid,5
RE,5
chtpl,5
APS,5
UNO,5
Renan,5
Sonceboz,5
UBLA,5
Rodersdorf,5
Witterswil,5
Zullwil,5
Ottmarsheim,5
Bern-Ost,5
Bernoulli-Walkeweg,5
VAW,5
27a,5
BG,5
sid,5
Witzwil,5
Nordsee,5
NHG-SH,5
6a,5
Robert,5
Walter,5
0lU,5
Montreux,5
SGV,5
Pr,5
Brunnenau,5
Oberhallau,5
Osterfingen,5
HochYbrig,5
Dettighofen,5
Burckhardt-Haus,5
HO,5
QJHERWH,5
H3,5
Birrfeld,5
OeVG,5
DQWRQV2EZDOGHQ,5
iii,5
Seckenberg,5
Mellikon,5
Immo,5
B3-1,5
Kaltenbach,5
B24,5
Lienz,5
Eschlikon,5
Lättgrueb,5
Steineraa,5
Wynenfeld,5
Rottenschwil,5
Thalheim,5
Brittnau,5
OSQDFK'RUI,5
Schmiedrued,5
Fisibach,5
Stans-West,5
Ö1-1,5
Michael,5
OGB,5
rGMK,5
VM-CH,5
E10,5
Auenstein,5
Camargue,5
Hagenwil,5
Ey,5
QLJVWUDVVH,5
Huwil,5
DKQ,5
ssi,5
flir,5
D31,5
Reuchenette,5
JuraBienne,5
Centre-Jura,5
matériaux,5
Böckten,5
Birstal,5
64a,5
Melchaa,5
Grundwas,5
A98,5
Courtelary,5
12-C,5
3-B,5
HELHWHPLWNRQWLQXLHUOLFKHU,5
HLWHUHQWZLFNOXQJGHUKLVWRULVFKHQ,5
gkei,5
Che,5
785o,5
CST,5
7a,5
rtschaftl,5
Röti,5
armasuisse,5
OHQ,5
ASS,5
Urban,5
Wnv,5
Nis,5
54a,5
Hallwil,5
ABauV,5
Fu,5
Ci,5
OHPHQWHGHU,5
B43,5
Ott,5
Menziken,5
EHUGHQ,5
nsi,5
Wanderungsmöglichkei,5
E11,5
ESTI,5
Pfalz,5
Guber,5
Wäldi,5
Eurocity,5
DQGHUQ,5
DQG,5
ULHQ,5
Forstegg,5
Honau,5
Mettlen,5
UXFKWIROJHIOlFKHQ,5
Eggeli,5
Gübsen,5
Degersheim,5
Tognacca,5
IA,5
Hatwil,5
GSM,5
EHL,5
UMTS,5
LQEH,5
XJGHU,5
Lauftegg,5
UPK,5
Chärstelenbach,5
Cercle,5
WG,5
M22,5
QHQ,5
B17,5
B44,5
UVFKOLHVVXQJI,5
Kath,5
Obergösgen,5
Ruppoldingen,5
Noe,5
Lindenberg,5
Laui,5
Eggimann,5
opti,5
23c,5
Volketswil,5
Data,5
Uetikon,5
Udligenswil,5
B32,5
XJ,5
UI,5
F11,5
C43,5
E14,5
systema,5
instru,5
SpVG,5
Bodan-Rail,5
Böhleli,5
Kander,5
Münsterlingen,5
Bitzighofen,5
Born,5
afu,5
IHQ,5
XUHGX,5
Gießen,5
ZFI,5
Gruner,5
S-ce,5
Horgen,5
Etzel,5
Sattelegg,5
sje,5
Meggen,5
Kyburg,5
afv,5
Hirslanden,5
Gisikon,5
Breitenau,5
Bleichi,5
Göbsi,5
WTSchV,5
33a,5
DE,5
Sihlwald,5
Anwil,5
Buoholzbach,5
Rifferswil,5
spi,5
Bock,5
Metzerlen-Mariastein,5
Fischbach,5
RC,5
KUG,5
000m,5
PPV,5
ABS,5
IIHQWOL,5
Schwändi,5
Ö26,5
M19,5
Colmar,5
Oeffentl,5
L5-3,5
L5-5,5
R-3,5
Marin,5
Torismus,5
Diemtigtal,5
HOQHQ6DFKNDSLWHOQ,5
Hoechi,5
DQGOXQJVDQZHLVXQJHQZHUGHQLQGHQQDFKIROJHQGHQHLQ,5
HTL,5
VBGF,5
Chrischonatal,5
Lenzen,5
S1-10,5
V1-1,5
Bettingerbach,5
WOV,5
Afh,5
Lutzenberq,5
lacs,5
de'larc,5
IMM,5
140m,5
ST1,5
Gunzwil,5
Stettfurt,5
M7,5
Ö15,5
Grossbasel,5
Homberg,5
SD,5
FWV,5
UXQG,5
Alpnachstad,5
E7-1,5
S1-7,5
S1-2,5
Bowil,5
Goldau,5
LQZRKQHUNDSD,5
Kin,5
H7,5
enbach,5
Dättwil,5
WVLFKI,5
WHV,5
OOWDJVXQG,5
S4-2,5
E3-3,5
Veltheim,5
QRWHQ,5
JJORPHUDWLRQ,5
Arnold,5
Dersbach,5
Baarburg,5
Farenschwendi,5
TP,5
LQH,5
Eggenwil,5
KVV,5
Illighausen,5
KI6DUQHQ,5
LQULFKWXQJHQ,5
YRQ,5
LHQ,5
XVZLUNXQJHQ,5
380-kV,4
Twischenergebn'is,4
SCHT,4
Chriesbaum,4
Eichholz-Dicki,4
XQJGHV,4
ZLFNOXQJV,4
Pfäffi,4
Bubenloo,4
Herbrig,4
Bümberg,4
Vorberg,4
Felben-Pfyn,4
Emmetten,4
SWS,4
Astra,4
Pratteln-Längi,4
WieseVital,4
R-8,4
R-9,4
R-10,4
WJG,4
Wenkenköpfli,4
AAGU,4
5km,4
WIF,4
FÖV,4
Berg–Dinkelberg,4
EHUEDXWHQ,4
OlFKHQI,4
Tössegg,4
Keller,4
Appui,4
s'agit,4
Sen,4
Quel,4
Felsenkeller,4
IG,4
Sargans,4
N4-C,4
HQGHQ,4
UOLDOS,4
XEH,4
UWRXULVWLVFKH,4
Hartmannsrüti,4
W3,4
VWD,4
Heiden-St,4
INTERREG-II,4
Ausflugsrestaurants,4
Sturzenegg,4
C22,4
Gübsen-Park,4
Gaiserwald,4
Meldegg,4
Chräzerli,4
Wilen-Lachen,4
Gübsenpark,4
Moosegg,4
RHB,4
projet,4
T10,4
Sieber,4
Cassina,4
Duggingen,4
HVDPWYHUNHKUVNRQ,4
XDFKWHQ,4
XVDPPHQPLWGHQ,4
KEB,4
Biondo,4
sera,4
Comet,4
Junck,4
Flierl,4
sz,4
vue,4
C3,4
Nunningen,4
Federführu,4
rDie,4
Tecknau,4
MwSt,4
A18,4
BD,4
9HUNHKU,4
VLQG,4
QVFKO,4
XSU,4
FWC,4
OBJE,4
N8,4
32c,4
OBJ,4
D5,4
Marti,4
Wiesenberg,4
V1-,4
zb,4
Sleeping,4
Iselisberg,4
Bennwil,4
Buus,4
Oltingen,4
AfBM,4
Morschach,4
Riemenstalden,4
VF,4
Bretzwil,4
aaa,4
F9,4
Matzendorf,4
Balmberg,4
ín,4
XOe,4
XKD,4
HauensteinIfenthal,4
Wiggertal,4
5E,4
OUERVERI,4
aaaa,4
oo,4
ttaa,4
Hostettli,4
Klaus,4
XD,4
UHX,4
Baden-Wettingen,4
Rheno,4
E1-2,4
E2-1,4
E5-1,4
E6a-3,4
pôle,4
HGDUI,4
XUEHVVHUHQ,4
Feusisberg,4
GISP-Arc,4
L1-2,4
DXSWYHUNHKUV,4
VW,4
INHALTSVERZEICHN,4
O4,4
XVVXQG9HORYHUNHKUHWF,4
K69,4
6WDQV,4
lng,4
LUNC,4
interjurassienne,4
Engwilen,4
Chrüz,4
Lungern-Schönbüel,4
Engelberg-Wolfenschiessen,4
ort,4
Waf,4
E-3,4
Kalkstein,4
6WDOGHQ,4
HLWUDJ,4
LNHQ,4
S5-1,4
Mägenwil,4
Staffelegg,4
Fislisbach,4
K388,4
ZLO0D,4
K31,4
K7,4
SIXQJ,4
Afg,4
Domaine,4
S3-3,4
UHQEHUJ,4
Gottlieben,4
Gündelhart,4
Rohrdorferberg,4
Husen,4
NO2,4
AHB,4
Haslital,4
HVRQG,4
Reni,4
LQDQ,4
Wissenbach,4
Wyna,4
E1-1,4
Baregg,4
I1,4
Oberrickenbach,4
UHQDOS,4
Boll,4
ST7,4
Dinkelberg,4
Jakobsberg,4
Oberrhein,4
ARGE,4
Bremgarten,4
Signau,4
Orvin,4
SWG,4
NFV,4
SEF,4
ZPP,4
DXSWFKDUDNWHUI,4
Glaubenberg,4
QHUJLHQ,4
Euthal,4
fait,4
collaborations,4
soutien,4
Chrummeney,4
Dürrenroth,4
Walperswil,4
3G,4
Rietheim,4
VG,4
Sava,4
Gontenschwil,4
Oberkulm,4
Crosin,4
HLWHUHQWZLFNOXQJ,4
Sihlsees,4
Ruosalperbach,4
GDV,4
Hinterthal,4
Riedplätz,4
-C,4
coordonné,4
UGüTG,4
A_03,4
110a,4
Bözingenfeld,4
Baurohstoffen,4
Gryth,4
HGHXWXQJXQG,4
QYHQWDUGHU,4
Gwalpetenbach,4
SVSA,4
APN,4
Sebastian,4
Delsberg,4
Hinterengeli,4
Irène,4
Othmarsingen,4
A_02,4
B140,4
Ron,4
UOLFKHQ,4
ZuMoLu,4
CISL,4
CITAJ,4
Communauté,4
ferroviaries,4
Verbands-GEP,4
WLL,4
Tm,4
Fridbach,4
Walzenhausen,4
BILU,4
FILU,4
UXFKWIROJHIOlFKHQGHV,4
Schönenbüel,4
lémanique,4
Geneva,4
B36,4
Meisterswil,4
SAN,4
DXYRUKDEHQ,4
Aahus,4
XGLHVHP,4
Zollhus,4
Rinkenbach,4
StrG,4
Pla,4
Rotstein,4
Kaubach,4
Bildstein,4
KDUDNWHULVWLNHQ,4
EHUGHQ1DWXUXQG,4
HUDXVIRUGHUXQJHQ,4
enthal,4
VLE,4
ÖVG,4
–Brugg,4
WL,4
Gottmadingen,4
Ripla,4
Öhningen,4
MAK,4
EWS,4
DMV,4
Beri,4
Beromünster,4
UXGHU,4
Lienert,4
iu,4
Rüthi,4
ÖLN,4
INTERREG-III,4
Blumberg,4
Schwarzwald-Baar-Heuberg,4
Wellenberg,4
Root,4
CS,4
Küsnacht,4
Opfikon,4
44a,4
Höri,4
Andrea,4
Honrich,4
LuzernOst,4
Fa,4
sil-zuerich,4
EDI,4
m³,4
Irchel-Nord,4
Tilia,4
B73,4
OLFKHQ,4
Loo,4
Münster,4
Ö33,4
Klybeckinsel,4
M8,4
Zolli,4
PWI,4
ϳ,4
Hinteregg,4
CFF,4
HPHLQ,4
KUXQJ,4
EDV,4
seco,4
d1,4
d3,4
local,4
Glattal,4
PGV,4
Kdk,4
SSV,4
ZPL,4
UOLFKH,4
Ottenbach,4
Uetliberg,4
Neeracherried,4
Schönholzerswilen,4
Littenheid,4
BAKOM,4
Syngenta,4
résoudre,4
ZHFNV,4
DSLWHO,4
7RXULVPXV,4
d'ieser,4
b'i,4
andschaftl,4
Ü25,4
UHDOHYRQEHVRQGHUHU,4
XQJYRQ,4
XHUUHLFKHQ,4
Events,4
Sarneraa,4
Giswiler,4
mFFF,4
lac,4
PUN,4
Nati,4
gefl,4
S'ie,4
d'iese,4
BFH,4
Oberland-Ost,4
BB,4
Genua,4
Elsass,4
Sirnach-Littenheid,4
JSV,4
9RUKDEHQNRQNUHWLVLHUHQ,4
FN,4
EIDOOSODQXQJ,4
Wiler,4
Ö17,4
Ü8,4
Ö30,4
LOGWLHUNRUULGRUH,4
DML,4
umf,4
sberg,4
tendorf,4
Wengi,4
Hüseren,4
Grüt,4
Neubrugg,4
ROJHQGH,4
PHQ,4
att,4
Ö22,4
Ü4,4
Ö32,4
Ö37,4
Ö25,4
HQGH,4
Hüttenberg,4
XHUIROJHQ,4
Rhin,4
Ü29,4
Ü30,4
Ü35,4
Ö5,4
Ü39,4
Ü23,4
Ö4,4
Wolf-Nord,4
Mittelalterl,4
Andreas,4
Mittelsteinzeitl,4
DOGXQG,4
ÖBA2,4
ebp,4
BSF,4
Opfertshofen,4
end,4
XQJXQG,4
Walenberg,4
DPLOLHQ,4
XOHJHQ,4
Hätzingen,4
LILVFKH,4
XJDXIGLH,4
GüV,4
andwi,4
lö,4
Grö,4
KNHK,4
SW,4
Hägliloo,4
dj,4
B11,4
Bibermeregg,4
mö,4
Massnahme-Nr,4
PM10,4
Helvetica,4
Sani,4
Bibertal-Hegau,4
SI,4
Guntershausen,4
Jenni,4
Gottardi,4
Schäflisegg,4
Wissegg,4
Unterwienacht-Landegg,4
RFKZDVVHU,4
HUHLFK,4
HELHWHI,4
ELV,4
L03,4
UIQLVVHGHU,4
DQWRQEHU,4
N1-C,4
V4-B,4
Hürital,4
Oberrisch,4
Hürlimann,4
Engel,4
Wendelin,4
HEHQVXQG,4
TS,4
RQNXUUHQ,4
Gächlingen,4
Schwarzenegg,4
stü,4
VBBO,4
HLWDNWLYLWlWHQ,4
Grü,4
Menzlngen,4
Oberägerl,4
ONH,4
ONHUXQJXQG,4
UWXQG,4
ONHUXQJV,4
Wichlen,4
JOLFKNHLWHQI,4
tbi,4
WasG,4
J18,4
Convers,4
Bern-West,4
KHUHQ,4
UGHQPRWRULVLHUWHQ,4
EHUUHJLRQDOHU,4
Wa,4
HQWUXP,4
R_01,4
Vernehml,4
HSWK,4
ADFV,4
Rekul,4
Gl,4
Trachslau,4
nGSB,4
Friesencham,4
Sicherstellen,4
Herisau-Schwänberg,4
E22,4
C42,4
C_05,4
R_04,4
F1,4
Schonegg,4
Härkingen,4
L8-4,4
Hüttlingen,4
Chli,4
KWE,4
L5-2,4
Alpliegg,4
CCS,4
Stadtgrün,4
132kV,4
DPV,4
NEK,4
BIF,4
correspondances,4
Ligne,4
BielSeeland,4
Kul,4
R-720-12,4
bl,4
Hauenstein,4
Dornachbrugg,4
kNHG,4
d'une,4
Ostquai,4
Ghögg,4
Schnottwil,4
Brüel,4
46a,4
U_17,4
Gürbetal,4
oeuvre,4
Pri,3
DMO,3
Felben-Wellhausen,3
ThurGIS,3
ivs-gis,3
Chalch-Groß,3
tsc,3
Uznach,3
fa,3
Industri,3
unq,3
U2,3
Lehmann,3
Tri,3
HLWLJ,3
UXQJYRQ,3
DQWRQLQ,3
HQWZLFNOXQJ,3
EEDXYRQ,3
Muri-Gümligen,3
Febr,3
KANTOil,3
entl,3
Haggenegg,3
Probl,3
Lochmühli,3
Waldstatt-Hundwil,3
mögf,3
chenergebni,3
prüf,3
Linden,3
Aegeriried,3
Schütz,3
N4a,3
Teilä,3
beschrä,3
Schüler,3
Zusä,3
öschwendi,3
Prü,3
prü,3
örungsanfä,3
XIJDEHQ,3
HEHQV,3
XGHQ,3
A7,3
E7-C,3
GHQWLWlWVUlXPH,3
Horgenberg,3
2EHUHV6DUQHUDDWDO,3
8QWHUHV6DUQHUDDWDO,3
HZHUEH,3
ZVB,3
Fingerhuth,3
einträ,3
ü,3
KÖQV,3
BÜK,3
Hundwil-Appenzell,3
Böhl-Steigbach,3
EDMZ,3
StrWG,3
Hoch-Ybrig,3
Trachsl,3
-l,3
Schmittli,3
Chilchberg,3
S0B,3
chti,3
Fat,3
begrü,3
XVVXQG9HORYHUNHKU,3
JHQGHQ,3
HQWUDOH,3
LOGXQJ,3
HQWUXPVQDKH,3
XHLQHU,3
QDOHU,3
QWHLOGHU,3
thal,3
Qualitä,3
turgemä,3
verö,3
Chrüzegg,3
DOGJUHQ,3
J'stein-br,3
Schiessegg,3
Ie,3
Rothenthunm,3
zeri,3
VAE,3
Gallen–Appenzell,3
Siebnen-Wangen,3
Adler,3
Gi,3
UOHQEDFK,3
Credit,3
Sennweid,3
WaldrandIm,3
kleinr,3
alä,3
verl,3
QJHOEHUJHUDD,3
Mö,3
Ausg,3
geschmä,3
f-,3
Lüdem,3
Tie,3
Schö,3
Bel,3
fljr,3
Schleitheim,3
Hemishofen,3
chtl,3
Betri,3
Reinhard,3
bej,3
DQWRQVJUHQ,3
HLFKQHQ,3
DQWRQH,3
UXWWXQG,3
ODXEHQ,3
Oberhofen,3
Netstal,3
Osterberg,3
Aetzisloo,3
Soohölzli,3
E'idg,3
Dog,3
Güggelrüti,3
Ebni,3
Frauenstein,3
Solenberg,3
erwü,3
Abklä,3
ffü,3
Chnübrächi,3
Künstl,3
QOD,3
AltV,3
rdie,3
Einzelverfü,3
RQHQI,3
QQHQHQWZLFNOXQJ,3
HELHWHQPLWODQGVFKDIWOLFKDQJHSDVVWHU,3
cl,3
Objekt-Nr,3
Garichti,3
XOWXUWRXULVPXV,3
Bergfried,3
Ü19,3
Barmen,3
Ticki,3
Wutach,3
Hohberg,3
Petersburg,3
Djese,3
SMA,3
PEB,3
Moskau,3
Urnä,3
naturschü,3
E'ine,3
Bietingen,3
te,3
schut,3
würdi,3
RJHQ,3
UXQJHQJHVFK,3
VFKZHL,3
QIRUGHUXQJHQDQGLH,3
QIUDVWUXNWXUHQI,3
HJHQ,3
23-C,3
Höchst,3
VFKH,3
EJUHQ,3
QELQGXQJGHV,3
SC,3
B25,3
UZHLWHUXQJHQ,3
Hemberg,3
XVVFKHLGXQJYRQ,3
HIDKUHQ,3
XVKXEXQG,3
GHIL,3
HGDUIDQ,3
Güttingen,3
Po,3
Bennau,3
Feusi,3
VIL,3
Wohnz,3
Mischz,3
Münz,3
bef,3
berbrugg,3
m'it,3
FSG,3
Fukushima,3
Bannwil,3
Matterhorn,3
QIWLJH,3
HQV,3
Mürtschen,3
Lamperswil,3
QIWLJHLQH,3
RJHQHQ,3
XQJHQXQG,3
Märwil,3
Sp,3
QHUJLHHIIL,3
HUK,3
D_10,3
Moosbühl,3
Obi,3
C53,3
Ö24,3
dle,3
Ü33,3
11g,3
XHUI,3
Teri,3
Gebj,3
RWHO,3
ODXV,3
Bienne-Seeland,3
Bévilard,3
Allschwil-Letten,3
Ö29,3
ITS-CH,3
wesentl,3
UFG,3
Erlenbach,3
VM,3
SBFI,3
HLWXQG,3
ZHOFKH,3
N2-C,3
Eternit,3
HELHWHPLWODQGVFKDIWOLFKDQJHSDVVWHU,3
Ferrière,3
Aarwangen,3
Birchi,3
Arni,3
IRK,3
HPHLQGHJHELHWYRQ,3
OWVFKE,3
EEDXNRQ,3
Rheinquai,3
Ü6,3
Ü28,3
Ö36,3
IT,3
Group,3
HQHUHOOHQ,3
pri,3
Fl,3
d'iesen,3
QHUJLH,3
MWh,3
Matzingen,3
Cholfirst,3
Salen-Reutenen,3
Braunau-Wuppenau,3
15c,3
United,3
Klybeckquais,3
LHV,3
BP,3
Rapperswil-Jona,3
WBF,3
He,3
Peterzell,3
FNH,3
3-C,3
VFKHQ,3
VVHQ,3
QIRUPDWLRQHQ,3
XEHU,3
raumwirksa,3
Gu,3
Hamburg,3
Center,3
LE,3
Stadelhofen,3
Oberrifferswil,3
Fischenthal,3
Wettswil,3
Elgg,3
Kleinandelfingen,3
Phil,3
A52,3
Oetwil,3
Adliswil,3
ELG,3
LUFKKRIHQ,3
BAGF,3
Bun,3
HSWHQ,3
XVWUHEHQGH,3
S6-C,3
Steinibach,3
S1-C,3
Mühlehorn,3
N6,3
Langenberg,3
Chöschenrüti,3
Uetliberg–Albi,3
Jona,3
TLB,3
Schiller,3
Prof,3
Turbenthal,3
Brunau,3
Altbach,3
gv,3
K235,3
René,3
Schultz,3
infospc,3
CK,3
ZMP,3
DQGVFKDIWXQG,3
Altegg,3
Franz,3
Baltenswil,3
KUXQJVEHVWLPPXQJHQ,3
Schongau,3
Furtbach,3
Muolen,3
Lex,3
Städerried,3
6DFKSODQ,3
Heidegg,3
Dietschiberg,3
Istighofen,3
Schwandegg,3
loo,3
SNZ,3
hochschulaffine,3
Verbin,3
GL,3
öf,3
Georgen,3
TBF,3
Dietschweiler,3
Werner,3
Resa,3
UKDOWXQJXQG,3
6FKOLHUHQU,3
BVB,3
Winter,3
Z5,3
Höngg,3
Kaiseraugst,3
Landmark,3
Gerschwendi,3
Vo,3
AKW,3
Eichberg,3
Sollegg,3
Biseren,3
Rellen,3
OOPHQG,3
EHUJ,3
JZ,3
Wartegg,3
öff,3
Sutter,3
Zwisc,3
GVG,3
GVVG,3
Ui,3
fv,3
Kdo,3
NkB,3
-p,3
I—I,3
RLSV,3
PGM,3
DQGXQG,3
BVU,3
SIF,3
Rea,3
Linsberg,3
Riesi,3
Maienbühl,3
82a,3
Kurt,3
DQVSU,3
altr,3
KWHQ,3
XELQGHQ,3
KHQ,3
Roland,3
Bruno,3
KMU,3
Susanne,3
Daniel,3
Hug,3
Villmergen,3
Lenzhard,3
Olloz,3
Vera,3
Klein,3
LU-01,3
Moosleerau,3
Aerospace,3
Önz,3
HPHLQGHQXQG,3
Basel-city,3
GRB,3
Schinznach-Dorf,3
Gaden,3
Sommeri,3
Mcdonalds,3
–Waldshut,3
LESP,3
Lr,3
OHLQHV0HOFKWDO,3
UXQQL,3
R-4,3
Iselin,3
Schafisheim,3
Siggenthal,3
ST5,3
Schlossrued,3
PSI,3
Widnau,3
pdf,3
Ü2,3
Rielasingen,3
Horschwendi,3
7ha,3
Neuhaus,3
Klybeckhafen,3
ST2,3
ST3,3
8ha,3
Emmet,3
R-14,3
Wittenwil,3
Städtli,3
WNVG,3
DVLVI,3
DRS,3
Wittnau,3
LHO,3
SBBG,3
EGGSchG,3
VEG,3
Tägerhard,3
Wisenberg,3
Suhrental,3
Stockeri,3
7wi,3
HSV,3
Birkenwäldli,3
GOLFK,3
Cham–Hünenberg,3
Phu,3
UVB,3
WARHENO,3
G1,3
Buttwil,3
Weiach,3
UKROXQJXQG,3
Koord,3
M5-7,3
S6-4,3
Würzenbach,3
HEHQVUlXPHI,3
LQIO,3
LVWHQ,3
ONHUXQJI,3
XVDPPHQ,3
S2-1,3
L-Gemeinden,3
LNH,3
KI,3
2EHUZLOHQ,3
LILVFKHQ,3
S2-4,3
S3-1,3
S3-2,3
E7-5,3
DQWRQVRUJWLQ,3
USU,3
UGDVVGLH,3
QJHERWHI,3
VSH,3
Tuggen,3
Casanova,3
Dieni,3
HBA,3
Festsetzunq,3
Menzingen–Neuheim,3
Schutzengel,3
Rebstein,3
Volllug,3
DOWHVWHOOHQ,3
S6-1,3
VVL,3
S4-1,3
Bünz,3
L6-2,3
E3-6,3
E3-7,3
E4-4,3
Liebegg,3
QODJHQI,3
FNVLFKWLJHQ,3
Revitali,3
Wigger,3
Wildenstein,3
Unterlunkhofen,3
HQVZHUWHQ,3
JHVWHOOW,3
UGLHZLUWVFKDIWOLFKH,3
Bützberg,3
41c,3
Norbert,3
Schübelbach,3
W-2,3
XQGVWHOOHQXQG,3
Aarefeld,3
XHUKDOWHQ,3
QODJHQLQ,3
Felsenegg,3
Glarisegg,3
Boltshausen,3
USD,3
Reussegg,3
L2-2,3
Hueb,3
Hefenhofen,3
6WDQG,3
U5DXPHQWZLFNOXQJ,3
XEDXHQ,3
Roth,3
Mosersagi,3
Wili,3
Gansingen,3
Leutwil,3
LNH5LGH,3
LVV5LGH,3
AC,3
Fridolin,3
300m,3
T1,3
Birch,3
Aebisholz,3
LüterkofenIchertswil,3
Oswald,3
Tscharner,3
AL2,3
Wengen,3
Eriz,3
B84,3
èB16,3
Wirtschaftskraft,3
Wynigen,3
Heimiswil,3
C41-C43,3
E21-E24,3
Biel-Bienne,3
èA11,3
E2-2,3
Geltwil,3
E5-2,3
UQRWZHQGLJHQ,3
QIUDVWUXNWXU,3
E1-4,3
E5-4,3
HUJEDKQHQ,3
WXQJGHU,3
2c,3
M3a,3
Niderban,3
UHGX,3
EINLEITUNC,3
Nutzun,3
Willerzell,3
EHVRQGHUHQ,3
Bäriswil,3
Suld,3
Grafenried,3
Malleray,3
BVE-GS-GM,3
clef,3
Gümmenen,3
Stadler,3
WRG,3
Unteri,3
VTM,3
Gasser,3
ausgeri,3
Brün,3
rrDie,3
Karl,3
Cholwald,3
K08,3
Rohrer,3
Dillier,3
ìn,3
D15,3
XVEDX,3
fùr,3
ZEBG,3
L6-3,3
Dussnang,3
Ortskern,3
VHQ,3
Romont,3
KRKHU,3
LANAT-FI,3
RNP,3
IIHQWOLFKHQ9HUNHKU,3
L4-1,3
Rothirsch,3
Rui,3
O6D,3
XIZHUWXQJ,3
68PJHVWDOWXQJ,3
DLVHUVWXKO,3
UVFKOLHVVXQJGHV,3
Zelgenwald,3
Schoried,3
pnach,3
Nidwalden-Engelberg,3
Ha,3
Weißenstein,3
Brand,3
ALPNACH,3
Oa,3
6c,3
WE,3
INGESO,3
UHDOHQPLWEHVRQGHUHU,3
EscholzmattMarbach,3
qen,3
Giriz,3
VER,3
Günsberg,3
EWO,3
2Sie,3
Federführuns,3
Ewil-Edisried-Feld,3
Oberhard,3
AVS,3
Rothenthurm-Altmatt,3
Leimental-Birseck-Allschwil,3
D_08,3
Zäziwil,3
tplaneintraq,3
Diegenstal,3
XVEDXVWDQGDUGGHU6WUDVVHQ,3
sg,3
Sarnen-Kägiswil,3
stra,3
ausger,3
S10,3
5LFKWXQJ,3
VLHKH,3
L5-4,3
fìir,3
Gru,3
Mümliswil,3
ART,3
Feldbrunnen-St,3
Vicus,3
Mos,3
L3-1,3
Wolfgang,3
Bättwil,3
Oensingen–Olten,3
XQGHVDPWVI,3
Guntliweid,3
Ecce,3
Meinrad,3
23g,3
LQZRKQHUZDFKVWXPGHUQlFKVWHQ-DKUHDXIQHKPHQ,3
Allmig,3
Cholmattli,3
KAV,3
KIHV,3
B3-3,3
Ero,3
Starrkirch-Wil,3
Klara,3
Hörnli,3
Educational,3
Welschmatt,3
Locarno,3
Obbürgen,3
Seebach,3
Scientific,3
Bell,3
international,3
Waldbach,3
S1-17,3
Lehli,3
kGSchG,3
Wysshus,3
ARP,3
Enviso,3
Rynächt,3
Meiental,3
RuP,3
45a,3
Göscheneralp,3
Maderanertal-Fellital,3
VE2,3
OlFKHQ,3
NDSD,3
OOHQ,3
rsee,3
JUHQ,3
Altmatt,3
Göscheneralpsees,3
0DVVQDKPHQ,3
InvFG,3
HPHLQGHQI,3
Richterswil,3
KFWG,3
KVAIII,3
Gasperini,3
Sidelenbach,3
Tiefenbach,3
Alpbach,3
Kilchberg,3
Tujetsch,3
KWV,3
Gornerbach,3
Wangen-Ost,3
Reichenburg,3
Lauwil,3
Itingen,3
ONHUXQJXQGGHU,3
VVHUHQ,3
räuml,3
HUQHU2EHUODQG,3
QWHUODNHQ,3
RpG,3
QWZLFNOXQJVSRWHQ,3
HPHLQGHQHLQ,3
Landschaftsl,3
Kategoriez,3
andwirtschaftl,3
ISOREHP,3
24a,3
uffi,3
angf,3
Jun'i,3
fün,3
KG,3
SPV,3
staatl,2
S40,2
Engelrüti,2
Dorni,2
RH-11,2
NF,2
Arnt,2
zon,2
egi,2
Junj,2
M'il,2
RICHTPLA,2
w'ird,2
befi,2
Höf,2
Abf,2
Sonvillier,2
Sek,2
JYZ,2
l9Bl,2
entj,2
ergi,2
Wan,2
Südjura,2
Kaufmann,2
Ardega,2
E5-B,2
E5-C,2
UZHL,2
XNRQ,2
QDWLRQDOHU,2
IHV,2
Tur,2
T4,2
E1-B,2
T2-C,2
XJHVWDOWHQ,2
QDOOHQ,2
UXQJVXQG,2
OXQJGHV,2
E3-B,2
Guntl,2
Schränggi,2
erforderl,2
ns'iedel,2
Mö91,2
Materi,2
WKK,2
T3-C,2
Sihltal,2
Cß,2
h-J,2
tunq,2
H_01,2
Mia,2
JAB,2
2001vom,2
Muttenz–Delémont,2
Froloo–Sierentz,2
Liestal-Ost,2
étendu,2
compris,2
réduire,2
nécessité,2
posé,2
R-630-17,2
Hartstein,2
Güetli,2
Bolzbach,2
Bäz,2
Weidbach,2
ZV,2
LKW,2
projets,2
Hegi,2
nœud,2
celui,2
Grätli,2
Zingelberg,2
Chilcherberg,2
Klauserli,2
vingtaine,2
Nœud,2
noeud,2
FvBB,2
Attinghausen,2
L'Arc,2
Marque,2
Dans,2
Carbon,2
RQWUROOLQJ,2
6WDQGRUWHI,2
Dix,2
technologies,2
FinöV,2
Basel-West,2
Bärenwil,2
Rothenfluh,2
Wenslingen,2
Bubendorf,2
Schwerzi,2
Brüggli,2
Steinerberg,2
EHUJH,2
Leventina,2
Umsetzungspla,2
Schindellegi-Feusisberg,2
Grinau,2
Ufenau,2
LQKDOWXQJGHU,2
NHB,2
R-750-10,2
MIT,2
nombreux,2
personnel,2
Soutiens,2
gov,2
Scheinberg,2
GenfLausanne,2
UODVVGHVNDQWRQDOHQ5LFKWSODQV6LHWUHIIHQGDEHLGLHQRWZHQGLJHQ,2
XQJVUHVHUYHQ,2
Riegel,2
VMP,2
AfWöV,2
B3-2,2
Aadörfli,2
SöBV,2
TFK,2
Wirzweli,2
Brügglingen,2
Dorenbach-Promenade,2
Bethesda,2
Rosenau,2
INAB,2
UT,2
R-101-11,2
BewG,2
BHP,2
Brugger,2
Rainallee,2
R-4b,2
45c,2
Richtpla,2
Heissgländ,2
ALV,2
Chiasso,2
Mättental,2
Butzli,2
Höli,2
Elbis,2
Bruggtal,2
Chlus,2
Andermatt-Sedrun,2
K108,2
Schattenhalb,2
prévus,2
intérêts,2
modèle,2
encore,2
moyens,2
financiers,2
U_80,2
s11,2
Agglo,2
Recherswil,2
K124,2
Hatterswil,2
K113,2
K104,2
DQWRQGHQ,2
XIEDXXQG,2
Birsköpfli,2
R-4a,2
Flury,2
Giuliani,2
V4-1,2
Sandegg,2
GESAK,2
101a,2
Tüllinger,2
Berg–Grenzacherhorn,2
S1-13,2
KEnG,2
QWZLFNOXQJGHU'LFKWHDQ,2
HUKD,2
Emund,2
Fräkmünd,2
Wöschnau,2
Città,2
Ticino,2
convient,2
d'élaborer,2
19C,2
LHPRELOLVLHUEDUHQ,2
HUZDUWHWH,2
HGDUII,2
AfK,2
Mail,2
Biberegg,2
Bözingenfeld-Stöck,2
Pieterlen-,2
Klingenberg,2
Hüttwilen,2
Lochmüli,2
respectueux,2
Devenir,2
Chäppeli,2
9HUI,2
VRQGHUHQ,2
Oberwichtrach,2
quadrat,2
5–P,2
Sonceboz-Sombeval,2
Cortébert,2
Rebévelier,2
F14,2
Biessenhofer,2
2Die,2
sR,2
zSie,2
lìir,2
aufdie,2
LO,2
2L,2
Aarmatt,2
L6-1,2
Stanserhorn,2
Lohn-Ammannsegg,2
Lüterkofen-Ichertswil,2
UGH,2
MST,2
L6-6,2
Inkwil,2
Ifängi,2
Gossliwil,2
Bettlach,2
Hersiwil,2
B3-23,2
Langfuri,2
Eppenstein,2
Heide,2
S11,2
Olisrüti,2
Willbrig,2
Mörisegg,2
Alpetli,2
Twerenegg,2
Oberhüsere,2
L1-1,2
Urschweiz,2
Fahrpìan,2
tägl,2
TERE,2
Hubersdorf,2
Widen,2
Riedholz,2
Richtplaneintraq,2
RFKOHLVWXQJVVWUDVVHQ,2
DXNXOWXU,2
chta,2
5o,2
MHI,2
LWlWHQGHU,2
Luzern-Engelberg,2
ELEKTRI,2
garantir,2
conditions,2
med,2
Bramegg,2
Rengg,2
wangen,2
Wynigen-Berge-Eich,2
HELHWYHUI,2
Rudolf,2
Neumatt,2
DL2,2
Prehistoric,2
Around,2
WMS,2
BGDI,2
directions,2
EZV,2
S1-14,2
Schutzpla,2
FINANZI,2
Hindrist-Eien,2
Bemerkunqen,2
Me,2
oa,2
7–K,2
8–J,2
15–M,2
Aegelsee,2
Härdli,2
Töbeli,2
C_22,2
Isenegg,2
énergies,2
C_10,2
R_03,2
C33,2
C34,2
C68,2
C69,2
14–J,2
DWHJRULHQ,2
UPLWWOXQJGHV,2
UMHGH,2
Raissette,2
Chaltberg,2
Gérer,2
jeunesse,2
sensibiliser,2
UVFKOLHVVXQJVVWUDVVHQ,2
DXSWYHUNHKUVVWUDVVHQ,2
Gläng,2
GschA-20,2
GschA-21,2
Surseerwald,2
GschA-23,2
GschA-22,2
Auerhuhnvorkommen,2
ÏERM,2
Nunningerberg,2
HUQHQ,2
DXXQG,2
XQJHQXQGRSWLPLHUXQJHQ,2
PLWWHO,2
HQ6FKZHL,2
Cutachten,2
ftir,2
QUERVERII,2
ISE,2
Beh,2
6DUQHUDDWDO,2
Hünikof,2
Wissenegg,2
XOeD,2
CIP,2
PlOe,2
mögl,2
Sl,2
Laurentius,2
Meltingen,2
Suter,2
Niederstad,2
Raumplanuñg,2
K0s,2
TERM,2
BAMF,2
Kägiswi,2
af,2
UIQLVVH,2
Nikolaus,2
Mörlialp-Alpoglerberg,2
Engelberg-wolfenschiessen,2
ERHOLUNC,2
ALDEN,2
Tannegg,2
Uerschhausen,2
Falkenstein,2
tt,2
oaa,2
oooo,2
aoo,2
At,2
zn,2
A8,2
Lüterswil-Gächliwil,2
GschA-10,2
GschA-11,2
bereitzustel,2
Lun,2
Stolten,2
GschA-16,2
FG-6,2
GschA-19,2
GSD,2
V4-3,2
V4-2,2
Via,2
XIDKUWVVWUDVVHQ,2
XVDPPHQKlQJHQGH,2
santé,2
prise,2
GschA-4,2
Aarbrügg,2
Hellchöpfli,2
NaiS,2
ITON,2
zLtr,2
Zwischenergebn,2
XQG9HORYHUNHKUHWF,2
GschA-13,2
GschA-15,2
Wetzwil,2
6DUQHQ6DFKVHOQ,2
LUWVFKDIWVVWDQGRUWV,2
DQJIULVWLJH2SWLRQ,2
GschA-1,2
GschA-2,2
QR,2
HSWV,2
XQGI,2
XQJVYRUKDEHQ,2
Lieli,2
Lobisei,2
GschA-12,2
GschA-14,2
Raperswilen,2
Stad,2
Gabris,2
Lipperswil,2
KVG,2
Ö2-4,2
62a,2
Cargo,2
espèces,2
Maintenir,2
Sunnenberg,2
LHHUPLWWHOWHQPRELOLVLHUEDUHQ,2
LQZRKQHUZDFKVWXPELVLQV-DKUDXIQHKPHQ,2
LWlWVUHVHUYHQVLQGLQMHGHP,2
V2-6,2
Obergösger,2
sylvicoles,2
Vechigen,2
Mont-Tramelan,2
XVJH,2
Oberandwil,2
K18,2
K15,2
nature,2
boisé,2
patrimoine,2
grands,2
dont,2
juste,2
qu'il,2
promouvoir,2
agricoles,2
Ming,2
Sla,2
Britschgi,2
lanu,2
or,2
agr,2
Forsting,2
lungsstru,2
IIHQWOLFK,2
GschA-5,2
GschA-6,2
GschA-7,2
GschA-8,2
GschA-9,2
M3b,2
Trutmann,2
Musschwendeli,2
wíe,2
Díe,2
Walsburg,2
DOEDQVFKOXVV,2
6FKZHL,2
6WUDVVHQ,2
QDFKVWDG,2
ARPV,2
Aarau–Olten,2
Seewli,2
ôn,2
BM,2
GschA-24,2
aaaaaa,2
Crundla,2
Schütt,2
Entwicklun,2
En,2
igungsan,2
ALLCEMEI,2
CHTPLANUNC,2
Cerade,2
SOS,2
Richard,2
Jean,2
Frienisbergwald,2
Kandergrien,2
Augand,2
entraînera,2
S21,2
XVFKDIIHQ,2
Blatti,2
Schöriz,2
Dälebaan,2
Oberönz,2
Blumenstein,2
Oberstocken,2
Brandis,2
Montoz,2
gemeindegis,2
SECTA,2
Twann-Ligerz,2
Stigli,2
Lütschental,2
Péry,2
Liebefeld-Köniz,2
Weißenbach,2
M2c,2
16c,2
Buttenberg,2
Leimbach,2
Grood,2
Mättenwil,2
QJHERWVVWXIHQ,2
6E,2
M4b,2
M5a,2
LU21A,2
QJHOEHUJXQG,2
1DKH,2
GHXWXQJ,2
XUVVFKLIIHQXQG,2
Hartgestein,2
9HUNHKUVEHUXKLJXQJXQG,2
HVFKZLQGLJNHLWHQ,2
OHUVWUDVVH,2
WWUDNWLYLWlWGHV'RUI,2
XIZHUWXQJXQGVLHGOXQJVYHUWUlJOLFKH8PJHVWDO,2
QWHJUDWLRQ,2
4c,2
M4a,2
Luzern-Hergiswil,2
ENTWI,2
ztJ,2
ENERGIEVERSORGUNC,2
Adalbert,2
Buechban,2
Kestenholz,2
Usserban,2
BrienzwiWV,2
WAKI,2
Nestlé,2
Sonvilier,2
E6-1,2
Nebikon,2
Gugen,2
Wallenschwil,2
Wyssachen,2
K13,2
démarche,2
Schüpfen,2
KMN,2
WVS,2
Selhofen,2
AL1,2
E5-3,2
Sihl-Höfe,2
Sahli,2
Bisisthal-Hinterthal,2
PP,2
Schatt-Allmi,2
Brenin,2
Oeschenbach,2
LHGDI,2
E2-3,2
Reaktordeponien,2
Ödenwil,2
Oberbözberg,2
CNS,2
Stierenberg,2
HKa,2
Rotzberg,2
Gander,2
Unterrüti,2
Balzenwil,2
Holzrüti,2
Vogelrüti,2
K130,2
Götighofen,2
LU15A,2
LU03,2
LU13A,2
LU25,2
LU06,2
Leonhard,2
Schönenberg,2
Acheri,2
Isenbergschwil,2
Litzi,2
Himmelrich,2
D18,2
Kagiswil,2
LQXQG,2
LU22A,2
LU08B,2
Wiggwil,2
Winterschwil,2
Müslen,2
Muntwil,2
Sulz,2
XVVWHLJHQGHSUR7DJ,2
WXQJ,2
3DUN5LGH,2
Brunnwil,2
Bettwil,2
Böbikon,2
Bottenwil,2
Hasenberg,2
Hohfoor,2
ULFK,2
Waldibach,2
WebGIS,2
XVLFKHUQ,2
DQWRQGLH,2
PlVV,2
Lipplis-Hinterthal,2
Sahli-Bisisthal,2
Egenwil,2
Mettauerberg,2
DQWRQHUDUEHLWHWHLQ,2
Rütli,2
Oberstein,2
EHUDUEHLWHW,2
6FK,2
Stüüdi,2
schotter,2
Simme,2
Überthal,2
Eggschwil,2
J10,2
Grynau,2
Hirzwangen–Büessikon,2
Äbnetwald–Bibersee,2
Cham–Autobahn–Sins,2
Enikon,2
S3-5,2
S4-3,2
S2-2,2
Alberswil-Schötz,2
S6-3,2
S6-2,2
Islisberg,2
K389,2
Ö1-2,2
E3-4,2
kGSchV,2
E4-3,2
E4-5,2
Pfister,2
Wynentalstrasse,2
K5–K6,2
KlSSHOL,2
9HUOlQJHUXQJ,2
Radelfing,2
VeVA,2
T5,2
Kil,2
Gishubel,2
Ö2-5,2
M10,2
M11,2
E6-3,2
Sprengi,2
M5-4,2
62EMHNWEODWW5DXP3LODWXV,2
VHOQ,2
ZLO,2
Hettis,2
Sandstein,2
Lustnau,2
W-4,2
M5-6,2
Obernau,2
Luzern–Hergiswil,2
M13,2
Calmut,2
2UWVSODQXQJ,2
DJHQ,2
QJOL,2
LILVFKH6LHGOXQJVVWUXNWXUHLQ,2
JHQGH,2
HELHWHQPLWNRQWLQXLHUOLFKHU,2
Martha,2
Ivt,2
Markus,2
Grundla,2
Bürki,2
BRP,2
Lis,2
URT,2
Software,2
Full,2
K233,2
XHQWZLFNHOQXQG,2
XVXQG,2
XVYHUNHKULVWDXIHLQHQJXWHQ,2
JHUQ,2
GOeV,2
LWA,2
Baldegg,2
R1-2,2
R1-3,2
R1-5,2
Z4-2,2
UKROXQJ,2
Dottikon,2
ORVWHU,2
5DGVWUHLIHQRGHU5DGZHJ,2
2SWLPLHUXQJGHU9HORLQIUDVWUXNWXUHQWODQJ,2
DQWRQOHJWGLH,2
Winikon,2
DXFKI,2
XIZHUWXQJV,2
UGLHRUWVDQVlVVLJH,2
XU4XDOLWlWGHU,2
LQLHQI,2
ZLVFKHQGHQ2UWVFKDIWHQ,2
DQGVRZLHEHL,2
IIHQWOLFKHUXQGSULYDWHU,2
GHUWZHUGHQ,2
SULQ,2
IHXQG,2
6LHGOXQJVHQWZLFNOXQJQDFKLQQHQ,2
XVDPPHQPLWGHP,2
HLWHUHQWZLFNOXQJGHV,2
S2-5,2
Lubat,2
XU6FKXOH,2
6RPPHU,2
XVOLQLHI,2
QJHERWVVWXIH,2
Suret,2
Eigenthal,2
Alliswil,2
I2,2
Furttal,2
ABB,2
Z1-3,2
LBV,2
Chlingenbach,2
Öschwiese,2
ge,2
Winzenbach,2
unverschmutz,2
Meilibach,2
Projek,2
Chollermüli,2
Massnah,2
Nübächli,2
Sins–Cham,2
Sins–Hünenberg,2
Dietwil–Honau–Rotkreuz,2
Sihlbrugg–Neuheim,2
Zug–Oberwil,2
Gottschalkenberg,2
QI-DKUHQQDFK,2
UJlQ,2
XJDXIGLHYLHU,2
SHQ,2
VWHOOHQ,2
XIZHU,2
6LHGOXQJVO,2
UGLHVH7HLOJHELHWHJHOWHQGLH,2
Mauren,2
Unterhard,2
Bürglen,2
Bottighofen,2
Gerbi,2
Repla,2
Staufen,2
Chremet,2
LU-22,2
LU-24,2
LU-27,2
LU-26,2
LU-17,2
LU-19,2
LU-21,2
LU-18,2
Z1-1,2
LU-20,2
HEHQVUDXPI,2
XQNWLRQHQ,2
EHUI,2
7HLO,2
HPHLQGHQVRUJHQGDI,2
DQGHUZHJH,2
öVV,2
GE,2
Tägerig,2
QOLHJHQGHV,2
OOWDJXQGLQGHU,2
XVFK,2
LWH,2
QWHLO,2
RKQXQG'LHQVWOHLVWXQJVTXDUWLHUGLUHNWDQJUHQ,2
HQG,2
DQGDV2UWV,2
RKQXQG'LHQVWOHLVWXQJVTXDUWLHUGLUHNWDP,2
DKQKRIXQG,2
ST6,2
PVG,2
Baldingen,2
mind,2
EnerG,2
Lothar,2
Acherli,2
DXODQGYHUI,2
FGS,2
ST13,2
Swissolar,2
Osterﬁngen,2
Regionalbusse,2
Rafz,2
S22,2
Ochsenhöhi,2
Brandegg,2
Gibelhorn,2
SSSF,2
Wilhelm,2
ST11,2
ST12,2
ZBl,2
42a,2
Chüetel,2
Gigebuck,2
H13,2
45ha,2
6ha,2
Niederrickenbach,2
Mattli,2
Südschweiz,2
Norditalien,2
CODE-24,2
Ö14,2
red,2
URVVHVXQG,2
50m,2
Isaak,2
Vogesen,2
b5,2
75a,2
Grunggis,2
UJOHQ,2
QE,2
DPSLQJ,2
LU-14,2
LU-16,2
LU-04,2
9f,2
EppenbergWöschnau,2
RVK,2
Riburg,2
Neuland,2
ST8,2
ST9,2
ST10,2
DKQHQ,2
XQJLQ,2
Emanuel,2
Trueb,2
Marco,2
Greiner,2
Alain,2
Simon,2
Aarburg-Oftringen,2
Rheinfelden-Ost,2
LU-3,2
Luka|Lukas,2
Julian,2
Salinas,2
U_22,2
U_18,2
Amsterdam,2
Stechelberg,2
XQJVXQG,2
Ehrendingen,2
Attelwil,2
LU-06,2
LU-10,2
Mauensee,2
Hildisrieden,2
LU-1,2
Ö16,2
Mellingen-Heitersberg,2
Mitteleuropa,2
SilvaProtect-CH,2
23e,2
Antwerpen,2
LU-4,2
1DKHUKROXQJ,2
Wepler,2
Agglo-Nr,2
Objektbl,2
Mühlau,2
Böztal,2
Rau,2
Fruchtfolgeflä,2
beson,2
HI,2
ALU,2
KPK,2
Schenenbühl,2
Lehmgrueb,2
Chrummenlanden,2
Berikon-Widen,2
Claus,2
Geotope,2
WUDJ,2
Villingen-Schwenningen,2
B27,2
Radolfzell,2
G5K,2
Grundlaaen,2
Grüenau,2
PN,2
doivent,2
cet,2
égard,2
Luzern-Allmend,2
Obwaldens,2
SL,2
Walienhausen,2
schona,2
DQGVFKDIWHQXQG1DWXUGHQNPlOHUYRQQDWLRQDOHU,2
XIWUDJGHV,2
OHLQ,2
DQJODJHQ,2
HUVLHGHOXQJ,2
9LHO,2
iä,2
U_60,2
C41,2
F31,2
Bern1,2
Biel1,2
wg,2
A21,2
AKS,2
Universal,2
unterir,2
Roma,2
7U,2
OHWWHUQ,2
DQGHUQXQG,2
Frey,2
Innotour,2
—I,2
SBB-Muttenz,2
Bettina,2
Rahuel,2
MJP,2
ZAZ,2
ADAB,2
ÖkoV,2
Vi,2
redu,2
U_82,2
U_96,2
U_99,2
ERKOS,2
IGLES,2
Bernois,2
GallenRorschach-Appenzell,2
60x100m,2
Chutterenegg,2
pâtuim,2
U_34,2
U_19,2
Zon,2
aim,2
tn,2
KSB,2
MM,2
AJSG,2
dB,2
DVO,2
gro,2
Ü,2
Od,2
To,2
-P,2
Grün,2
Schwarz,2
Lank,2
Schäfle,2
Nationalstrassenzubringer,2
Kiesental,2
Carlos,2
Herrenberg,2
Katharinental,2
Haselberg,2
12–G,2
6–O,2
spécifique,2
Eggerstanden-Eichberg,2
Mendle,2
Horstbach,2
Hirschberg-Hostet,2
Ebenau,2
HBG,2
8o,2
-Huttwil,2
UKDOWXQJVXQG,2
VEHI,2
KFG,2
Hannover,2
Mosen,2
XQJHUHUVHH,2
1LNODXVHQ,2
JHELHWHYRQUHJLRQDOHU,2
U_29,2
U_44,2
JXWH,2
XIZHUWXQJYRQ,2
UKDOWXQG,2
XIZHUWXQJGHU,2
JHELHWH,2
XQJVNRQ,2
Forstseeli,2
Ewa,2
VfA,2
Horst,2
Forstegg-Forsttobel-Horstbach-Roßberg,2
Rose,2
BBG,2
BiZE,2
5LFKWSODQXQJ,2
Will,2
UHLXQG,2
voie,2
tracé,2
court,2
Ces,2
JJ,2
Ledi,2
Weid,2
beaucoup,2
sont,2
Pourtant,2
compétences,2
XJH,2
HLFKQLV,2
fixent,2
Kandertal,2
Wilchingen-Hallau,2
Raatli,2
Schoore,2
FUS,2
BFL,2
Fuchsstein,2
HVWOHJXQJ,2
FKW,2
nderunspian,2
Haupt,2
np,2
HVWHKHQGH,2
DXWHQZHU,2
QIRUGH,2
UGLJHQ,2
HGHXWXQJJHPlVV,2
LRWRSH,2
6WHLQLEDFK,2
HUUHQU,2
XQGHVLQYHQWDUGHU,2
KDUDNWHUGLHVHU,2
EHLWUDJHQ,2
August-Forel,2
Holgenbüelächer,2
Schlossthal,2
HEHQVUlXPHYRQORNDOHU,2
XUFKGHQ,2
PHUQ,2
Richensee,2
ORUDXQG,2
Mathilde,2
Ruchat,2
PJZ,2
ZHdK,2
HELHWHGHV,2
NLF,2
Revi,2
Ben,2
aln,2
fabo,2
StAV,2
Landschaft_RZU,2
Marchstein,2
Ottilien,2
Sarnen-Nord,2
HELHWHQI,2
EHQ,2
Freienstein,2
SDR,2
RSD,2
Uster,2
Neerach,2
Schwamendingen,2
Glatt-,2
Bruni,2
bazl,2
Rapp,2
-J,2
flan,2
Generel,2
BAfU,2
EJP,2
DXVVHUKDOEGHU,2
Emch,2
MZMV,2
I-III,2
bav,2
Arlberg,2
Zürich-Altstetten,2
KEZO,2
Nord-Süd-Verkehrsachsen,2
-Herzogenbuchsee,2
Binz,2
OH,2
Gr,2
JOLFKVWJHULQJ,2
LRGLYHUVLWlWXQG,2
DXYRUKDEHQDXVVHUKDOEGHU,2
A_04,2
OSSA,2
Bornhausen,2
Wiezikon,2
Ifwil,2
kantoE-Mail,2
überlashttp,2
zg,2
Niederteufen,2
Cg,2
Cio,2
Vororientierunqen,2
OR,2
SBN,2
VV,2
MelioraEs,2
Voies,2
Long,2
double,2
sylvicole,2
premier,2
envers,2
canton,2
régions,2
6LQQHYRQ,2
XQJJHHLJQHWHQ,2
Uto,2
Kulm,2
Wila,2
Kempt,2
vcm,2
3o,2
Basel-SNCF,2
Berlingen,2
K373,2
K374,2
Dingenhart,2
planat,2
Trinkwas,2
Lupo,2
HGB,2
Meggerwald,2
Baldeggersee,2
Hummelberg,2
Kemmental,2
ifsm,2
key_kant,2
jsp,2
Altenklingen,2
Stansstaderried,2
Wolfsberg,2
Clara,2
Bio,2
van,2
Bernoulliplatz,2
Jugoslawien,2
Ossingen,2
Stallikon,2
Theobald,2
Hedingen,2
Weiningen,2
Otelfingen,2
Wellenau,2
Henggart,2
KR,2
HUHLFKHQ,2
ZLVFKHQGHQ,2
périphérique,2
Lütschwil,2
Illhart,2
Nagelfluh,2
Giswilerstock,2
XJHI,2
WGLH,2
QWHUHV,2
LQEOLFNDXIGLHDQ,2
Ganter,2
Wolfsgrueb,2
Chuesteli,2
KLN,2
Husemer,2
Rümlang,2
Regensberg,2
XU6LFKHUXQJGHU,2
WUDJHQ,2
A5-C,2
N7,2
LILVFKGLIIHUHQ,2
UDIWZHUNH,2
XVEDXYRUKDEHQ,2
HLWXQJV,2
hEHUWUDJXQJVOHLWXQJHQ,2
HEHQH,2
Kanali,2
GRUI,2
UKBB,2
XQJI,2
NRORJL,2
Mall,2
OOPHQGK,2
UEH,2
0LOLWlULVFKH,2
FNEDXGXUFKGHQ,2
XJ0HWWOHQ,2
QODJHQXQG,2
DXHQDXVVHUKDOEGHU,2
LUBAT,2
C54,2
Kampschulte,2
Südfrankreich,2
RoLa,2
XQJVHOH,2
49a,2
ZPK,2
ZPZ,2
ZPG,2
socialdata,2
FF,2
GP,2
üf,2
QWHUHVVHQDEZl,2
OXQJGHU,2
UGLHHLQ,2
5LFKWSODQV,2
bri,2
B55,2
HEDXXQJGLHVHU,2
UHDOHPLWEHVRQGHUHU,2
ordres,2
général,2
soutenir,2
ferme,2
B54,2
RPSHWHQ,2
XVWlQGLJHQ,2
XQNWLRQDOV,2
Buser,2
changer,2
besoins,2
berLe,2
T22,2
Pont,2
Ruppoldsried,2
Plattling,2
JHZLFKWLJHQ,2
UIDOODQODJHQ,2
WZHUGHQ,2
HUQEHVWDQG,2
Athen,2
Ciba,2
Raumpla,2
Mög,2
QWHUHVVHQDEZlJXQJ,2
QHUJLHYHUEUDXFK,2
QHUJLHVWUDWHJLHGHV,2
XQGHV'HU,2
EZlUPH,2
EZDVVHU,2
twi,2
raumwi,2
K379,2
EZDVVHUUHLQL,2
GXUFKGHQ,2
EHUHLFKH,2
HSRQLHSODQXQJ,2
Zofingenregio,2
VE1,2
Etzwilen,2
NLV,2
DreispitzV,2
R-11,2
R-12,2
R-13,2
GundeldingerTunnel,2
Ottenberg,2
ego,2
DXO,2
fol,2
BBl,2
nac,2
RWU,2
Zürich-Hard,2
PHG,2
Monika,2
HUJVWDWLRQ,2
Richtpl,2
Melchnau,2
Gerzensee,2
Oey,2
Wichtrach,2
HV,2
EnergieSchweiz,2
Klosterfiechten,2
QRP,2
Cars,2
Gundelitunnel,2
AP4,2
XUH,2
XVEUXFKPDWHULDO,2
EEDXPLQHUDOLVFKHU5RKVWRIIH,2
RRGR,2
ständi,2
JHEXQJGHV,2
XU9HUPHLGXQJ,2
Schneider,2
cfm,2
Riviera,2
MFP,2
Besi,2
Sp'itä,2
täri,2
php,2
E_14,2
E_12,2
KL,2
GSI,2
modifiera,2
structure,2
français,2
exigences,2
donc,2
koordi,2
besti,2
wobe'i,2
XUWRXULVWLVFKHQ,2
WWUDNWLYLWlWGHV,2
établissements,2
nois,2
QVFKWHQ,2
T0,2
Zingg,2
Baumgarten,2
DXWlWLJNHLWª,2
UMXQJH,2
OHJXQJHQ,2
XIJUXQGGHU,2
QGHQLPNDQWRQDOHQ5LFKWSODQEH,2
QGLHVHQ,2
EZlJXQJ,2
UHLFK,2
HAFL,2
Landiswil,2
Stäfeli,2
Boggenberg,2
K04,2
S3-C,2
UEB,2
QJOLFKHQ,2
RQHRD,2
LHUXQJVQDFKZHLV,2
HWULHEVNRQ,2
Rigi-Scheidegg,2
festzustel,2
b'isher,2
Erim,2
tb'i,2
HEHQXQG,2
HELHWGHV,2
5XQGZDQGHUZHJ,2
Eschenz,2
7LWOLV,2
HLWHUHQWZLFNOXQJWRXULVWLVFKH,2
XQJHUIROJWLQGHU2UWVSODQXQJ6SH,2
DXVVFKHLGHQ,2
Reussilles,2
Crémines,2
Ö27Be,2
Nuoler,2
Bürgi,2
m'i,2
HLWHLQULFKWXQJHQ,2
LUNHQYRQ,2
Mil,2
Titlis,2
Hornberg,2
Kuenisbärgli,2
Obersimmental-Saanenland,2
Mürren,2
Ramsei,2
Seftigenstrasse,2
Britteren,2
Grossi,2
Friiz,2
a1,2
ABAC,2
Ü24,2
Ammannsegg,2
Bätterkinden,2
rapprochera,2
B20,2
HPHLQGHJHVSUlFKH5XQGH,2
bPWHUNRQVXOWDWLRQHQ5XQGH,2
9HUDEVFKLHGXQJ,2
HZLUWVFKDIWXQJ,2
XVVDJHQ,2
RRUGLQDWLRQV,2
DXV,2
UXQJHQ,2
DXIGHQ,2
KUW,2
EHUHLQHQ,2
Bissegg,2
Magerwiese,2
Boncourt,2
UZHLWHUXQJ,2
HSRQLHQ,2
126a,2
D_11,2
Rig'i,2
Ö38,2
XJDQJ,2
Balgach,2
Google,2
nnha,2
Bru,2
Publicar,2
Sulzbach,2
Wörth,2
kul,2
Rieder,2
D'ieser,2
Wol,2
AuLaV,2
AGB,2
ISSI,2
Haslen-Appenzell,2
RK-BE,2
Airport,2
PXV,2
UDXFKWXP,2
XU8P,2
südl,2
B'iberbrugg,2
Kernz,2
Appenzell-St,2
E'in,2
Burgistein,2
Ängi,2
Fischermätteli,2
Biel-Brügg,2
ARE-WebGIS,2
Friedrichshafen,2
Islikon,2
EHUJUHLIHQGH,2
KUWZLUG,2
HPlVV,2
Ü20,2
Muskelkraft,2
FäG,2
ZHLWJHKHQGXQWHUEURFKHQ,2
XQWHUEURFKHQ,2
LOGWLHUNRUULGRUHYRQ,2
PAG,2
S7-C,2
Obj,2
ekt-Nr,2
DXFK,2
XQHKPHQGHU,2
HPHLQGHQGHV,2
QDFKJHI,2
7RWDO,2
concernée,2
Hen,2
Messlau,2
Rulhi,2
EULJH6FKZHL,2
2EZDOGHQYHUI,2
XQJHQYRQ,2
östl,2
Cil,2
Buc,2
Mü,2
Win,2
Gü,2
hü,2
QZHQGXQJYRQ,2
Neuwisen,2
Setzi,2
Bsetzi,2
Seeli,2
Hardau,2
Buechisebni,2
Hallauerberg-Randental,2
Lugmer,2
Hess,2
bek,2
Haa,2
MV,2
Skyguide,2
Meteo,2
Bisert,2
Rietingerberg,2
Cd,2
Cu,2
Wangental,2
Munot,2
Ellikon,2
Bibern–Hofen,2
T332,2
Korporati,2
RUWSIODQ,2
IXQJYRQ,2
PSIHKOXQJ5DXPSODQXQJXQG1DWXUJHIDKUHQ,2
VKG,2
Ö47,2
Aggl,2
Rothenthur,2
Zn,2
PHLQGHQ,2
JHPlVVNDQWRQDOHP5LFKWSODQ,2
HKHUEHUJXQJ,2
UZHLWHUXQJHQYRQ,2
XVWlUNHQ,2
V4-C,2
HPHLQGHQDQ,2
JOLFKHU,2
U2EZDOGHQ,2
DQWRQHQ,2
OOWZLFKWLJH,2
RKQHQXQG,2
XQJHQ'LH,2
Oy,2
Gonlen,2
YRUJHVHKHQ,2
LQEOLFNDXIGHQ,2
VFKLHGHQHQ,2
où,2
cette,2
23a,2
Griesenberg,2
DQWRQ2EZDO,2
QWHJUDWLRQYRQ,2
Rossberghof,2
Lottstetten,2
Griesbach,2
LQZRKQHUJHPHLQGH,2
U7RXULVPXVXQG,2
QJHERWXQG,2
LHWRXULVWLVFKHQ,2
DQGVFKDIWVELOGHV,2
solaire,2
éoliennes,2
Mont-Crosin,2
ainsi,2
bases,2
d'effet,2
OHLQ0HOFKWDO,2
QJHO,2
DQGVFKDIWHQ,2
2EZDOGQHU,2
HQWUHQXQG,2
IIHQWOLFKHQ9HUNHKUV,2
Durnagel,2
UlXPOLFKH,2
LHUI,2
indique,2
Thayngen-Wippel,2
B'i,2
Be'i,2
Zuständi,2
TahI,2
QIUDVWUXNWXUHQXQG,2
QODJHQGHV,2
XVODQG,2
HWULHEXQG,2
Buchschachen,2
Klärschlammentsorg,2
nfl,2
EEDX,2
XUFKJH,2
XQGGLH,2
UWHQ,2
6WXHFKIHULFK,2
URVVH0HOFKDD,2
6HLWHQDUP,2
6DUQHUDD,2
Schwarzbach,2
densee-Toggenburg,2
Fü,2
Agglomerations-öV,2
tä,2
Blaetter95-98_120541,2
Fruchtfol,2
rth,2
Karti,2
5LFKWSODQ,2
6LHKH,2
DZDVVHU,2
Schindergrueb,2
Inv,2
Schönägertli,2
Lärmquel,2
R7,2
durchschnittl,2
D'iese,2
be'im,2
Muggensturm,2
Hartenauer,2
Klarsreuti,2
QJHOEHUJ0HOFKVHH,2
QXQG,2
DOOXQJV,2
2i,2
Oberberg,2
Heillgchrüz,2
Latönezeitl,2
Bronzezeitl,2
zeitl,2
Kurzbeschrleb,2
PG,2
K359,2
Eggersriet,2
Ochsenegg,2
Büschelisweid,2
Bahnhüttli,2
Ledergerber,2
-Artherstr,2
Artherstr,2
Padua,2
Bodmer-Abegg,2
Uzwil,2
Rex,2
Arth–Goldau,2
Appenzell–,2
Herisau–St,2
Zürich–St,2
Ulm,2
Petersboden,2
entspreDie,2
DBV,2
dwg,2
Gallen–Herisau–Wattwil,2
d'ies,2
R1,2
Nina,2
Dajcar,2
DVVHUXQG,2
DZLQHQ,2
Seite70a,2
SPS,2
Eigenmann,2
Rietmann,2
Seite44a,2
Blaetter53-56_120541,2
XQGHVI,2
WRQ,2
YHUI,2
SIXQJVSRWHQ,2
QGLYLGXDOYHU,2
DKUJHPHLQVFKDIWHQ,2
XQJEHVWHKHQGHU,2
Breiteloo,2
ODJHI,2
caractère,2
concurrence,2
télécommunications,2
bâti,2
HUL,2
HLGH,2
ONHUXQJVSURJQRVHGHV,2
Buchholz,2
E8-C,2
7RXULVWLVFKH6FKZHUSXQNWJHPHLQGH,2
QJHOEHUJLVWGLHWRXULVWLVFKH6FKZHUSXQNWJHPHLQGHGHV,2
UXWW6DFKVHOQ,2
HQWUXPVJHPHLQGH,2
LHUWHQ,2
URVVWHLOGHU,2
Mülibach,2
Eidq,2
Wil-West,2
WaldG,2
RWP,2
ISOWA,2
grenzü,2
SODQXQJ,2
Zufahrtsl,2
Lüssi,2
Ochsenbach,2
SPV-undö,2
Hagendorn,2
Verena,2
Walchwilerberg,2
Hinterbüel,2
GVK,2
Ghasel,2
Hintercher,2
Sihlmatt,2
Sihlsprung,2
Oberschwelli,2
Höllgrotten,2
wirtschaftl,2
Chlausenchappeli,2
Hofmann,2
JHEXQJ,2
QSDVVXQJHQYRU,2
Blaetter31-34_120541,2
zugä,2
müs,2
-Erhä,2
QWZLFNOXQJDXIGLH,2
UIQLVVHGHUDQVlVVLJHQ,2
Bodenseeü,2
Reka,2
Lutz,2
XVEDXYRQ,2
Neu-Buonas,2
isfc,2
XHUKDOWHQXQG,2
GHUXQJHQGHU,2
DQGVFKDIWVXQG6LHG,2
Cl,2
E7-B,2
HPHLQGHQPLWXQWHUVFKLHGOLFKHQ,2
XHQWZL,2
HQWUXPVQDKHQ,2
N6-C,2
J03,2
E2-5,2
N5-C,2
WLJWHQ,2
DVVHU,2
HElXGHXQG,2
UKROXQJVUlXPH,2
Hesse,2
Lorze,2
OSQDFKHU6DUQHUXQG,2
tp,2
HUQV6DFKVHOQ,2
WWUDNWLYLWlWI,2
OWHUQDWLYH,2
OSQDFKXQG,2
Jul,2
Siebnen-Grynau,2
Erte'i,2
tanl,2
Verkeh,2
nzubez,2
ent'i,2
Zwj,2
Per,2
Brunn'i,2
t'li,2
schwyzeri,2
notwendi,2
Margrit,2
Samstagern-Biberbrugg,2
Ste'i,2
Zug-Arth,2
Herti,2
B42,2
B12a,2
Unesco,2
Murkart,2
C5,2
totai,2
meinden,2
ter,2
Schutzbestimmunqen,2
Telekom,2
munikations,2
N14,2
Zimmerberg,2
Zürich-Gotthard,2
Ruostel,2
Kü,2
Lac,2
Fischingen,2
Grynau-Mettlen,2
Marl,2
Kaufmänni,2
Spekul,2
Ejn,2
gef,2
Spiegelberg,2
0be,2
Felben-Ost,2
erfi,2
ejn,2
R'ichtlin,2
110-kV,2
132-kV,2
Laucherenchappeli,2
220-kV,2
cherzustel,2
Sternenegg,2
erforderI,2
sj,2
Kal,2
nen,2
verschi,2
Morschach-Stoos,2
Sk'il,2
Hasliwald-Holzegg,2
U5,2
zs,2
Surselva,2
Fellibach,2
RPBG,2
Sulztalerbach,2
Muggenberg,2
H18,2
d'assurer,2
pied,2
A'l,2
Nuolen,2
zweckmässi,2
erun,2
dispers,2
Löli,2
Dittingen,2
Liedertswil,2
HQWUDOHQ,2
HELHWHQ,2
NRQ,2
edl,2
ILQDQ,2
RKQEHY,2
XQDKPH,2
Mei,2
dabe'i,2
Geme'i,2
Besch,2
sc,2
gemi,2
Brunni-Haggenegg,2
JHQI,2
JXQJXQG,2
Johannsen,1
Anders,1
Gesamtschweiz,1
ZKL,1
Siebnen-Freienbach-Wädenswil,1
ZVDK,1
Rickenbach-Huserenberg-Rotenflue,1
Rothenthurm-Einsiedeln-Ybrig,1
Sattel-Hochstuckli,1
S13,1
S31,1
Bibergrugg,1
Rothenthurm-Sattel-Steinerberg,1
Schwyzerbrugg,1
Schnellbusse,1
Wergenstein,1
Grüner,1
Aff,1
Steinbach,1
Nügütli,1
Winterthur–Kreuzlingen,1
Engen–Singen–,1
Schaffhausen–Kreuzlingen–,1
Romanshorn–St,1
Wil–Wängi,1
Jakobstal,1
Gontershofen,1
Weinfelden–Wil,1
Ufnau,1
Kreuzlingen–Lengwil,1
Thurtal-Berg,1
Innsbruck,1
Konstanz–Kreuzlingen-Hafen–Romanshorn–,1
Weinfelden,1
Bregenz,1
Gallen–Wil–,1
Najen,1
Bruggerwald,1
Wissbach,1
Nordost-Schweiz,1
Bummes,1
Steinbock,1
Orlehan,1
BBL,1
ürich,1
gestü,1
mitt,1
Vorwä,1
natü,1
rden,1
Horersjockelis,1
Rödelbach,1
Schtibel,1
Mögf,1
dami,1
at'i,1
Zivi,1
behi,1
wurde'in,1
ati,1
Kenntnjs,1
zdepartement'i,1
G1e,1
S'icherun,1
rtschaftsfl,1
Grundej,1
gentümer,1
objekti,1
U6,1
ERGAEI,1
ZUNGEI,1
wurdä,1
angt,1
bestrjtten,1
Sämtl,1
geg'l,1
eses,1
enössi,1
I0,1
Schwej,1
Sempach-Neuenki,1
rch-Luzern-Immensee,1
Inmensee-Arth,1
Zürj,1
zwe'i,1
drej,1
Brunnen-Schwyz-Rütf,1
Provj,1
VzRPG,1
se'ine,1
RRq,1
antenstud'ien,1
tati,1
bestäti,1
zusätzl,1
Neuformul,1
eitbi,1
Schutzwijrdi,1
berücksj,1
Lärmschutzverordnun,1
ni,1
ebenfal,1
ntegri,1
Schaffunq,1
nqunqen,1
Rahmenbedi,1
t'Je,1
ssj,1
übri,1
ndegebi,1
Besiedlunq,1
se'i,1
Dari,1
Grundzl,1
enstl,1
koord'i,1
Standortl,1
Schü,1
Kantonsschul,1
Untersemi,1
Theres,1
Theresi,1
Beth,1
Nuol,1
1erd,1
Nachf,1
Räuml,1
terbi,1
Turnhal,1
Berufsschul,1
I978,1
Zul,1
beh,1
-Bl,1
erunqen,1
verwi,1
Cht,1
Zw'ischenerqebni,1
legestati,1
odelin,1
Fo1,1
Raumpl,1
-f,1
5O,1
Ropperswil,1
jl,1
RPv,1
iessen,1
I'lil,1
lllil,1
Nrai,1
Bibenbnugg-Rothenthunm,1
Bezir-k,1
tsl,1
0bj,1
Länmsc,1
Justizdep,1
n-F,1
nuchtfolgef,1
Enar,1
Fno,1
nalpstock,1
Fonststnassenproj,1
lilil,1
Vorori,1
ent'ierun,1
Pfl,1
Festsetzun,1
Nachführunq,1
er'ledi,1
Zweckmässi,1
gerwe'ise,1
Chri,1
st-Köni,1
gKol,1
Randbedj,1
setzunqen,1
erunq,1
schenerqebni,1
behördenverb'indl,1
Fne,1
ienbac,1
Gensau-Rigi-Scheidegg,1
Skii,1
has,1
IiwaId-HoIzegg,1
Steinenaa,1
Richtplankategor,1
anun,1
Samstagern-Biberbnugg,1
SBB-Gotthardbasi,1
Lini,1
Umlreltventrägi,1
Aitmatt-Bibenbnugg,1
Fneienbach,1
Dorfzentnun,1
Zr,1
Ott-Ingenbohl,1
Ginendorf-Tuggen,1
Lützeltal-Gnosstein,1
GuntI,1
Nn,1
Venbnauch,1
Resenven,1
KIärsc,1
lbewintsc,1
Benichterstattung,1
Just,1
izdepar,1
JQ,1
iekonz,1
teriberg,1
Hydr,1
unterteileno,1
e'le,1
gesch,1
ausschl'iessl,1
ffid-ilE-G,1
ust'i,1
andw'i,1
n'icht,1
zuzuwe'i,1
äss'i,1
Rai,1
vg,1
iI,1
AnteiI,1
ZO-ZI,1
Fnonalpstock,1
Bewirtschaftunq,1
Ackenentr,1
deshal,1
Z-ttf,1
E'ignungskarti,1
Zitf,1
ausgewi,1
N0K,1
Biberbnu,1
Baudepa,1
l'liI,1
Vordenthal,1
I'liI,1
Pnojektgr,1
Raunplanunq,1
Mühl,1
gewähr1e,1
Mul,1
gep'l,1
verte'i,1
We'itere,1
vertej,1
1en,1
erungsp'l,1
reltbe,1
Betrjeb,1
pthal,1
Djeser,1
Buebental,1
Horbenl,1
och,1
äl'l,1
berücksichti,1
Berücksi,1
beachteno,1
aufzuzejg,1
Schutzwürdi,1
gelegentl,1
Gewässerschutzsan'i,1
Bauzonen-Fruchtfol,1
Le'itbi,1
gsentw'i,1
ungsl,1
D'ienstl,1
Lal,1
nträchti,1
mög'l,1
nventari,1
BRB,1
mitzute'i,1
gesch'ichtl,1
bjs,1
rechtl,1
Chen,1
organi,1
Richtl,1
antenau,1
Kat,1
T0t,1
Bre'itri,1
Mjt,1
Ortsb'i,1
KAIITON,1
touri,1
ApriI,1
orat'i,1
Gol,1
naturschützeri,1
Projektabsi,1
bere'i,1
Defi,1
voranzutre'i,1
Bez'irk,1
iesabbaustel,1
aufgef,1
Anlaqen,1
fäl'li,1
tershei,1
Landschaftsbj,1
zuY,1
negi,1
nntej,1
Höfä,1
güns,1
tnJi,1
r-ul,1
einel,1
fri,1
bewj,1
Just'i,1
FalIenbach,1
Dümpflen-Einsi,1
bewiIf,1
Ausnahmebewil,1
regiona'le,1
erarbe'i,1
Hygieni,1
Wj,1
Landwj,1
SCHTIYZ,1
ebew'i,1
Bew'i,1
jhren,1
erträgf,1
berücks'ichti,1
vermi,1
TYZ,1
San'i,1
gsma,1
ersc,1
erungsprogramn,1
Rekultivi,1
veranl,1
T0I,1
Rekultiv'i,1
jst,1
Rodungsbew'il,1
boh'l,1
Ott-,1
gungsmögf,1
Kehrichtbe,1
chtbese'iti,1
arus,1
bezügf,1
Degenberg,1
Dümpf1en,1
gen-Seewen,1
-Nuol,1
K'i,1
d'ient,1
Sje,1
L99O,1
hiefür,1
Kehrj,1
chtbese'i,1
Oerä,1
l97g,1
r09g,1
ichkei,1
deponi,1
ijr,1
t3,1
Breitp'langg,1
Krauer,1
ussl,1
n'i,1
kon-Z'i,1
koordini,1
Gotthardbasisl,1
l98l,1
erfo'l,1
die'im,1
ke'i,1
SBB-Pl,1
Zj,1
5l,1
Twischenergebni,1
Verkehrsl,1
Samstagern-Schindellegi,1
wasserbee'inträchti,1
Proj,1
vorgängi,1
Bewj,1
I'l,1
egt,1
tn'i,1
Fjschere'i,1
t'ivi,1
in'iti,1
genehmi,1
abzu'l,1
Guntliweid-Nuolen,1
erungspl,1
t6,1
jtzel,1
R'ichtl,1
reservi,1
nträcht'i,1
wje,1
sjnd'in,1
nt,1
Stat'isti,1
Z'ingel,1
techni,1
nanz'iel,1
unbedi,1
Projektstudj,1
eanl,1
äg,1
ltJ,1
jns,1
ngeri,1
E'insiedel,1
Rothenthurmo,1
Quel1en,1
enhe'it,1
sani,1
Kljssnacht,1
gesetz'l,1
sämtl,1
Ljnienführungsentscheid,1
t'lol,1
Wollerau-Feusisberg,1
erungsgrund'l,1
erungsabl,1
Nat'i,1
Weber-Röllin,1
A1ptha1,1
Sk'i,1
-Haggenegg,1
Alternati,1
könnte'l,1
enfal,1
Brtjschrain,1
Baudep,1
V'itznau,1
KANTO,1
tse'i,1
Gersau-Ri,1
-Sche'idegg,1
Konzessi,1
Vollendung,1
TOI,1
Bewil,1
Nebenanl,1
Ztjrich-N2,1
b'isheri,1
anstudi,1
getät'i,1
nde,1
Langfri,1
Hürl,1
imann,1
Vonderthal,1
ntens'i,1
Waffenplatz-Höli-Biberbrugg,1
nander,1
genere'l,1
Oberarth-0e1berg,1
Unterstatjon,1
Unterstati,1
lerni,1
SCHIIYZ,1
Vorderth,1
allfäl,1
geste'l,1
Vol,1
Fuchs-Bamert,1
lasserkraftanl,1
chke'i,1
Projektierungsbewil,1
Notwendi,1
tungstrassees,1
könneno,1
Zonenpl,1
San'ierungsvorsch,1
r-l,1
S'iebnen-Grynau,1
bejm,1
CKtr'J,1
Centralschweiz,1
Konf,1
erenzprotokol,1
Skil,1
skil,1
Hasliwald-Hol,1
zegg,1
Beffa,1
Stejnen,1
Hydrol,1
og'ie,1
Tubenmoos-Roggenegg,1
bere'its,1
egungsmögl,1
Wje,1
abgek,1
nkwas,1
grundsätz,1
t'i,1
Rlgi-Kulm,1
Zubringerskil,1
Muotath,1
B'lüemberg,1
ntertha,1
Hürital-Stali,1
attal,1
Hochstucklj,1
Berechnun,1
fügunq,1
Steinhau,1
t-,1
tOJ,1
tü,1
PJ,1
folgeflachen,1
jf,1
nötigenfal,1
Feus'isberg,1
dam'it,1
Hel,1
des'l,1
Offentl,1
Baubewilligunqen,1
bedienfc,1
Reserve-Siedlungsgebiefc,1
efcc,1
Sfcrassenanla9en,1
bereinigfc,1
Knonau,1
tierungskredifc,1
Neuheim-Walterswil,1
zeigfc,1
vorsiehfc,1
Michaelskirche,1
beeinfcrächtigfc,1
gilfc,1
swirkun,1
g-e-n-,1
rem,1
Arfc,1
Kurzfristiq,1
Offc,1
erlässfc,1
RofchenturmAltmatfc-Biberbrugg,1
Freihal,1
dizierfc,1
RahEin,1
Wasserbi,1
aufw'ies,1
bestehen'in,1
kf,1
Nagel,1
erwi,1
generel'l,1
fassfc,1
T30,1
Schwyz-Muotathal,1
berbrugg-Ei,1
lerau-Richterswi,1
Lachen-Tuggen-Grynau,1
Te'i,1
Schindellegi-Biberbrugg,1
ns'i,1
heissfc,1
Hauptz'i,1
rsverb'i,1
Fo1ge,1
Zürich-Gott-,1
T8,1
Innerschwyz-Ausserschwyz,1
Sattel-0berarth,1
Sihl-,1
Zürieh,1
CS3,1
pj,1
I—,1
Cfl,1
Cü,1
h-,1
mifc,1
Anschlussbereich,1
Sfcadt,1
zugeführ'JTpä,1
sse,1
truI,1
steigfc,1
stellfc,1
Birchriedli,1
Schindeltegi,1
Hirzelberg,1
Lorzenau,1
Brämenegg,1
Sodl,1
Sodll,1
Hüttenried,1
Menzingen-Neuheim-Teil,1
Cham-,1
Hardt,1
Reinhardt,1
scl,1
ZBB,1
ENTSORGÜNG,1
Haas,1
Verfassunq,1
häufiq,1
22q,1
beschliessl,1
Hochspannur,1
Rotkreuz-Sihlbrugg,1
IslO'OOO,1
Wildi,1
ternati,1
onzess'l,1
Std,1
Sihltai,1
Bibenegg,1
Aitmatt,1
ltJäg,1
schliessfc,1
SBB-Hauptl,1
n'ien,1
o'l,1
zw'i,1
Ejnsiedeln,1
NHT,1
raumpl,1
aneri,1
Sailololo,1
AurobahnmitAuslähn,1
Xanlonsgrana,1
Nctz,1
Chür,1
E6rnardam,1
Tess'in,1
gewähr'le,1
Walchwiler,1
Oberallmig,1
Ambeissen,1
Pkm,1
allejn,1
Zürich-Kloton,1
Saeans,1
rJ,1
Hinterburg-Müli,1
Wilersee,1
Eu,1
Wöschwakl,1
Heiligchrüz,1
Meienberg,1
Steinhauser,1
Binzmüli,1
Brandhöchi,1
Ramenegg,1
Menzingen-Neuheim,1
Deibüel,1
Milchsuppenstein,1
Doribach,1
Alosen,1
Jost-Tännli,1
Greit,1
Schwarzenbach,1
Büni,1
Rooterberg,1
Sijental,1
Sijentalwald,1
Hammer-Lindencham,1
WalchwilerOberallmig,1
Reussgranit,1
Walchwll,1
Ausseregg,1
Josefsgütsch,1
Hünnlital,1
MolasseaufschlussGreit,1
Widenwald,1
Sernifit,1
benachte'i,1
Ztjrjch,1
Schindelleg'i,1
Sarbach,1
Hinterburg,1
Müli,1
Oberbrunegg,1
Hochwacht,1
Hunold,1
Werder,1
Buschenchappeli,1
Watchwil,1
Wissenschwändi,1
Keiser-von,1
Truttmann,1
Galgenbächli-Neuei,1
Erli,1
Suter-Jud,1
Schloßberg,1
Rössli,1
Diemand-Stuber,1
Meierhans,1
Leuenberger,1
Schwerzmann,1
Harrüti,1
Balmll,1
teilwelse,1
Lorzenweid,1
Rothus,1
Eichrüti,1
Mathias,1
BauernhausJ,1
Tatacker,1
Inkenberg,1
Allenwinden,1
Chalchrein,1
Giregg,1
Morg,1
Bachmüli,1
Ländi,1
luotathai,1
Lt,1
TITOZ,1
Ger,1
Iiegpendl,1
l'luotathal,1
WoI,1
li'luotathai,1
Großbritannien,1
Niederlande,1
USA,1
Belgien,1
6i,1
excI,1
Zimmer,1
bewil,1
ausgeschi,1
hiefljr,1
Eri,1
Logi,1
so11o,1
th,1
Risi,1
Stoos,1
Grabenstr,1
Hallstanzeitl,1
Lauried,1
Friedbach-Roost,1
Oterswil-lnseli,1
Loreto,1
fvenanbe,1
überdurchschn'ittl,1
-Buonasl,1
-BuonasII,1
Alther,1
zeltl,1
Siehbach,1
Hafen210Pund180TP,1
Bojenfeld45Pund150TP,1
Unterägerl,1
Zugerstr,1
Jungstelnzeitl,1
nezeitl,1
Heidmoos,1
Hlnterberg,1
Chämleten-Buonas,1
Hechtmattli,1
-Abnach,1
Minetalterl,1
Chugelrüti,1
Sihlbruggerstrasse,1
-Chugelrüti,1
Henggeler,1
-Städtli,1
M'-,1
J'steinzeitl,1
Schweizeri,1
J'stein-hallstattzeitl,1
Bärenbächli,1
Rathausstr,1
-Buhl,1
Altsteinzeitl,1
Latenezeitl,1
Mrttelalterl,1
D'i,1
esamtw'irtschaftl,1
Rangf,1
zerj,1
Ii,1
EE,1
offensi,1
strukturel,1
werdenr,1
VoF,1
überwj,1
Reserveno,1
D'ies,1
Wegpendl,1
Pendl,1
prakti,1
R5,1
llal,1
dstrassenl,1
65O,1
kn,1
Hoff,1
M'io,1
hiefi,1
Birkenwäldti,1
2Boo1shäuser42P,1
Sagenbrugg,1
Laurenzenvorstadt,1
Scenario,1
Brundtland,1
R2,1
R4,1
Vondenthal,1
Nachtragvom2l,1
Heimweideno,1
Dj,1
ächeni,1
Basj,1
orati,1
unterschiedl,1
We'idl,1
Kart,1
sowi,1
tbarkei,1
omai,1
ke'ine,1
Steinenberg,1
ilonschach,1
Wiesholz,1
Büttenhart,1
Ged,1
entspreE,1
entgeK,1
OeBA,1
a1lfä1f,1
Wies-,1
HoIz,1
Kunststof,1
Schaffhausen–Andelfingen–Winterthur,1
Zürich–Schaffhausen–Stuttgart,1
SiedF,1
lungsgebiets,1
Spielq,1
Gennersbrunn,1
Rutschsani,1
nd,1
rekonstru,1
ig,1
iorati,1
t77,1
Mel'i,1
Lahne,1
qentu,1
berücksi,1
chtj,1
bew'i,1
genl,1
Pachtl,1
7I,1
Sej,1
Steimüri,1
entfal,1
Jahn,1
Betr,1
Landwi,1
rtschaftsbetri,1
2r69g,1
oq,1
liald,1
Waldf,1
ausgegl,1
Gärtli,1
Hörnli-Hemishofen,1
Hinderholzen,1
Chrooneriet,1
Hegaubasalt,1
GPK-N,1
NHGSH,1
ren,1
Siblingen–Siblinger,1
Beringen–Hägliloo,1
ausZ,1
Ellikon-Eglisau,1
2009–2018,1
Hiefür,1
ngf,1
ichke'i,1
tspl,1
san'iert,1
stat'isti,1
Löhningen–Neunkirch,1
Neuhus,1
erdi,1
unterhal,1
obf,1
Bere'i,1
s'ich,1
elim'in,1
unerhebl,1
tuat'i,1
Tahl,1
Aipverbess,1
Zaf,1
gebi,1
Dle,1
Vo1,1
zugsorgani,1
sat'i,1
nerse'its,1
IS0S,1
zutn,1
enwaldstättensee,1
MeiIe,1
B14R,1
Biberbnugg,1
Bneitnied,1
Stuttgart–Zürich,1
2007–2008,1
Schadstof,1
e'ini,1
grösstentei'ls,1
nhal,1
tungsi,1
nsti,1
dea,1
Web-GIS,1
LeitschadF,1
Faa,1
Cr,1
durchschnittlia,1
Radrou,1
Schaffhausen–Thayngen,1
Usseri,1
Hage,1
nordwestl,1
Massn-Nr,1
Churztalbach,1
Seltenbach,1
lifeline,1
TSH,1
ged,1
penl,1
ungsgebi,1
Gebirgsl,1
d-,1
anzen-,1
W'i,1
Gebjet,1
Emmersberg,1
WWP,1
Enhanced,1
Geothermal,1
Dry,1
Buchberger,1
Rüdlinger,1
Nagra,1
Ripla-Nr,1
Beringen–Löhningen–Siblingen,1
A98–B34,1
Thayngen-Süd,1
Hallau–Oberhallau,1
Siblingerhöhe–Siblingen,1
Rabenfluh,1
Beringen–Löhningen,1
überschri,1
Brunnen-GersauVi,1
tznau,1
Füi,1
Nachtragvom2i,1
fiJr,1
ngri,1
Bibern-,1
Hannebuebes,1
CH-Median,1
RNx15,1
w'ir,1
ausl,1
südöstl,1
Sihlabfluss,1
ordentl,1
Muotathal-Schachen,1
1fä,1
lald,1
A-III,1
A-II,1
AJG,1
Ada,1
Bibern-Hofen,1
Jä,1
enberg,1
Zi,1
ndel,1
penpfl,1
Chliberg,1
Höch,1
turel,1
S'ih,1
vielfältigeo,1
li'laldl,1
wen'i,1
achmoore,1
Auch'in,1
d'iesem,1
Bergl,1
ZWG,1
Erhal,1
verpf'l,1
schutzwlirdi,1
erhal,1
nersej,1
Innerhal,1
R'igi,1
Hasliaare,1
Worble,1
B26,1
B32a,1
PMD,1
B50,1
IRK-ÖV,1
BWO,1
jber,1
E'inzugsgeb,1
49b,1
E700,1
prov,1
Schäfli,1
Kurz,1
durch2,1
Züri,1
lerau,1
Schinde'l,1
1egi,1
Dl,1
aichpl,1
schwal,1
zü,1
Gwatt,1
Hondrich-Wengi-Ey,1
Urbans,1
asm,1
Siggere,1
Wanzwil,1
Schafis,1
Twann-Schafis,1
R_12,1
Moos1,1
Bern-Lausanne,1
Wylerfeld,1
TBO,1
Löchligut-Rütti,1
Gümligen-Münsingen-Thun,1
Deisswil-Bern,1
se'iti,1
ZWV,1
11f,1
91a,1
91e,1
Westside,1
Boujean,1
Jumbo,1
anzengesel,1
R'ig,1
Rig'igebi,1
erratj,1
a'l,1
stwi,1
bewi,1
-il,1
AIfned,1
Darjn,1
estzustel,1
Unterl,1
ndl,1
versch'iedentl,1
vorrangi,1
Verdi,1
I'i,1
nnvol,1
tatj,1
Parl,1
Fnitz,1
Bnuno,1
Vital,1
4eyen,1
Schallenberg,1
Chirchet,1
Boltigen,1
Bern-Köniz,1
Bern-Köniz-Neuenegg,1
w'i,1
e'inf,1
offenl,1
Bienne-Sonceboz,1
Wyler,1
Oberland-West,1
R_13,1
Weyermannshaus–,1
Wankdorf–Muri,1
Muri–Rubigen,1
Val,1
Aarwangen–Niederbipp,1
Hasle-Rüegsau,1
Lauperswil,1
Busswil,1
Müntschemier,1
Roggwil-Wynau,1
Sumiswald-Grünen,1
Tramelan,1
Bern–Zollikofen–Schönbühl,1
Renan–La,1
Cibourg,1
Lyss–Aarberg,1
Biel–Ipsach,1
Aarwangen–Langenthal–Lotzwil,1
Lützelflüh–Burgdorf–Kirchberg,1
Oberburg–Hasle,1
Willigen–Chirchet,1
Kiesen–Thun,1
Thun–Spiez,1
Uetendorf–Thun,1
Bern–Thörishaus–Neuenegg,1
Bern–Münsingen–Kiesen,1
Bern–Belp–Münsingen,1
Münsingen–Konolfingen,1
Maj,1
Lauerzersee-Säge'l,1
Nidau,1
üVM,1
SEFT,1
Biel-Nidau-Brügg,1
Dreilinden,1
BN,1
tuati,1
gf,1
fortl,1
ermögf,1
punktuel'le,1
raurruvi,1
Sachverhal,1
tw'i,1
Iffwil,1
Schwadernau,1
Wiggiswil,1
ze'i,1
Koordi,1
gke'i,1
daf,1
aqen,1
Kienersrüti,1
Epsach,1
Jens,1
Kriechenwil,1
Biglen,1
Gurbrü,1
Madiswil,1
Heiligenschwendi,1
Orpund,1
Koppigen,1
Hilterfingen,1
Ringgenberg,1
Schlosswil,1
Diemerswil,1
Wolfisberg,1
Niederönz,1
Ussri,1
Allmi,1
Bawald,1
Wendi,1
Ferenbalm,1
Marizried,1
Neu-Allmi,1
Zilti-Wengi,1
Reisiswil,1
Mösli,1
OberhardWolfhusenfeld,1
Buechmatt,1
European,1
Energy,1
WIS-BE,1
Eyfeld,1
Oberlangenegg,1
Scheulte,1
Oberthal,1
Elay,1
Gondiswil,1
Teuffenthal,1
Guggisberg,1
Unterlangenegg,1
rkunq,1
schre'i,1
erfü11en,1
n'iert,1
Rumendingen,1
Rumisberg,1
Rüschegg,1
Champoz,1
DLAGEl,1
RICHTPLAIIUI,1
so'I,1
We'i,1
habeno,1
zue'inander,1
b'il,1
vol,1
Sunnbüel,1
AJV,1
Bes'iedl,1
Oeff,1
8l,1
Verb'indl,1
B'l,1
GRUl,1
MTB,1
3D-G,1
Rellerli,1
Saanersloch,1
Rinderberg,1
Plaine,1
Morte,1
Crans-Montana,1
Mallee,1
Fallbach,1
Birchental,1
Hambiel,1
Stocki,1
Schwendeli,1
Gadmertal,1
Giglibach,1
GMAA,1
Schänzli,1
Nordwestund,1
Petersgraben,1
Mühleteich,1
Huningue-Ottmarsheim-Mulhouse,1
SCHUYZ,1
ALER,1
CH-BE-08,1
Vinelz–Strandboden,1
CH-SO-02,1
E_13,1
World,1
Human,1
Ressources,1
E_15,1
RKS,1
ELKV,1
RLS,1
Flachmoore,1
Ku,1
CH-BE-01,1
Biel-Vingelz–Hafen,1
CH-BE-02,1
js,1
nzi,1
Schn,1
WGS,1
C_26,1
GNBE,1
D_09,1
ASP,1
UZP,1
VDS,1
Basel-Mulhouse-Freiburg,1
OberwinterthurGrüze,1
Kloten-Opfikon,1
Zürich-Nord,1
Wallisellen-Zürich,1
KEF,1
FTV,1
GELAN,1
JB,1
KWO,1
PAV,1
RTEK,1
Bern-Solothurn,1
écologique,1
gesi,1
benach,1
Vk,1
Cohérence,1
PLU,1
A_08,1
ERT,1
FLM,1
RI,1
nwi,1
Jl-U,1
Nutzungspla,1
nut,1
erforderli,1
nöti,1
ackerfä,1
ttu,1
Regierungsratesä,1
-tu,1
tc,1
Ä-m44-Aeftde-—,1
f-L,1
Ic-ou,1
Bespr,1
Thommen,1
Fairtec,1
ISC,1
Della,1
CONFEDERAZIONE,1
SVIZZERA,1
Wu,1
tersta,1
Oetikon,1
ARA-Basel,1
ARA-Ciba-Geigy,1
ARA-Sandoz,1
projek,1
ZKF,1
Ville,1
6o2o,1
PZU,1
ONN,1
Sihlhof,1
Zürich-City,1
Leutschenbach,1
BVV,1
Husertal,1
Tüfenbach,1
Vorschrif,1
784o,1
Rah,1
Jah,1
elektr,1
städti,1
Ettingen,1
Dörnach,1
Oberengstringen,1
Limmattal–Schlieren–Lacheren–,1
Geroldswil,1
–Rifferswil,1
Bemühun,1
Schluchsee,1
ssge,1
Rheinwas,1
bwo,1
KEEAS,1
isos,1
gis,1
Sternenberg,1
Chriesbach,1
Chimlibach,1
Unterengstringen,1
Anto,1
tm,1
Rudolfingen,1
Waltalingen,1
Guntalingen,1
Zürich-Glattal,1
metropolitanraum-zuerich,1
LaRES,1
Freienstein-Teufen,1
Allen,1
Hombrechtikon–Stäfa,1
Effretikon,1
Tösstal–Irchel–,1
Seen–Nussbaumer,1
Eggrain,1
Hafnerberg,1
Töss,1
Lacheren–Geroldswil,1
Tösstal–Irchel–Flaach–Schwerzenberg,1
Hirzeltunnel,1
Stäfa,1
Eigental,1
Nürensdorf,1
Pfäffikersee,1
Ciba-Geigy,1
doz,1
Frank,1
BSB,1
Tg,1
Wald-Rüti,1
Neubrunnental,1
Freudwil–llnau-Effretikon,1
lands,1
Insbe,1
sel,1
züger,1
könn,1
betref,1
NOV,1
Eta,1
9o,1
Ç0l,1
Rrvg,1
sgeBiel,1
Grünflä,1
Rutschq,1
loo'ooo,1
4o,1
Winj,1
Njzt444,1
smöglichkei,1
78oo,1
Stellungnah,1
Inter,1
Basiliensis,1
inkraft,1
Schlifi,1
Hegimoos,1
Herschmettlen,1
Lee,1
Wiesendangen,1
Riethölzli,1
Oerlingen,1
Grass,1
Lunnerental,1
Ristet,1
Honeret,1
Isenberg,1
Bonstetten,1
Eigi,1
Rüteli,1
Chilmatt,1
5–4,1
Sihlhölzli,1
Sihlhochstrasse,1
1c,1
Zürichberg,1
Waltikon,1
Wipkingerplatz–Bucheggplatz–,1
Zürich-Seebach,1
Guntenbach,1
Hegmatten,1
FaBo,1
kanton,1
Gotzenwil,1
gvz,1
Sihl-Zürichsee-Limmat,1
hochwasserschutz-zuerich,1
HQ100,1
HQ300,1
Chrebsbach,1
Jonenbach,1
Sihl–Zürichsee–Limmat,1
Esslingen,1
Schafmetzg,1
Schliffi,1
Gotthelf,1
vorgenom,1
tenstrasse11,1
NNI,1
Herrliberg,1
Lützelsee,1
Girsberg,1
Dielsdorf,1
ssun,1
Zetcrncrtn,1
Joha,1
cherweise,1
schweizeri,1
vernach,1
verbünd,1
Kehrichtverbrennungsan,1
Umweltverträglichkeitsprü,1
Schmidli,1
Benno,1
Jurt,1
Zusam,1
Rheinha,1
2JSVÒv,1
PTOjekI,1
Stettbach,1
Seebach–,1
Opfikon–Bhf,1
Zürich–Glattal,1
Glattbrugg,1
Aeus,1
Baudepar,1
Kleinhü-,1
Bickwil,1
Sihltalstrasse,1
Baltenswil–,1
Riedt,1
Milchbuck–Bucheggplatz–ETH,1
Wipkingerplatz–Hardplatz–,1
Friesenberg,1
Triemli,1
Meier,1
3893c,1
Floos,1
IBV,1
Hüsler,1
Güller,1
N20,1
Eichenberger,1
CDS,1
Domino,1
15b,1
RFB,1
37m,1
27R,1
IVM,1
Abay,1
Horgenberg–Meilibach,1
Tössmühle–Winterthur,1
Uster–Jona,1
Oberwinterthur–Seuzach,1
Winterthur–Bülach,1
Schaffhausen–Stuttgart,1
Basel–Frankfurt,1
Lugano–Milano,1
zuneh,1
ermög,1
ci,1
Kreditbegehrej,1
Zürich–Rupperswil,1
Limmattal–Furttal,1
Uitikon-Waldegg,1
–Litti,1
Zürich-Werdhölzli,1
Fällanden,1
Limmattal–Dietikon,1
Illnau-Effretikon,1
Aubrugg,1
Rezyklieren,1
Ruchegg,1
Leigrueb,1
Aadorferfeld,1
Ziegelhütten,1
Pfungen,1
Dättnau,1
Wasterkingen,1
Hüntwangen,1
Knonau–Rifferswil,1
Zürich-Aubrugg,1
Hornsagi,1
Zürich-Wollishofen–Wettswil,1
Üetliberg,1
Wetzikon–Hinwil,1
Rheinau–Winterthur,1
WWG,1
Gwärfi,1
Looren,1
laerm,1
zvv,1
Oerlikon–Winterthur,1
Rauch,1
veloland,1
Planpartner,1
Lev,1
Hornwiden,1
zPv'j,1
Jt-i,1
finan,1
pc,1
Rankho,1
Vf,1
cf,1
Baselstrasse-Rhein,1
-j,1
t'-p,1
JL,1
il-,1
1III,1
et'-,1
I's,1
ÿSv,1
Safety,1
Johann-St,1
Gundeldingerquartier__________________________,1
frü,1
gre,1
Kostennutzenanaly,1
Planconsult,1
-u,1
FrSV,1
Busenhart,1
IB,1
Homburger,1
AfV,1
B6,1
Ö0,1
Chrebsschüsselibach,1
sace,1
Stras,1
bourg,1
project,1
géométrique,1
Badi,1
TU,1
Bäumlihofg,1
BASEL-STA,1
FIFA,1
a'n,1
BASEL-STAD,1
Jakobs,1
Bfh,1
Basel-Mulhouse____,1
DEDA,1
Escher-Heim,1
Neumünster,1
Didymos,1
LG,1
Lindau-Eschikon,1
Joo,1
evxL,1
erkh,1
Areas,1
TBZ,1
BBZ,1
BSMG,1
ABZ,1
UZI,1
ASVZ,1
Seifensträuli,1
Fegg,1
BNL,1
Altmann,1
Kamor,1
Rapisau,1
Chräzerenwald,1
Rhodwald,1
Hundwilerhöhi,1
internet,1
awa,1
NHF,1
JSA,1
Mettlen-Bödeli,1
Kunstrasenspielfeld,1
Presta,1
Kellenberg,1
2008–2011und,1
Aviena,1
Bächtold,1
RegioROK,1
duebendorf,1
BBT,1
zfh,1
ueberuns,1
LörrachBasel,1
Bhf-Bhf,1
SBB-St,1
FaHG,1
Helvetia,1
KFV,1
KZV,1
Imv,1
Sécu,1
Aéroport,1
Office,1
fédéral,1
6V,1
jy,1
Notfallpl,1
Mdg,1
Elisa,1
Kreisdirek,1
mell,1
steigebereich,1
Basel-Mul,1
kantASftelj,1
enrji,1
zpr,1
Eggerstanden-Appenzell-Teufen,1
Oberegg-St,1
Appenzell-Hundwil-Herisau-Winkeln,1
Appenzell-Gais-Altstätten-Oberriet,1
AppenzellEggerstanden-Eichberg,1
Süesswinkel,1
engeli,1
nö,1
Mahd,1
Brühlisau,1
Mekka,1
Waldkirch,1
Niederbüren,1
Paradis,1
Reeb,1
Alpin-Ski-Mekka,1
uihq,1
JZa,1
ZLV,1
fÖ,1
py,1
Jo,1
untej,1
QJ3r,1
jf-i,1
DD,1
Kantjbf,1
if,1
jz,1
CTD,1
dep,1
Ratschla,1
Horstbach-Roßberg,1
Verbrauch,1
Untergehren-Grueb,1
Stkb,1
GSchL,1
Messmer,1
Polit,1
JÎ0,1
aufeinan,1
1o,1
dings,1
Stuttgart-San,1
Bernardino,1
U1,1
AGBA,1
Fähnerenspitz-Kamor,1
BBV,1
ENSI,1
ESpaV,1
KNI,1
LSVA,1
NEBE,1
Sebastien,1
Rainer,1
ISJ,1
Ql,1
Neienriet,1
Apenzell,1
-Winkeln,1
Herrentüllen,1
Schmalzgrueb,1
AFP,1
fjj,1
rd,1
Tji,1
Pj,1
Qj,1
fYv,1
oc,1
C-O,1
rö,1
Nichtbaugebieti,1
in'die,1
kleinflä,1
Ersatzaufforstungenan,1
Kantq,1
fi,1
Lieh-,1
umweltAARGAU,1
Fischer,1
Bernhard,1
Jäggi,1
Ueli,1
Svoboda,1
Tschäni,1
Julia,1
EnergieV,1
Müri,1
AarauOltenZofingen,1
raumentwicklungAARGAU,1
Klingnau-Döttingen,1
Reinach-Menziken,1
Aare-Land,1
ELB,1
Ilin,1
S2a,1
verord,1
SFV,1
VISOS,1
VPeA,1
AREA,1
RPAV,1
Volman,1
schwil,1
Fera,1
rc,1
X1,1
Duro,1
Landschaftspla,1
XA,1
Waldhusen,1
Petersberg,1
Niesenberg,1
b1,1
Kleinüningen,1
Riehen-Stettenfeld,1
BaselStadt,1
Johanns-Vorstadt,1
28i,1
ViaStoria,1
Aristau,1
Endingen,1
Oberschönenberg,1
Königsberg,1
Neustalden,1
Hägele,1
Rinau,1
Gstalte,1
Frick-Nord,1
Seon-Birren,1
Eiken-Rüti,1
Saline,1
Chleigrüt,1
Dietiwart,1
Afheldt,1
Brinkforth,1
Jonas,1
Regula,1
Küng,1
Killwangen-Spreitenbach,1
Oberentfelden,1
Oberentfelden-Süd,1
Bruggbach,1
12o,1
23i,1
Biberstein,1
Densbüren,1
Mönthal,1
Ueken,1
Wölflinswil,1
RudolfstettenFriedlisberg,1
Bruttozonenflä,1
Wynecenter,1
m²,1
41a–c,1
Surb,1
Möhlinbach,1
Magdenerbach,1
Wallenland,1
Bodenrüti,1
Hochrüti,1
Schiltwald,1
Waltersholz,1
Hinterwil,1
Ötlikon,1
40a,1
HuningueOttmarsheim-Mulhouse,1
Genf-Lausanne,1
30m,1
Etzwil,1
Hagenfirst,1
Ödenholz,1
Chrejenbüel,1
Kestenberg,1
DGSV,1
Möhlin-Wallbach,1
AG1,1
Rohr-Hunzenschwil,1
AG6,1
AG17,1
NS,1
N1R,1
Neuhard,1
Meieried,1
Rheinsulz,1
Seengen,1
Wildenau,1
Untersiggen,1
E-Velo,1
Sulperg-Rüsler,1
Ruppoldinger,1
Aarau-Wildegg,1
Wildegg-Brugg,1
Rickenbach-Stille,1
Moos-Flachsee,1
Hegnau-Gnadenthal,1
Rüsshalden-Schwingrüti,1
Chlosterschür,1
Wiggerpark,1
Rupperswil-Auenstein,1
RupperswilAuenstein,1
MörikenWildegg,1
FischbachGöslikon,1
Künten,1
Mellingen,1
Wohlenschwil,1
82ha,1
40ha,1
28ha,1
65ha,1
26ha,1
Autäli,1
249ha,1
tar-Nr,1
NNP,1
sprawl,1
A35,1
KlybeckKleinhüningen,1
Klybeckareals,1
750m,1
Habermätteli,1
95ha,1
Siggenthal-Würenlingen,1
Stein-Säckingen,1
Dottikon-Dintikon,1
Benzenschwil,1
Teufenthal,1
Killwangen,1
siggenthal,1
NNK,1
A861,1
K242,1
inklu,1
trireno,1
Halbstunden-,1
Othmar,1
Asp,1
H9,1
Götschel,1
wired,1
wireless,1
AbbauD,1
GS-EMD,1
KSD,1
RTVG,1
TZG,1
Breiti,1
Hasel,1
Chrumbacher,1
Hasenacher,1
Steigli,1
Gipf-Oberfrick,1
Rosegarte,1
Üssere,1
Langsamstig,1
Chilli,1
Lindenacher,1
Schore,1
Grossgrüt,1
Eriwis,1
Althard,1
Rüfenach,1
36c,1
AG-1,1
Continuous,1
Descent,1
SAA,1
Aarau-eniwa,1
Jakobsberg-Egg,1
Oberwis,1
EGUSG,1
öVL,1
709a,1
Stva,1
Suva,1
A4-2,1
Z3-1,1
Z3-2,1
Niederschongau,1
Wynen‑,1
Waltenschwil,1
Egliswil,1
Planq,1
Kümmerly,1
amp,1
BBZN,1
126–130,1
VIK,1
Natel-C,1
Argovia,1
Telecom,1
Chestenberg-Wildegg,1
WD,1
Hochdorf-Hohenrain-Römerswil,1
UTM,1
districts,1
KleinhüningenKlybeck,1
63f,1
Hohrüti,1
Uezwil,1
Teufi,1
Kirchleerau,1
Aarau-Rüchlig,1
BAG,1
Schiffmüli,1
Kunz,1
znau,1
PlanNiederwil,1
D6–G5,1
C3–L1,1
Jürg,1
24ter,1
Kleindöttingen,1
Hardwald,1
Herdle,1
Zetzwil,1
Augst-Wyhlen,1
Reckingen,1
Krienseregg,1
R6-2,1
R6-3,1
R6-6,1
PAVV,1
BeSA,1
aareland,1
K46,1
Z4-1,1
Z5-1,1
Zentrumsgemeinden,1
Z1–Z4,1
R1-1,1
L1-Gemeinden,1
SUVA,1
Pilatusnordabhang,1
K275,1
Habsburg,1
K401,1
Herznach,1
K322,1
K236,1
K408,1
K405,1
Bodenänzi,1
S2-3,1
S4-4,1
K474,1
B8–B9,1
Brugg-West,1
Hendschiken,1
Schmittenau,1
Bünztal,1
SiggenthalWürenlingen,1
Döttingen-Klingnau,1
Heinrüti,1
Wynefeld,1
J4–L4,1
AnG,1
Säckingen,1
GemeindeverbandBaden-Brugg,1
Siglistorf,1
Staufberg,1
Gnadenthal,1
Biel-Westschweiz,1
J5–K5,1
B9–C8,1
H5–H6,1
Luzern–Willisau,1
Zürich–Zug–Luzern–Sursee,1
Sursee-Willisau,1
Surentalbahn,1
M5-1,1
M5-2,1
M5-3,1
Langensand-Steghof,1
M3-2,1
Hochdorf–BallwilEschenbach-Inwil,1
M3-3,1
M4-1,1
M4-2,1
Luzern–Zug–Zürich,1
Fabi,1
S61,1
S8-2,1
S9-1,1
S9-2,1
M1-1,1
M1-2,1
M2-1,1
Luzern-Kriens,1
M3-1,1
Gippingen,1
K415,1
Olsberg,1
Amgen,1
33b,1
S7-1,1
S7-2,1
S8-1,1
GEWIKA,1
Wilenbach,1
OVK,1
I4–J4,1
Baden-Obersiggenthal,1
T295,1
Ennetbaden,1
Muri-Dorf,1
Steiberg-Alt,1
Pfisterhus,1
M2a,1
M2b,1
Martinsberg,1
BadenBrugg,1
ESSM,1
Aarau-Lenzburg,1
L1-3,1
stva,1
USV,1
Pfannenstil-Schlettli,1
Chüeberg,1
Ried-Löö-Guggi,1
Hombrig,1
Hüswil-Bifig-Steiberg,1
Gütsch-Kreuzstutz,1
M5-5,1
Bike-and-ride,1
M6-1,1
M6-3,1
M7-1,1
M8-1,1
M8-2,1
Steel,1
Wigeren,1
E6-2,1
EschholzmattMarbach,1
Wilisau,1
TBV,1
BGer,1
5000m,1
Oberlunkhofen,1
Wallbach,1
TAV,1
TAV2,1
Althus,1
Spitzfluehof-Im,1
Mussi,1
IS8,1
NLA,1
Ortsplanun,1
FDV,1
NPM,1
Bözen,1
Dintikon,1
Gallenkirch,1
Hottwil,1
Oberwil-Lieli,1
C7–D7,1
K395,1
Holderstock,1
MPL,1
feld,1
Vasa,1
MPV,1
füi,1
Arlesheim-Laufen,1
Oberban,1
Forenban,1
Hard-Usserban,1
Moosmatt-Ebnet,1
Lusenberg,1
Firsi,1
Dow,1
nloads_bkz,1
E9-2,1
E9-3,1
BERIGHT,1
nunn,1
angraphi,1
Seiiiétr,1
Amsteg–Mettlen,1
Steghof–Schlund–Kriens,1
Schüpfheim–Flühli,1
Sempach–Oberkirch,1
Littau,1
E8-1,1
E8-2,1
E9-1,1
500m,1
1000m,1
SwissMetNet,1
Balmegg,1
E6a-5,1
E7-4,1
110kV,1
220kV,1
Dahãr,1
õen,1
-ffi,1
ilkalisi,1
Grundf,1
Tråger,1
diejenþen,1
AUSCANCSLACE,1
I'Schutzgebieterl,1
rrVerkehrtl,1
íchtenüberm,1
itg,1
RAUMPLANUNC,1
iry,1
fg,1
nÞV'i,1
33f,1
nformati,1
Ceschätzte,1
Cleichzeitig,1
kommenãen,1
-mit,1
Allên,1
Oeffentlicher,1
ISD,1
STB,1
Arlesheim–,1
KbS-Nr,1
0006A,1
Attisholzwald,1
Enova,1
Trimbach,1
Bechter,1
oec,1
Rola-nd,1
Braun,1
Hans-Jakob,1
Brunner,1
Notker,1
Hilber,1
Hansruedi,1
Amrhein,1
Santini,1
Hubert,1
Lüthold,1
Casser,1
Zünd,1
Hans-Jörg,1
5i,1
Hans-Heini,1
Willi,1
Hophan,1
Gregor,1
Ruedi,1
Harald,1
Woermann,1
rrAUSCANGSLACETT,1
Faf,1
vóm,1
ieru,1
le-RTõ-ñîpl-ãnñña,1
rãiiF,1
ünA,1
7i,1
Fordeiuñg,1
siña,1
Crundsätzetr,1
Keh,1
BERICHTSAUFBAU,1
TAUSCANGSLACE,1
CHTPLANVORHABEN'I,1
I'RichtplanvorhabenI,1
rtu,1
e-m-m,1
Einwendunqen,1
Stellent,1
entscheiden'l,1
entla,1
Giswilér,1
Zonenplanreir,1
Stammheim,1
Bereiniqunq,1
fulai,1
Ra,1
ausg,1
rganzungsan,1
Sachv,1
ñe,1
t9g6,1
Leo,1
Eicher,1
Alois,1
Hediger,1
Kiser,1
Tobler,1
Maass,1
Gerlafingen,1
Moosbach,1
Grenchenberg,1
Froloo-Sierentz,1
Flumenthal-Froloo,1
Wengi-Obergösgen,1
Wengi-Rüti,1
Fulenbach-Wynau,1
Hammerrainquelle,1
Tüfelsschluchtquellen2,1
Mürgelenquellen5,1
Verband-GEP,1
EnVSO,1
Augstbach,1
Chüeweid,1
Obergerlafingen,1
Ortib,1
Ruchacker,1
Gheid,1
Aarenfeld,1
Gillacker,1
Riedliund,1
Q12,1
Walkenquelle,1
Nationa,1
formul,1
chtet,1
skon,1
arneraa,1
sp,1
besonders'fúr,1
HanglqO,1
-i,1
Ëi,1
ïi,1
3g,1
ntrpr,1
mÉpr,1
rvl,1
mFFFI,1
içai,1
ùË,1
stelii,1
ãl,1
obwaldËn,1
riucntr,1
beschräÀki-ãi,1
nJ,1
rechtsverbindl,1
Linienführurfg,1
ENTV,1
Niederschlä,1
åir,1
ãr,1
Ânbal,1
måchinelie,1
berüc,1
edeutunq,1
ursprünglicfr,1
ENTVVICKLUNC,1
deé,1
Siedlun,1
Nutzunqs,1
planunq,1
tôurina,1
Cyclamen,1
purpurscens,1
corìs,1
I'Gipsgrabentr,1
anzena,1
ssna,1
beeinträchtigeni,1
sativa,1
eggis,1
Juniperu,1
Sabina,1
Sarothamnus,1
Colutea,1
Ruscus,1
Asperula,1
eiág,1
åus,1
CLAUBENBERC,1
Vl,1
ERWALDSTAEITERSEE,1
ðm,1
Eozänseri,1
Castanea,1
dãfin,1
aucfi,1
11i,1
ALPWIRTSCH,1
Mårz,1
idwalden,1
tona,1
tin,1
Mittelgäu,1
Solothurn–Bern,1
Solothurn–Subingen,1
Reinach–Dornach,1
GüTV,1
OeBB,1
KBV,1
KARSYS,1
Basel–Laufen–Delémont,1
Basel–Olten–Lötschberg,1
BIFG,1
Solothurn–Wanzwil,1
FPV,1
Solothurn–Oensingen–Egerkingen–,1
Solothurn–Oensingen–Langenthal,1
Rodersdorf–Flüh–Basel,1
Flüeli,1
ermögl,1
Bero,1
Olten–Burgdorf–Bern,1
Basel–Grenchen–Biel,1
Basel–Gotthard,1
Paris-Bern,1
Biel–Grenchen–Delémont,1
Ael,1
gsi,1
ssberg,1
Lungererseegebíet,1
a'ls,1
Aelggi,1
pkapel,1
stattl,1
Schälf,1
Rick,1
reserva,1
12q,1
beím,1
Egga,1
Diesselbach,1
Erarbeitunq,1
Berqqut,1
Wold,1
trnach,1
rrUsser,1
Allmendr,1
rrSchutzgebiete'r,1
Häsisegg,1
aldried,1
ngl,1
BLAETTER,1
6lr,1
ciswir,1
Arpnach,1
Musschwendelí,1
beidseitiq,1
Streuwiese,1
Mürgelibrunnen,1
Zinnrer,1
tal,1
Schwarziberq,1
5t,1
Wendelín,1
rgsl,1
tllat,1
Heidental,1
Balmberg–Weissenstein–,1
Grien,1
Staad,1
Untergrenchenberg,1
Präven,1
VLB,1
Eptingen,1
Riemberg–,1
Galmis,1
Balm,1
Wilkmatt,1
Fehren,1
Thierstein,1
Stierebaan,1
Gugenfeld,1
besiedertèn,1
NWI,1
ABJEKTBLAET,1
zrJ,1
2Z,1
Melbach,1
NDLAGENPLA,1
Hirsch,1
Pflanzenschutzverordn,1
nventa,1
ÊU,1
iGTl,1
L-J,1
Kl,1
EINWI,1
EINI,1
r470,1
aktíven,1
ou,1
nqe,1
rq,1
Kategor,1
entf,1
SCHE,1
Ueberarbeitunq,1
rrDas,1
2A,1
Sanasilva,1
UÌ,1
Renãite,1
Ðamit,1
ZC,1
128bis,1
ichttrinkzwecke,1
Cewässer,1
asserrecht,1
Cewässerkor-,1
DLA6EN,1
Çrundsotze,1
BLAE,1
KSBV,1
Murgenthal–Fulenbach,1
Rothrist–Olten,1
Flughafen–Zürich–Olten–Biel–Lausanne,1
Luzern–Olten–Basel,1
CHTPLAI,1
UNC,1
pC,1
DLAÇEN,1
íchkei,1
Militår,1
Schiessplðtz,1
Melchtai,1
Brünig,1
nsatzmög,1
Tanna,1
Höhendi,1
Oberalp-Schönbüel,1
Mörlialp-Alpoglen,1
Mörlialp-Mörliegg,1
Sören-,1
sict'r,1
ãn,1
Erholungsschwerpun,1
Ristis-Brunni,1
Engelberg-Gerschn,1
Cerschnialp-Trübsee,1
Engelberg-B,1
runn,1
Engelberg-Trüebsee,1
Cerschnialp,1
Kleintitl,1
Melchsee-Ba,1
lmeregg,1
Distelboden-Erzegg,1
Oberstafel-Boni,1
Brunni-Schonegg,1
Transportl,1
5td,1
Rotegg,1
GEMEI,1
Erarbeiti,1
Bezeic,1
ÑE,1
odêr,1
iehungsdepa,1
AUSl'lI,1
intensivierun,1
dad,1
Käqiswil,1
Schiessbetr,1
Mühf,1
imatt,1
ERUNC,1
AUSl,1
Erziehungsdepartementl,1
sbestimmun,1
lanun,1
Oj,1
zonenkonfoim,1
TRUFF,1
eJn,1
OUERVERWEISE,1
einér,1
M0,1
Herrenrüti,1
Heitlistock,1
Clogghus,1
Claubenberg,1
Vororientierun,1
Bezeichnunq,1
sverfah,1
Rätschel–Tannen–Cholen,1
berg-Wöschnau,1
Schartenflue,1
Rotenrain–Falkenflue,1
Fulnau–See,1
Buschlen–Blauenstein–,1
Remel,1
Chaltbrunnental–,1
Schweissacherbach,1
Bornchrüz,1
Berg–,1
Rainban,1
Homberg–Rumpel–,1
Hegiberg–Geissflue,1
Schwanden–Dottenberg–,1
Gugen–Rüttmatt–,1
BETEILIOÏE,1
Stocklaui,1
Zelgenwa,1
Balsthaler,1
Oberberg–,1
Klus–Roggen–,1
Roggenschnarz,1
Alp–Rinderweid–Allmend,1
Ausgangssitua,1
rfn,1
123i,1
Ine,1
antona,1
sdepa,1
Dig,1
Hinti,1
Einwohnerd,1
ZONENiFLAECHEN,1
-ao,1
Do,1
rfscha,1
ao,1
ororrooorraaaaa,1
aaaaaaaaaOOaaa,1
KMV,1
QUERVERÌlIE,1
Cewerbe-,1
I5E,1
KNH,1
rrNutzungsplänefl,1
ZONENPLANUNC,1
do,1
Volfen'Schiessen,1
FINANZIERUNO,1
Enqelberg,1
16r,1
Fontanen,1
ibach,1
GiswillOberwilen,1
dq,1
Eichlenberg,1
Lingenberg–Mettenberg,1
Meltigerberg–Hirnichopf–,1
Waldr,1
zut,1
Stöckaf,1
ngis-Kaltbad,1
ÍERMI,1
löchenverbrouch,1
BEURTEILUNC,1
ENHAUSZON,1
schaftsbi,1
ha6en,1
ge-holfen,1
Obwa,1
Rupert,1
taa,1
aooa'oaolo,1
seintr,1
besch,1
können'r,1
Crundf,1
CROBBERECHI,1
I'lZ-Fl,1
oao,1
taoao,1
oco,1
tha,1
taaaaaattt,1
ooa,1
o-a,1
t'aatttt,1
oloo,1
atttt,1
tta,1
oaoloa,1
aaaaa,1
ooaoo,1
attt,1
ttaaaa,1
erbauü,1
María,1
Lauretðnð,1
Sal,1
Kirchhofen,1
Durren,1
fengel,1
-Kapel,1
lgnaz,1
lVendelin,1
Obwaldenu,1
KULTUROENKMAELER,1
essl,1
bäueri,1
Engeiberg,1
Richtpìan,1
rrkantonal'r,1
Obwaldenil,1
LTU,1
RDEN,1
Einstufunq,1
Lauretana,1
Callus,1
Ceburtshaus,1
tNSA,1
Edwin,1
Huwyler,1
Weíler,1
irchhofen,1
Ed,1
Spezialfaf,1
regionalil,1
Matzendörfer,1
Stierenberg–,1
Schwang–Riedgraben–,1
Schmiedenmatt,1
Goleten–Widhubel–,1
Chien–Müli,1
Sunnenberg–Mausteren–,1
Beibelberg–Hagli,1
Riemberg,1
Weiermatt–Gisberg,1
Gisihübeli,1
Derendingen,1
Oberdörferberg,1
Brandberg–,1
Herbertswiler,1
Tannmatt–Hinterflue,1
Weissenstein–Balmberg,1
Burgmatt–Allmend–,1
Büelen–Erlimoos–,1
Niderwol,1
Chalchmatten–Möösli–,1
Bockstein-,1
Mülital,1
Hubel–,1
Güglen,1
rrvon,1
Kapel,1
tbad,1
fängl,1
skapel,1
Caìlus,1
Durrer-Traxìer,1
Eerchtold,1
Forstmattl,1
trtl,1
Kleintei'l,1
Sakramentskapel,1
Crütl,1
Berchtold,1
Kaspers,1
Hansenmattl,1
Magdaìena,1
Kapl,1
anei,1
Burch,1
Umgebunq,1
Renggkapel,1
Ríchtpìan,1
Müs1,1
Mösl,1
ikape'lle,1
Bachmättl,1
Lourdes,1
Borromäus,1
Edi,1
Edisríed,1
fallen–Chellenchöpfli,1
Limmern–Wechten–,1
Röthlin-Niederberger,1
Katharìna,1
Mingetsloh,1
Lauibach,1
Melchta,1
Níkolaus,1
aooaaa'o,1
aao,1
wf,1
oooO,1
ZENTRALOERTLI,1
oooootttt,1
Raumploneri,1
KAN,1
oaaaaaa,1
oooa,1
aoaol,1
ttaaaaa,1
ooooo,1
OOa,1
o'oo,1
o'aa,1
Objektblatl,1
ich-rechtl,1
XKiOe,1
Kaufmänn,1
ichtath,1
letikan,1
aOaaaaaaaaaO,1
aO,1
Burgkapel,1
Hítf,1
Dundelbach,1
Diesseìbach,1
Greta,1
Toni,1
Hl,1
eltr,1
Gunzger,1
Mattental,1
Lammet,1
Weiermätteli,1
Lolibachtäli,1
Hofstetterchöpfli,1
Rymatt,1
Fulnau,1
Möösli–Witi,1
Bettlachstock,1
Chuchigraben–Vorberg,1
Martinsfluh–Einsiedelei–,1
Möösli,1
Brunnersberg,1
Schwängi,1
Schweissacker–Dickban,1
ienhel,1
Rütimattli,1
Cesetzen,1
rrVon,1
Ceneinden,1
QUERVERìI,1
Graf,1
Liechti,1
Muri-Gries,1
ittelschu,1
Sarneni,1
Cerichte,1
izeid,1
Käg,1
iswil,1
Famil,1
Sarnen-Kapel,1
Ien,1
-Sörenberg,1
Kernmattstra,1
sicherzustef,1
2ßO,1
ESSU,1
Schwendi-Wilen,1
oduz,1
Stra,1
ssen,1
Norma,1
Unterhal,1
Delli,1
Brienzwiler,1
Lopper-Sarnen-Brüni,1
TRAEGER,1
OUERVERt,1
GTE,1
ALLGEMEI,1
rrPark,1
ivatverkeh,1
rrc,1
terbetr,1
Roti,1
Helgenmatt,1
Latschgetweid,1
Wisigweid,1
Wolfwil–Wynau,1
BauC,1
habenr,1
ischenergebn,1
eb,1
Kägi,1
Erqänzunqen,1
ABEN,1
Stalden-Langis,1
StaldenLangis,1
FFAH,1
RT,1
rnen-Stan,1
Sarnen-Kern,1
dïe,1
Wendeschìeife,1
Sarnen-Kä9i,1
Lungern-Gi,1
-Schüpfhei,1
Versuchsbetri,1
Andi,1
-Stöcka,1
Saíson,1
Sarnen-Stalden,1
-Langis,1
Sarnen-0berwi,1
Mo-Fr,1
Sa,1
NDLACENPLA,1
Landwirtschaftswegen,1
Wonderwegett,1
erhältl,1
rrwanderweggerechten'r,1
Reinerts-Gherst,1
KernsKägiswil,1
Fahrp'l,1
Neuregelunq,1
ENERG,1
IEVERSORCU,1
CEK,1
IfuI,1
zutr,1
ELEKTR,1
cKI,1
Carnping,1
Geof,1
SB,1
OUERVERWE,1
FIO,1
IVASSERVERSORCUNC,1
RICHTPLANUI'IC,1
rNur,1
udepa,1
iefba,1
RICI,1
audepa,1
efü,1
Sarnen-Kerns-Stan,1
Sarnen-Stan,1
SarneniSchwendi,1
OUERVER,1
Deta,1
FtNANZtERUNq,1
Gemeindegeb,1
QUERVERl,1
Sarnen-Alpnach,1
Tan,1
lenbetreibers,1
LAGERUNC,1
ôyt,1
zurückgestellt'r,1
Pian,1
Crand,1
rrClaubenbüelen'l,1
Engef,1
GSchC,1
RTSCHAFTUNC,1
KEH,1
rCholwaldtr,1
CSchG,1
ENTSORCUNC,1
tbew,1
irtschaftu,1
Nebensammelkana,1
50KV,1
16KV,1
lisbr,1
voflr,1
gyng,1
Umrüstunq,1
titlis,1
BEWI,1
ektri,1
Hugschwendi,1
Lungerersee,1
EII,1
ITAETSVERSORCUNC,1
UEBERMI,1
TT,1
LUN,1
Richtp,1
laneintraq,1
attNur,1
Eund,1
Nachba,1
ässl,1
ndestfl,1
Schutzpl,1
EETEILICTE,1
Wichel-,1
Mörliwald,1
Éuct,1
Glaubenbüelenr,1
FRIINC,1
f1drio,1
iektbl,1
ful,1
Wissibach,1
Altibach,1
Turrenbach,1
NHK,1
rrLochchäller,1
KOSÏEN,1
RAEUML,1
ICUNC,1
Ele,1
CSchC,1
Beseitigunq,1
STANO,1
Wyden,1
I'Die,1
utza,1
IBLV,1
BoVO,1
LRO,1
Himmelried,1
Kleinlützel,1
Nuglar-St,1
Bucheggberg,1
JaV,1
Nidermatt,1
Riverside,1
Holzchalets,1
VSB,1
luft-bs-so,1
LSV-SO,1
Untergäu,1
Kyburg-Buchegg,1
Anlässl,1
anrevi,1
Schädt,1
Ïlaldabstandsl,1
ínien,1
-N,1
Oemei,1
Swissmetal,1
Ueberprüf,1
ete,1
konzeptionel,1
nteressenentf,1
Hasli-,1
berg-Mägi,1
Alpoglerberg,1
Motorwagendi,1
t5,1
Rpc,1
nq,1
O6,1
Fruchtfof,1
Abstimmun,1
erarbeitèn,1
Hanenried,1
Ausbruchmateri,1
Cebíet,1
Wichejsee,1
ItGl,1
tragserfü'l,1
Sarnen-Kirchhofen,1
SCHWENDI,1
KAEGISWI,1
Gis-,1
hängìg,1
ndustriege'l,1
Hergiswiì,1
Kerns-Kägiswil,1
iektbla,1
neintraq,1
nkwasserfassu,1
Robin,1
Boldt,1
ïm,1
revi,1
síon,1
Nutzungspl,1
IlachbarBemerkungen,1
SACHBEREÍ,1
Ail,1
dafü,1
raumwirksarþen,1
aufcinander,1
ünd,1
Kanione,1
Raumplanmg,1
Ârt,1
CHTPLANUN,1
Ìl,1
leltmg,1
sorçn,1
çnuta,1
witd,1
aud,1
Besigdhfng,1
Fontanen-Rossflue,1
Az,1
Eråchliesl,1
RIC,1
Kontrotle,1
ztj,1
CHTPLANU'Ñù,1
OBWA,1
rundwasserschutzarea,1
sieñe,1
ZelgenwaldiSchlierenwald,1
GISWIL,1
Rudenz,1
Durnachel,1
Giswil-Rudenz,1
Baulanda,1
írii,1
èsdr,1
ûrir,1
irréÍt'il,1
nerc,1
èndr,1
2Sobald,1
rfg,1
Þas,1
änderu,1
satzl,1
niúsrahc,1
beiti,1
Ned,1
iûn,1
ì,1
2sie,1
ihèr,1
Sstr,1
l97Btl,1
zusamtdín,1
ohnc,1
Habea,1
Aolageir,1
Plinungsgrundsäøe,1
zDie,1
lürdie,1
wiedie,1
Trãger,1
mêl,1
ArL,1
deh,1
Eiohitrmg,1
rArl,1
Tárictèif,1
wenii,1
cidèr,1
aiese'ztl,1
erhàlién,1
8f,1
Bâubcwitt,1
dafúr,1
Abecbn,1
Tiæl,1
Scblmsbestimmungør,1
liir,1
rli,1
Behó,1
Kanalisatiqngev,1
Krafi,1
Bundesmiuel,1
voo,1
entspr,1
Lîl,1
Beitr,1
Ãta,1
beeinfl,1
erúäc,1
insbesonfgíg,1
kanö,1
digp,1
lj,1
Bauteo,1
erio,1
dâzü,1
dafi,1
rDas,1
fuiifi,1
Konzeptg,1
2ó,1
Krafr,1
7OO,1
5is,1
iahmeir,1
tli,1
Tèil,1
iaìin,1
Èi,1
r'ipl,1
Èil,1
ló,1
Prilfungsberichi,1
I'Das,1
Lagg,1
verlangl,1
undl,1
Fruchtf,1
bestimg,1
erneipden,1
befa,1
Nutzungspläng,1
ustii'iq,1
vermitteti,1
Koirtaktezwisbiièn,1
riin,1
rtt,1
Ganggeler,1
Uelismatt,1
Garwiden,1
Aaracker,1
MIV-ÖV,1
Muggli,1
Lidl,1
Fish,1
Slowenien,1
Chr,1
Burgäschisee,1
Neckar,1
Stadtallmend,1
DL1,1
Niderhardfeld,1
Tüberten,1
Genehmigtng,1
Inkmfttraen,1
Wallimann,1
Õffentlichkeii,1
co,1
70m,1
Ichertswil,1
Haag,1
lgtl,1
cr,1
Yi,1
Ea,1
Llbergangsrccht,1
Stelh'ng,1
RPc,1
Ar1,1
Anme,1
rkungqn,1
qn,1
5Ö,1
vôn,1
eineÉ,1
êf,1
Schwendj,1
gi'ä,1
ãf,1
filr,1
planqng,1
Fräsidenq,1
JgsÇf,1
Protoko,1
sfelli,1
ofl,1
ir,1
EäF,1
ãä,1
åi,1
çl,1
oBì,1
r1,1
rC,1
siä,1
lir,1
-roo,1
õ,1
Ëä,1
díÉ,1
ïä,1
-die,1
MöÇJ,1
unternehiüen,1
vef,1
tz,1
tltfl,1
nbüËânspore-Þrobleni,1
ðo,1
Alpland,1
parl,1
Öieser,1
Annerkurrq,1
Fra,1
StellunqErä,1
qfrìen,1
Fili,1
Stö,1
chalP-,1
qL,1
Dae,1
lagan,1
wurdefr,1
dieÈen,1
bahneig,1
fllr,1
Anmerkun,1
ur,1
Erâfbe_iLunq,1
tione,1
fibe,1
rnda,1
f-n,1
acltqnttêtz,1
eçlr,1
rAusf,1
ithf,1
programtn,1
keina,1
oþJ,1
Auc,1
rrro,1
nerkunc,1
Prakti,1
n4unqen,1
qsgirgÉn,1
rngeaufgqbe,1
jegr,1
Stf,1
ã'besch,1
nagh,1
rtr,1
Anmerkunq,1
qr-I,1
fal-en,1
di-e,1
d'e,1
musc,1
Frak,1
zr,1
iB3--l-l,1
Baueubstan,1
finanzi,1
Taôglighen,1
Anwendgng,1
Uberprufen,1
Reinerts,1
Gherst,1
Kerns-Kagiswil,1
bez,1
Mariastein,1
Gächliwil,1
Oberdornach,1
wy,1
oe,1
AE,1
Kien,1
Hays,1
irchd,1
flr,1
Stid-Ewil,1
by,1
iDie,1
inm,1
Uy,1
griin,1
Bossard,1
2g,1
anyOQ,1
Qr,1
aSf,1
au'r,1
ilc,1
þ,1
geset-u,1
wotd,1
Zzugestimmt,1
Cecece0ce,1
fir,1
Loy,1
inboderi,1
NGG,1
ienhi,1
Oekingen,1
Olten-Gösgen-Gäu,1
Gigenried,1
perc,1
Sy,1
Teilstck,1
Sarnen-SUd,1
Sarnen-Stud,1
Uu,1
dena,1
Elena,1
Gendt,1
Entsorgun,1
Jecccece,1
Wasserversorgun,1
acnpereicn,1
Vv,1
serkternsKf,1
Horriwil,1
Zweckverbanden,1
frm,1
Hans-H,1
bp,1
EERE,1
Wald16,1
Eo,1
Bellinzona-Locarno-Lugano,1
AndermattSedrun,1
4a,1
Chueweid,1
Liebmatt,1
Zwirni,1
Niederschönthal,1
Chessel,1
aw,1
tron,1
OE,1
ey,1
AfD,1
Airolo,1
Bologna,1
Genova,1
MJPNL,1
Biezwil,1
Eppenberg,1
Pana,1
Conan,1
ecccceccece,1
eeeccecce,1
Aisi,1
OGG,1
Heinz,1
Riederen,1
Regionalplanungsorganisa,1
Direktzahlun,1
Lémanique,1
Fragestellun,1
Birsstadt,1
43c,1
Wenslingen-KilchbergZeglingen,1
Augst-Giebenach,1
Ziefen-Arboldswil,1
-Delémont-BielLausanne,1
Basel-Aesch,1
Spiesshöfli,1
Line,1
Meiendörfli,1
AfBN,1
Kollegi,1
Post-AutoSchweiz,1
4-m,1
Sulzegg,1
Sisikon-Flüelen,1
-und,1
PrattelnLängi,1
Augst-Gallezen,1
NIN,1
SalinaRaurica,1
Wirtslöli,1
Pratteln-Löli,1
Gygen,1
Brestenegg,1
Liesbergmüli,1
Baholde,1
Tannenried,1
MWB,1
Zeglingen,1
Titterten,1
Arboldswil,1
RAURICA,1
AfU2,1
AFJ1,1
11ff,1
Alpund,1
Klingenthal,1
BLNV,1
Fuchs,1
Ggf,1
Surenen,1
Schwäntlen,1
Selez,1
Witenwasserental,1
Maderanertal,1
AfJ,1
AwöV,1
Fellital,1
Froloo,1
Hüenderegg,1
Näien,1
Giegen,1
Renaturierte,1
Pazola,1
Furka,1
Rossmettlen,1
Helgenweid,1
Birshalden,1
Reigoldswil,1
Berhardsmätteliquelle,1
Seltisberg,1
Lupsingen,1
Birstal-Thierstein,1
WRZ,1
Wysstälerbach,1
MSA,1
Niederhofen,1
Lauitalbach,1
Quarzsandstein,1
Schotterverlad,1
KAZe,1
Mättelistafel,1
Winterbach,1
Balmerbach,1
Riedertalbach,1
Gangbach,1
Etzlibach,1
Brunnibach,1
Gorezmettlenbach,1
Guspisbach,1
Basel-Delémont,1
Margarethenpark,1
Basel–Delsberg,1
Waldshut-Tiengen,1
Léman,1
Birseck-Leimental,1
AfT2,1
Isithalerbach,1
Ormalingen,1
BL17,1
Buckten–Rümlingen,1
Buckten–Läufelfingen,1
Niederdorf–Hölstein,1
Liestal–Bubendorf,1
Ramsach,1
Pratteln-Sissach,1
Älpetli,1
Chuchibach,1
Egglen,1
-wald,1
Schwändli,1
Schützenschachen,1
Pilgerbergli,1
KWA,1
Sagerberg,1
Gruonbergli,1
Bodmi,1
Guggeregg,1
Grundbielstutz,1
Sagibach,1
Schy,1
Wichel,1
Chuetal,1
Wiltschi,1
Alpeli,1
Schipfi,1
Trudelingen,1
Schopfen,1
Hellberg,1
Kleeberg,1
Lauiweid,1
Seewadi,1
Lanzigried,1
Mad'tal,1
R-63017,1
Felli,1
Chäserli,1
Brusti,1
Bärnholden,1
Wüeri,1
Thürnen,1
Lätt,1
Riederwald,1
BKSD,1
Oberdorf-Augusta,1
ArchVo,1
Ammetbach,1
Eselkehlenbach,1
Tschäterebach,1
Chuesackbach,1
Niederenbach,1
Chinzerbach,1
Riemenstaldnerbach,1
Röschenzfeld,1
ABM,1
R-750-18,1
Göschenen-Gütsch,1
Dürstelenbach,1
Grosstalbach,1
Wyssbach,1
Stockstafelbach,1
Chäsertalbach,1
Widderegg,1
Frentschenberg,1
Sidenplangg,1
Gisleralp,1
Spiringerkehren,1
Ribi,1
Warthus,1
Planggen,1
Seegemeinden,1
R-33021,1
Obergoms,1
DHG,1
Gesamthafte,1
Basellandschaftlicher,1
Giebenach,1
Hasenacker,1
Lucendro,1
Göschener-alpsee,1
Göscheneralptal,1
ALA2,1
EVU's,1
Dammastock,1
Mätteli,1
Gemsstock,1
Rosti-Grueben,1
Seebach1,1
Kartigelbach,1
Annabach,1
Lutersee,1
Mättelibach,1
AfE2,1
18a,1
Bolberg,1
Cholflüe,1
Oristal,1
Pfefferlädeli,1
Schwäjen,1
Eibach,1
Eital,1
Helltalbach,1
Metron,1
EBP,1
IUB,1
Van,1
Andermatt-Surselva,1
ecosign,1
Theiler,1
Uttinger,1
SBAG,1
Web-Gis,1
topic,1
BFE,1
R-150-14,1
R-72012,1
R-330-21,1
R-630-14,1
Gütsch,1
Altkirch,1
Gurschen,1
AfSt,1
ASSV,1
EVU,1
Fiko,1
KJSV,1
Bernhardsberg,1
Brüglingen,1
Fiechtenacker,1
Hollen,1
LRB,1
D21,1
Strahlgand,1
EWU,1
Frauenthal,1
Drälikerbach,1
Helltobelbach,1
Eiola,1
Naturgefah,1
kenberg,1
Seeallmend,1
neh,1
Reusstal–,1
Bodenbächli,1
Schwelli,1
Schwellibach,1
Ziegelhofbach,1
Chräbsenbach,1
Wasenbächli,1
Tobelbach,1
Morgarten,1
Winzwilen,1
Deinikon,1
Deubüel,1
Littibach,1
Cham-Nord,1
Rothen,1
Altmatt–Biberbrugg,1
Sep,1
pla,1
fügi,1
PAZU,1
‑Andreas,1
Langrüti,1
Q6,1
stri,1
Rosenberg,1
Ese,1
Lutzcnberg,1
Tsnlal,1
andschaftsschut,1
Rheini,1
Einleitunq,1
Besiedlun,1
Ilasli,1
bew,1
Toi,1
andschaftliuh,1
iit,1
Tnformai,1
tutzenberg,1
bereir,1
Achmühle,1
schenergebri,1
Siedlungsgeb,1
Wanderwegneti,1
Vu,1
Ileiden,1
sschut,1
migl,1
ver,1
Sihltal–Sihlbrugg–Walterswil–Baar–Anschluss,1
stras,1
Göbli,1
Walterswil–Sihlbrugg,1
Thalwil–Litti,1
Rerührt,1
ochmüli,1
ßenützunq,1
notwendiq,1
NA,1
Hägni,1
riotwendiq,1
7wischenergebriis,1
andschafi,1
Schwäbrig,1
Tal–Winkel–Hof–Hintertann–,1
Zürich–Zug–,1
Zürich–Gotthard–Lugano,1
Lindencham,1
Kernentla,1
GewG,1
eni,1
RICHTPLAM,1
koor,1
Schelbert,1
beschränkun,1
Steinen–Rotkreuz–Sihlbrugg,1
nichtioni,1
WWE,1
WWZ,1
Hünenberg–Risch,1
Eva,1
Lättich,1
Menzingen–Wilen,1
Sinserstrasse–,1
ZEBA,1
KUST,1
Alznach,1
Hostettblätz,1
GBT,1
Steiermark,1
KWh,1
EBF,1
Elektra,1
Felsenegg-Schäfli,1
Rhy,1
MuKEn,1
Madeleine,1
Landolt,1
Nollert,1
BASPO,1
DBK,1
H8,1
16ni,1
Morschacher-Tunnel,1
Fesl,1
Troqen,1
Evtl,1
IfBA,1
kapazi,1
7wischenergebni,1
VpeA,1
I–IIIB,1
Chellersegg,1
H9gni,1
BerührLe,1
Neppenegg,1
Frstellung,1
Megglen,1
Hydra,1
viigelinseyg,1
Patrick,1
Silvio,1
ArcGIS,1
Heschreibunu,1
rkuriq,1
Gaiserau,1
Rüschen,1
Schwänberg,1
Grasser,1
Groff,1
Koellreuter,1
Jonathan,1
Matthias,1
Reinauer,1
Roger,1
Schoop,1
Missionsstr,1
mit-einander,1
TER200,1
Klybeck-strasse,1
Riehenring-Klybeckareal-Klybeckstras-se,1
wsu,1
Aeberhard,1
Jessica,1
SBV,1
Einzelwindturbine,1
32a,1
Guetsch,1
specialis,1
ST14,1
ST15,1
unterein-ander,1
58f,1
häuﬁger,1
Ludwig,1
tma,1
Gun,1
Bü,1
Aren,1
Rheine,1
BK,1
Alpenrhein-Bodensee-Hochrhein,1
EUREK,1
Müller,1
Störfallrisko,1
B314,1
Donaueschingen,1
LN,1
Akul,1
HA,1
198fi,1
hangenegg,1
Mooshalden,1
Vororientierunq,1
Frschliessunq,1
Trassee,1
Tst,1
Urnäseh,1
Oha,1
one,1
Moosberg-Egg,1
Ilerisau,1
zweckmässiq,1
Gassau—Rapperswil,1
Peyer,1
Conrad,1
Gyger,1
Süddeutschland,1
Hegau-Schaffhausen,1
Muzell,1
Wiechs,1
Überlingen,1
Augsburg,1
NZA,1
GWK,1
SSVR,1
Dörﬂingen-Randegg,1
Thayngen-Schlatt,1
Thayngen-Bahnhof,1
Thayngen-Ebringerstrasse,1
Martina,1
Munz,1
Überlandbusse,1
FlexTax,1
Jestetter,1
AnGG,1
Hegau-Bodensee,1
Eschenzer,1
Mutzentäli,1
Raden,1
RVSH,1
Seuzach,1
MThB,1
S29,1
S33,1
S16,1
Siblinger,1
Stauffenberg,1
Durach,1
Steiner,1
Germann,1
40052-II,1
158a,1
O'hallau,1
Tengen,1
Wepferstr,1
Hermann,1
Rorschacherstr,1
HPS,1
Sandacker,1
ERS-Bereich,1
Gretzenäcker-Färberwiesli-Beringen,1
Iznang,1
Bohlingen,1
EHV,1
Jungfrau-Aletsch-Bietschhorn,1
Monte,1
Giorgio,1
Rielasingen-Worblingen,1
Oehningen,1
Randegg,1
Gailingen,1
Rhf,1
Hohentengen,1
Günzgen,1
Gaienhofen,1
Hemmenhofen,1
Gundholzen,1
Siedlungsgehiel,1
Burghalden,1
Brunnhalden,1
Hag,1
Haselegg,1
Kratz,1
ak,1
Buechschwendi,1
liit,1
iswis,1
Zwislen,1
Buechen,1
Tr,1
Michlenberg,1
Stöckle,1
Tn,1
Chlainert,1
Gries,1
Erwin,1
Geier,1
Hohchrüz,1
40010-II,1
Walzenhauseri,1
Rötschwil,1
uf,1
Doktri,1
Lohner,1
Durlängi,1
40007-III,1
40013-II,1
BLN-Objket,1
Gerstemersteigwiesen,1
Einr,1
viii,1
az,1
GATT,1
Kofu,1
rsp,1
WERS,1
Basel-Lindau,1
HallauWunderklingen,1
Hallau-Wunderklingen,1
Mörderraa,1
Stuel,1
Soor,1
Bew,1
16aRPG,1
vii,1
40025-II,1
40017-II,1
restl,1
Löwenstein,1
Württemberg,1
Tiengen,1
Wilchingen-Trasadingen,1
Schwarzwald-BaarHeuberg,1
Reali,1
Krilerieri,1
Frucbl,1
WWF,1
Dettenwies,1
Hüttentannen,1
Singersberg,1
Hablützel,1
B72,1
Automobi,1
8V,1
B74,1
Furgler,1
igungspfI,1
B75,1
Hundwi,1
DQWRQHVLQGDQJHKDOWHQLKUH5LFKWSOlQH,1
LQQHUWI,1
HVWLPPXQJHQDQ,1
XSDVVHQGDDQVRQVWHQDE0DL,1
NHLQHQHXHQ,1
Mu,1
Gallisch-Appenzell,1
isch-Appenzel,1
KƌƚƐďŝůĚĞƌƵŶĚ,1
DŽŶŝƚŽƌŝŶŐƵŶĚŽŶƚƌŽůůŝŶŐ,1
EĂƚƵƌƵŶĚ,1
ϭϳ,1
XIWUDJXQG,1
EHUGLH5DXPSODQXQJ,1
ULJH5DXPSODQXQJVYHURUGQXQJ,1
UDIW'LH,1
WM,1
Eberlin,1
Burger,1
DVVXQJI,1
IIHQWOLFKH0LWZLUNXQJ,1
U5DXPHQWZLFNOXQJXQG9HUNHKU,1
QKDOWVYHU,1
ZĂƵŵĞŶƚǁŝĐŬůƵŶŐƐƐƚƌĂƚĞŐŝĞ,1
HLWKRUL,1
DQWRQUlXPOLFKHQWZLFNHOQVROOXQGZLHGLHUDXPZLUNVD,1
QWZLFNOXQJDXIHLQDQGHUDE,1
XVWLPPHQVLQG,1
WGHQ5DKPHQI,1
XVULFKWXQJGHU5DXPRUGQXQJV,1
SROLWLNGHV,1
DQWRQV0LWGHP,1
XQJHQGHV,1
DQWRQVXQGGHUPDVVJHEHQGHQNDQWRQDOHQ,1
XIJDEHXQG,1
ZHFN,1
UGHQYHUELQGOLFKHU2ULHQWLHUXQJVUDKPHQ,1
HUNDQWRQDOH5LFKWSODQELOGHWGDV,1
DXSWLQVWUXPHQWGHUNDQWRQDOHQ5DXPRUGQXQJVSROLWLNXQG,1
LVWDXVJHULFKWHWDXIHLQHQPLWWHOELVODQJIULVWLJHQ,1
UXQGODJHGDI,1
UELOGHWGLH,1
DQJIULVWVWUDWHJLHGHV,1
EHUDUEHLWXQJZHUGHQZHLWHUHVHLWGHP,1
UODVVGHV5LFKWSODQVELVYRUJHQRPPHQH,1
VRZLHDXVGHUJHOWHQGHQ5LFKWSODQXQJKHUYRUJHJDQJHQH3ODQXQJHQ,1
WGDPLWGLH9RUJDEHQGHVUHYLGLHUWHQ,1
XQGHVUHFKWVGHUSROLWLVFKHQ,1
C12,1
C13,1
C14,1
Schulz,1
demi,1
RQHQDXVJHVFKLHGHQZHUGHQG,1
UIHQ,1
DQWRQ2EZDOGHQQLPPWHLQHJHVDPWKDIWHhEHUDUEHLWXQJVHLQHV5LFKWSODQVYRU,1
Baldenwii,1
Bissau,1
Meggenmül,1
indL,1
irio-n,1
B69,1
Liechtenstein,1
Jung,1
VDPHQ,1
RRUGLQDWLRQVXQG,1
XQG6DFKSODQXQJHQGHV,1
XQGHVQDFK,1
Ride-Anlaqen,1
B65,1
Fiechberg,1
Siebenhütten,1
LUWVFKDIWXQGZHLWHUHQ,1
VHQYHUElQGHQHUIRUGHUOLFK,1
HUNDQWRQDOH5LFKWSODQLVWI,1
UGHQYRQ,1
HPHLQGHQVRZLHI,1
XQGYHU,1
JOLFKNHLWHQGHU,1
UGHQLQGHQUDXPZLUN,1
UODVVGHV5LFKWSODQVGXUFKGLHNDQWRQDOHQ,1
QVWDQ,1
HQLVWHLQH,1
EUHLWHSROLWLVFKH,1
XQJGHUULFKWSODQHULVFKHQ,1
6WXIH,1
XQGVRZLHPLWGHQ,1
NWHXUHQDXV,1
KUXQJVLQVWUXPHQWJHUHFKWZHUGHQNDQQ,1
ZLUGHLQ0RQLWRULQJXQG,1
RQWUROOLQJHLQJHULFKWHWPLWGHPGLH,1
LHOHUUHLFKXQJGHUULFKWSODQHUL,1
UGHQHUIROJHQNDQQ,1
9HUKlOWQLV,1
HSWHQXQG6DFKSOlQHQGHV,1
XQGHVXQG,1
RQIOLNWO,1
VXQJHQHUVWQRFKHQWZLFNHOWZHUGHQP,1
WXQGGXUFKGLHVH,1
XP7HLO,1
DXFKPLWEHVWLPPW'LH,1
LHOHGHUYHUVFKLHGHQHQ3ROLWLNEHUHLFKHVLQGQLFKWLPPHUZLGHUVSUXFKV,1
IUHL6LHEHG,1
HOIDOOHLQHUVLWXDWLRQVXQGSUREOHPJHUHFKWHQ,1
KRUL,1
XUFKGLH,1
ZLVFKHQGHQ3ODQXQJVHEHQHQZLHDXFK,1
GHQYHUVFKLHGHQHQ6DFKSODQXQJHQZLUGGHUNDQWRQDOH5LFKWSODQ,1
XHLQHP,1
DQWRQV'HUNDQWRQDOH,1
5LFKWSODQEHUHLQLJWUlXPOLFKH,1
RQIOLNWHXQG,1
B70,1
LWS,1
B71,1
ionsh,1
LWZ,1
XQGGHQNRPPXQDOHQ3ODQXQJHQHLQHUVHLWV,1
ZLVFKHQGHQHLQ,1
HOQHQ6DFKSODQXQJHQDQGHUHUVHLWV,1
Woffhaiden,1
B57,1
Ni,1
Tüfi,1
Steigbach,1
eukir,1
-bnaca,1
Wicinau,1
PLWHLQDQGHUYHUEXQGHQVLQG,1
HULFKWHUVWHOOW,1
HULFKWVLQGHUJlQ,1
Streuewiesen,1
Oedund,1
Niederschlagsverteilunq,1
Frhebunc,1
Morgrethen,1
XUhEHUSU,1
IXQJXQGDOOIlOOLJHQ,1
JHEXQJHUKDOWHQGLHVVRZHLWHVLQGHU,1
DQWRQVE,1
XIEDXGHVNDQWRQDOHQ5LFKWSODQV,1
RNXPHQWH,1
WXQG,1
DUWHGLHGXUFKZHFKVHOVHLWLJH9HUZHLVXQJHQ,1
EXQJ,1
QGHQNDQWRQDOHQ5LFKWSODQIOLHVVHQXQWHUVFKLHGOLFKH,1
6DFKSOlQHGHV,1
JHEXQJEHVWLPPWLQKRKHP0DVVHGLH,1
QKDOWHGHVNDQWRQDOHQ5LFKWSODQV,1
HVWOHJXQJHQLPNDQWRQDOHQ5LFKWSODQ,1
HPHLQGHQHLQHQ,1
XIWUDJ,1
HQWZLFNOXQJGHV,1
XIJDEHQGLHPLWGHU3ODQXQJGHU,1
UQHXHUXQJXQGGHP,1
UKDOWGHU6LHGOXQJHQ,1
XVDPPHQKlQJHQ,1
KlOWZHLWHUGLHI,1
XQJGHUHUVWHQ,1
YRP-DQXDUPDVVJHEHQGHQ,1
VRZLHGLHGDUDXVDEJHOHLWHWHQ,1
LHOHXQG0DVVQDKPHQI,1
HOQHQ6DFKWKHPHQGLHLQHLQ,1
DSLWHOEHKDQGHOWVLQG,1
LH5DXPHQWZLFNOXQJVVWUDWHJLHELOGHWGDV,1
EHUJHRUGQHWHUlXPOLFKH,1
UDOOHZHLWHUHQ5LFKWSODQNDSLWHOXQGXPIDVVWGLH6WUDWHJLHQGHUN,1
QIWLJHQ5DXP,1
ZHLVH,1
UXQGODJHQHQWKDOWHQ'LHVHU,1
HJHQVWDQGGHVNDQWRQDOHQ,1
OLHGHUXQJ,1
HUNDQWRQDOH5LFKWSODQXPIDVVWGLH,1
EHUJHRUGQHWHQ,1
XU5DXPHQWZLFNOXQJ,1
5DXPHQWZLFNOXQJVVWUDWHJLH,1
Hohener,1
A11sfe11en,1
Ruggeli,1
Oberel,1
_J,1
isau,1
Schwägalp-Säntis,1
XPNDQWRQDOHQ5LFKWSODQVRZLH,1
Oberdorfstr,1
Lobenschwendi,1
mögI,1
hunderts,1
NatIir-,1
Jagdbanngeb,1
bteo,1
derO,1
ULVPXV'LHVH,1
QKDOWHKDEHQHLQHQGLUHNWHQ,1
B29,1
B30,1
Speicherstr,1
Gä,1
Wonnenstein,1
Asekk,1
DQGZLUWVFKDIW9RUUDQJJHELHWH1DWXUXQG,1
DOG1DWXUJHIDKUHQHWF,1
HGHXWXQJYRQ7RXULVPXVXQG,1
ZLUGGDV7KHPDLQHLQHPHLJHQVWlQGLJHQ,1
VXPIDVVWGLH,1
XUDXPZLUNVDPHQ,1
VSHNWHQXQGGHQ,1
HUHLFK7RX,1
FKHQ9HUNHKUGHPPRWRULVLHUWHQ,1
QGLYLGXDOYHUNHKUVRZLHGHP,1
DQJVDPYHUNHKU,1
XQGGLH0DVVQDKPHQ,1
GHU6LHGOXQJVHQWZLFNOXQJ,1
DSLWHO1DWXUXQG,1
DQGVFKDIWXPIDVVWDOOH,1
HVWOHJXQJHQLQGHQ,1
DQGOXQJVDQZHLVXQJHQ8PIDVVHQ,1
XIJDEHQGLHVLFKDXVGHQULFKWXQJVZHLVHQGHQ,1
HVWOHJXQJHQHUJHEHQXQGEH,1
KUXQJHQVLQG,1
EHK,1
LH2EMHNWOLVWHQXPIDVVHQ2EMHNWHDXIGLHVLFKGLHULFKWXQJVZHLVHQGHQ,1
OHJXQJHQXQGGLH,1
DQGOXQJVDQZHLVXQJHQLQHLQHP,1
QHUJLHPLOLWlULVFKH,1
XIEDX,1
HONDSLWHO,1
XVJDQJVODJH8PIDVVWGLHZLFKWLJVWHQ,1
XVDPPHQKlQJHXQG,1
DQGOXQJVEHGDUI'LHVH,1
HVWOHJXQJHQ8PIDVVHQGLHVDFKEH,1
HLPMHZHLOLJHQ,1
B48,1
XQJHQXPIDVVWDOOHZHLWHUHQ7KHPHQEHUHLFKHI,1
XU6LFKHUVWHOOXQJGHUHUZ,1
QWZLFNOXQJDXIGHU,1
SODQV,1
RRUGLQDWLRQVDXIJDEHQQ,1
WLJVLQG,1
EIDOOEHZLUWVFKDIWXQJ,1
Ilea,1
nallo,1
ensräurne,1
Kcrngcbicte,1
ntli,1
Bäcl4ü,1
B40,1
Klimaeir,1
UGLHUlXPOLFKH,1
XIGHURSHUDWLYHQ,1
EHQHGKEHLGHQ,1
DQGOXQJVDQZHLVXQJHQXQWHUOLHJWGLH,1
5LFKWSODQXQJKLQJHJHQHLQHUGDXHUQGHQ,1
XQGHVUHFKWXQWHUVFKHLGHWIROJHQGHbQGHUXQJHQGHV5LFKWSODQV,1
WLJHQIDOOV,1
EHUDUEHLWHQ'LHVHU,1
XVZLUNXQJHQDXIGLHUlXPOLFKH,1
KDEHQZHUGHQ,1
bQGHUXQJGHVNDQWRQDOHQ5LFKWSODQV,1
HUNDQWRQDOH5LFKWSODQLVWDOV,1
KUXQJVLQVWUXPHQWNRQ,1
ZLFNOXQJVVWUDWHJLHGLH,1
EHUJHRUGQHWHQODQJIULVWLJHQ,1
HLWSODQNHQI,1
VLQG9RUKDEHQGLHQRFKQLFKWDEJHVWLPPWVLQG,1
EHUGLHDEHU,1
DOOHUHOHYDQWHQ,1
XGHQZHLWHUHQ,1
9RURULHQWLHUXQJHQ,1
VLQGQRFKQLFKWDEVWLPPXQJVUHLIH9RUKDEHQRGHUJHQHUHOOH9RU,1
VWHOOXQJHQ,1
X9RUKDEHQGLHHUKHEOLFKH,1
DSLWHOEH,1
2EMHNWHVLQG,1
UGHQYHUELQGOLFK,1
-HQDFK6WDQGHLQHV9RUKDEHQVZHUGHQLPNDQWRQDOHQ5LFKWSODQYHUVFKLHGHQH,1
VWlQGHXQWHUVFKLHGHQ,1
OLFNDXIGLHZHVHQWOLFKHQUlXPOLFKHQ,1
ZLUNXQJHQEHUHLWVDEJHVWLPPWVLQG,1
ZLVFKHQHUJHEQLVVH,1
HPEHU,1
QGH0lU,1
UXQJVUDWI,1
IIHQWOLFKH0LWZLUNXQJXQG,1
XU9RUSU,1
IXQJGXUFK,1
IIHQWOLFKHQ0LWZLUNXQJXQGGHU9RUSU,1
IXQJGXUFKGHQ,1
KUWXQGYRP5HJLHUXQJVUDWQDFK,1
XQGGHP,1
UDUEHLWXQJGHV5LFKWSODQV,1
HU5LFKWSODQZXUGHLQHQJHU,1
XVDPPHQDUEHLWPLWGHQNDQWRQDOHQbPWHUQXQGGHQ,1
UEHLWVVFKULWWHZXUGHQGXUFKJHI,1
2NWREHU,1
HLWHUHQWZLFNOXQJ5DXPRUGQXQJVNRQ,1
HQHKPLJXQJVYHUIDKUHQQDFK,1
EVGHU9HURUGQXQJ,1
NWXDOLVLHUXQJYRQ5LFKWSODQLQKDOWHQ,1
QZHQGXQJGHV,1
5LFKWSODQVHUJHEHQ,1
XJVGHU,1
DQGOXQJVDQZHLVXQ,1
JHQQDFKJHI,1
XIWUDJGHFNWVLFKPLWGHU,1
EHLWVZHLVHGHV5HJLHUXQJVUDWVGHUVHLQH,1
DQJIULVWVWUDWHJLHHEHQIDOOVLQGLHVHQ,1
UWGLHbQGHUXQJRGHU1HXDXIQDKPHYRQULFKWXQJVZHLVHQGHQ,1
HVWOHJXQJHQRGHU,1
QSDVVXQJHQGXUFKODXIHQGDVYRUJH,1
VFKULHEHQH,1
UODVVXQG,1
Appenell,1
Landschaftl,1
ins-,1
expansionswi,1
Ilundwil,1
zenberg,1
utzenherg,1
Urnäsc,1
Aliech,1
Madcr,1
Eirhbery,1
Pelerxel,1
QQ,1
Rih,1
Wddheus,1
Fahrplanverdichtunq,1
IDOOHQGHQ,1
DQGOXQJVDQZHLVXQJHQXP,1
UHLQH6WHXHUXQJGHUUlXPOLFKHQ,1
XUFKHLQ0RQLWRULQJXQG,1
RQWUROOLQJVWHOOWGHU,1
DQWRQVLFKHUGDVVGLHUlXPOLFKH,1
IWZHUGHQ0DQ,1
sberq,1
XQG'LHHLQ,1
JHKHQGHQ6WHOOXQJQDKPHQZHUGHQDXVJHZHUWHWXQG,1
LQGHQ5LFKWSODQHLQ,1
QWVFKHLGXQJHQ,1
XUDXPZLUNVDPHQ7lWLJNHLWHQDXIGHQNDQWR,1
LHYHUVFKLHGHQHQ,1
HQGLHLQLKUHQ,1
XVWlQGLJNHLWVEHUHLFK,1
LQHDWWUDNWLYH5DXPRUGQXQJLVWLQVEHVRQGHUHDXFKLP6WDQGRUWZHWWEHZHUEXQWHUGHQ,1
DQWRQHQDOVVWUDWHJLVFKHV,1
QWZLFNOXQJVHOHPHQWYRQ,1
HGHXWXQJ6LHNDQQ,1
WUlJHOHLVWHQGLHGLH,1
LUWVFKDIWVHQWZLFNOXQJVWDELOLVLHUHQXQGVWlUNHQ'LHV,1
HUIRUGHUWNUHDWLYH,1
XQJLQHQJHU,1
DQWRQV6RZHLWGLHV,1
ZHFNPlVVLJLVWZHUGHQDXFK,1
JHQYHUZHQGHW'LH,1
LQDOSKDEHWLVFKHU5HLKHQ,1
OREDOHQDWLRQDOHXQGUHJLRQDOH5DKPHQEHGLQJXQJHQ,1
XEHHLQIOXV,1
VHQGHQJOREDOHQQDWLRQDOHQXQGUHJLRQDOHQ5DKPHQEHGLQJXQJHQ,1
JHJHQGLHHLJHQHQ6WDQGRUWTXDOLWlWHQ,1
QQHQVRIU,1
KUWLQVEHVRQGHUHHLQH,1
RQHQEHZLUWVFKDIWXQJGLHHEHQIDOOVSHULRGLVFK,1
HQGLH5DKPHQYRUJDEHQGHUNDQWRQDOHQ5LFKWSODQXQJLP5DKPHQLKUHU,1
2UWVSODQXQJHQXP,1
XQJVYHU,1
P5LFKWSODQEHVWHKHQDQYHUVFKLHGHQHQ6WHOOHQ9HUZHLVHRGHUVSH,1
GHQHLQ,1
beigezoqen,1
WiEna,1
Höc,1
Montli,1
gep,1
Bäc,1
Ilanrl,1
DQGOXQJVDQZHLVXQJHQN,1
hfaggenschwil,1
Steinach,1
Gofisheus,1
Eßger,1
Gbe,1
acr,1
o15cY,1
fScWa,1
ezir,1
Rehetobe1,1
Soeicher,1
Gai,1
operzeli,1
wegpendier,1
Jeuknch,1
iiii,1
QDWLRQDOHQ7HUURULVPXVXQGGHQDXINRPPHQGHQ1DWLRQDOLVPXV,1
XQJHQRGHUGLH,1
KUXQJYRQ,1
HQlQGHUQGHQ,1
Gamprin,1
Allach,1
Bz,1
verg,1
GHP,1
DQWRQXQGGHQ,1
QWZLFNOXQJHQ,1
QWZLFNOXQJLVWHLQJHEHWWHWLQWHFKQRORJLVFKHXQGJHVHOOVFKDIWOLFKH,1
HQKLQDXVZLUNHQGH9HUlQGHUXQJHQ,1
XVZLUNXQJHQDXIGHQ,1
6LFKHUKHLWXQG9HUWHLGLJXQJ,1
DVJOREDOH6LFKHUKHLWVJHI,1
U5lXPH,1
GLHDQGLHXUEDQHQ,1
HQWUHQDQJUHQ,1
HQLVWHVHQWVFKHLGHQGZHOFKHVR,1
LDOHQ,1
QIUDVWUXNWX,1
UHQVLHDQ,1
QGXVWULH'LJLWDOLVLHUXQJ,1
GHU6WlGWHKDWHLQH6RJZLUNXQJI,1
JHQGH3HUVRQHQ,1
HQWUDOH5ROOHVSLHOHQGDEHLGDV,1
LOGXQJVXQG,1
XOWXUDQJH,1
ERWHXQGGLHYRUKDQGHQHQ,1
UEHUXIVWlWLJH,1
LQGHUQ,1
HEHQVZHLVHQKDEHQHUUHLFKHQGDV3HQ,1
VLRQVDOWHUXQGVWHOOHQ,1
XQHKPHQGHLQH0HKUKHLWGDU7HLOHGLHVHU3HUVRQHQJUXSSHVLQG,1
RKQRUWYHUEXQGHQ,1
XJZHUGHQGLHQHJDWLYHQ,1
EHUDOWHUWHQ,1
3HUVRQHQGLHLQGLH0HWURSROHQ,1
XZDQ,1
—c,1
Lusrenau,1
W'dnau,1
QHXHQ0lUNWHQXQG,1
QYHVWLWLRQHQ,1
VFKHLGHQGH,1
DNWRUHQ,1
HPRJUDILH3HUVRQHQGLHVWDUNLQGLYLGXDOLVLHUWH,1
PHQGDXFKLP7RXULVPXVDOV,1
UIROJVIDNWRUHQWVFKHLGHQGXQGZLUGYHUPHKUWDXFKGXUFKGHQ,1
XQGJHI,1
PLVVLRQYRQ7UHLEKDXVJDVHQ,1
XQHKPHQGYHUlQGHUWH,1
UGDWPRVSKlUHI,1
XHLQHUVWDUNHQ,1
UZlUPXQJGHUJOREDOHQ7HPSHUDWXU,1
XHUKDOWHQ'HU,1
DQWRQ2E,1
ZDOGHQYHUI,1
JWEHVRQGHUVLQGHQ,1
UDQFKHQ,1
OHNWURWHFKQLNXQG0DVFKLQHQEDX,1
EHUGXUFKVFKQLWWOLFKHQ,1
XQHK,1
LJLWDOLVLHUXQJZLUGDXFKGLHUlXPOLFKHQ,1
FKH,1
XQJHQGHU6FKZHL,1
HU0DVFKLQHQ,1
OHNWURXQG0HWDOOLQGXVWULHXQGGHV6WDDWVVHNUHWDULDWVI,1
LUWVFKDIW6,1
UDXVDXFK,1
KDQFHQTXDOLIL,1
FNJDQJYRQQLHGHUVFKZHOOLJHQ,1
UEHLWHQXQGYRQ9HU,1
NDXIVIOlFKHQDXIJUXQGGHV,1
QWHUQHWKDQGHOVVRZLHGLHZDFKVHQGHQ,1
RJLVWLNVLQGQXUHLQ7HLOGHU9HUlQGHUXQJHQGLHGXUFKGLH,1
XQHKPHQGH'LJLWDOLVLHUXQJLQ,1
DOOHQ,1
HUHLFKHQDXVJHO,1
DQWRQ2EZDOGHQYRU,1
HUDXVIRUGH,1
DXHQXQGQHXH0RELOLWlWVIRUPHQ,1
XQJHQP,1
VVHQXQWHUGHQ,1
VSHNWHQ,1
HEHQVGDXHUXQG,1
DXZHLVHQHXEHXUWHLOWZHUGHQ,1
XJUXQGOHJHQGHQ9HUlQGHUXQJHQGHU,1
QHUJLHPlUNWH0LWGHU,1
QHUJLHVWUDWHJLHVROOLQGHU6FKZHL,1
KWGLHHUQHXHUEDUHQ,1
QHUJLHQDXVJHEDXWXQGGHU,1
JOLFKWZHUGHQ,1
QHUJLHHI,1
XQGGLHHUQHXHUEDUHQ,1
UEHLWVUK,1
WKPXV,1
HVXQGKHLW9HUVRUJXQJ,1
6FKDGHQHUHLJQLVVH,1
DQGZLUWVFKDIW7RXULVPXVHWF,1
LUWVFKDIWOLFKHXQGWHFKQRORJLVFKH,1
KWHV8PZHOWXQG,1
5LVLNREHZXVVWVHLQI,1
DQWRQ2EZDOGHQVLQGZHLWHUKLQ9HUlQGHUXQJHQ,1
XHUZDUWHQ1HEHQGHU,1
XUFKVFKQLWWVWHPSHUDWXUXQGHLQHU,1
EQDKPHGHUPLWWOHUHQ1LHGHUVFKODJVPHQJHQLVWDXFK,1
lUPHSHULRGHQXQG,1
XHUZDUWHQ'HU,1
DVVHUKDXV,1
KDOWGLH6WRIINUHLVOlXIHGLH3IODQ,1
iepoldsau,1
Isbery,1
YQ,1
Feldkirth,1
Krummenau,1
Ruygell,1
ennwald,1
bery,1
Uä,1
Luslenau,1
Reu9,1
law,1
enr,1
ggg,1
iy,1
dna,1
QWZLFNOXQJVYRUKDEHQVWDUN,1
mukirch,1
rvroncnwu,1
Wilfenbach,1
Waldkire,1
Tf,1
Andwil,1
Oberhören,1
XFKGLH0RELOLWlWVIRUPHQXQG,1
QIUDVWUXNWXUVLQGDXIJUXQGYRQ,1
6KDULQJ,1
HXJHQHWFJUXQGOHJHQGQHX,1
EHUOHJHQ,1
HU6WDQGRUWZHWWEHZHUEIRUGHUWGLHOlQGOLFKHQ,1
XQG1LGZDOGHQKDWDXIJUXQGYRQ6WDQGRUWHLJHQVFKDI,1
WHQXQGJURVVHQ,1
LUWVFKDIWVHQWZLFNOXQJVSRWHQ,1
DQWRQH6WlGWHXQG,1
HPHLQGHQKDEHQPLWGHP5DXPNRQ,1
HLQHQ2UL,1
HQWLHUXQJVUDKPHQI,1
UHLQHQDFKKDOWLJHUlXPOLFKH,1
HUQPLWGHQ,1
HUQXQGHLQHU5HLKHOlQGOLFKHUNOHLQXQGPLWWHOVWlQGLVFKHU,1
UHLWVWHOOXQJXQGGLH,1
QWZLFNOXQJVROFKHU6WDQGRUWHI,1
UEHLWHQHUIRUGHUQ9RUOHLV,1
ZLUGGDV6FKDIIHQYRQDWWUDNWLYHQ,1
XQHKPHQGNRPSOL,1
LQHHIIL,1
UEDUHQ6WDQGRUWYRUWHLOHQEHL,1
WUDJHQXQGKHOIHQYRUKDQGHQH,1
RKQDQJHERWHDQJXWHQ,1
DJHQXQGPLWJXWHU,1
QELQGXQJDQ,1
UEHLWHQYHUVFKLHEWVLFKGLH1DFKIUDJHQDFK6WDQGRUWHQ,1
HELHWHDQJXWHUVFKORVVHQHQ,1
XJVEHUHLFKJXWDXVJHELOGHWHUXQGKRFK,1
TXDOLIL,1
UEHLWVNUlIWHOLHJHQ'DI,1
SchLc11-hins1en,1
unr,1
XJHOHJW'DPLWLVWGHU,1
DQWRQ2EZDOGHQJHIRU,1
GHUWVHLQHLJHQHV6WDQGRUWSURILOZHLWHU,1
HQWULVFKHQ5DXPJHI,1
NODULGHQWLIL,1
JOLFKNHLWELHWHQDWWUDNWLYH,1
XJXQG,1
HQWUHQPLWGHQHQGHU,1
HQWUDOEDKQ,1
HQWUDOEDKQYHUI,1
EHUHLQHOHLVWXQJVIlKLJH,1
GLHHQWVSUHFKHQGKRKH,1
DQWRQVDQGLH,1
ELOGHQGLH,1
DJHDXIGHQLQWHQVLYHQ,1
GHQXPOLHJHQGHQ,1
HQWUHQDQJHZLHVHQLVWVLQGQDFKIROJHQGH7KHPHQHLQHU,1
EHUNDQWRQDOHQ,1
XVVHUNDQWRQDOH,1
EHUNHLQXUEDQHV,1
HUQLVWZLFKWLJDOV,1
XVELOGXQJ,1
JHXQGYHUPDJGXUFKGLHNRQVHTXHQWH,1
HUDXVELOGXQJHLJHQ,1
UEHLWVTXDOLWlWGLH,1
DV5DXPNRQ,1
PHQWGDVGHQ,1
XULQWHQVLYHUHQ,1
DQWRQ2EZDOGHQGHUDXIJUXQGVHLQHU,1
VVHXQG,1
JORPHUDWLRQHUI,1
XQNWLRQHQI,1
HQWUDOVFKZHL,1
XQGGDPLWDXFKI,1
XQGLVWJOHLFK,1
HLWLJ7HLOGHV0HWURSROLWDQUDXPV,1
ULFK2EZDOGHQELOGHWHLQHQZLFKWLJHQ,1
HQWULVFKHQ,1
hrq,1
lc,1
Gonien,1
1f,1
AIIR,1
umrnenau,1
Rx,1
Ruggell,1
Gossdu,1
9r,1
Rew,1
Hlu,1
Hun,1
Jwd,1
Peierrcl1,1
Ilen,1
XHUJlQ,1
HQ'LHYHUVFKLHGH,1
QHQ'HVWLQDWLRQHQEHUJHQ,1
ULVLNHQVWlUNHQDEHULQVJHVDPWDXFKGLHWRXULVWLVFKH,1
QJHERWVSDOHWWHI,1
LQNDXIVXQG6SRUWDQJHERWH,1
XJVEHUHLFKGHXWOLFK,1
DQWRQGXUFKJHI,1
WRQVDQ,1
HUQXQGGLH,1
QJHOEHUJYHUI,1
EHUHLQHLQWHUQDWLRQDOHUIROJUHLFKH7RSGHVWL,1
QDWLRQ,1
QWHUODNHQ-XQJIUDXVLQGGLHQlFKVWJHOHJHQHQHEHQIDOOVLQWHUQDWLRQDO,1
EHNDQQWHQ'HVWLQDWLRQHQGHU,1
UJHQVWRFNLVWGDEHLGLHVH,1
OWHLQJHVHVVHQHLKUHQ,1
UEHLWHQLQHLQHQDQGHUHQ,1
ZDUQDFKZLHYRU,1
ONHUXQJVVWDQGGHUXQWHU-lKULJHQXQGHLQHQWLHIHUHQ,1
ONHUXQJVVWDQGGHU,1
EHU-lKULJHQ-HGRFK,1
U2EZDOGHQHLQHVWDUNH,1
EHU-lKULJHQXQGHLQHGHXWOLFKH,1
SRUWRULHQWLHUWHQ,1
UDQFKHQXQG8QWHUQHKPXQJHQPLWKRKHP,1
YHUODQJWGLH9HUI,1
JEDUNHLWYRQTXDOLIL,1
UEHLWVNUlIWHQ'LHVVWHOOWI,1
XNXQIWHLQH,1
HUDXVIRUGHUXQJGDU,1
DEHQ,1
IXQJGHU,1
DQWRQ2EZDOGHQVWHOOWVLFKGLH,1
XVJDQJV,1
DQWRQZLHIROJWGDU,1
EHUGXUFKVFKQLWWOLFKHQZLUWVFKDIWOLFKHQ,1
WRQEHLJHWUDJHQ,1
IXQJVDUPHQ6HNWRUHQGLHHUIROJUHLFKLQ1LVFKHQWlWLJVLQG,1
XVULFKWXQJ,1
tiex,1
Sennwald,1
B67,1
uon,1
Hhe-,1
KUWHVR,1
LDOUlXPOLFKH,1
JUDILVFKHhEHUSU,1
EHUKLQDXVZHLVWGHU,1
DQWRQHLQHQ,1
EXUWHQ,1
EHUVFKXVVDXV,1
HLGHQ0LJUDWLRQVEHZHJXQJHQPLWDQGHUHQ,1
DQWRQHQKDOWHQVLFK,1
XJGLH,1
ONHUXQJLQ2EZDOGHQDXFKYRQ,1
HLJW2EZDOGHQHLQHlKQOLFKH,1
QDPLNDOVGLHXPOLHJHQGHQ,1
DQWRQH1LGZDOGHQ8ULXQG,1
HUQ'DV,1
DFKVWXPLVWSULPlUGDV5HVXOWDWHLQHUSRVLWLYHQLQWHUQDWLRQDOHQ,1
DQGHUELODQ,1
WR,1
XZDQGHUXQJYRQ3HUVRQHQDXVGHP,1
ULFK'LHVHU,1
EZDQGHUXQJXQGGHP,1
XJYRQ,1
DPLOLHQXQGMXQ,1
JHQ3DDUHQDXVGHP,1
DQWRQ2EZDOGHQLVWHQWJHJHQ,1
XZLUNHQ,1
DQWRQ2EZDOGHQELOGHWLQVJHVDPWGHQJHVDPWVFKZHL,1
QDKPHGHUXQWHU-lKULJHQ2KQHbQGHUXQJGHUKHXWLJHQ7UHQGVLVWELVHWZDLQV-DKU,1
DKO,1
EHU-lKULJHUDXV,1
XJHKHQ,1
OXQJVULFKWXQJHQVWHOOHQI,1
DQWRQ2EZDOGHQVWUXNWXUHOOHDOWHUVGHPRJUDILVFKH,1
HUDXV,1
EZDQGHUXQJYRQMXQJHQ2EZDOGQHUQXQG2EZDOGQHULQQHQHUIROJWYRUDOOHPLQGLH,1
HQGHU6FKZHL,1
EHUUDVFKHQGHLQ,1
LJDUWLJ,1
DQGVFKDIWXQGGLHJHVXQGH0LVFKXQJDXV,1
UKROXQJVXQG,1
XQJWUDJHQ,1
9LHOIDOWXQG,1
LJDUWLJNHLWGHV,1
DXIVWUHEHQG,1
LHYLHOIlOWLJHQ,1
KUWH6LHGOXQJVSROLWLNXQGHLQHTXDOLWDWLYKRFKVWHKHQGH,1
ZHUGHQ'D,1
XVROOHLQH,1
DODQFH,1
ZLVFKHQ3IOHJHGHV,1
HQWZLFNOXQJEHLWUDJHQ,1
LQQRYDWLY,1
HUWH,1
XQG7UDGLWLRQHQZLH,1
DPLOLH5HOLJLRQ,1
XQVWHWFVWHWLJTXDOLWDWLYZHLWHU,1
UYHU,1
VWHKWVLFKDOVRIIHQHUXQGLQDOOHQ,1
HEHQVEHUHLFKHQLQQRYDWLYHU,1
DQWRQVYHUJOHLFKGHQK,1
FKVWHQ,1
HLWOLFKH,1
WHQ-DKUHQ,1
DQWRQVUDWGLH,1
OWLJNHLWKDEHQXQGZXUGHQ,1
GHVKDOEDXFKGHPUHYLGLHUWHQNDQWRQDOHQ5LFKWSODQ,1
HOW,1
Grundwasserschutzplanunc,1
I_,1
Bscholslell,1
Sremrch,1
Wdldi,1
Lrth,1
JGolddr,1
5F,1
Bachmann,1
Aco,1
Hauser,1
E8-B,1
Marius,1
raumordnunc,1
Ileberarbeif,1
Aenderunc,1
DQWRQV2EZDOGHQXQWHUVFKLHG,1
OLFKHQWZLFNHOW'DEHLVLQGLQQHUKDOEGHV,1
DQWRQVJHI,1
JHVVSH,1
Elggis,1
Schlettli,1
Frike,1
Sauter,1
DQWRQVEHLGLHLPPHUZLHGHU,1
HLJWHQ,1
HUDXVIRUGHUXQJHQXQGGLHIRUPXOLHUWHQ,1
LHOHI,1
XHLQHUDXIIROJHQGH,1
LUWVFKDIWVVWDQGRUWHXQG,1
DQGVFKDIWXQG1DWXU2EZDOGQHU,1
P9HUODXIHGHU-DKUHKDEHQVLFKGLHVLHEHQ,1
SIWPLWGHP,1
EHUQHKPHQZLFKWLJH,1
UEHLWVIXQNWLRQHQ,1
UXQGYHUVRUJXQJGHUDQVlVVLJHQ,1
VLFKHU6LHVLQGYHUNHKUOLFKJXWPLWGHP,1
HQWUXPXQWHUHLQDQGHUXQGJHJHQDXVVHQYHU,1
W'LHVH,1
2UWHWUDJHQZHVHQWOLFK,1
EHUUHJLRQDOHQ9HUNHKUVDFKVHQGHU1DWLRQDOVWUDVVHXQGGHU,1
LVHQ,1
EDKQ8QWHU,1
UKDOWXQJLKUHVOlQGOLFKHQ,1
KDUDNWHUVHQWZLFNHOQVLHVLFKDXIHLQHUNOHLQHQ,1
DFKVWXPVTXRWHNRQWLQXLHUOLFKZHLWHU,1
HUQVXQG6DFKVHOQ6LHVLQGIXQNWL,1
RQDOHQJYHUNQ,1
XQJHUQ6LHVLQGZLFKWLJHGLH,1
DQWRQVNXOWXUSUlJHQGH2UWH,1
6RZHLWHVVLFKQLFKWXPHLQHQ,1
UEHLWVVFKZHUSXQNWYRQEHVRQGHUHU,1
ULFKWHQVLHLKUHUlXPOLFKH,1
XQGORNDOHUDEHUDXFK,1
HWULHEHDXV6LHSURILWLHUHQYRQHLQHUJXWHQ,1
VFKOLHVVXQJGXUFKGLH,1
Ilha,1
7be,1
91f,1
KDUDNWHULVWLNHQXQG,1
XQNWLRQHQHQWVWDQGHQGLHHV,1
XVWlUNHQJLOW,1
P9HUEXQGWUDJHQDOOHDXIXQWHUVFKLHGOLFKH,1
XLKQHQJHK,1
XVWlUNHQJLOWHVGLH,1
QWZLFNOXQJHQJDQ,1
KHLWOLFKXQGTXD,1
OLWDWLYKRFKZHUWLJDXV,1
HPHLQGHQGLHJOHLFKHQ,1
JOLFKHQ,1
XZROOHQZ,1
UGHZHGHUGHQXQWHU,1
QWVSUHFKHQGEHVWHKHQEHGHXWHQGH,1
UEHLWVXQG'LHQVWOHLV,1
WXQJVIXQNWLRQHQ6WUDVVHXQG,1
UHLQHJXWH,1
UVFKOLHVVXQJGHV2UWHVXQGGHU,1
EHGHXWHQGHQWRXULVWLVFKHQ,1
HGHXWXQJXQGVHLQH3RVLWLRQLHUXQJ,1
LPLQWHUQDWLRQDOHQ,1
DQWRQV8PGLHVH6WlUNHQRSWLPDO,1
HQXQGODQJIULVWLJ,1
XP9RUWHLOGHVJHVDPWHQ,1
XVLFKHUQVROO6DUQHQGHQEHGHXWHQGVWHQ,1
XHUZDUWHQGHQ,1
HQWZLFNOXQJDXIQHKPHQ,1
DQWRQV2EZDOGHQPLWLQWHUQDWLR,1
XVVWUDKOXQJ,1
XU6WlUNXQJGHV,1
DQWRQVDOVDWWUDNWLYHU,1
OSQDFK3LODWXV,1
6DUQHQELOGHWLQ,1
DKOZLHDXFKLQ,1
UXPVJHPHLQGHGHV,1
Q6DUQHQEHILQGHWVLFKDXFKGHU,1
DXSWYHUNHKUVNQRWHQGHV,1
E1-C,1
4-B,1
4-C,1
E2-5-B,1
E2-5-C,1
Sernf,1
E3-C,1
E4-C,1
Laax,1
Falera,1
Bischofbach,1
T3,1
Nidfurn,1
T4-C,1
Sernftal,1
AMOMF,1
DXSWDQIRUGHUXQJHQGHV,1
DQGLH5HYLVLRQGHVNDQWRQDOHQ5LFKWSODQVHUI,1
UGLHDQJHVWUHEWH9HU,1
WHLOXQJGHVHUZDUWHWHQNDQWRQDOHQ,1
Linth–,1
Pragel,1
Muothatal,1
T1-C,1
VFKLHGOLFKHQ,1
UIQLVVHQYRQ,1
LUWVFKDIWHQWVSUHFKHQQRFKN,1
PLWYHUEXQGHQHQ,1
RVWHQI,1
QIUDVWUXNWXUHQYRQGHQ,1
DQWRQJHWUDJHQZHU,1
HPHLQGHQZLUGDXFKHLQHGHU,1
LQZRKQHU,1
UGLH9HUWHL,1
ONHUXQJVZDFKVWXPVI,1
QIWLJHQ3ODQXQJHQYRQ,1
EHUGHU,1
VHQLQVEHVRQGHUHHLQH9HUODQJVDPXQJGHV,1
DFKVWXPVLQGHQ,1
QDFKXQG,1
HQDULRJHKWELVLQV,1
DFKVWXPGHU,1
DQWRQVEHY,1
ONHUXQJXP3HUVRQHQDXV0LWGHU,1
ULFKWXQJDXIHLQ,1
ONHUXQJVZDFKVWXPYRQELV3HUVRQHQZHUGHQHQWVSUHFKHQGGHU,1
RELJHQ,1
SLVLHUXQJXQGGHQKHXWLJHQ,1
ZLVFKHQGHU6LHGOXQJVHQWZLFNOXQJGHP9HUNHKUXQGGHUEHUHLWJHVWHOOWHQ,1
XVVWDWWXQJ,1
HUUHLFKWZHUGHQ,1
DQWRQ2EZDOGHQKDWGDV6,1
ONHUXQJVSURJQRVHQGHV,1
XQGHVDPWV,1
U6WDWLVWLN,1
UVHLQH5LFKWSODQXQJJHZlKOW,1
Däniberg,1
WHQ'HNDGH,1
HUVFKORVVHQHQ,1
P6LQQHHLQHUQDFKKDOWLJHQ,1
DQWRQVXQGHQWVSUH,1
JHEXQJVROOGLHV,1
QIWLJYHUKLQGHUWZHUGHQ,1
PXQJ,1
DQWRQVJHELHWV8PJHNHKUWLVWGLH,1
HUQDXFKHLQHUGHUVWlUNVWHQ,1
RQNXUUHQWHQLP6WDQGRUWZHWWEHZHUE,1
DFKVWXPV,1
LHOHDXILKUH6LHGOXQJVXQG9HUVRUJXQJV,1
6LHULFKWHQLKUHUlXPOLFKH,1
UOlQGOLFKHV,1
6LHHQWZLFNHOQVLFKZHLWHU,1
ONHUXQJDXV,1
HUQEHILQGHWVLFKHLQI,1
HODQJHQGHU,1
HVXQG,1
KHLWVYHUVRUJXQJGHU,1
QELQGXQJDQQDWLRQDOHXQGLQWHUQDWLRQDOH9HUNHKUV,1
HZLFKWLJHV,1
HQWUXPDXVVHUKDOEGHV,1
NOHQ8QWHUQHKPHQV,1
JHXQGHUZHLWHUXQJHQDEHUDXFKGHU,1
EZDQGHUXQJYRQ8QWHUQHKPHQDXIHLQHVROFKODQJH,1
ULVWQLFKWSURJQRVWL,1
EDUVLQG'HQQRFKLVWGDYRQDXV,1
XJHKHQGDVV,1
VDPPHQKlQJHQ,1
LVJHKWGHUNDQWRQDOH5LFKWSODQYRQHLQHUPRGHUDWHQ,1
VHLWVUDXPSODQHULVFKVLQQYROOLQVEHVRQGHUHLQ,1
XJDXIGLH9HUPHLGXQJYRQ,1
HQWUDWLRQGHU,1
ONHUXQJDQ,1
UGHUXQJHLQHUUHVVRXUFHQVFKRQHQGHQ0RELOLWlWVRZLHHLQHHIIL,1
NRVWHQVSDUHQGH,1
PHLQGHQ5HFKQXQJ,1
RQMXQNWXU,1
HZRKQHUJOHLFKHUPDVVHQDQ,1
ROJHQGHV,1
LQZRKQHUZDFKVWXPZLUG,1
XQJVSODQSHULRGH,1
ELVFD,1
WHQ-DKUHLVWLQ2EZDOGHQGXUFKHLQHGHXWOLFKH,1
XZDQGHUXQJ,1
DXVGHP,1
UHUHQ2UWVWHLOHQGHUHQ,1
XQNWLRQHQLP5DKPHQGHU2UWVSODQXQJGHILQLHUWZHUGHQ,1
DQWRQV2EZDOGHQPLWLQWHU,1
XVVWUDKOXQJ'LH,1
QWZLFNOXQJYHUIROJWGDV,1
LOGHLQHVWRXULVWLVFKHQ,1
UXPVLQGHQ,1
HUJHQGDVI,1
FNHOW'XUFKHLQVWlGWLVFKHV,1
UEHLWVDQJHERWHLQHYROOVWlQGLJH9HUVRUJXQJLQGHQ,1
UHLFKHQ,1
XOWXUXQG6SRUWXQGHLQHKRKH,1
RKQXQG8PJHEXQJV,1
TXDOLWlWKDW6DUQHQHLQHKRKH,1
EHUNDQWRQDOH,1
XVVWUDKOXQJ6DUQHQEHVWHKWDXVPHK,1
XDWWUDNWLYHQ,1
UXQGYHU,1
HEHQVTXDOLWlW6LHVLQGIXQNWLRQDOHQJYHUNQ,1
6DUQHQLVWGDV,1
HQWUXPGHV,1
DQWRQV2EZDOGHQV,1
UEHLWVVWDQGRUWGHV,1
EHUUHJLRQDOHU9HUVRUJXQJVIXQNWLRQZHLWHUHQWZL,1
X6FKZHUSXQNWELOGXQJHQJHI,1
QEHVRQGHUHQ,1
LUWVFKDIWVVWDQGRUWHQEHJLQQHQVLFK,1
RPSH,1
HQWULHUHQGLHI,1
U2EZDOGHQZLFKWLJVLQGXQGHLQEHGHXWHQGHV3RWHQ,1
XVULFKWXQJPLWH,1
SRUWRULHQWLHUWHQ8QWHUQHKPXQJHQ,1
GHULPQlKHUHQ8PIHOGZLFKWLJ,1
ZHLJHWHLOWHLQHUVHLWVLQWHUQDWLRQDODXVJHULFKWHWHH,1
UDQFKHQXQG8QWHUQHKPHQPLWKRKHP,1
LDOVRZLHDQGHUHUVHLWV,1
UDQFKHQPLWYHUJOHLFKVZHLVH,1
JHULQJHUHU,1
SIXQJGLHMHGRFKHUIROJUHLFKLQ1LVFKHQWlWLJVLQG,1
LHHUIUHXOLFKH,1
XQHKPHQXQGGHUMHQLJHGHUXQ,1
WHU-lKULJHQXPDEQHKPHQ'LHVKDWDXFKLQ,1
XVZLUNXQJHQDXIGLH5HNUXWLH,1
QJHVWHOOWHQ'XUFK,1
6FKDIIXQJDWWUDNWLYHU,1
RKQVWDQGRUWHXQGGHQ,1
QWZLFNOXQJHQWJHJHQJHZLUNWZHUGHQ,1
HXQGJXWH6FKXOHQXQG,1
XVODQGVRZLHGXUFKHLQHQ,1
HEXUWHQ,1
EHUVFKXVVJHSUlJW'LHVH,1
QWZLFNOXQJYHUlQ,1
GHUWVLFKJHPlVV,1
DQWRQ2EZDOGHQELVLQV-DKU,1
GHXWOLFK'HU,1
EHU-lKULJHQZLUGXP,1
K17,1
Chalchofen,1
J01,1
Tros,1
J02,1
WrZV,1
Prio,1
Mühli,1
Benken,1
SebastiSchänis,1
K12,1
Hörliegg,1
K14,1
Brummbach,1
Strit,1
K16,1
XVWHO,1
OHQXQGDXFKNXU,1
IULVWLJYHUI,1
K05,1
K06,1
K07,1
BenknerbüReichenburg,1
chelReichenburg,1
XHUZlKQHQ,1
HLJWVLFKGDVV,1
UHJLRQDOXQG,1
EHUUHJLRQDOEHGHXWVDPH,1
LUPHQYRU2UWRIWQLFKWPHKU,1
EHUGLHEHQ,1
WHUXQJVIOlFKHQYHUI,1
JHQ'LHVH,1
XGLHQHQGHQ,1
ZHUEHLQGHUWRXULVWLVFKHQ6FKZHUSXQNWJHPHLQGH,1
QHQHLQJHI,1
KUW'LHVH,1
XIJDEHYHUODQJWHLQH'LIIHUHQ,1
UEHLWVJHELHWH'DPLWZLUGLQVEHVRQGHUHGLH,1
DQGUHVHUYHQGXUFKYHU,1
DQVlVVLJHU,1
UZHLWHUXQJV,1
EHGDUIVPLWWHOVWlQGLVFKHU,1
QGXVWULHEHWULHEH,1
HLQHQ,1
OLFKHP3RWHQ,1
HWULHEHLQ,1
HQWUDWLRQYRQ,1
HQLP7RXULVPXVXQGGHP7RXULVPXV,1
RKQDQJHERWHLQ2UWVNHUQHQXQGLQNHUQQDKHQ,1
JXWHUVFKORVVHQHQ,1
HQWUDWLRQLQ2UWVNHUQHQ,1
LUWVFKDIWVVWDQGRUWHLQ6DFKVHOQ,1
QVLHGOXQJ,1
EHUUHJLRQDORULHQWLHUWHU,1
UDQFKHQZLH,1
XU6LFKHUXQJGHV,1
Cotlan,1
N7-C,1
Göldi,1
Suworow,1
JEDU,1
XPDFKHQ,1
XFKGHPEHUHLWVDQVlVVLJHQORNDOHQ,1
VLQGGLHHUIRUGHUOLFKHQ,1
LUWVFKDIWVVWDQGRUWH,1
XQG7RXULVPXVVFKZHUSXQNWH,1
2EZDOGHQLVWKHXWHJXWDQGDV,1
DQJHEXQGHQZDV,1
UZHUEVWlWLJHGLH,1
UEHLWVRUWHQDXVVHUKDOEGHV,1
DQWRQVRGHUYRQDXVVHUKDOEQDFK2EZDOGHQ,1
UEHLWSHQ,1
XVVWDWWXQJ9HUVRU,1
XQJYRUKDQGHQHU,1
QIUDVWUXNWXUHQXQGEHUHLWVEHDQ,1
VSUXFKWHU,1
OlFKHQEH,1
DFKVWXPVVFKZHUSXQNWHI,1
UGHUHQ,1
XQJHQHLQHQ,1
QWZLFNOXQJGDUDXIDXVGDVVVLHDXFKGHQ,1
UIQLVVHQ,1
DPLOLHQHQWVSUHFKHQ0LWLKUHQ3ODQXQJHQVFKDIIHQVLHDQ,1
WUDNWLYH,1
JOLFKNHLWHQXQG,1
RKQHQLQGHQJU,1
HUHLWVWHOOXQJGLHVHU,1
HUHLFKGHU,1
HWULHEHJHVLFKHUWHLQHUDVFKHUH9HUI,1
JEDUNHLWYRQ,1
DXODQGI,1
ZLUNXQJHQDXIGLH6LHGOXQJVXQG,1
DQGVFKDIWVTXDOLWlWDOVHLQ6WDQGRUWYRUWHLOYRQ2EZDOGHQPL,1
QLPLHUWZHUGHQ,1
XQJGLHVHU6WRVVULFKWXQJZLUGEHLGHQDXIGLH5LFKWSODQUHYLVLRQIROJHQGHQ2UWVSOD,1
HUQWKHPDVHLQ,1
EHUJHRUGQHWH9HU,1
NHKUVV,1
URVVUDXPV,1
HUQVHNXQGlUDEHUDXFK5LFKWXQJ,1
XVDPPHQDUEHLWPLWGHP,1
XQGXQGGHQXPOLHJHQGHQ,1
DQWRQHQXQHUOlVVOLFK8P,1
LHOOHU0LWWHO,1
HVRZLHGHQ,1
GHU0RELOLWlWVEHG,1
UIQLVVHHLQVWHOOHQ'LHVH,1
UIQLVVHVLQGSODQHULVFKPLWGHQDQGHUHQ,1
LHOHQGHV,1
XVWLPPHQ8PGLH0RELOLWlWVDQVSU,1
QQHQEUDXFKWHVHLQLQVLFKJXWIXQNWLRQLHUHQGHVNDQWRQDOHV,1
QELQGXQJSULPlUDQGDV,1
QLJVWUHFNHGHU,1
HQWUDOEDKQHUI,1
OOWQH,1
EHQGHU,1
UVFKOLHVVXQJGHV6DUQHUDDWDOVHLQHQLFKWXQZHVHQWOLFKH,1
XQNWLRQDOVWRXULVWLVFKH,1
7UDQVLWYHUELQGXQJ,1
QWVSUHFKHQGGHUELVSURJQRVWL,1
GHOQHEHQVRZLHGLH3HQGOHUPRELOLWlWLQQHUKDOEGHV,1
DXSWDXVJDQJVXQG,1
DXSWDQ,1
KXQJVSXQNWGHULQWHUNDQWRQDOHQ3HQGOHUPRELOLWlWELOGHW,1
UEHLWVXQG,1
GXQJVYHUNHKUVWHOOWGHU,1
JHUWDOHLQHQZHVHQWOLFKHQ,1
QWHLOGHU0RELOLWlWGDU,1
HQWVSUHFKHQGLKUHQ,1
VLHGHOWZHUGHQ,1
LQGHPLPPRWRULVLHUWHQ,1
XVODVWXQJYRQ,1
HXJHQPLW3HUVRQHQ,1
KWZLUG,1
9HUNHKUYHUODJHUQ,1
HELHWHVRZLH9HUGLFKWXQJVXQG,1
DQWRQ2EZDOGHQIROJHQGH3UlPLVVHQ,1
9HUNHKUYHUPHLGHQ,1
LQGHPHLQHUlXPOLFKNRQ,1
HQWULHUWH,1
QQHQHQWZLFNOXQJDQJXWHUVFKORVVHQHQXQG,1
EHUHLQJX,1
WHV'LHQVWOHLVWXQJVDQJHERWYHUI,1
DJHQVLFKHUJHVWHOOWZLUGXQG,1
HGHXWXQJJHZLQQHQ,1
QIWLJJXWRUJDQL,1
VLHUEDUH0RELOLWlWVNHWWHQGLHHLQH,1
RPELQDWLRQ,1
ZLVFKHQPRWRULVLHUWHP,1
QDJHPHQWNDQQGLHHIIL,1
DVLHUHQGDXIGLHVHQ5DKPHQEHGLQJXQJHQHUJHEHQVLFKI,1
UGLH3ODQXQJGHUN,1
JOLFKVWUHVVRXUFHQVFKRQHQGH,1
QHUJLHXQG,1
OlFKHQYHUEUDXFK,1
QWZLFNOXQJYRQ6LHGOXQJHQ,1
UEHLWVVWDQGRUWHQVRZLHYRQ,1
DXIJXWHUVFKORVVHQH,1
DJHQNRQ,1
HQWULHUWZHUGHQ,1
LPJDQ,1
DQWRQLQGHPHUGHQ,1
GHU9HUNHKUVWUlJHUDXIGLHDQJHVWUHEWH,1
XUHIIL,1
XQJGHUEHVWHKHQGHQ,1
QIUDVWUXNWXUZLUGGLH6LHGOXQJVHQWZLFN,1
OXQJDQJXWHUVFKORVVHQHQ,1
UGHUWGDV,1
JOLFKVWGLUHNWDXIGDV,1
XWRVWUDVVH,1
KUWZLUGXQGGHU,1
XQJVJUDGPLWWHOV,1
ZHLWHUJHVWHLJHUWZLUG,1
UEHLWJHEHU3RWHQ,1
0RELOLWlWVPDQDJHPHQWLQ8QWHUQHKPHQ,1
UHLQHIXQNWLRQLHUHQGHZLUWVFKDIWOLFKHXQG,1
XQJGHV5DXPVI,1
UGHUWVRZLHHLQHHIIL,1
QIUDVWUXNWXUHQVLFKHUJH,1
VWHOOWZLUG,1
LQGHPGHU6WUDVVHQUDXPLQ6LHGOXQJVJHELHWHQDOV7HLOGHV,1
ZLUGGHUGHQ,1
UIQLVVHQGHUYHUVFKLHGHQHQ9HUNHKUVPLWWHOJHUHFKWZLUGHLQHKRKH,1
XQJHQPLQL,1
QWZLFNOXQJVJHELHWH,1
JXWPLWGHPUHVVRXUFHQHIIL,1
IIHQWOLFKHQ9HUNHKUVRZLHGHP,1
HUVFKORVVHQZHUGHQ,1
OlFKHQLQWHQVLYH,1
NHKUN,1
QQHQVR,1
JOLFKVWZHUWVFK,1
Z30,1
Z31,1
Z32,1
Z33,1
Chilchenwald,1
K01,1
K02,1
K03,1
Gschwämmwald,1
Chnügrat,1
Z25,1
Z26,1
Z27,1
Z28,1
Z29,1
Dachsenstein,1
Z21,1
Z22,1
Sülzli,1
Bruchrunenwald,1
Z23,1
Z24,1
Mittagshorn,1
Mittentaghoren,1
LHOWDXV,1
JHEDXWXQGGHU,1
IIHQWOLFKH9HUNHKULQQHUKDOEGHV,1
Z18,1
Büelstoggck,1
Z19,1
Z20,1
Rossweid,1
OXQJVELOGGHXWOLFKH6SXUHQKLQWHUODVVHQ,1
WLPYLHOPDOVIRUPXOLHUWHQ,1
9HUOXVWYRQ,1
HLPDWXQGYHUHLQ,1
HOWJDULQHLQHPJHZLVVHQ,1
ONHUXQJJHJHQ,1
GLHZHLWHUH6LHGOXQJVHQWZLFNOXQJ0LWGHULQ,1
HPHLQGHQXQGSULYDWHQ,1
WHQGHXQG,1
UDWWUDNWLYH,1
XU3UlVHQ,1
VLQGHQWVFKHLGHQGI,1
GHQWLILNDWLRQYRQ,1
HWULHEHQPLWLKUHQ6WDQGRUWHQ,1
LHVWDUNH,1
DXWlWLJNHLWDEHUDXFKGLHPDUNWZLUWVFKDIWOLFKHQXQGDJUDUSROLWLVFKEHGLQJWHQ9HUlQ,1
ULJHQ6WHX,1
HUXQJVXQG,1
HQNXQJVPDVVQDKPHQHUIROJHQLQHLQHPNDQWRQDOHQ,1
HVDPWYHUNHKUV,1
HUJ1DWXU6HHQXQG,1
UOLFKH5HVVRXUFHGHV,1
DQWRQV2EZDOGHQVGDU6LHELHWHWI,1
HZRKQHQGH,1
Au-Soolsteg-Warth,1
DQWRQVVRZLH,1
XGHQDXVVHUNDQWR,1
QDOHQ,1
HLWHUHQWZLFNOXQJGHVPRWRULVLHUWHQ,1
QGLYLGXDOYHUNHKUVGHV,1
XQGGHV,1
XVVXQG9HORYHUNHKUVDXINDQWRQDOHU6WXIHQDFKGHQ,1
LH6WHLOVWXIHQ,1
DLVHUVWXKOYRQ,1
QLJVRZLHGHU,1
JHUQVHHVLQGGLH,1
DXSWHOHPHQWHGLHVHVOlQGOLFKJHSUlJWHQ5DXPV,1
DOGXQGRI,1
DQGVFKDIWNOHLQHUH2UWVNHUQHXQGYHUVWUHXWOLHJHQGH,1
HElXGHJUXS,1
DQWRQVWHLO8PGLH,1
KLVWRULVFKHQ2UWVNHUQHYRQ6DUQHQ,1
HUQVXQG6DFKVHOQKDEHQVLFKQHXHUH6LHG,1
OXQJVJ,1
QUlXPH,1
ZLVFKHQGHQ6LHGOXQJHQVLQGZLFKWLJHODQGVFKDIWOLFKH,1
OHPHQWHXQGDOV,1
XOWXUIOlFKHQ1DWXUXQG,1
9LHUFKDUDNWHULVWLVFKH,1
GHQWLWlWVUlXPHSUlJHQ2EZDOGHQ,1
LHVHU5DXPLVWJHSUlJWGXUFKGHQ6DUQHUXQGGHQ,1
OSQDFKHUVHHGHQWRSRJUDILVFKIOD,1
XJDQJLQV6DUQHUDDWDOXQGGLH,1
ODFKHEHQH,1
ZLVFKHQGHQ6HHQ,1
HU7DOERGHQGHV,1
DXKHUUVFKDIWHQVLFKHU,1
XVWHOOHQGHQKRKHQ4XDOLWlWYRQ,1
DXYRUKDEHQLQQHUKDOEXQGDXVVHUKDOE,1
RQHQVROOGLHDQJHVWUHEWH,1
JOLFKWZHUGHQ'LHHLQPDOLJH,1
DQGVFKDIWVWHOOWGDPLWHLQHQJHZLFKWLJHQ9RUWHLODOV,1
LUWVFKDIWVVWDQGRUWGDUGHQHV,1
HQJLOW,1
HU5RWKRUQ,1
LJHQVWlQGLJH7DOVFKDIWHQPLWEHGHXWHQGHQWRXULVWLVFKHQ,1
HELHW'HU,1
5DXPXPIDVVWDXFK,1
7HLOHGHU,1
HUQXQG1LGZDOGHQQLFKWXQZHVHQWOLFKH7HLOHGHUWRXULVWLVFKHQ,1
QIUD,1
VWUXNWXUHQOLHJHQDXVVHUKDOEGHV,1
2EZDOGQHU7HLOGHV,1
OSEHWULHEH,1
QGLHVHP5DXPJLOWHVLQVEH,1
VRQGHUHGDV,1
XILQGHQ,1
ZLVFKHQ9RUUDQJJHELHWHQGHV7RXULVPXVDP3LOD,1
WXVORNDOHQ7RXULVPXVJHELHWHQ,1
UOLDOS6DUQHUVHHXQG,1
ODXEHQEHUJVXQGGDV,1
VWOLFKGHV,1
HU5RWKRUQV,1
HUQHU7HLOGHUHLQPDOLJHQ,1
DQGVFKDIWGHV,1
EHUJVLVW7HLOGHV81,1
LRVSKlUHQUHVHUYDWV,1
QWOHEXFK'HU,1
SHQHUJHEHQHLQHHLQ,1
LJDUWLJH,1
GHQWLWlWGLHHV,1
XHUKDOWHQXQGEHKXWVDPZHLWHU,1
DQGVFKDIWVUDXPXPIDVVWGHQDXVGHP,1
ODFKODQGZHLWKHUXPVLFKWEDUHQ3LODWXVGLH,1
VDQIWDQVWHLJHQGHQ,1
lQJHXQG0RRUODQGVFKDIWHQGHV,1
DSLWHO6LHGOXQJ,1
XNOlUHQ,1
DQGVFKDIWLVWHLQEHGHXWHQGHU6WDQGRUWIDNWRUI,1
6LHZLUGVRUJIlOWLJJHSIOHJWXQGVRZHLWHUHQWZLFNHOWGDVVGLHLGHQWLWlWVVWLIWHQGHQXQG,1
WUDGLWLRQHOOHQ,1
DQGVFKDIWHUKDOWHQEOHLEHQ,1
GHQWLWlWVUlXPHGHV,1
ODXEHQELHOHQXQG,1
HUDXVIRUGHUXQJHQGDU,1
LQHUVHLWV,1
ZXUGHQQHXH6SLHOUlXPHI,1
QWZLFNOXQJHQJHVFKDIIHQDQGHUHUVHLWVEOHLEHQ,1
UDJHQRIIHQ,1
XQJGLHVHUQHXHQ,1
VFKHUKRFKVWHKHQGHU,1
DXNXOWXUHQXQGGHVYRUKDQGHQHQ6LHGOXQJVXQG,1
QWZLFNOXQJVXQG,1
UKDOWXQJV,1
LHOJHULFKWHWH0DVVQDKPHQDXIYHU,1
EHQHQXQG6DFKSROLWLNHQ,1
JOLFK6WlUNXQJGHU2E,1
ZDOGQHU,1
GHQWLWlWLQ6LHGOXQJXQG,1
OLFKH,1
HLVHZLH6LHGOXQJ,1
DQGVFKDIWXQWUHQQEDUPLWHLQDQGHU,1
XVDPPHQVSLHOHQ,1
HQXQG,1
PHLQVFKDIWVDXIJDEH,1
LQJHPHLQVDPHV9HUVWlQGQLV,1
HUWGLHVHU,1
DQGVFKDIWHQXQGGLH,1
Z13,1
Howald,1
Z14,1
Z15,1
Niderental,1
Wartstalden,1
Z16,1
Bulsterenwald,1
Z08,1
Z09,1
Z10,1
Sturmigerrus,1
Sitenwald,1
Z11,1
Äugstenwald,1
Z12,1
Büelserwald,1
Z03,1
Z04,1
Z05,1
Nüen,1
Z06,1
Firzwald,1
Z07,1
ZHUGHQHQWVSUHFKHQGLKUHUFKDUDNWHULVWLVFKHQ,1
LJHQDUWHQXQGLQLKUHU,1
JHVWlUNWXQGVSH,1
DQWRQ2EZDOGHQVXEVWDQ,1
L12,1
Tödi,1
Z01,1
Z02,1
DQWRQHQXQG5HJLRQHQZLH,1
HUQHU2EHUODQGXVZI,1
ZLFNOXQJGHV7RXULVPXV,1
XQHKPHQGYRQ,1
XVODQGDXV,1
XULFKWHQVLHVLQG,1
DXFKZLFKWLJI,1
UGLHKHXWLJHXQG,1
6FKZHUSXQNWGHV,1
XOWXUWRXULVPXV'DU,1
EHUKLQDXVEHVWHKHQHLQH5HLKHUHJLRQDOHU7RXULV,1
DQJLV7XUUHQ,1
QDKHJHOHJHQHQWRXULVWLVFKHQ,1
UJHQVWRFNNRPSOHPHQWlUHXQGVHKU,1
JXWYRQ2EZDOGHQDXVHUUHLFKEDUH,1
QJHERWVHQWZLFNOXQJPLWDQJUHQ,1
EHULQWHUQDWLRQDOXQGQDWLRQDOEHNDQQWH'HVWLQDWLRQHQGHV,1
QWHQVLYWRXULV,1
PXVGHVVDQIWHQ7RXULVPXVXQGGHV,1
XOWXUWRXULVPXVLQJXWHU,1
UlXPHQ7LWOLV3LODWXVXQG0HOFKVHH,1
UXWWVLQGDOVLQWHUQDWLRQDOHXQGQDWLRQDOH6FKZHUSXQNWH,1
HOL5DQIW6DFKVHOQLVWDOV,1
DOOIDKUWVRUWHLQQDWLRQDOHU,1
Z17,1
UEHILQGHWVLFK,1
ZHLWMHGRFKLP8PEUXFK1HXH7UHQGVKRKHU,1
QQRYDWLRQVXQG,1
RVWHQGUXFNEHGLQJHQ,1
QWZLFNOXQJKLQ,1
XHLQHPQDFKKDOWLJHQ,1
MDKUHVWRXULVPXV,1
UDXVJHZLHVHQHQ5lXPHQ,1
HQWULHUHQ'LHVEHWULIIWLQIUDVWUXNWXUEH,1
6RPPHUXQG,1
LQWHUDNWLYLWlWHQJOHLFKHUPDVVHQ,1
HUQLFKWDQODJHQRULHQWLHUWHVDQIWH7RXULVPXV,1
ZLUGZHLWHUDQ,1
HGHXWXQJJHZLQ,1
VLVWHLQH,1
XQGORNDOYHUDQNHUWHQ,1
UGHQDQODJHQRULHQWLHUWHQ,1
JUXQGGHUEHQ,1
QIUDVWUXNWXUHQEHGHXWHQGH,1
QIRUGHUXQJHQDQHLQHUDXPYHUWUlJOLFKH,1
ZLFNOXQJ,1
UHLQHQVRUJVDPHQ8PJDQJPLW1DWXUXQG,1
KHULQKLHUI,1
UHLQHQDWWUDNWLYHQ,1
XHQWZLFNHOQ,1
FNVLFKWLJXQJGHVEHGHXWHQGVWHQ,1
XQJHQGHUYLHU,1
GHQWLWlWVUlXPH'HUNDQWR,1
QDOH5LFKWSODQVFKDIIWGLHUlXPOLFKHQ5DKPHQEHGLQJXQJHQGDVVGLHLQWHUQDWLRQDOXQGQDWLRQDO,1
EHGHXWHQGHQ7RXULVPXVSXQNWH,1
UXWWXQG3LODWXVDEHUDXFKGLHUHJLRQDO,1
HVFKlIWLJWHQ6LHVWHOOHQ,1
DOVRHLQHQZLFKWLJHQ6WDQGRUWIDNWRUI,1
UEHLWVRUW2EZDOGHQGDU,1
QWVSUHFKHQG,1
GHQKHXWLJHQXQG,1
UIQLVVHQJLOWHVGHQ7RXULVPXV,1
XVWlUNHQXQGGLHYLHOVHLWL,1
JHQ3RWHQ,1
WHUHQWZLFNHOWZHUGHQ,1
DQWRQVLFKHUWUlXPOLFKH,1
UGLHGUHL7RXULVPXVIRUPHQIU,1
HLWLJXQG,1
NRRUGLQLHUWVHLQH6DFKSROLWLNHQHQWVSUHFKHQG,1
HPlVVGHQ9RUJDEHQGHUHLGJHQ,1
LKUHDQJHVWUHEWHUlXPOLFKH,1
XOHJHQ'HU,1
LVWHLQVWDELOHV,1
XQGDPHQWI,1
LUWVFKDIWV,1
ZHLJGHV,1
DQWRQVIXVVWDXIGHQGUHL7RX,1
ULVPXVIRUPHQ,1
DQODJHQRULHQWLHUWHU,1
QLFKWDQODJHQRULHQWLHUWHUVDQIWHU7RXULVPXVXQG,1
UVFKHLQXQJ,1
UEHYRQ1LNODXVYRQ,1
XW2EZDO,1
GHQVVRQGHUQJOHLFKHUPDVVHQDXFKHLQVSH,1
LHOOHV,1
QJHERWGHV2EZDOGQHU,1
7RXULVPXVGK,1
QWHQVLYWRXULVPXVVDQIWHU7RXULVPXVXQG,1
VWHOOWKRKH,1
QIRUGHUXQJHQDQGHQ8PJDQJPLWGHQ,1
DQGVFKDIWVXQG6LHGOXQJVTXDOLWlWHQYRU,1
LQEOLFNDXIHLQKDUPRQLVFKHV,1
DQGVFKDIWVELOGGLHVHQVLEOH,1
HLWDN,1
WLYLWlWHQGHQ,1
UKDOWYRQ5XKHXQGHLQHQDWXUQDKH,1
UGLHN,1
ELHWVVLQGXQGGHUHQ,1
HGDUIJHPlVV,1
XQJVSODQXQJDXI-DKUHDXV,1
HQWUXPVJHPHLQGH6DUQHQ,1
OlQGOLFKH,1
WRXULVWLVFKH6FKZHUSXQNWJHPHLQGH,1
8PGLH,1
XULFKWHQXQG,1
XPIDVVWKD,1
UODVVGHV,1
NDQWRQDOHQ5LFKWSODQVJHQHKPLJWHQ,1
RQHQSODQDQSDVVXQJHQQDFKJHI,1
DV6LHGOXQJVJHELHWELOGHWGHQNRQ,1
HSWLRQHOOHQXQG,1
UlXPOLFKHQ5DKPHQI,1
6LHGOXQJVUDQG,1
RGHUVSH,1
WRXULVWLVFKH,1
LH'LPHQVLRQLHUXQJGHV,1
6LHGOXQJVJHELHWVLPNDQWRQDOHQ5LFKWSODQLVWXQWHU,1
FNVLFKWLJXQJ,1
GHU6LHGOXQJVHQWZLFNOXQJQDFKLQQHQDXIGHQ,1
HGDUIELVHWZDLQV-DKUDXV,1
UXQJVLQVWUXPHQWI,1
OXQJGHV6LHGOXQJVJHELHWVI,1
UGHQOlQJHUIULVWLJHQ,1
UZHLWHUXQJHQGHV6LHGOXQJVJH,1
ELHWVHUIRUGHUQHLQHULFKWSODQHULVFKH,1
USHUPLWGHQ,1
RQHQZLH6SH,1
RQHQDXVVHUKDOEGHV6LHGOXQJVJHELHWV,1
U01,1
L02,1
Wiggis,1
Mürtschenstock,1
L06,1
L07,1
Diestal,1
L08,1
bes,1
M01,1
Schwändital,1
M02,1
B01,1
Murgtal-Mürtschental,1
B02,1
B03,1
289F,1
301F,1
65H,1
125H,1
Wyssriet,1
289H,1
274H,1
248H,1
6LFKHUXQJ,1
HQWUXPVODJHQHWFYJO,1
VL,1
FKHUVWHOOHQ,1
QQHQZLUGGDV6LHGOXQJVJHELHWJHJHQ,1
EHUGHPWHFKQLVFKDQJHSDVVWHQXQG,1
UODVVGHVNDQWRQDOHQ5LFKWSODQVJHQHKPLJWHQ,1
274F,1
WHUXQJ,1
QSDVVXQJHQ,1
9HUNOHLQHUXQJHQ,1
RQHGLHYRQ,1
UN,1
USHUV'DV,1
6LHGOXQJVJHELHWZLUGLPNDQWR,1
QDOHQ5LFKWSODQIHVWJHOHJWXQGDXIGHQ3ODQXQJVKRUL,1
RQWLQJHQWYRQMHKDGKWRWDOKD,1
LHHLQ,1
QSDVVXQJHQJHJHQ,1
VDPWIOlFKHGHV6LHGOXQJVJHELHWVJHPlVVNDQWRQDOHP5LFKWSODQVLQGLQGHUXQWHQVWHKHQ,1
XVDPPHQPLWGHQKD6LHGOXQJVJHELHWLPNDQWRQDOHQ,1
HVDPWIOlFKHGHV6LHGOXQJVJHELHWVLPNDQWRQDOHQ,1
ZLVFKHQWRWDO,1
RQWLQJHQWI,1
HELHWHGH,1
UHQhEHUEDXXQJQLFKWJHSODQWRGHUDXIJUXQG,1
EHVWLPPXQJHQZHLWJHKHQG,1
HELHWHLQ,1
JUXQG,1
QSDVVXQJHQGHV6LHGOXQJVJHELHWVZLUGI,1
UGLHVLHEHQ,1
XJHZLHVHQHV,1
L09,1
L10,1
L11,1
RQHQSODQDQSDVVXQJHQ,1
KUWHQNDQWRQDOHQ5LFKWSODQELVXPKDHUZHLWHUWXQGJHPHLQGHZHLVH,1
FNVLFKWLJHQDXFKGLHLP5DKPHQGHUhEHUDUEHLWXQJGHVNDQWRQDOHQ5LFKWSODQV,1
ZHLWHUHQ,1
OlFKHQªRGHU,1
QQHQHQWZLFNOXQJXQG,1
DQWRQZHUGHQVLFKN,1
QIWLJYRUZLHJHQGLQQHUKDOEGHVEHVWHKHQGHQ6LHG,1
OXQJVJHELHWVZHLWHUHQWZLFNHOQ'DVVFKUHLEWGDVHLGJHQ,1
DXGLFKWHQ,1
XUHDOLVLHUHQ,1
RKQHGDVVGLHV,1
XQJGHU9HUNHKUVWUlJHU,1
VFKOLHVVHQG,1
UZHLWHUXQJHQGHV6LHGOXQJVJHELHWVGLH,1
EVWLPPXQJ,1
YRQ6LHGOXQJVXQG9HUNHKUVSODQXQJVRZLHGLH0LQGHVWDQIRUGHUXQJHQEHWUHIIHQG,1
UVFKOLHVVXQJVJ,1
WHJHPlVV,1
DQWRQOHJWGLHODQJIULVWLJHQ6LHGOXQJVJUHQ,1
6LHGOXQJVHQWZLFNOXQJQDFKLQQHQXQG,1
HPHLQGHVLQG,1
JOLFKVRIHUQGDV9RUKDEHQ,1
DQJIULVWLJH6LHGOXQJVJUHQ,1
NRORJLVFKH9HUELQGXQJHQ,1
XJHZlKUOHLVWHQVLQG,1
QWZLFNOXQJGHV6LHGOXQJVJHELHWVLP5DKPHQGHV0RQLWRULQJV,1
DQWRQVFKDIIWLP5DKPHQGHUNDQWRQDOHQ,1
XQGGHILQLHUWGLH6SH,1
UHQ6SH,1
RQHQRKQHGLUHNWHQ,1
XP6LHG,1
U'H,1
SRQLHQRGHU0DWHULDODEEDXZHLWHUH6SH,1
HPHLQGHHUZHLWHUWZHUGHQ,1
HLhEHUVFKUHLWXQJHQGLHVHV,1
HUWHVLVWHLQ5LFKWSODQYHUIDKUHQGXUFK,1
Seerüti-Martiberg,1
V6-B,1
V6-C,1
Walenseegesetz,1
Niederriet,1
Haris,1
65F,1
83F,1
DQGVFKDIWVUlXPHPLWGHU,1
XVWlUNHQXQGPLWGHQ,1
XVWLPPHQ'HU,1
HELHWHEH,1
HLFKQHWZHOFKHVLFKI,1
Heli-Skiing,1
Vorabgletscher,1
Walen-,1
LDOHQGHU,1
XQGJHIRUGHUWHJH,1
DQWRQ2EZDOGHQLQGHQKLHUI,1
UJHHLJQHWHQ5lXPHQHUIROJHQ,1
QQHQHQWZLFNOXQJHUIROJWXQ,1
WHU,1
HDFKWXQJGHU,1
GHQWLWlWGHU6LHGOXQJVXQG,1
HUHQ,1
XQJGHU5HVVRXUFH,1
ONHUXQJDQLKUHQ,1
UDXPLP9RUGHUJUXQG,1
QODVVXQGGLH,1
KDQFH0DVVQDKPHQ,1
XUDOOJH,1
HELHWHPLWXQWHUVFKLHGOLFKHQ3RWHQ,1
HQWUXPVODJHQª,1
IIHQWOLFKHQ9HUNHKUHUVFKORVVHQXQGSURILWLHUHQYRQ,1
HLQHPJXWHQ,1
QJHERWEHVWHKHQGHU9HUVRUJXQJVHLQULFKWXQJHQ6LHELOGHQDXIJUXQGLKUHU,1
JXWHQ,1
UUHLFKEDUNHLWXQGGHU1lKH,1
RKQRUWHI,1
6LHHLJQHQVLFKI,1
URVVH7HLOHGLHVHUKLVWRULVFKHQ,1
HUQHXPIDVVHQ,1
DXVXEVWDQ,1
DXZHUNHVLQG,1
XHLQHPZHVHQWOLFKHQ7HLOEHOHJWPLWQDWLR,1
NWLYLHUXQJGHU9HUGLFKWXQJV,1
SRWHQ,1
HUDWXQJ,1
GHU8PJDQJPLWLGHQWLWlWVVWLIWHQGHQVFK,1
ZHUWHQ2UWVELOGHUQXQG6LHGOXQJVWHLOHQVRZLH,1
HUQHVLQG2UWHYRQKRKHU4XDOLWlWGHV2UWVELOGHVXQGGHU,1
JXWHU,1
QELQGXQJDQGHQ,1
IIHQWOLFKHQ9HUNHKUXQG,1
XPHLVWPLWHLQHU,1
HQWUDWLRQDQ9HU,1
125F,1
248F,1
Ochsenbüel,1
5HDOLVLHUXQJK,1
XQJVGLFKWHQHLJQHQ0DVVJHEHQGH,1
ULWHULHQVLQGGDVRUWV,1
EDXOLFKDQ,1
XVWUHEHQGH0DVVDQEDXOLFKHU,1
XVGUXFN,1
RBG,1
34-C,1
S6-B,1
Adlenbach,1
Ziegelbrücke-Linthal,1
Weesen,1
dDer,1
QUlXPHVROOHQJHJHQ,1
EHUGLHVHU,1
ZHUWYROOHQ,1
FNKDOWXQJ,1
EHQ6LHELOGHQHLQHQZHLFKHQXQGKDUPRQLVFKHQ,1
hEHUJDQJLQGLHXPJHEHQGH,1
DQGVFKDIW'LHVNRPPWDXFKLQGHQEDXJHVWDOWHULVFKHQ,1
OLWlWHQ,1
UVFKHLQXQJVELOGHVEHVRQGHUHV,1
XJHQPHUN'LH,1
6LHGOXQJV,1
HUQHXHUXQJLQ,1
RKQJHELHWHQLVWDXIGLH4XDOLWlWGHV,1
RKQHQVXQGGHUXPJHEHQGHQ,1
UlXPH,1
HELHWHHUVWUHFNHQVLFK,1
QQHQHQWZLFNOXQJXQGZHLVHQ3RWHQ,1
UVFKOLHVVXQJGXUFKGHQ,1
IIHQWOLFKHQ9HU,1
NHKUDXIXQGQXUHLQEHVFKUlQNWHV,1
RKQHQRGHU,1
XU1DFKYHUGLFKWXQJ,1
HELHWHQJLOWGHUNRQVHTXHQWHQ0RELOLVLHUXQJGHUEHVWHKHQGHQ,1
DKUXQJGHVXUVSU,1
LHLPNDQWRQDOHQ5LFKWSODQEH,1
mitswisstopo,1
Schwandenim,1
R-B0,1
Kerenzerberg,1
S1-B,1
NiederurnenMollis,1
Obstalden,1
UGLH6LHGOXQJVHQWZLFNOXQJLQQHUKDOEGHUQlFKVWHQ3ODQXQJVSHULRGH6LHVLQGJHPlVVGHP,1
XQJGDVV,1
HGDUIQHXH6LHG,1
HELHWHQEHVWHKHQGHQ3RWHQ,1
LDOHQ'DV,1
6LHGOXQJVJHELHWZLUGYLHU,1
SHQPLWHQWVSUHFKHQGHQ,1
LHOHQ,1
HVWDQGLVWJHVLFKHUW'DV,1
6FKOLHVVHQ,1
QIRU,1
DQGVFKDIWGLHVHV,1
UGLHDQJHVWUHEWHUlXPOLFKGLIIHUHQ,1
DQWRQJLEWHV,1
XGHPYHUVFKLHGHQH,1
KUWVLQG6LHELOGHQ6FKO,1
Edy,1
Toscano,1
N17,1
LQHDNWLYH,1
QWZLFNOXQJHLQH,1
UZHLWHUXQJLQGLH,1
DQGVFKDIWRGHU,1
HELHWHILQGHQQLFKWVWDWW'HU,1
ZLFNOXQJGHU,1
DXWlWLJNHLWVLQGHLQHKRKH,1
ZHUEHWlWLJNHLWXQGHLQHEHGDUIVJHUHFKWH9HUVRUJXQJVVWUXNWXUVLFKHU,1
XVWHOOHQ9ROX,1
KHQVLQGJHELHWVVSH,1
XOHJHQVRGDVVVLFKGDV,1
HELHWLQV,1
JHVDPWKDUPRQLVFKLQGLHXUVSU,1
DXZHLVHLQ,1
9HUELQGXQJPLWHLQHUKRKHQ6LHGOXQJVTXDOLWlWDQ,1
XVWUHEHQ,1
RKQODJHQ,1
VFKDIIHQGLHDXFKGHQ,1
UIQLVVHQMXQJHU,1
DPLOLHQHQWVSUHFKHQ,1
UHLQHNRQWLQXLHUOLFKH,1
DXWHQXQGGHUHQ8PJHEXQJVEH,1
QGHQ2UWHQ,1
QJHOEHUJ6DFKVHOQXQG6DUQHQ,1
JHPlVV'HILQLWLRQHQGHV,1
XHUUHLFKHQLQGHQ,1
JHUQXQG6DUQHQ,1
HLFKQHWHQ,1
HQWUXPVODJHQLVWGLH,1
Luchsingen,1
HUQHVLQGEDXOLFKVRZHLWHU,1
XHQWZLFNHOQGDVVGLHWUDGLWLRQHOOHQXQGLGHQWLWlWVVWLIWHQGHQ2UWVELOGHUXQGGLH,1
NXOWXU2EZDOGHQVHUKDOWHQEOHLEHQXQG,1
DQWRQVEHL,1
LQHVWUXNWXUHOOH,1
UQHXHUXQJXQG9HUGLFKWXQJKDWLQVRUJIlOWLJHU,1
DQVSUXFKGHUKLVWRULVFKHQ,1
Allmendhüttli,1
Siechenried,1
Wichelsee,1
Engelberg-Titlis,1
Sportvalley,1
Stans-Engelberg,1
gis-ow,1
Xml,1
DQGVFKDIWVELOGHLQ,1
HGHXWXQJVLQGJHPlVVGHPLKQHQ,1
XQJVPDVVQDKPHQ,1
6—4,1
Modal-Split,1
Horw-Hergiswil,1
corporate,1
Ökowald,1
QGHQLPNDQWRQDOHQ5LFKWSODQDXVJHVFKLHGHQHQ,1
DXWlWLJNHLWVLQG6LHGOXQJXQG,1
XOWXUODQGVFKDIWYHUVWlUNWDOV,1
UULFKWXQJJURVVYROXPLJHU,1
DXOLFKH,1
UQHXHUXQJHQXQGGDV6FKOLHVVHQYRQ,1
EHQVLFKKLQVLFKWOLFK,1
HVWDOWXQJVWLPPLJLQGDVEHVWHKHQGH6LHGOXQJV,1
QJOLFKHGHP2UWDQJHPHVVHQH6LHGOXQJVVWUXNWXU,1
VLHGOXQJVEH,1
XIHQWKDOWVXQG,1
HDFKWXQJ,1
VFKHQNHQ,1
Q7RXULVPXV,1
JHELHWHQPLWDXVJHSUlJWHQVDLVRQDOHQ6FKZDQNXQJHQGHU9HUNHKUVQDFKIUDJHLVWGLH,1
DXSWVDLVRQ,1
HQWH'LFKWHQ,1
UVFKOLHVVXQJXQG2ULHQWLH,1
LQJlQJHQGLH0DWHULDOLVLHUXQJXQGGLH,1
DXWHQVRZLHGLH,1
EHUOHJXQJ,1
XEHDUEHLWHQ,1
HQWUXPVSODQXQJLQ,1
YRQNRPPXQDOHQ5LFKWSOlQHQ,1
QQHQHQWZLFNOXQJILQGHWLP5DKPHQGHU,1
HUQSODQXQJ,1
VWDWW6LHHUODVVHQGLHQRWZHQGLJHQ,1
HUQSODQXQJXQGUHJHOQ,1
GDVKLHUI,1
UDQ,1
XZHQGHQGH9HUIDKUHQLQGHU2UWVSODQXQJ,1
QHLQHU,1
XHQWVSUHFKHQ,1
JHGHUN,1
UGLHKLVWRULVFKHQ,1
HUQSODQXQJ'DULQUH,1
JHOQVLHHLQHTXDOLWlWVYROOH,1
HLWHUHQWZLFNOXQJGHUEHEDXWHQ,1
IIHQWOLFKHQ5DXP,1
ZlJXQJ,1
UGHUXQJHLQHUKRFKZHUWL,1
JHQEDXOLFKHQ6LHGOXQJVHQWZLFNOXQJQDFKLQQHQXQGGHU6LHGOXQJVHUQHXHUXQJ,1
OHJHQ,1
VLHLQNRPPXQDOHQ5LFKWSOlQHQJHELHWVVSH,1
LHUWH0DVVQDKPHQ,1
QHQHQWZLFNOXQJIHVW'LHVHKDEHQGHQ,1
QIRUGHUXQJHQDQTXDOLWlWVVLFKHUQGH3OD,1
QXQJVYHUIDKUHQ,1
Hüppi,1
Andre,1
Nydegger,1
Marcel,1
FSU,1
Oscar,1
Merlo,1
VSI,1
HLJHQDXIZLHGDV,1
XIHQWKDOWVTXDOLWlWHUUHLFKWZHUGHQ,1
NDQQ,1
GHQLQLKUHQ2UWVSODQXQJHQGLHHUIRUGHUOLFKHQ,1
LQRUGQXQJHLQIRUGHUQ,1
UDUEHLWXQJGHU2UWVSODQXQJZLHDXFK,1
GHU0DVWHU,1
HQWUXPVSODQXQJ,1
UXQJVLQGLQGHQ3ODQXQJVSUR,1
HVVHLQ,1
HGHUI,1
PHLQGHQLQLKUHU0DVWHUSODQXQJ,1
QWZLFNOXQJGHU9HUVRUJXQJVXQG,1
UHLUDXPDQJH,1
ERWHGLHDQ,1
DXPDVVHQXQG,1
DULQOHJHQVLHGLHDQ,1
XVWUHEHQGHQEDXOLFKHQ'LFK,1
WHQIHVW6LHEHVWLPPHQDXI6WXIH2UWVSODQXQJRGHULP5DKPHQYRQ4XDUWLHUSOlQHQ,1
6WHOOXQJXQG,1
DXYROXPHQ,1
DJHXQG4XDOLWlWHQ,1
XVVHQUlXPHXQGGHQ8PJDQJPLWGHQ,1
PHUXQG,1
RKQODJHGLUHNWDP,1
5LHGPDWWOL,1
HOG3URIHVVRUHQ,1
ZHJ,1
HQWUXPGHV4XDUWLHUV,1
DXNXOWXUDOOJHPHLQ,1
HU5HJLHUXQJVUDWKDWGLH,1
DXNXOWXUXQGGHU2EZDOGQHU,1
XU6LFKHUVWHOOXQJGHU,1
JEDUNHLWDXV,1
LUFKH,1
ODXV0XVHXP,1
8QWHUGRUI,1
HOG,1
UOHQ,1
HQWUXP6DFKVHOQ,1
Jörg,1
Stauber,1
Luzern–Bri-,1
Lage,1
Sarnen–Alpnach,1
XQJ'LH,1
UHDOHKDWLQQHUWI,1
QNUDIWWUHWHQGHVNDQWRQDOHQ,1
Christian,1
Hanser,1
Wehrli,1
GEOCAD,1
Theus,1
Kathriner,1
Mahler,1
Thomas,1
Abächerli,1
Brun,1
Bucher,1
Ettlin,1
Indergand,1
Natalie,1
Joller,1
Stv,1
FKHPLWGHQ,1
QIRUGHUXQJHQDQGHQKLHUGXUFK,1
KUHQGHQ,1
Periurbaner,1
KNHG,1
VSS,1
2—8,1
Winterberger,1
JOLFKHQNOHLQWHLOLJHQ,1
ZHLWHUXQJHQXQG,1
QODJHQVLQGVHQVLEHOLQGDVJHVDPWH,1
2UWVELOGHLQ,1
HVWDQGDXIZHLVHQ,1
XQGVLFKEHZXVVWPLWGHQKLVWRULVFKHQ,1
HUDXVIRU,1
GHUXQJLVWKLHUGLH,1
GHQWLWlWDOV,1
HQWUDOHV,1
QOLHJHQLQ,1
YJOREHQ,1
VLFKVSH,1
QODJHQXQGGHUHQ,1
HUQHZLUGYRQGHQ,1
DXNXOWXULP5DKPHQYRQ,1
DXWlWLJNHLWLVWGLH,1
DQGVFKDIWGDVSUl,1
XV8PXQG1HXEDXWHQRUGQHQVLFKLKUXQWHU,1
HPHLQGHQVLQGDXIJHIRUGHUW0DVVQDKPHQ,1
XHUJUHLIHQGDPLWGHU,1
DXNXOWXULQQHUKDOEGHU,1
RQHQDQJHPHVVHQ5HFKQXQJJHWUDJHQZHUGHQNDQQ,1
QVEHVRQGHUHIROJHQGH0DVVQDK,1
HQ'LH,1
SODQXQJHQHUIRUGHUQ,1
UUHLFKXQJYRQ,1
HSWDQ,1
GHQDNWLYHQ,1
QWZLFNOXQJRUGQHQVLFK,1
DXWHQLQGLHXUVSU,1
FKHJHELHWVVSH,1
TXDOLWlWHQI,1
UXQWHUVFKLHGOLFKH,1
OWHUVJUXSSHQXQGLQVEHVRQGHUHDXFKI,1
HQWUXPVODJHQZLUGPDVVJHEHQGGDV,1
HPHLQGHQXQGGHV,1
DQWRQVSUlJHQ'DKHUVLQG,1
SRORJLHQ,1
XZlKOHQGLHGDVMHZHLOV,1
Scherer,1
Otto,1
Jöri,1
HVV,1
WGHU,1
DFKZLVVHQ,1
HQWUXPVODJHQLVWLP5DKPHQYRQ,1
HQWUXPVSODQXQJHQ5DXPPLWKRKHQ,1
XHQWZLFNHOQXQGKDUPRQLVFKLQGLH2UWVELOGHU,1
9HUGLFKWXQJHQLQ,1
HQVLFKEHWUHIIHQG0DVVVWDEPLWGHPYRUKDQGH,1
QHQ2UWVELOGDXVHLQDQGHUXQG,1
HLFKQHQVLFKGXUFKHLQHKRFKZHUWLJH8PJHEXQJDXV,1
DXWHQLQ,1
QWZLFNOXQJVLQGLQGLHXUVSU,1
QJOLFKHRUWV,1
DQWRQLQHLQHP3UD,1
DXNXOWXULQ2EZDOGHQVWHOOWGHQ,1
XGHQWUDGLWLRQHOOHQ,1
DXZHLVHQXQGGLH,1
DQGVFKDIWLQGHQ9RUGHUJUXQGXQGRUGQHWVLFKGLHVHQXQWHU,1
DXWHQLQKLVWRULVFKHQ2UWVNHUQHQVLQGLQ,1
LQNODQJPLWGHQSUlJHQGHQXQGJHVFK,1
DXWHQVRZLHGHUHQ8PJHEXQJ,1
RQHQE,1
XVVFKHLGHQVSH,1
XV8PXQG1HXEDXWHQDXVVHUKDOEGHU,1
UOLFKHQ9HUKlOWQLVVHQ,1
DQXQGYHU,1
DXWHLOH'LH,1
QZHLVXQ,1
XOHJWGHU,1
PHQNRPPHQLQ,1
DXEHUDWXQJVSIOLFKWGXUFKXQDEKlQJLJH,1
DFKSHUVRQHQ,1
U4XDUWLHUSOlQHI,1
VVHUHRGHUI,1
UGDV2UWVELOGEHGHXWHQGH,1
YHUIDKUHQLQHPSILQGOLFKHQXQGGDV2UWVELOGSUlJHQGHQ,1
QIRUGHUXQJHQI,1
Binzenrüti,1
Buosigen,1
W-5,1
Schellhammer,1
Talweid,1
VSA,1
EMV,1
VerbandsGEP,1
DXWHQJH,1
VFKLFKWOLFKH6WlWWHQRGHUKLVWRULVFKH9HUNHKUVZHJHVHLQ,1
Niseggbach,1
gewässer,1
Sunk-Turbine,1
Obfelden-ThalwilGrynau,1
Solar,1
Lippertschwil,1
XOWXUREMHNWHVLQGHLQZHVHQWOLFKHU7HLOGHUUlXPOLFKHQ,1
GHQWLWlWGHV,1
DQWRQV2EZDOGHQXQGWUDJHQGDKHUDXFKPDVVJHEOLFK,1
XGHVVHQ,1
DKUQHKPXQJ,1
HUHLFKGHU2UWVELOGHUXQG,1
XOWXUGHQNPlOHU,1
JHELHWHDUFKlRORJLVFKH,1
XRUGQHQ,1
DXZHLVHXQGDXV,1
RQHQG,1
UIHQGDV,1
DXNXOWXUJHPlVV,1
QODJHQLQQHUXQGDXVVHUKDOEGHV6LHGOXQJVJHELHWVXQGVR,1
2UWVELOGHUXQG,1
HQVZHUWHQ2UWVELOGHUXQG,1
ZRKQHUJHPHLQGHQLP5DKPHQLKUHU,1
5DKPHQGHU2UWVSODQXQJ,1
UXQGODJHGHVNDQWRQDOHQ,1
QYHQWDUV,1
HQVZHUWH2UWVELOGHUVFK,1
XOWXUREMHNWHVDPWLKUHU8PJHEXQJVRZLHDUFKlR,1
ORJLVFKH,1
XQJVSOD,1
96YJO,1
DXWHQXQGJHVFKLFKWOLFKHQ6WlWWHQ,1
IlOOWLQGLH,1
XVWlQGLJNHLWGHV,1
DQWRQVZHQQHVVLFKXP,1
XOWXUREMHNWHYRQQDWLRQDOHUXQGUHJLR,1
EHUDUEHLWHWGLHVHSHULR,1
VWHOOXQJYRQ,1
XOWXUREMHNWHVRZLHGHUDUFKlRORJLVFKHQ,1
OV,1
HQVZHUWHQ2UWVELOGHUJLOWGDV,1
XQGHVLQYHQWDUGHUVFK,1
ZHUWHQ2UWVELOGHUGHU6FKZHL,1
HQVZHUWHQKLVWRULVFKHQ9HUNHKUV,1
ZHJHJLOWGDV,1
XQGHVLQYHQWDUGHUKLVWRULVFKHQ9HUNHKUVZHJHGHU6FKZHL,1
W-7,1
RWM,1
YHURUGQXQJYRP0lU,1
XQGXQG,1
XPIDQJXQGGLH9HUIDKUHQ,1
VWHOOXQJIHVW1DFKIROJHQG,1
VLQGGLHVHNXU,1
XVDPPHQIDVVHQGGDUJHVWHOOW,1
Schwerzibach,1
M9,1
Talbach,1
Muothathal,1
Gigenbach,1
ZürichOstschweiz,1
Lipplisbüel,1
Ruosaperbach,1
5DXPZLUNVDPH7lWLJNHLWHQVLQGLQ,1
XQGVWHOOHQLQYHQWDUGXUFK,1
QDUFKlRORJLVFKHQ6WDQGRUWHQVLQGYRU,1
DXEHJLQQHQWVSUHFKHQGH,1
UXQJHQYRU,1
XQHKPHQXPDOOIlOOLJH,1
XQGHGRNXPHQWLHUHQ,1
HPHLQGHQQHKPHQEHLLKUHQ3ODQXQJHQIU,1
96GXUFK,1
HQVZHUWHQ2UWVELOGHU,1
HU1HX8PXQG,1
XVEDXYRQ9HUNHKUVDQODJHQLP8PIHOGYRQVFK,1
DXWHQXQG2UWVELOGHUQLVWVRUJIlOWLJ,1
XSODQHQ,1
UFKlRORJLVFKH,1
XQGVWHOOHQVLQG,1
VSUHFKHQGHQ,1
QYHQWDUH,1
HUHLFK2UWVELOGHUXQG,1
5DXPZLUNVDPH7lWLJNHLWHQVLQGXQWHU,1
LUNXQJ,1
HQVZHUWHQ2UWVELOGHUJHPlVV,1
626XQGGHUKLVWRUL,1
VFKHQ9HUNHKUVZHJHJHPlVV,1
LQHUVHLWVVROOHQGLHEH,1
VWHKHQGHQ,1
XQJGDI,1
UXQGGDKHUHLQZLFKWLJHV,1
OHPHQWGHUNDQWRQDOHQ,1
LUWVFKDIWVHQWZLFNOXQJ,1
XIJDEHGHUNDQWRQDOHQ5LFKWSODQXQJEHVWHKWGDULQGLHDPEHVWHQJHHLJQHWHQ,1
UEHLWHQ,1
626GDV,1
96VRZLHGDVNDQWRQDOH,1
XOWXUREMHNWHXQGGHUDUFKlRORJL,1
HQVZHUWH2UWVELOGHUKLVWRULVFKH,1
HUQHXQG,1
UEHLWHQª,1
WRQVWUHEWDXFKLQ,1
HDQ,1
KUWH,1
6WDQGRUWHEHWURIIHQVLQG,1
REMHNWHYRQ,1
HXUWHL,1
OXQJYRQ,1
DXYRUKDEHQGXUFKGLH'HQNPDOSIOHJH,1
6LHEHU,1
FNVLFKWLJHQGDEHLGDV,1
LUNXQJGHU,1
HQVZHUWHQ2UWVELOGHUJH,1
626XQGGHUKLVWRULVFKHQ9HUNHKUVZHJHJHPlVV,1
96VRZLHDXIDUFKlRORJL,1
XQGVWHOOHQ6LHQHKPHQIU,1
RQWDNWPLWGHU,1
UFKlRORJLHDXIVRIHUQGXUFKGDV9RUKDEHQGLHLPNDQWRQDOHQ5LFKWSODQEH,1
XQGVWHOOHQLQYHQWDUDXIJHI,1
UEHLWVVWDQGRUWPLWHLQHUKR,1
HQWUDWLRQDQ,1
HQLP7RXULVPXVVRZLHLQGHQ,1
XOLHIHUEUDQFKHQ,1
UEHLWVJHELHWHYRQNRPPXQDOHU,1
HGHXWXQJZHUGHQLPNDQWRQDOHQ5LFKWSODQQLFKWZHLWHUJHKHQG,1
XVJDQJVODJHEH,1
HLFKQHW'HUHQ,1
UEHLWVVFKZHUSXQNW6DUQHQXQGGLHEHVRQGHUHQ,1
VFKDIWVVWDQGRUWHVROOHQJHVWlUNWZHUGHQ,1
UDQVlVVLJHXQGQHXH,1
HWULHEHJLOWHVSODQHULVFKRSWLPDOH5DKPHQEHGLQJXQJHQ,1
RGHQSROLWLNXQGGLH6LFKHUVWHOOXQJGHU9HUI,1
JEDUNHLWJHHLJQHWHU,1
Ol,1
LHWRXULVWLVFKH6FKZHUSXQNWJHPHLQGH,1
GXQJHQDQGHQ,1
LWlWGHU,1
WHLQH2SWLPLHUXQJGHV,1
XWREDKQDQVFKOXVVHVYRUDXV,1
DQWRQDQVlVVLJH8QWHUQHKPXQJHQZLH0D,1
RQ0RWRU,1
XQJHUQGDV,1
UEHLWVVWDQ,1
XGHPEHQHQQWGHUNDQWRQDOH5LFKWSODQGLHDQJHVWUHEWH,1
HELHWHXQGOHJWSODQHULVFKH6FKZHUSXQNWHEHWUHIIHQG,1
HQWUDO,1
QJH,1
HLJQHWHQ6WDQGRUWHQLQ6DUQHQVLQG,1
XVWHOOHQXQGDXIGLH,1
QIUDVWUXNWXUHQXQGGLH,1
QELQ,1
Goldbach,1
S14,1
S15,1
S17,1
S18,1
S19,1
Rotenbach,1
Brandegg-,1
VVHUHU8QWHUQHKPHQHUIROJHQYRU,1
XJVZHLVH,1
LQGHQ,1
QWZLFNOXQJVVFKZHUSXQNWHQ,1
UEHLWHQªJHPlVVNDQWRQDOHP5LFKWSODQ,1
Minster1,1
Rigiaa,1
Mühlibach,1
RUL,1
XQGHUI,1
OOHQDXIJUXQGLKUHU,1
EVELV,1
RQHQEH,1
ZLUWVFKDIWXQJGLHDOOH,1
UEHLWVJHELHWHHLQVFKOLHVVWZLUGHLQHKRFKZHUWLJHDXIGHQ,1
ZHFNDXVJHULFKWHWHXQGIOlFKHQVSDUHQGH,1
HPHLQGHQLP5DKPHQLKUHU2UWVSODQXQJHQ,1
UEHLWVVFKZHUSXQNW6DUQHQªXQGGLH,1
LUWVFKDIWVVWDQGRUWHªVLQG,1
QWZLFNOXQJVVFKZHUSXQNWHI,1
DQWRQ2EZDOGHQ6LHVLQG,1
HOHPHQWHGHUNDQWRQDOHQ,1
LUWVFKDIWVHQWZLFNOXQJXQGZHUGHQJHI,1
QWZLFNOXQJVVFKZHUSXQNWHVLQGDXIHLQHQODQJIULVWLJHQ,1
GHUHI,1
ZLUNHQ,1
U6WDUWXSVLQQRYDWLYH-XQJXQWHU,1
UHQ8QWHUQHKPHQPLWKRKHU,1
HWULHEH,1
5HJLRQDOHV,1
RQHQGLPHQVLRQLHUXQJ,1
LWlWHQLQ,1
VHQVLQG,1
XYHUPHLGHQ,1
UEHLWVVFKZHUSXQNW6DUQHQ,1
RQ6DFKVHOQ,1
WXV,1
QGXVWULH'LHQVWOHLVWXQJ,1
6WUDWHJLVFKH,1
QVLHGOXQJHQLQVEHVRQ,1
ULWHULHQGHUJHRJUDILVFKHQ,1
DJH,1
GHU9HUNHKUVDQELQGXQJ,1
XQJVEHVWDQGV,1
XQJVDXVULFKWXQJYHU,1
PLQGHUQRGHUDQGHUHXQHUZ,1
QVFKWH,1
QWZLFNOXQJHQDXVO,1
Rickentalbach,1
Dimmerbach,1
Eubach,1
Krebsbach,1
Schäflibach,1
Chälenbach,1
Mosenbach,1
XQJVDXVULFKWXQJHUIROJWQDFKGHQ,1
WURIIHQ,1
XPRELOLVLHUHQVLQG,1
XQGYRUGHP,1
LQWHUJUXQGGHV,1
JEDUNHLWZLUGGDYRQDXVJHJDQJHQGDVVLQGHQQlFKVWHQ-DKUHQ,1
WHOGHU5HVHUYHQLQGHUXQ,1
HOOHQ,1
ZLUGGLH,1
RQHQGLPHQ,1
VLRQLHUXQJZLHGHU,1
QQDKPHJHWURIIHQGDVVGHU,1
XZDFKVYROOXPIlQJOLFKLQ,1
XQGGDVVGLH,1
RQHQZLHDXFKDXVVHUKDOEGHU,1
VWDELOEOHLEW,1
QQDKPHQJH,1
DQWRQKDWGLH,1
LWlWHQLQGHQUHFKWVNUlIWLJHQ,1
LWlWZXUGHGHUHUZDUWHWHQ,1
ONHUXQJVHQWZLFNOXQJJHJHQ,1
EHUJHVWHOOWGLH,1
UJHEQLVVHGLHVHU,1
XVDPPHQJHIDVVW'LHVHVVWHOOWHLQH,1
UEHLWVKLOIHI,1
LWlWLQGHQ,1
RQHQGHFNHQGHQ,1
RQHQIOlFKHI,1
QHUXQG,1
HVFKlIWLJWHDE6LHVLQGGDKHUI,1
UGLH6WHXHUXQJGHU6LHGOXQJVHQWZLFNOXQJGLH,1
LWlWHQXQGDXFKI,1
RQHQEHGDUIVPDVVJHEHQG,1
Freiverlad,1
-Ibach,1
V-4,1
Lützelau,1
WZV,1
41b,1
Giessenbach,1
W5,1
DXIQHKPHQ,1
RQXQJLVWGHQQRFKQLFKWHUIRUGHUOLFK,1
XVJDQJVODJHKLQVLFKWOLFKGHU,1
QKDOWVSXQNWHI,1
UGLHLQGHUQlFKVWHQ3ODQXQJVSHULRGHEHVWH,1
KHQGHQ,1
Mühlefluhtunnel,1
600m,1
LQZRKQHUZDFKVWXPVPLWGHQPRELOLVLHUEDUHQ,1
HPHLQGHQHLQHUGHUIROJHQGHQ,1
XJHZLH,1
LWlWVUHVHUYHQVLQGHKHUNQDSSXP,1
LWlWVUHVHUYHQVLQGDXVUHLFKHQG,1
XPGDVHUZDUWHWH,1
DXVUHLFKHQGXPGDVHUZDUWHWH,1
LQZRKQHUZDFKVWXPELVLQV-DKU,1
QQDKPHJHWURIIHQGDVVLQQHUKDOEGHUQlFKVWHQ-DKUHHLQ,1
QIWHOGLHVHU5H,1
UQHXHUXQJV,1
UQHXHUXQJGHV,1
HVWDQGHVHLQHODXIHQGH,1
XVJDQJVODJHI,1
UGLH2UWVSODQXQJ,1
EHUVWHOOXQJGHVHUZDUWHWHQ,1
ONHUXQJVV,1
HQDULRGHV,1
U6WDWLVWLNDXVJHULFK,1
DKOXPELV3HUVRQHQYRQELV,1
UXQJXQG,1
HQNXQJV,1
LILVFKHQNRPPXQDOHQ,1
QWZLFNOXQJVDEVLFKWHQDXIGLHVLHEHQ,1
DQWRQ2EZDOGHQLQVJHVDPWLPPHUQRFKKD,1
KDOEGHU,1
RQHQUHVHUYHQLQGHU,1
5DXP,1
RQHQUHVHUYHQ,1
6WDQG0lU,1
6WDQG-XOL,1
ZLUGDXIGHQ,1
ULWHULHQI,1
ULFKWLJH'LPHQVLRQLHUXQJXQGGLHN,1
QIWLJHQbQGHUXQJHQGHU,1
RQHQZHUGHQLPNDQWRQDOHQ,1
GHUHUKHEOLFKHQ,1
ZHL-DKU,1
WUlJWGLH,1
RQHQUHVHUYHLQGHQ,1
Gschweighus,1
XIJDEHQDEOHLWHQ,1
LWlWVUH,1
VHUYHQ,1
UZDUWHWHU,1
DQWRQHKDEHQJHPlVV,1
XVRUJHQGDVVGLH,1
PHLQGHQDXIGHQYRUDXVVLFKWOLFKHQ,1
UHDOHLVWPLW3ULRULWlWYRUDQ,1
XWUHLEHQ,1
PRELOLVLHUHQIU,1
HLWLJGLHEHVWHKHQGHQ,1
LWlWVUHVHUYHQLQGHU,1
QQHQEHLDXVJHZLHVHQHP,1
HGDUIQXUGDQQYRUJHQRPPHQZHUGHQ,1
JOLFKHQ0DVVQDKPHQ,1
UXQJGHUEHVWHKHQGHQ5HVHUYHQLQGHU,1
XQGDNWLYLHUHQGLH3RWHQ,1
UHDOHQI,1
UGLHEDXOLFKH,1
QWZLFNOXQJLQGHQ,1
HQWUXPVODJHQXQGGHQ,1
ELHWHQPLWNRQWLQXLHUOLFKHU,1
QWZLFNOXQJGHUEHVRQGHUHQ,1
XQJVUHVHUYHQLQGHQ,1
ZLFNOXQJLQGHQ,1
HPHLQGHQHLQHQJHJHQ,1
EHUGHUHUZDUWHWHQ,1
QWZLFNOXQJNODUDEZHL,1
WUHIIHQYHUVWlUNWH,1
QVWUHQJXQJHQ,1
XU0RELOLVLH,1
XQGDXIJUXQG,1
GHVHUZDUWHWHQ,1
XVJDQJVODJHQ,1
LWlWVUHVHUYHQVLQGHKHUNQDSSXPGDV,1
LWlWVUHVHUYHQVLQGDXVUHLFKHQGXPGDV,1
XVJDQJVODJHQVLQGPDVVJHEHQGI,1
UGLH0LQGHVWPDVVQDKPHQ,1
XU0RELOLVLHUXQJ,1
LHOHQLFKWJHIlKUGHWZHUGHQ,1
LUWVFKDIWVHQWZLFNOXQJ6WDQGRUWHI,1
XOlVVLJVLQG8P,1
KUHQGDVVDQDQGHUHU6WHOOHZLHGHU,1
RQXQJHQHUIRUGHUOLFKZHUGHQ,1
DQWRQVWHOOWGHQ,1
HPHLQGHQSHULRGLVFK,1
XUEHVWHKHQGHQ,1
HEDXEDUNHLWHLQHU3DU,1
HOOHJHOWHQQLFKWDOV,1
RQXQJHQLP6LQQHGHVNDQWRQDOHQ,1
5LFKWSODQV6ROFKH,1
QQHQPD,1
PXPIDVVHQXQGVLQG,1
XNRP,1
SHQVLHUHQ,1
HELHWHUI,1
OOWGLH,1
VFKOLHVVXQJ,1
SIXQJXQGGLH6LFKHUVWHOOXQJGHU9HUI,1
JEDUNHLWHUI,1
OOHQGLH,1
RQHQHUZHLWHUXQJHQLP6LQQHWHFKQLVFKHU,1
UURQGLHUXQJHQ,1
XU0RELOLVLHUXQJGHUEHVWHKHQGHQ5HVHUYHQJH,1
ZHLWJHKHQGYRUJHQRPPHQZRUGHQVLQGRGHUHLQHIOlFKHQJOHLFKH,1
RQXQJHLQHUYRUKDQGHQHQ,1
ULWHULHQ,1
HELHWLVWLPNDQWRQDOHQ5LFKWSODQRGHULQHL,1
QHPNRPPXQDOHQ,1
XU6LHGOXQJVHQWZLFNOXQJDOV,1
VHKHQ,1
KSl,1
KSI,1
DSV,1
Brunnen-Nord,1
Urmiberg,1
Nord–Höli–Biberbrugg,1
Wiesland-,1
Zürich–Chur,1
EHUDUEHLWHQLKUH2UWVSODQXQJLQQHUKDOEYRQ,1
XUIU,1
HGDUIXQG,1
Roggenstock,1
Adlerhorst,1
Swiss-Holiday-Park,1
AWI,1
2lit,1
EHUDUEHLWHQLKUH2UWVSODQXQJLQQHUKDOEYRQI,1
QI,1
-DKUHQQDFK,1
ZLQJHQG,1
XPRELOL,1
VLHUHQXQG,1
GHXWXQJI,1
XQJXQGGLH5HVHUYHQLQGHQ,1
LQZRK,1
QHUNDSD,1
LWlWLQGHQUHFKWVNUlIWLJHQ,1
HPHLQGH'DWHQEODWWHV,1
DVLVGHV,1
XKDQGHQGHUHUVWPDOLJHQ,1
ZLVFKHQHUJHEQLV'LH,1
QDFKhEHUDUEHLWXQJGHU2UWVSODQXQJ,1
7DOVWDWLRQHQYRQ,1
DSLWHOV,1
mittelbis,1
Hämmerli,1
Betti,1
Vogtswis,1
BAZ,1
Sem,1
3ODQXQJYRQSXEOLNXPVLQWHQVLYHQ,1
LQULFKWXQJHQKDWDXIHLQHU,1
RUGQHWHQ,1
EHQH,1
HUHLFKGHUSXEOLNXPVLQWHQVLYHQ,1
LQULFKWXQJHQHUIRU,1
GHUQHLQHQNDQWRQDOHQ5LFKWSODQHLQWUDJ,1
EHUHLQH,1
QODJHQHWF,1
GLHYHUEOHLEHQGHQ,1
LWlWHQGHQ,1
UGLH5LFKWSODQSHULRGHDEGHFNHQ,1
LQZHLV,1
LQULFKWXQJHQZHUGHQJURVVH9HUVRUJXQJVHLQULFKWXQJHQLPNRPPHU,1
LQNDXIV,1
HLWDQODJHQ,1
Tilo,1
RQXQJVNUL,1
JOLFK'HPHQWVSUHFKHQGH,1
XU3U,1
IXQJXQG,1
KUHQEHL8P,1
RQXQJHQHLQHQ1DFKZHLVGDVVI,1
OXQJHQ,1
HQQZHUWHGHUUlXPOLFKHQ,1
QWZLFNOXQJ'HU,1
DQWRQKDWLP5DKPHQVHLQHUNDQWRQDOHQ5LFKWSODQXQJELVHLQ0RQLWRULQJHLQJH,1
KUW'LHVHVVROOZHLWHUJHI,1
KUWXQGPLWQHXHQ,1
QGLNDWRUHQGHUUlXPOLFKHQ,1
QWZLFNOXQJHUJlQ,1
RUVEKO,1
DQWRQOHJWGLHZHLWHUHQ,1
VWlGWHEDXOLFKH,1
LQRUGQXQJODQGVFKDIWOLFKH,1
LQEHWWXQJ,1
HPHLQGHQHUEULQJHQ,1
LWlWODQGVFKDIWOLFKH,1
0RQLWRULQJXQG,1
LQ0RQLWRULQJGLHQWGHU,1
QGLYLGXDOYHUNHKUNDQQPLWGHQ,1
EHVWHKHQGHQ6WUDVVHQQHW,1
LWlWHQEHZlOWLJWZHUGHQ,1
QODJHQVLQGVR,1
JOLFKVWJXWLQV2UWVXQG,1
DQGVFKDIWVELOGHLQJOLHGHUQ,1
DFKPlUNWHXQG'HWDLOOLVWHQ,1
PKDEHQ,1
ESP-B,1
Sternegg,1
USXEOLNXPVLQWHQVLYH,1
OHJHQ6LHP,1
VVHQXDIROJHQGH,1
ULWHULHQHUI,1
IIHQWOLFKHQ9HUNHKUHUVFKORVVHQHQ,1
GLH6WDQGRUWHVLQGJXWPLWGHPPRWRULVLHUWHQ,1
HULFKWJHPlVV,1
DXNXOWXULQ2EZDOGHQ,1
HUQGLIIHUHQ,1
SXQG,1
QWZLFNHOQVLFKGLH'LFKWHZHUWHQLFKWLQGLHDQJHVWUHEWH,1
Ettiswil–Egolzwil–Dagmersellen–Langnau,1
Perlen–,1
Hellbühl–Mettlen,1
LQGHU,1
RQHZLUGUHJHOPlVVLJ,1
DQWRQVWUHEWGLHVEH,1
JOLFKIRO,1
HQQZHUWHDQ,1
DQWRQEHWUHLEWHLQ0RQLWRULQJXQG,1
EHUGLHUlXPOLFKH,1
2EZDOGHQV,1
QJDEHQ,1
EHUGLHYHUVFKLHGHQHQ,1
OlFKHQHLJHQVFKDIWHQhEHUEDXXQJVVLWXDWLRQ9HUI,1
JEDUNHLWXD,1
LJQXQJVXQG,1
LHUlXPOLFKH,1
DQWRQV2EZDOGHQZLUGODXIHQGEHREDFKWHWXQGDQD,1
LQZRKQHUXQG,1
Schwarzpark,1
QVEHVRQGHUHVROOGRNXPHQWLHUWZHUGHQREGLH0DVVQDKPHQYRQ,1
XU9HUEHVVHUXQJGHU,1
DXNXOWXUEHLWUDJHQ,1
XQGIRUGHUWYRP,1
RQHQEHZLUWVFKDIWXQJ'D,1
UXQWHULVWHLQHUHJHOPlVVLJQDFKJHI,1
KUWHhEHUVLFKWGHUEHVWHKHQGHQ,1
KHU,1
LVDXIGLHDPZHQLJVWHQEHODVWHWHQ,1
GXQG,1
S12,1
10G,1
Wh,1
Aquifere,1
Wolhusen–Rothenburg–Root–Inwil,1
JHUH'LVWDQ,1
RGHUI,1
UNXU,1
HJHLQQHUKDOEGHU2UWVFKDI,1
VWHOOWDOV,1
EHUJHRUGQHWH9HUELQGXQJ,1
ZLVFKHQGHU,1
XQGGHU,1
LQJURVVHU7HLOGHU0RELOLWlWVEHG,1
DQWRQ2EZDOGHQZLUG,1
HLWGXUFKGHQPRWRUL,1
VLHUWHQ,1
UEHLWVZHJHDOVDXFKI,1
LQNDXIVXQG,1
WVHLHVI,1
UOlQ,1
KEnV,1
Development,1
HQQZHUWHREHQ,1
HPHLQGHRULHQWLHUWXQGDOOHQ,1
IDOOV,1
HPHLQGHQGRNXPHQWLHUHQDOOHYLHU-DKUHLKUH0DVVQDKPHQ,1
XU9HUEHVVHUXQJ,1
GHU2EZDOGQHU,1
DXSWYHUNHKUVVWUDVVH,1
VFKORVVHQ,1
DQWRQVKDXSWRUWHYRQ2E,1
XQG1LGZDOGHQ,1
HLWHUH9HUELQGXQJVVWUDVVHQ,1
HOLXQG,1
LOHQXQGVL,1
QWOHEXFK,1
OHUHQXQGJURVVHQ,1
HQWUHQGHU6FKZHL,1
LQHDXVUHLFKHQGH,1
LWlWGLHVHV1DWLRQDOVWUDVVHQDEVFKQLWWVLVWYRQHQWVFKHLGHQ,1
HPHLQGHQLP6DUQHUDDWDOVRZLHGLH7RXULVPXVVFKZHUSXQNWH3LODWXV,1
XQG0HOFKVHH,1
DXSWYHUNHKUVVWUDVVHQDQ,1
DQJHEXQGHQXQGXQWHUHLQDQGHUYHUEXQGHQ,1
OSQDFK6DUQHQ6DFKVHOQ,1
EHUQLPPWGLH,1
GHPHLQHZLFKWLJH,1
XQNWLRQDOV2UWVXPIDKUXQJ,1
JOLFKVWNXU,1
HQGLH6LHGOXQJHQZHQLJEHODVWHQGHQ,1
KUWZHUGHQNDQQ,1
ZLUGGLHVWUDVVHQPlVVLJH,1
kPGV,1
Hitzkirch–Sursee,1
XQJHUQ6,1
HUQHU2EHUODQGLVWVLHDOV,1
OOH,1
HPHLQGHQVLQGGLUHNWRGHU,1
EHUHLQHNXU,1
DQJHEXQGHQ,1
XWREDKQDQVFKOXVV,1
LWlWV,1
DKOGHU9HUNHKUVXQIlOOHLVWZLHLQGHUJDQ,1
OLFKDOVVLFKHUEHXUWHLOWZHUGHQ'LHKRKHQ,1
QWHLOHYRQ6FKOHXGHU,1
6HOEVWXQGhEHUKROXQIlOOHQEHLPPRWRULVLHUWHQ,1
QGLYLGXDOYHUNHKUGHXWHQWHQGHQ,1
KRKH,1
QLJIDKUHQWlJOLFKFD0RWRUIDKU,1
HXJH'HU,1
XUFKJDQJVYHUNHKUDXIGHU,1
GXUFKGDV6DUQHUDDWDOEHWUlJWFD0RWRUIDKU,1
HXJHSUR,1
7DJ,1
LH6WUDVVHQDFK,1
HODVWXQJYRQ0RWRUIDKU,1
YHUNHKUVJHUHFKWZHUGHQ,1
HLJHQ,1
XVULFKWXQJDXIGLH,1
DXIGRFKLVWI,1
DQWRQ2EZDOGHQDXFKGLH9HUELQGXQJ,1
QLJZLUWVFKDIWOLFKXQG,1
WRXULVWLVFKEHGHXWHQG3UR7DJYHUNHKUHQDXIGHU,1
OSQDFKVWDGGXUFKVFKQLWWOLFK,1
6DPPHOXQG,1
DQXQWHUJHRUGQHWHQ6DPPHOXQG,1
XVQDKPHGHU,1
XIROJHP,1
VVHQVLHQLFKWQXUGHQ,1
UIQLVVHQGHVPRWRULVLHUWHQ,1
IIHQWOLFKHQ9HUNHKUVVRZLHGHV,1
XVVXQG9HOR,1
XUVLHGOXQJVYHUWUlJOLFKHQ,1
XIZHUWXQJGLHVHU6WUDVVHQDEVFKQLWWHXPGLH9HUNHKUVVLFKHUKHLWLQVEHVRQGHUHI,1
XIWVFKDGVWRIIXQG,1
lUPLPPLVVLRQHQ,1
UHQVRZLHGLH,1
XIHQWKDOWVTXDOLWlWI,1
QZRKQHQGH,1
HVXFKHQGH,1
UXQJHQGLHQHQGHUGLUHNWHUHQ,1
QELQGXQJYRQ6LHGOXQJVJHELHWHQDQGDV,1
RFKOHLVWXQJV,1
LWlWVHQJSlVVHGHU9HUEHVVHUXQJGHU9HU,1
NHKUVVLFKHUKHLWXQGGHUEHVVHUHQ,1
UIQLVVHDOOHU6WUDVVHQEHQ,1
6LHGOXQJVYHUWUlJOLFKH,1
ZHUGHQ'DGXUFKHUJHEHQVLFK,1
XQJHQDXFKN,1
QIWLJVLFKHU,1
XVWHOOHQLVWHLQHUHV,1
VRXUFHQHIIL,1
LHQWHDQJHERWVRULHQWLHUWHPLWGHU6LHGOXQJVHQWZLFNOXQJNRRUGLQLHUWHXQGYHUNHKUV,1
EHUJUHLIHQGH9HUNHKUVSODQXQJQRWZHQGLJ,1
XJDXIGHQPRWRULVLHU,1
XQJHQHU,1
DKUJHVFKZLQGLJNHLWHQKLQ,1
UGHUXQJGHV,1
XVVXQG9HORYHUNHKUVQDPHQWOLFK,1
DS'XQG,1
8PGLHJHZ,1
QVFKWH6LHGOXQJVXQG,1
XJHZlKUOHLVWHQXQGGLHJXWH,1
UHLFKEDUNHLWGHU7RXULVPXVRUWHXQG,1
EHUJUHLIHQGHQ,1
LOGXQJYRQ0RELOLWlWVNHWWHQ,1
XQJYRQ3DUNLHUXQJVIOl,1
FKHQZHUGHQ,1
EHUPlVVLJH,1
ELOGHWGDV5,1
DQWRQ2EZDOGHQXQGVRUJWI,1
QELQGXQJDQGDV1DWLRQDOVWUDV,1
QQHQDQZHQLJHQ7DJHQLP-DKUKRKH9HUNHKUVEHODVWXQ,1
HQYHU,1
HLFKQHQ'HUHQ,1
HIULHGLJXQJI,1
XVEDXWHQYRQ6WUDVVHQXQG3DUNLHUXQJVDQODJHQXQG,1
VFKUlQNXQJHQGHU,1
HEHQVTXDOLWlWGHUDQVlVVLJHQ,1
ONHUXQJ0LWHLQHUYHUNHKUVPLWWHO,1
HULVFKHQ1RUP966GLPHQVLRQLHUWZHUGHQLQVEHVRQGHUHLQKLV,1
WRULVFKHQ,1
UGLHEDXOL,1
HLKLVWRULVFKHQ,1
DQJHERWDXFKDP5DQGGHV,1
ELHWVVLFKHUJHVWHOOWZHUGHQ'DPLWNDQQGHQ,1
QIRUGHUXQJHQGHV,1
6265HFKQXQJJHWUDJHQ,1
XQGHQ7RXULVWHQXVZ,1
XYHUEHVVHUQ'DPLWZLUGDXFKPDVVJHEOLFK,1
WWUDNWLYLWlWV,1
VWHLJHUXQJGHU2UWV,1
HQWUHQEHLJHWUDJHQ1HEVWJHVWDOWHULVFKHQ0DVVQDKPHQVLQGVLWXDWL,1
RQVVSH,1
3DUNLHUXQJVDQODJHQI,1
HWULHENRVWHQLQWHQVLY'DV,1
FG-3,1
FG-4,1
FG-7,1
FG-19,1
FG-13,1
FG-14,1
FG-12,1
FG-11,1
FG-23,1
FG-26,1
FG-10,1
FG-8,1
FG-20,1
FG-9,1
FG-18,1
FG-22,1
XQJHQXQGRSWLPLHUXQJHQZHUGHQPLWGHU6LHGOXQJVHQWZLFNOXQJGHU9HU,1
NHKUVOHQNXQJGHU9HUNHKUVVLFKHUKHLWVRZLHGHUEHVVHUHQ,1
QLVVHDOOHU6WUDVVHQEHQ,1
LQQHUKDOEGHU6LHGOXQJVJHELHWHLQVEHVRQGHUHLQGHQ2UWV,1
FG-5,1
FG-17,1
FG-24,1
FG-15,1
VRZLH5LFKWXQJ,1
DXSWYHUELQGXQJVVWUDVVHQ,1
ZHLWHUHQ9HUELQ,1
GXQJVVWUDVVHQ,1
VRZLH6DPPHOXQG,1
KLHUDUFKLHVWXIHXQGGLH,1
XP6LHGOXQJVJHELHWVLQG,1
PDVVJHEHQGI,1
XIZHUWXQJ9HUNHKUVEHUXKLJXQJ,1
OSQDFK8PJHVWDOWXQJ,1
RIPlWWHOL,1
RSWLPLHUXQJHQ,1
UEHLWVVFKZHUSXQNWHV6DUQHQ,1
GHU0HOFKVHH,1
XQGXQGGHQ,1
ZLVFKHQ0DVVQDKPHQGHVEDXOLFKHQ8QWHUKDOWVXQG,1
UHLKDOWHPDVVQDK,1
XWREDKQLQIUDVWUXNWXUDXVEDXWHQ,1
DVLVHLQHVNDQWRQDOHQ,1
DQDOLVLHUXQJGHV0,1
KLHUDUFKLHVLFKHU,1
UGLHUDVFKH5HDOLVLHUXQJGHV,1
QVFKOXVVHV,1
OSQDFKGLHIODQNLHUHQGHQ0DVVQDK,1
6DFKSODQ9HUNHKU7HLO,1
6WUDWHJLVFKHV,1
QWZLFNOXQJVSURJUDPP1DWLRQDOVWUDVVHQ,1
UGLH6LFKHUXQJHLQHUIXQNWLRQLHUHQGHQ,1
QELQGXQJGHU,1
DQGLH1DWLR,1
QDOVWUDVVHQ,1
HLQXQGVLFKHUWYHUELQGOLFKGLHQRWZHQGLJHQ,1
ideeseetal,1
Flühli,1
Wynatal,1
3C,1
HZLUGUHVVRXUFHQRSWLPDONRQ,1
LQKLVWRULVFKHQ,1
XQJVRZLHEHLP3DUNLHUXQJVDQJHERWLQGHQ7RXULVPXVXQGVWDUNIUHTXHQWLHUWHQ,1
WVLFKLP5DKPHQGHUQDWLRQDOHQ3ODQXQJHQ,1
Wilihof,1
GschA-17,1
GschA-18,1
GschA-3,1
Zell–Huttwil,1
Wikon–Zofingen,1
Reiden–Dagmersellen-Langnau,1
Richenthal,1
HPHLQGHQVRUJHQI,1
ZHFNPlVVLJH,1
IIHQWOLFKHQ3DUN,1
DQJHERWV,1
HE,1
6LHVLFKHUQGLHJHOWHQGH3ODIRQLHUXQJXQG,1
ZLUWVFKDIWXQJGHV,1
Joderfeld,1
KLVWRULVFKHQ,1
XQJJHPlVVGHU6FKZHL,1
UHQGH3DUNLHUXQJVO,1
VXQJHQ,1
DEJDEH,1
UIQLVVHEH,1
JOLFK3DUNLHUXQJVLQIUDVWUXNWXUHQDXVVHUKDOEGHUVHQVLEOHQ,1
GHFNHQ,1
SDVVXQJHQYRQ6WUDVVHQDXIKHXWLJHXQG,1
UHLQHVLHGOXQJVYHUWUlJOLFKH,1
WXQJGHU6WUDVVHQUlXPHLQQHURUWVQDPHQWOLFKDXIGHU,1
QLJVWUDVVHLQ,1
HUQVXQGDXIGHU6FKZDQGHUVWUDVVHLQ6WDOGHQ,1
EHGDUII,1
HQWZLFNOXQJHQ,1
IHVWLQVEHVRQGHUHLQ,1
IHUWLJVWHOOXQJ,1
XQJHUQ1RUG,1
6DUQHQXQG,1
QGOLVWUDVVHLQ,1
UHLVHO,1
XQJ9ROODQVFKOXVVELV,1
16b,1
D17,1
169ROODQVFKOXVV,1
UHQGHU0DVVQDKPHQ,1
WXQJ9HUNHKUVEHUXKLJXQJ,1
LQJDQJVWRUH7HPSR,1
KXQJGHV,1
XUFKIDKUWVZLGHUVWDQGVXQG,1
NXQJGHV0,1
8PJHVWDOWXQJ,1
NHLWHQI,1
QODJHQLQXQPLWWHOEDUHU1lKHHLQHV,1
RFKOHLVWXQJVVWUDV,1
HULVFKH,1
XWRPDWLVFKH6WUDVVHQYHUNHKUV,1
lKOXQJ,1
XUFKJDQJV4XHOOXQG,1
DQWRQVVWUDVVHQDFK,1
Alberswil–Grosswangen,1
Alberswil–Willisau–Ruswil,1
Eschenbach–Inwil,1
Ebikon–Inwil,1
FG-16,1
DQJHERWVLQ,1
DOSXQGLQ,1
OSQDFKVWDGLP5DKPHQLKUHU2UWVSODQXQJHQ,1
QLJVWUDVVH6DFKVHOQ,1
XIZHUWXQJXQGVLHGOXQJVYHUWUlJOLFKH,1
KXQJ'XUFKIDKUWVZLGHUVWDQG,1
VFKZLQGLJNHLWHQ9HUEHVVHUXQJ6LWXDWLRQ,1
HPHLQGHVWUDVVHQ,1
KXQJGHU,1
HQWUXPV5HGXNWLRQ,1
XIZHUWXQJ6WUDVVHQ,1
HOLVWUDVVH,1
ZLVFKHQ6DO,1
EUXQQHQ,1
QGHOXQJGHU,1
UVlPWOLFKH,1
ZHUEH,1
XQJHQYLD,1
XQG9HUNHKUVEHUXKL,1
XQJVKRUL,1
XIZHUWXQJ8PJH,1
2SWLPLHUXQJHQ,1
HLV,1
XVEDX1RUGVWUDVVH,1
XVEDX0HOFKWDOVWUDVVH,1
HUQVXQG,1
XVEDXGHU,1
D19,1
2d,1
Oberseetal,1
D14,1
D16,1
d8,1
DEGK,1
YRQNP7XQQHO,1
XIZHUWXQJXQGVLHGOXQJV,1
UXPYRQ,1
KXQJGHU9HUNHKUVVL,1
XIZHUWXQJGHV6WUDV,1
VHQUDXPVLQ6WDOGHQ,1
XU6WlUNXQJGHU,1
GHV2UWVWHLOV,1
XUEHVVHUHQ9HUWUlJOLFKNHLWGHV,1
HVWDOWXQJGHV6WUDVVHQUDXPVI,1
UGDVDQ,1
LQJDQJVWRUH9HUEHVVHUXQJ,1
6LWXDWLRQ,1
XIZHUWXQJGHV'RUINHUQV,1
9HUEHV,1
VHUXQJ6LWXDWLRQ,1
9HUNHKUVEHUXKLJXQJ,1
QWIOHFKWXQJ'RUI,1
NHUQJHVWDOWXQJ,1
6DUQHU,1
6WDQVHUXQG0HOFKWD,1
JXQJ6FKZDQGHU,1
VWUDVVH6WDOGHQ,1
VWDG,1
XJlQJH,1
UDXP9HUEHVVHUXQJ6LWXDWLRQ,1
XVVXQG9HORYHU,1
NHKUHWF,1
HQWUXPYRQ6DFKVHOQ,1
KXQJGHU9HUNHKUVVLFKHUKHLW6FKXOZHJVL,1
HQWUXPV9HUEHVVH,1
UXQJ6LWXDWLRQ,1
69HUNHKUVEHUXKL,1
13a,1
Chegelhofen,1
Waldhus,1
Ennetilfis,1
M5b,1
Chragenberg,1
Wiesweid,1
Naturstein,1
XP3LODWXVXQGI,1
2EZDOGHQDXVVFKOLHVVOLFK,1
EHUGLH6WUDVVHGDGDV,1
HQWUDOEDKQQLFKWI,1
Gattwil,1
Usserfeld,1
Ottenrüti,1
Wilen-Weiherhus,1
HVFKlIWLJWHQZLHDXFKI,1
UGHQ7RXULVPXVHLQH,1
UEHLWVSHQGOHULQVEHVRQGHUHLQGLH,1
GHU6FKZHL,1
IIHQWOLFKH9HUNHKUYRQ,1
ZHVHQWOLFKHU,1
HGHXWXQJQDPHQWOLFKDOV,1
XEULQJHUQDFK,1
9HUNHKUV,1
KXQJGHU9HUNHKUVVLFKHUKHLW9HUEHVVHUXQJ6LWXD,1
WLRQ,1
KXQJGHU9HUNHKUVVLFKHUKHLWEHVVHUH4XHUEDU,1
LQJDQJVWRUH9HUEHVVHUXQJ6LWXDWLRQ,1
gIIHQWOLFKHU9HUNHKU,1
IIHQWOLFKH9HUNHKUVSLHOWLQ2EZDOGHQVRZRKOLQ,1
XJDXIGLH0RELOLWlWVEHG,1
DKQDFKVHQXQG,1
VWHOOWLQVEHVRQGHUHGLHLQWHUNRPPXQDOHQ9HUELQGXQJHQ6DUQHQ,1
FNDOSXQG,1
LQQHUNRPPXQDOHQ,1
XVYHUELQGXQJHQZHOFKHGLH,1
XDXVVFKOLHVVOLFKWRXULVWLVFKDXVJHULFKWHWVLQGGLH,1
XQGDXIGHP6DUQHUVHHVRZLHGLHYHUVFKLHGHQHQ,1
KLHUDUFKLHVWXIHYJO,1
YHUNQ,1
SIWXQGELQGHWGHQ,1
DQWRQDQGLH,1
XQGLQWHUQDWLRQDOH,1
HUQNRPPWHLQHI,1
DKQYHUNQ,1
SIWHUJlQ,1
WGLHEHLGHQ,1
LQLHQlVWHQ,1
JHOEHUJVLFKHUJHVWHOOW'LH,1
XVQDKPHYRQ,1
QWHUODNHQLVWGLH,1
HULVFKHQ,1
XQGHVEDKQHQ,1
WVFKEHUJ6LPSORQ,1
RVWEDKQ,1
WVLFKDXV,1
DKQXQG,1
XVOLQLHQVRZLH,1
DXSWHUVFKOLHVVXQJ,1
ZLUGYRQGHUDXI6FKPDOVSXUJHI,1
KUWHQ,1
HQWUDOEDKQDXIGHQ,1
ZHL,1
IHQLVWDXFKEHLZHLWHUHQ9HUNQ,1
IXQJVSXQNWHQGHV,1
IIHQWOLFKHQ9HUNHKUVQDPHQWOLFKEHL7DOVWDWLRQHQYRQ,1
VVWHQ,1
UHTXHQ,1
IIHQWOLFKHQ9HUNHKUVVLQGDXIGHQ,1
DKQVWUHFNHQ5LFK,1
DKUJlVWHSUR7DJ,1
HUJEDKQHQVLFKHU,1
QGHUHUVHLWVJHZlKUOHLV,1
XQJPLWGHP,1
XVVXQG9HORYHUNHKUVRZLHGHPPRWRULVLHUWHQ,1
NHKUXQGVWHOOHQGLH,1
OOXQJGLHVHU,1
XIJDEHQVLQGHLQHJXWH,1
DKQKRIVQlKHHUIRUGHUOLFK1HEHQGHQ,1
UGLHGRUWDQVlVVLJH,1
NRPPWGHQ,1
IHQHLQHHQWVFKHLGHQGH,1
LQHU,1
VHLWVVWHOOHQVLHHLQRSWLPDOHV8PVWHLJHQ,1
IIHQWOLFKHQ9HUNHKUVPLWWHOQ,1
XQGYHUHLQ,1
HOWGHQ,1
D0HOFKVHH,1
LQWHUHLQ,1
LJ,1
RQGHO,1
EDKQHUUHLFKWZHUGHQNDQQ,1
EHUQLPPWGLHVHQHEHQLKUHUWRXULVWLVFKHQ,1
XQNWLRQ,1
UXQGHUVFKOLHVVXQJI,1
HWULHEVLFKHUVWHOOHQ,1
5XIEXV,1
SXQGODJHVRZLHGDV,1
UEHLWVXQG7RXULVPXVJHELHWH,1
UVFKOLHVVXQJªELV,1
JHOWHQDOV,1
QGLNDWRUI,1
QKDOWVSXQNWLQ,1
RFKHQHQGDQJHERWH,1
XQG7DNWGLFKWH,1
HLWHQDQGHQ,1
QRWHQEHGHXWVDP,1
QGHQGXUFK3HQGOHURGHU7RXULV,1
WHQDXVJHO,1
VWHQ,1
ZLUWVFKDIWOLFKHQ,1
XULFKWHQ,1
XJlQJOLFKNHLWXQGHLQHEHG,1
QLVJHUHFKWH,1
DKUSODQVLQGHLQHGHP3RWHQ,1
LDODQ,1
DKUJlVWHQHQWVSUHFKHQGH,1
QJHERWVGDXHU,1
EHQGXQG,1
HUJLVZLOXQG,1
hEHUGHQ,1
HLQEHPHUNHQVZHUWHV,1
XINRPPHQYRQFD,1
DKQIDKUJlVWHQSUR7DJ,1
IROJWYRQ,1
LQNDXIVXQG'LHQVWOHLVWXQJVDQJHERWHVRZLH,1
UDVWUXNWXUHQDXV,1
LVZLO9HUVWlUNXQJV,1
JH6LQ,1
5QDFK,1
QWHUODNHQXQGQDFK,1
JHVDLVRQDODQ,1
RFKHQHQGHQ,1
VVWGDV,1
KHXWHNDSD,1
QIWLJGLHIROJHQGHQ,1
WHNODVVHQDQJHVWUHEW,1
QJHOEHUJ6DFKVHOQ6DUQHQ,1
XQJHUQ6DUQHQ,1
7RXULVPXVJHELHWHQ,1
DXSWVDL,1
VRQ,1
XJHZlKUOHLVWHQ,1
DLVHUVWXKOLQGHU,1
ODVVH,1
ELHWYRQ,1
QJHOEHUJZHLVWGDQNGHV,1
UXQQLEDKQ,1
HLWHUDXVVHUKDOEOLHJHQGH2UWVWHLOHHUI,1
LQEOLFNDXIGLHDQJHVWUHEWHUlXPOLFKH,1
DQWRQVXQGGLH,1
LHKWVLFKMHZHLOVDXIGDV,1
HUJLEWVLFKDXVGHU,1
EIDKUWHQSUR7DJXQG5LFKWXQJ,1
HLWPHKUKHLWOLFKLQ,1
LQLJH2UWVFKDIWHQUHVSHNWLYH2UWVWHLOHLP8QWHUHQ6DUQHU,1
NODVVHQ,1
XQG'LQ,1
XQJHUQVRZLH,1
Mullwil,1
Tannbach,1
Zuswil,1
Lingetli,1
Habschwanden,1
Dürrenbach,1
59a,1
Baubewil,1
Urswil,1
Nunwil,1
Adiswil,1
Oberroth,1
Stettenbach,1
Wüschiswil,1
Krumbach,1
Etzelwil,1
EHUJUHL,1
IHQGH,1
XVEDXWHQXQG,1
QJHERWVHUZHLWHUXQJHQQRWZHQGLJ,1
XXQ,1
WHUVFKHLGHQ,1
0LWGHP6WUDWHJLVFKHQ,1
Günikon,1
LWlWVPlVVLJYRUDOOHPEHLhEHUODJHUXQJHQGHV3HQGOHUXQG7RXULVPXVYHUNHKUVDQ,1
HQ8PDXVUHLFKHQGH,1
EHUVFKUHLWHQGHQ9HU,1
NHKUVRZLHHLQHGHQ,1
UIQLVVHQGHU,1
LUWVFKDIWHQWVSUHFKHQGH,1
VFKOLHVVXQJVTXDOLWlWLQQHUKDOEGHV,1
XHUUHLFKHQXQGXPHLQHYHUNHKUVWUlJHU,1
UQRWZHQGLJHQZHLWHUHQ,1
XQJVVWHOOHQ'RSSHOVSXUDXVEDXWHQVLQG,1
QVEHVRQGHUHXPGLHDQJHVWUHEWHQ,1
WHNODVVHQ,1
UGLH6LHGOXQJVHQWZLFNOXQJ,1
DQELHWHQXQGXPDXVVHUGHPGHQNDQWRQDOHQ,1
UEHLWVVFKZHUSXQNW6DUQHQGLHEHVRQGHUHQ,1
9HUVFKOLHVVHQ,1
XQJVVWHOOHQXQG'RSSHOVSXUDEVFKQLWWH,1
XGHQ9HUEHVVHUXQJHQJHPlVV67,1
6ZLUGHLQ,1
LQI,1
KUXQJHLQHVGXUFKJlQJLJHQ9LHUWHOVWXQGHQWDNWVLQGHU,1
DXSWYHU,1
NHKUV,1
HLWXQGGLHGDI,1
DOEVWXQ,1
QJHOEHUJ9HUOlQJHUXQJ6ELV,1
XJV,1
SDDUHSUR7DJ,1
QIUDVWUXNWXUYRUKDEHQVLQGLP6DFKSODQ9HUNHKU7HLO,1
IXQJ,1
VLQGPLW67,1
Z6,1
HSLU,1
Brüedermättli,1
LU07,1
QWZLFNOXQJVSURJUDPP,1
66WDQG6HSWHPEHU,1
U9HUNHKU,1
XQGGDV,1
DKQDQJHERWYDKLQVLFKWOLFK7DNWYHUGLFKWXQJHQZHLWHUDXV,1
HVFKOHXQLJXQJV,1
PDVVQDKPHQ,1
QRWHQXQG,1
HVRZLHYRQ'LHQVWOHLVWXQJVDQ,1
JHERWHQLP1DKEHUHLFKLVWGHU,1
FKHQ9HUNHKUVGHV,1
DQWRQV2EZDOGHQ6HNXQGlUH,1
QRWHQEHILQGHQVLFKDQGHQ,1
ELHWV2EVHHVRZLHGHU7DOVWDWLRQ7XUUHQEDKQ,1
QWVSUHFKHQGGHQ,1
XQHKPHQGOlQJHUHQ,1
EHLWVXQG,1
IIQXQJV,1
HLWHQLVWDEHQGVHLQH9HUOlQJHUXQJGHVUHJXOlUHQ,1
XVEHWULHEV,1
XJXQVWHQGHU3HQGOHU,1
JlQ,1
XQJHQLQ6DUQHQ,1
UEHLWVVFKZHUSXQNWV6DUQHQVRZLHGHU,1
HOGXQG,1
XQGLQ,1
UVFKOLHVVXQJGHVEHVRQGHUHQ,1
DJGHV,1
QGXVWULHJH,1
QQHQVROOGDV,1
DXVJHEDXWZHUGHQ'HU,1
KLHUDUFKLHUHVSHNWLYHGHUHQ,1
YJO'XQG,1
0DVVQDKPHQVLQGHLQ,1
DOEVWXQGHQWDNWDXIGHQ6WUHFNHQ,1
HUQVHLQ6WXQGHQWDNWDXIGHU6WUHFNH6DUQHQ,1
QJHERWVHU,1
GLJHQ,1
OlFKHQVLQGGHVKDOEIU,1
LHEHLGHQ,1
DKQOLQLHQ,1
QWHUODNHQXQG,1
QJHOEHUJELOGHQ,1
DQWRQ2EZDOGHQ6LHJHZlKUOHLVWHQUHJHOPlV,1
VLJHVFKQHOOH9HUELQGXQJHQQDFK,1
XVVWHLJHQ,1
ZLH,1
LNH5LGHVLQGRUWVVSH,1
LILVFKXQGEHGDUIVJHULFKWHWDXV,1
LQVEHVRQGHUHLQ6DU,1
QHQ6DFKVHOQXQG,1
QRWHQVLQGDXIJUXQGGHVMHZHLOVKRKHQ9HUNHKUVDXINRPPHQV,1
UQRWZHQ,1
QIRUPDWLRQ5HLVH,1
DGHQ,1
DVWURQRPLHXQGZHLWHUH'LHQVWOHLVWXQJHQ,1
DQJHERWHQZHUGHQ,1
XIJUXQGGHV,1
KRKHQWRXULVWLVFKHQ,1
XINRPPHQVLVWGLHVDXFKI,1
QJHOEHUJYRU,1
XQJHUQXQG,1
RQXQG,1
DLVHUVWXKOVLQGDOVWHUWLlUH,1
DKQKRI6DUQHQ,1
VROOHQQHEVWRSWLPDOHQ,1
DKQZHLWHUKLQDXFKHUJlQ,1
LHQVWOHLVWXQJHQ,1
0RELOLWlWVEHUDWXQJ7RXULVPXV,1
UHQG,1
EULJHU,1
HWULHEV,1
QJHERWVVWXIHWRXULVWLVFKH9HUELQGXQJHQPLWVSH,1
XVDQJHERWZLUGJHELHWVVSH,1
ZLVFKHQGHQYHUVFKLHGHQHQ,1
7DJV,1
JOLFKVWUHJHOPlVVLJHU7DNWIDKUSODQDQ,1
JHERWVVWXIHQGLHVLFKEH,1
JOLFKGHVDQJHVWUHEWHQ,1
UXQGDQJHERWVXQWHUVFKHLGHQ,1
QJHERWVVWXIHGXUFKJHKHQGHU,1
DOEVWXQGHQWDNWJJIPLW7DNWYHUGLFKWXQJHQLQ,1
QJHERWVVWXIHGXUFKJHKHQGHU6WXQGHQWDNWJJIPLW7DNWYHUGLFKWXQJHQLQ,1
YHUNHKUV,1
QJHERWVVWXIHGXUFKJHKHQGHU6WXQGHQWDNWLQ,1
LQNO,1
XJlQJOLFKNHLWI,1
XVVXQG,1
9HORYHUNHKUDQJHVWUHEW,1
EULJHQ,1
ZLUGGDV,1
6LQQHGHV6HUYLFHSXEOLF,1
KLHUDUFKLHPLWYHUVFKLHGHQHQ,1
QELQGXQJDQV,1
HUQHU2EHU,1
ODQGGLHLQVEHVRQGHUHI,1
IHELOGHQ,1
QRWHQDQZHOFKHQGDV,1
XVOLQLHQVRZLHPLW3DU,1
LVV5LGH3DUN5LGH,1
ZLUG'HU,1
6FKLIIIDKUWDXIGHP,1
LH6FKLIIIDKUWDXIGHP6DUQHUVHHVROOEHLEHKDOWHQ,1
HLFKQHWVLFKGXUFKHLQIDFKHDWWUDNWLYH7DULISURGXNWHDXVLQVEHVRQ,1
GHUHDXFKLP7RXULVPXVYHUNHKU,1
UHLQH7DNWYHUGLFKWXQJXQG,1
WWUDNWLYLHUXQJGHV,1
DKQDQJHERWV,1
JHPlVV6,1
LH7RXULVPXVXQG,1
XVIOXJVRUWHLQVEHVRQGHUH7LWOLVXQG0HOFKVHH,1
UXWWDEHUDXFK,1
3LODWXVXQG,1
UXQQLVLQGLQEHVRQGHUHP0DVVHDXIHLQHRSWLPDOH,1
IIHQWOLFKHQ9HUNHKUDQJHZLHVHQ,1
QJHERWVHQWZLFNOXQJ5HFKQXQJ,1
XWUDJHQ'LH,1
LHQVWOHLVWXQJVDQJHERWHQVRZLHYRQ,1
HLWXQG7RXULVPXVLQIUDVWUXNWXUHQ,1
DOWHVWHO,1
OHQVLQGRSWLPDOHUUHLFKEDUXQGPLWHLQHUEHG,1
UIQLVJHUHFKWHQ,1
DFKWHQ,1
JHQGH6WUDVVHQEUHLWHJJI,1
HVFKOHXQLJXQJVPDVVQDKPHQHWF,1
XVWUHEHQZHOFKHUPLWHLQHP,1
DGlTXDWHQ,1
EHQGXQG1DFKWDQJHERWHUJlQ,1
WZLUG,1
JHELHWHXQWHU,1
EHQVRVLFKHUWVLHHLQHRSWLPDOH,1
UVFKOLHVVXQJYRQ,1
LQNDXIVXQGNXQGHQRULHQWLHUWHQ,1
HPHLQGHQXQG7UDQVSRUWXQ,1
HSWHV,1
QIWLJHV,1
DKUSODQ,1
LQLHQ6WUHFNHQXQG,1
IWGLH9HUOlQJHUXQJGHVUHJXOlUHQ,1
UHLQDGlTXD,1
91DFKWDQJHERWHLQ,1
ZHFNPlVVLJHQ,1
OlFKHQXQGNRRUGLQLHUHQGLH,1
XWHLOXQJI,1
HPHLQGHQEDXHQGDV,1
KLHUDUFKLHDXVXQGVRUJHQVRI,1
UGLH6LFKHUVWHOOXQJGHUDQJHVWUHEWHQ,1
WHNODV,1
XHUDUEHLWHWGHU,1
HPHLQGHQVRUJHQ,1
DQWRQXQGGHU,1
HQWUDOEDKQGDI,1
IHHQWVSUHFKHQGLKUHU,1
QRWHQZHLWHUHQWZLFNHOWZHU,1
GHQ'LHVXPIDVVWQHEVWRSWLPDOHQ,1
HQGH'LHQVWOHLVWXQJHQVRZLHHLQDWWUDNWLYHV,1
HPHLQGHQVLFKHUQLP5DKPHQLKUHU2UWVSODQXQJHQGLHGDI,1
Z67,1
6VRZLHI,1
UHLQHQ,1
OSQDFK'RUIHLQ,1
LHUXQJVHLQHV,1
HLWUDJVXQGVLFKHUWYHUELQGOLFKGLHQRWZHQGLJHQ,1
UHLKDO,1
DKQLQIUDVWUXNWXUDXVEDXWHQ,1
M25,1
AABM_1,1
Luterbächli,1
Surental,1
LUTE_1,1
LUTH_1,1
Wilibach,1
WEMM_1,1
Hürnbach,1
Ilfis,1
M15,1
M18,1
M20,1
M21,1
M23,1
M24,1
WXUDQSDVVXQJHQI,1
HPHLQGHQXQG7UDQVSRUWXQWHUQHKPXQ,1
QELQGXQJGHU7RXULVPXVXQG,1
XVIOXJVRUWH1DPHQWOLFK,1
QELQGXQJHQDQGLHXPOLHJHQGHQ,1
Chärnsbach,1
Buechwigger,1
Huetterbach,1
QJHERWVSODQXQJ,1
EHUJHRUGQHWHQ9HUNHKUPLWDOOIlOOLJHQ,1
QJHERWHQYRQSULYDWHQ,1
QELHWHUQ,1
QJHERWVIRU,1
XD0LWIDKUV,1
HSWHUJHEHQGHQ,1
QIUDVWUXN,1
RSSHOVSXU6DUQHQ,1
ZHLQHXH,1
KI6DFK,1
6D6F,1
QJHERWV,1
EHUODJHUXQJGHU,1
LQLHQ6DUQHQ,1
6WDQVXQG6DUQHQ,1
QIDKUWXQGHLQHUHVVRXU,1
FHQVFKRQHQGH0RELOLWlWLQGHQ7RXULVPXVRUWHQ,1
XVEDXPDVVQDKPHQ6FKLHQHQLQIUDVWUXNWXU,1
XQJVVWHOOH,1
XQJVVWHOOH7HOOL,1
RSSHO,1
VSXU,1
lJLVZLOELV,1
U7RXULVWHQ,1
LH7RXULVPXVJHPHLQGHQ,1
HUQVJHZlKUOHLVWHQ,1
XVDPPHQPLW2EZDO,1
GHQ7RXULVPXVUHVSHNWLYHGHU,1
QJHOEHUJ7LWOLV7RXULVPXV,1
XQGGHP7DULIYHUEXQG,1
UHLQHXPZHOWYHUWUlJOLFKH,1
WYNA_1,1
WUER_1,1
39c,1
Ettisbühl,1
DVHO,1
JOLFKVWDWWUDNWLYH8PVWHLJHEH,1
LHKXQJHQ,1
XVDPPHQKDQJVLQGDXFKDOOIlOOLJHYRUJHODJHUWH35,1
GLVULHG,1
6NLEXV,1
HLWYHUNHKUZLHGHUDQ,1
HGHXWXQJJHZRQQHQ,1
HVFKlIWLJWHXQG,1
HQGDV9HORI,1
XVKDOWHVWHOOH'DV,1
9HORZLUGDXFKI,1
JHUQXQGGLH7XUUHQEDKQ,1
6FKRULHG,1
QELQGXQJYRQ6FKRULHGDQ,1
GHQYRQ,1
XQJ6DFK,1
DQJLV,1
QELQGXQJGHU6LHGOXQJVJHELHWH2UWVWHLOH,1
DQGHQ,1
XOlV,1
VLJ,1
QSDVVXQJ,1
LQLHQ,1
LHJHOK,1
WWH,1
QELQGXQJGHV6LHG,1
OXQJVJHELHWVUHVSGHU2UWVWHLOHDQGHQ,1
JOLFKVWGLUHNWH,1
UVFKOLHVVXQJ6FKRULHGYJO,1
DQWRQVVSLWDOHYWODXFK,1
KI6DFKVHOQ,1
QJHERWVHUJlQ,1
XQJHQ6DUQHQ,1
2UWVEXV,1
QWHJUDWLRQGHV2UWVEXVV,1
QDKPHGHVGHXWOLFKUHVVRXUFHQLQWHQVLYHUHQPRWRULVLHUWHQ9HUNHKUVVRZLHGHUGDUDXVIROJHQGHQ,1
6WUDVVHQLQIUDVWUXNWXUDXVEDXWHQ,1
HLWEHUHLFKVWHOOWGHU9HORYHUNHKUHLQHQ,1
ZHVHQWOLFKHQ,1
FNSIHLOHUGHUQDFKKDOWLJHQ,1
HLWHUHQWZLFNOXQJVRZRKOGHVVDQIWHQDOVDXFKGHV,1
LQWHQVLYHQ7RXULVPXVGDU,1
XQJHLQ,1
DQWRQVWHLOHQ,1
YRUDOOHPEHL0RELOLWlWVEHG,1
UIQLVVHQLQGHQ2UWVFKDIWHQEHLRUWV,1
EHUJUHLIHQGHQ9HUNHKUVEH,1
KXQJHQLPIODFKHQXQWHUHQ6DUQHUDDWDOXQGDOV7HLOHLQHU0RELOLWlWVNHWWHLQ9HUELQGXQJPLWGHP,1
XGHPZLFKWLJI,1
UGLHTXDOLWlWVYROOH,1
XHLQHUDEJHVFKZlFKWHQ,1
VRUJHQ,1
XGHPI,1
HLQHZHLWHUH'LYHUVLIL,1
EHGDUI8PZHOWDXVZLUNXQJHQXQG,1
QHUJLHEHGDUIHLQlXVVHUVWUHV,1
VRXUFHQVFKRQHQGHV9HUNHKUVPLWWHO,1
OOWDJVYHUNHKUOLHJWGDV3RWHQ,1
LDOLQDOOHQ,1
UNOHLQH,1
LQNlXIHGHVWlJOLFKHQ,1
P7RXULVPXVXQG,1
5DGIDKUHQ,1
W-HQDFK,1
QQHQQLFKWDOOH,1
PLWGHUVHOEHQ,1
QIUDVWUXNWXUDEJHGHFNWZHUGHQ1HXHUH7HFKQRORJLHQ,1
JHQHWF,1
XQJGHV9HORVVROO,1
XGHPGXUFKEHVRQGHUH'LHQVWOHLVWXQJHQ,1
LNH6KDULQJ,1
RPPXQLNDWLRQXQG,1
UGHUXQJ,1
HPHLQGHQVWHKWGHP9HORYHUNHKULQQHURUWVHLQ,1
XVDPPHQKlQJHQGHVGLUHN,1
XVDPPHQKlQ,1
JHQGGLUHNWVLFKHUXQGDWWUDNWLY,1
QQHURUWVVROOGHU9HORYHUNHKULQGHU,1
5HJHOLP0LVFKYHUNHKU,1
DXVVHURUWVDXI9HORVWUHLIHQRGHUVHSDUDWHQ9HORZH,1
JHQJHI,1
KUWZHUGHQ'LHKLVWRULVFKHQ,1
XVKDOWHVWHOOHQ6FKXOHQ6SRUWDQOD,1
UIQLVVHYRQ,1
XPRELOLVLHUHQLVWHUDOVJOHLFKZHUWLJH9HUNHKUVDUWLQDOOHQ3ODQXQJHQPLWHLQ,1
LHKHQXQGHLQHYHUNHKUVPLWWHO,1
EHUJUHLIHQGNRRUGLQLHUWH8PVHW,1
XQJYRQ0DVVQDKPHQVL,1
FKHU,1
QVEHVRQGHUHLVWLPJDQ,1
XQWHUHQ6DUQHUDDWDO,1
LQIUDVWUXNWXULVWSULPlUDXIGLH,1
XQJDXVJHOHJWZREHLGHU,1
GHUQDWLRQDOHQXQGUHJLRQDOHQ6FKZHL,1
PRELO5RXWHQJXWHLQJHEXQGHQ,1
LVW'DVI,1
8PGDV3RWHQ,1
LDOGHV9HORYHUNHKUV,1
EGHFNXQJGHU0RELOLWlWVEHG,1
Rachmaninov-Quai,1
M12,1
Seebe,1
M16,1
M17,1
Schönbühl,1
Alpenquai,1
Ufschütti,1
Husermatte,1
Trottli,1
Lido,1
M05,1
Warteflue,1
M08,1
Hertenstein,1
Grütschele,1
Hüswil–Zell,1
West–Nebikon,1
Seesatz–Adelwil,1
Lindenhof–Schaubere,1
Bruggacher–Mühlihof–Erlestud,1
Egolzwilerberg–Wellbrig–Gläng,1
Chlistein,1
M04,1
PXQWHUHQ6DUQHUDDWDOJLOWGLHV,1
UGLH9HORYHUELQGXQJHQ,1
DXKHUUHQIOLHVVHQGLH,1
QIRUGHUXQJHQGHV9HORYHUNHKUVDOV,1
ZLFKWLJHV9HUNHKUVPLWWHOI,1
Mättiwil,1
Buerischache,1
Götzental–Längenbold–Perler,1
YDWHQ,1
DXKHUUHQ,1
UGHQ9HORYHUNHKU6FKDIIXQJYRQDXV,1
UHLFKHQGHQXQGDWWUDNWLYHQ,1
JOLFKNHLWHQXVZ,1
2SWLPLHUXQJ9HORLQIUDVWUXNWXU,1
QLJVWUDVVH6DU,1
LOHUVWUDVVH6DUQHQ,1
VDPPHQKlQJHQGH,1
KUXQJGHV9HORYHUNHKUVVRZLHDXIGLH,1
QIRUGHUXQJHQGHUYHU,1
HUJUXSSHQ,1
LNHU9HORIDKUHU,1
XQGQHXHU7HFKQRORJLHQ,1
QOLHJHQGHV9HORYHUNHKUVLQ,1
IIHQWOLFKHQXQGSUL,1
QWZLFNOXQJVJHELHWHXQGDQZHLWHUHZLFKWLJH,1
NHKUVLFKHUVWHOOWXQGHLQDWWUDNWLYHV,1
QJHERWDQ,1
EHUJHRUGQHWHQNDQWRQDOHQXQGNRPPXQDOHQ9HORYHUELQGXQJHQ,1
HPHLQGHQVRUJHQJHPlVVMHZHLOLJHU6WUDVVHQKRKHLWGDI,1
UGDVV,1
QOLHJHQGHV9HORYHUNHKUVEHLGHU3ODQXQJXQG5HDOLVLHUXQJYRQ9HUNHKUVLQIUD,1
IIHQWOLFKHQ5lXPHQHLQIOLHVVHQ,1
Seeland–Seeallee,1
HLWPRELOLWlWHLQ,1
OO,1
WDJVXQG,1
HQGLHVHQXP,1
KlQJHQGGLUHNWVLFKHUXQGDWWUDNWLY,1
ZHOFKHVQHEVWGHQZLFKWLJHQLQQHU,1
IHGLHQHXHQ,1
UIQLVVHQXQG,1
XVVYHUNHKULVWDXFKLQ,1
XJDXIHLQHTXDOLWlWVYROOH6LHGOXQJVHQWZLFNOXQJQDFKLQQHQYRQ,1
XWR,1
OHJWZHUGHQ,1
DQGHUQHLQZLFKWLJHU,1
OXQJGHVVDQIWHQ7RXULVPXVLPJHVDPWHQ,1
LHGDV9HORIDKUHQ,1
LQNDXIHQRGHU,1
GLHVGDV,1
DQGHUQHLQHQVHKUKRKHQ6WHOOHQZHUW-HQDFK0RELOLWlWV,1
ZHFNVLQGGLH,1
XVVYHUNHKUVVHKUXQWHUVFKLHGOLFK,1
XIXVVJHKHQLVWGLHUHVVRXUFHQVFKRQHQGVWH9HUNHKUVDUWXQGELHWHWHLQJURVVHV3RWHQ,1
OOWDJVYHUNHKUOLHJWGLHVHV3RWHQ,1
UWOLFKHQ0RELOLWlWVEHG,1
XDOOH,1
OOWDJVRGHU,1
FNDXIZHOFKHV,1
FNJHOHJWZLUG,1
HJHYRPXQG,1
RGHUYRQ,1
GHUXQG,1
DOWHVWHOOHGHV,1
XDI,1
U6FK,1
OHUYHUNHKU,1
LOHQ,1
XQJ6DU,1
1HXHRSWLPLHUWH9HUELQGXQJYRQ,1
HUQVQDFK6WDQV,1
XVVYHUNHKU,1
UGHUQGDV,1
XIXVVJHKHQZDVZLHGHUXP,1
HOHEXQJGHU2UWVFKDIWHQLQVEHVRQGHUHGHU,1
XGHUHQ,1
XI4XDU,1
WLHUVWUDVVHQVROOGHU,1
XVVYHUNHKULQGHU5HJHOLP0LVFKYHUNHKU,1
KUWZHU,1
XQJYRQ0DVVQDKPHQVLFKHU,1
QVEHVRQGHUHLQQHU,1
KDOEGHU6LHGOXQJVJHELHWHVROOHLQ,1
VLFKHUXQGDWWUDNWLY,1
JXQJJHVWHOOWZHUGHQ,1
WWUDNWLYH,1
XVVZHJHXQG,1
IIHQWOLFKH5lXPH,1
UIQLVVHDXVJHULFKWHWVHLQ,1
8PGDV,1
XVVYHUNHKUVSRWHQ,1
UWOLFKHQ9HUNHKUDXV,1
SIHQLVWGDV,1
XIXVVJHKHQ,1
DOVJOHLFKZHUWLJH9HUNHKUVDUWLQDOOHQ3ODQXQJHQPLWHLQ,1
WHO,1
VWlUNWHLQYHUPHKUWHV,1
QQHUKDOEGHV6LHGOXQJVJHELHWVLVWLQGHU5HJHOHLQ,1
XVVZHJHQYRUKDQGHQ'LH,1
GHPJLEWHVLQVEHVRQGHUHEHL4XHUXQJHQ,1
DXSWVWUDVVHQ6LFKHUKHLWVGHIL,1
XVVHUKDOE,1
DQGHUZHJHQ,1
VVROODXIEHVWHKHQGHXQG,1
HPHLQGHQHUDUEHLWHQLP5DKPHQLKUHU2UWVSODQXQJHQHLQHQNRPPXQDOHQ,1
HQGLHVHQXP'HU,1
SODQXPIDVVWVRZRKOHLQGLFKWHV,1
UWOLFKHV,1
ZHOFKHVLQVEHVRQGHUHGLH2UWV,1
QWZLFNOXQJVJHELHWHXQGZHLWHUHZLFKWLJH,1
6FKXOHQ,1
3IOHJHKHLPH6SRUWDQODJHQ,1
XVDPPHQKlQJHQGHVGL,1
UHNWHVVLFKHUHVXQGDWWUDNWLYHV,1
XQGLQGHUIUHLHQ,1
DQGVFKDIWEHVWHKWHLQDWWUDNWLYHVEHG,1
UIQLVJHUHFKWDXVJHVWDOWHWHV,1
DXKHUUHQZHUGHQGLH,1
XVVYHUNHKUVDOVZLFKWLJH,1
XIXVVJHKHQDOVJHVXQGHXQGDWWUDNWLYH,1
OHU,1
XVVYHU,1
NHKUVIOlFKHQ,1
XOHJHQVRGDVVVLFK,1
HKLQGHUXQJHQ,1
JOLFKVWVHOEVWlQGLJEHZHJHQN,1
QQHUKDOEGHV6LHGOXQJVJHELHWVVWHKWGHP,1
XVVYHUNHKUHLQ,1
GHQHQWODQJVWlUNHUEHIDKUHQHU6WUDVVHQVLQG7URWWRLUVXQGVLFKHUH4XHUXQJVVWHOOHQYRU,1
XVH,1
KHQ'LHKLVWRULVFKHQ,1
HUQHGLHJHSODQWHQ6LHGOXQJVHQWZLFNOXQJHQLQ,1
XVKDOWHVWHO,1
OHQ6FKXOHQ6SRUWDQODJHQHWF,1
VLQGEHVRQGHUVJXWLQV,1
LQVSH,1
SHULPHWHUEH,1
UVWHOOXQJYRQ1HEHQDQODJHQULFKWHQVLFKKLQJHJHQ,1
XQJVSOlQH,1
P6,1
DKOYRQ,1
QWZXUI2EMHNWEODWWYRP,1
XQJVYHUKlOW,1
QLVVHQHX,1
UEHLWVIO,1
JHHLQ,1
JHULFKWHWZHUGHQZHOFKHGHQXUVSU,1
QJOLFKGRUWJHSODQWHQQHXHQ,1
LVWLQGHVVHQDXV,1
XVFKOLHVVHQ,1
QODJHQGLHGHP,1
OXJEHWULHEGLHQHQLVWLP6DFKSODQ9HUNHKU,1
XVVYHUNHKUV,1
XQGDXIHLQHKRKH,1
HUELVKHUSURYLVRULVFK,1
QIWLJUHJXOlUDOV,1
LYLOHV,1
OXJIHOG,1
JXQJVWHKHQ,1
HOLNRSWHUEDVLVI,1
UKROXQJVJHELHWHHWF,1
PLWGHQ,1
DQWRQNRRUGLQLHUWGLH3ODQXQJXQGGLH,1
QSDVVXQJHQGHV,1
PlVVNDQWRQDOHP5LFKWSODQI,1
IIHQWOLFKHQ5lXPHQ,1
JOLFKVWNRQVLVWHQWH,1
KUXQJGHV,1
HQDOV,1
XOWXUUDXPDOV,1
UOHEQLV,1
UDXPDOV,1
UOLFKHQ5HVVRXU,1
FHQ'LH,1
EHLWHWLQXQGPLWGHU,1
XQJVDUWI,1
OHEHQ'LHGXUFKGHQ,1
0HQVFKHQJHSUlJWHQ6LHGOXQJVXQG,1
XOWXUUlXPHVLQGHEHQVR7HLOGHU,1
DQGVFKDIWZLHYRQGHU1DWXUJHIRUPWHZHQLJEHU,1
KUWH5lXPH,1
DQGVFKDIWHUI,1
OOWYLHOIlOWLJH,1
U0HQVFK7LHUXQG3IODQ,1
JHVXFKV,1
UHLQHDOOIlOOLJH,1
DQGXPOH,1
XNRRUGLQLHUHQ'LHJHWURIIHQHQ,1
5HJHOXQJHQZHUGHQDQVFKOLHVVHQGLQGLH2UWVSODQXQJYRQ6DUQHQ,1
8PJDQJPLWGHU,1
DQGVFKDIWXQGLKUHQ4XDOLWlWHQ,1
OOWDJZDKUQHKPHQXQGHU,1
XUHJHOQ'LHQHX,1
OlFKHQDQVSU,1
KDOWHU,1
XHUEULQJHQGHQ9RUVFKOlJHI,1
UNRQNUHWH0DVVQDKPHQ,1
NRORJLVFKHQ,1
JOHLFKPLWWHOVORNDOHQ5HYLWDOLVLHUXQJHQDQ,1
OLHVVJHZlVVHUQ,1
LU-23,1
LU-07,1
LU-03,1
LU-25,1
LU-08,1
LU-09,1
Retschwil–Oberreinach,1
Schenkon–Mariazell,1
Hellbühl,1
Escholzmatt–Schüpfheim,1
ZG-06,1
LU-05,1
LU-12,1
LU-13,1
LU-11,1
LU-02,1
XQGQDWXUUlXPOLFKH6HKHQVZ,1
UGLJNHLWHQGLHGHP,1
DQWRQQDFKDXVVHQHLQ,1
HVLFKWJHEHQ,1
Grosswangen–Ettiswil,1
Ruswil–Buttisholz,1
Wolhusen–Menznau,1
Stadt–Menznau,1
XQJVDUWHQYHUORUHQJHKHQRGHU,1
LQLKUHU9LHO,1
DKODQ,1
XQNWLRQHQHLQJHVFKUlQNWZHUGHQ,1
DQGVFKDIWLVWHLQHEHVRQGHUH6WlUNHGHV,1
OXQJVVWUDWHJLH,1
DQWRQ2EZDOGHQYHUI,1
EHUHLQLJHEHNDQQWHODQGVFKDIWOLFKH,1
DQGVFKDIWVTXDOLWlWLP9RUGHUJUXQG,1
DQGVFKDIWVSODQXQJXQG,1
SIOHJHYJO,1
6LHGOXQJVXQG2UWVELOGHUVLQGHEHQIDOOVZLFKWLJH,1
VFKDIWHLQJHSIOHJWHV6LHGOXQJVELOGWUlJWHEHQVR,1
DQWRQ2EZDOGHQZLUGHUKDOWHQXQGJH,1
HUWGHU,1
DQGVFKDIWI,1
DVVHUEDX5HJLRQDOHQWZLFNOXQJXD,1
DKOUHLFKH,1
NWHXUHHLQEH,1
QDKHQ,1
YRUPHQVFKOLFKHQ,1
VVHQLQGHU5HJHOREHUVWH3ULRUL,1
XOWXUODQGVFKDIWHQLQVEHVRQGHUHGHU,1
UKDOWXQGGLH,1
DQWRQV2EZDOGHQDXVGHPEHY,1
ONHUXQJVUHLFKHQ0LWWHOODQGELOGHQHLQEHWUlFKWOLFKHV3R,1
XQJGHUODQGVFKDIWOLFKHQ5HVVRXUFHQ,1
DQWRQVELHWHW5,1
XJVXQG,1
7RXULVPXV1DKHUKROXQJ,1
XQGVFKDIIWI,1
UHLHQ,1
lKOHQ,1
ODXEHQEHUJRGHUGHUDOSLQJHSUlJWH7DONHVVHOYRQ,1
QJHOEHUJ'DU,1
KLQDXVLVWGHU,1
DQWRQUHLFKDQODQGVFKDIWOLFKHQ,1
OHLQRGHQZHOFKHGLH4XDOLWlWXQG9LHOIDOWGHU,1
DQGVFKDIWUHSUlVHQWLHUHQ'LHYLHOVHLWLJH,1
DQGVFKDIWVRZLHGLH1lKHXQGJXWH,1
XVGHKQXQJHUKDOWHQDOV,1
OSZLUWVFKDIWPLWKRFKZHUWLJHQ3URGXNWHQVRZLHDOVQDWXUQDKHXQG,1
NR,1
FNVLFKWLJWGDV,1
UIQLVQDFK,1
HJHJQXQJXQGLQWHJULHUWKLHUI,1
UJHHLJQHWH,1
HZHJXQJVXQG,1
5DXPXPHLQHQQDWXUQDKHQ,1
XVWDQG,1
XHUUHLFKHQ'LH,1
6HHQJHELHWHZHUGHQDOV,1
KRFKZHUWLJH,1
SLVFKHQ,1
OHPHQWHQXQG6WUXNWXUHQ,1
PPHUXQJVJHELHWHEOHLEHQLQGHUKHXWLJHQ,1
U7LHUHXQG3IODQ,1
HQGDU6LHZHUGHQHUKDOWHQDXIJHZHUWHWRGHU,1
JOLFKNHLWHQQHXJHVFKDIIHQ,1
U1DWXUXQG,1
JHVWHOOWXQGREMHNWVSH,1
HZlVVHUZHUGHQDOV,1
HEHQVDGHUQGHU,1
DQGVFKDIWDXIJHZHUWHWXQGHUKDOWHQ,1
ONHUXQJZLHDXFKI,1
RKOEHILQGHQUlXPOLFKH,1
GHQWLILNDWLRQ6WDQGRUWDWWUDNWLYLWlW1DKHUKROXQJ,1
OHPHQWH,1
ZLHXQWHU,1
NRORJLVFKHQ7UDJIlKLJNHLWGHV,1
FNHQVWHLQPDXHUQ,1
DQGVFKDIWZHVHQWOLFKXQGVWHO,1
QXQJXQGNRRUGLQLHUHQGLHVHPLWGHQHQWVSUHFKHQGHQ3ODQXQJHQGHV,1
UHU1DFKEDUJHPHLQGHQ,1
DQGVFKDIWOLFKH,1
HLFKQHWHQODQGVFKDIWOLFKHQ,1
GHQWLWlWV,1
UlXPHVWUXNWXULHUHQGLH2EZDOGQHU,1
QQHQSUl,1
LVLHUHQGGLHIROJHQGHQ,1
LHOHQPLWLKUHQ3ODQXQJHQ,1
DXIGDV6LFKHUQ,1
LHGHUKHUVWHOOHQXQG6FKDIIHQYRQ,1
DQGVFKDIWVTXDOLWlWHQ6LHQHK,1
GHQWLWlWVUlXPHPLWGHUHQ4XDOLWlWHQXQG,1
KDUDNWHULVWL,1
NHQ,1
DQGVFKDIWVSODQXQJLQLKUH2UWVSOD,1
DQGVFKDIWVTXDOLWlWHLQ,1
DQGVFKDIWVTXDOLWlWHQ,1
6FKDIIXQJYRQ,1
HUDWXQJEHLGHUTXDOLWDWLYHQ,1
HQVLFKLP5DKPHQLKUHUUDXPZLUNVDPHQ7lWLJNHLWHQI,1
VFKRQHQGH,1
QWZLFNOXQJYRQ1DWXUXQG,1
DQGVFKDIWHLQ6LH,1
UHLUlXPH,1
6LHGOXQJVJUHQ,1
XU6LFKHUXQJYRQ,1
HVRQGHUVQDWXUQDKHXQGDUWHQUHLFKH,1
DXYRUKDEHQI,1
UHLQHVFKRQHQGH,1
QWZLFNOXQJYRQ1DWXU,1
DQGVFKDIWXQGHLQHKRKH,1
Dagmersellen–Langnau,1
Waldibrugg,1
Mosen–Altwis,1
Triengen–Büron,1
Buchs–Knutwil,1
Wauwiler,1
Ebene–,1
Dagmersellen–Uffikon,1
5HJLRQDO,1
UIHU,1
HUQV6DFKVHOQXQG,1
lQGOLFKHU5DXPXQG,1
QWHQVLYUDXP,1
LU-2,1
Haglere,1
INR,1
OSQDFKXQG6DUQHQI,1
DKUQHKPXQJGHU,1
QUHLVHQGHQVRZLHGHP,1
UKDOWGHUWUDGLWLRQHOOHQOlQGOLFKHQ,1
3UlJXQJXQGGDPLWGHULGHQWLWlWVVWLIWHQGHQ,1
LUNXQJI,1
UGDV6DUQHUDDWDO5HFK,1
QXQJJHWUDJHQ,1
UDNWHULVWLNHQ,1
LHOHXQG5DKPHQEHGLQJXQJHQIHVWJHKDOWHQZHUGHQ,1
VVWH3RWHQ,1
LDOI,1
LUWVFKDIWVUDXPV2EZDOGHQGXUFKQHXH,1
UDOHQ,1
HGHXWXQJGHV,1
DQGVFKDIWVUDXPV,1
URVVWHLOHU,1
RGHQ,1
XQJHUQPLW2EVHHXQG,1
UEHLWVJHELHWH,1
LVFKHQ6HJHOQ,1
XQJHUHUVHH7XUUHQ6FK,1
QGRRU,1
ODQGVFKDIWOLFKHU,1
HVDPWNRQ,1
HSWHQWZLFNHOWZHUGHQXQG,1
HZRKQHUXQG7RXULVWHQJOHLFKHUPDVVHQDWWUDNWLYVHLQ,1
HQXQGPLWGHQODQGZLUWVFKDIWOLFKHQ,1
XUFKKRKH,1
QIRUGHUXQJHQDQGLHODQGVFKDIWOLFKH,1
DXWHQZLUG,1
6WUHXVLHGOXQJXQG,1
VFKDIWOLFKHU,1
EHQHVROOVHLQH,1
KRFKZHUWLJHV,1
RKQJHELHWI,1
URUWVDQVlVVLJH3HUVRQHQEHKDOWHQXQGVLFKTXDOLWD,1
WLYLQ,1
LQNODQJPLWGHU,1
DQGVFKDIWXQG1DWXUZHLWHUHQWZLFNHOQ,1
LU-15,1
Zell–Gettnau,1
Willisau–Alberswil,1
DVVHUVSRUWDUWHQ,1
6DUQHUVHH6DUQHU,1
lFKHQXQG,1
GHUQ,1
XQJPLWKRKHUODQG,1
XQGGHU6LHGOXQJLQVEHVRQGHUHLKUH3UlJXQJGXUFKGDV,1
HQHGLNWLQHU,1
NORVWHU,1
UXWWVROODOVYLHOIlOWLJH7RXULVPXVGHVWLQDWLRQDN,1
QWHQVLYUlXPH,1
QJHOEHUJXQG7LWOLVWRXULVWLVFKHU,1
QDWXUUlXPOLFKHQ,1
UXQQL1DWXUUDXP,1
3LODWXVDOV,1
HUJJHVFK,1
WH1DWXUXQG,1
DQGVFKDIWYRQQDWLRQDOHU,1
OSXQG,1
HQWUDOVLQGGDEHL,1
HELUJVODQGVFKDIWPLWLKUHQQDWXUUlXPOLFKHQ,1
HUWHQ,1
XP3LODWXVXQGDOV7RU,1
ZHUWHQ,1
KQOLFKHQ,1
VLFKWLJXQJGHU9RUJDEHQGHV,1
ODXEHQEHUJXQG,1
LNHQ6NLODQJODXI6NLWRXUHQ,1
LQWHUVSRUWI,1
7DJHVWRXULVPXV,1
HVWKlQJHGHV,1
XQJHUHUVHHV6HHXIHU,1
DVEHUHLWVKRFKZHUWLJHWRXULVWLVFKH,1
QJHERWDXIKRKHP1LYHDXHUKDOWHQXQG,1
XQJPLWEHVWHKHQGHQ,1
QJHERWHQDXV,1
EDXHQ,1
OSQDFKVWDGDOV'HVWLQDWLRQ,1
HEVHH2VWIODQNH,1
QJHOEHUJHU7DOXQG,1
RFKDOSHQ,1
UXWWXQG7DQQHQPLWXPJHEHQGHQ,1
HUJHQ,1
RQNUHWLVLHUXQJGHU,1
GHQWLWlWVUlX,1
PHQPXVVLP5DKPHQGHU2UWVSODQXQJHUIROJHQ,1
7RXULVWLVFKEHUHLWVHUVFKORVVHQHV,1
XUUHQ,1
UXSSHQXQWHUN,1
QIWH,1
HLW2XWGRRU,1
URVVHQ,1
bOJJLDOSREHUKDOEGHVNOHLQHQ0HOFKWDOV,1
HELUJVODQGVFKDIW7LWOLV,1
LNHQLQGHQ0HOFKWlOHUQ1DWXUEHREDFK,1
WXQJLPJDQ,1
DQGHUQ6SD,1
LNHQLQGHU8PJHEXQJYRQ,1
DOOIDKUWVWRXULVPXV,1
QJHOEHUJXQG8PJHEXQJPLW6SUXQJVFKDQ,1
HEVHH'DV,1
XVJDQJVSXQNW5LVWLV,1
DKQHQXQG,1
OHLQHV0HOFKWDOWRXULVWLVFKHU,1
JOLFKNHLWHQXQGWRXULVWLVFKH,1
QJHERWHLQ,1
UXQQLXQG,1
6NLIDKUHQ,1
DQJODXI6FKOLWWHOQ6FKQHHVFKXKODXIHQ,1
JHOQDXI0HOFKVHH,1
Willisau–Menznau,1
Gondiswil–Hüswil,1
Willisau–,1
Vitznau–,1
B144,1
Burkart,1
SVR,1
Härkingen-Niederbipp,1
FKHDNWLYHLQEULQJHQNDQQ,1
NWHXUHVLQG,1
Perlen–Burgschachen,1
Moos–Hübeli,1
Modalsplit,1
Ruopigen,1
Menznau–Gettnau,1
Rothenburg–SempachNeuenkirch,1
XHUKDOWHQ6ROFKH9RUVWHOOXQJHQODVVHQVLFKLQ,1
RUPYRQ,1
HSWHQIHVWKDOWHQ,1
XQGSROLWLVFKYHUDQNHUQ,1
LQDNWLYHU,1
RUWVDQVlVVLJHQ,1
ONHUXQJLQGLH,1
XQJZHLOGLH,1
LQHYRQGHUgIIHQWOLFKNHLWJHWUDJHQH,1
RUGQHWH9RUVWHOOXQJGDU,1
EHUZLHVLFKGLH,1
HELHWHQWZLFNHOQVROOWUlJWPDV,1
XEHLGDV,1
DQGVFKDIWYHUVWlUNWLQ,1
HQXQGGLH,1
LQPDOLJ,1
UOLFKHU,1
DFKOlXIH,1
QHOOHU,1
XOWXUODQGVFKDIWVHOHPHQWHZLH,1
RFKVWDPPREVWElXPHDUWHQUHLFKH,1
OXPHQZLH,1
UHQGHU,1
FNVLFKWLJXQJXQG,1
LQELQGXQJYRQ,1
RQHQXQGREMHNWHQLQGDV,1
FNVLFKWLJXQJYRQXQG,1
EVWLPPXQJPLWDQGHUHQUDXPZLUNVDPHQ0DVVQDKPHQ,1
QHUJLHSURGXNWLRQ,1
NRORJLVFKHQXQGlVWKHWLVFKHQ5HYLWDOLVLHUXQJVXQG,1
XIZHUWXQJVPDVV,1
QDKPHQ,1
ODQJIULVWLJHQ6LHGOXQJVJUHQ,1
HQJHPlVV,1
QUlXPHLQQHUKDOEGHU6LHGOXQJHQ,1
XIZHUWHQGHV,1
IIHQWOLFKHQ5DXPVPLW1DWXUHOHPHQWHQ,1
JHOXQG,1
QVHNWHQHLQKHL,1
PLVFKH,1
QWHUHVVHQYHUElQGH,1
QKDOWHHLQHV,1
LHOHQI,1
UHLQ,1
HOQH7HLOUlXPHVLQGXD,1
XIZHUWXQJYRQVLHGOXQJVJOLHGHUQGHQ,1
QUlXPHQE,1
ZYRQ,1
XUTXDOLWDWLYHQ,1
LQQHUKDOEXQGDXVVHUKDOEGHU6LHGOXQJVUlXPHXQWHU,1
DQGZLUWVFKDIW6LHEHU,1
FNVLFKWLJHQGDEHLGLHEHVRQGHUHQODQGVFKDIWOLFKHQ,1
UDNWHULVWLNHQGHU,1
GHQWLWlWVUlXPHXQG,1
ZLFNHOQZROOHQ,1
VFKDIWVNRQ,1
WHQI,1
U1DKHUKROXQJ7RXULVPXVXQGgNRORJLH,1
ONHUXQJHU,1
DQGVFKDIWDOVUHJLR,1
QDOHV7KHPDZHUGHQGLH,1
HPHLQGHJUHQ,1
HQKLQDXVDXIHLQDQGHU,1
LHOHVRZLH0DVVQDKPHQ,1
LHOJHULFKWHWHQ,1
DQGVFKDIWVTXDOLWlWEHL'LHVSH,1
LILVFKHQ4XDOLWlWHQ,1
GHUYLHU,1
GHQWLWlWVUlXPH2EZDOGHQVZHUGHQGXUFK,1
DQGVFKDIWVHQWZLFNOXQJVNRQ,1
HSWHI,1
X0HKUZHU,1
LHOHDXVGHQ,1
9HUEHVVHUXQJGHU,1
UOHEEDUNHLWYRQ1DWXUXQG,1
OOHHQXQG,1
DXPUHLKHQ,1
JDQJ,1
H3DUNElQNH9HU,1
VSKDOWLHUXQJYRQ1DWXUZHJHQRD,1
HElX,1
GHEHVWDQG,1
HZDKUHQGHVOlQGOLFKHQ,1
KDUDNWHUVE,1
8PJDQJPLW1DWXUJHIDKUHQ,1
KRKH'LFKWHDQ,1
RFKXQG,1
ODFKPRRUHQ,1
DQGVFKDIWVTXDOLWl,1
6LHGOXQJVGUXFNEHZlOWLJHQ,1
RFKVWDPPREVWElXPH,1
NOHLQWHLOLJHOlQGOLFKH6WUXNWXUHQ,1
3RVWHQNDUWHQ,1
6LHGOXQJHQDP7DOJUXQGXQGDQJXWHUVFKORVVHQHQ,1
hEHUJDQJLQ9RUDOSHQ,1
QWHLOODQGZLUWVFKDIWOLFKHU,1
WRQVKDXSWRUW6DUQHQ,1
TXDOLWDWLYEHVWJHHLJQHWH,1
DQGZLUWVFKDIWVIOlFKHQ,1
DKODQ6LHGOXQJV9HUNHKUVXQG,1
QHUJLHLQIUD,1
VWUXNWXUHQ,1
KRKHODQGVFKDIWOLFKH4XDOLWlWHQGXUFK6HH,1
HZDKUHQGHU6LHGOXQJVXQG,1
HPHLQGHQHUDUEHLWHQ,1
GHUYRUJHVHKHQHQ0DVVQDKPHQZHUGHQNRQNUHWHPLWGHQ0DVVQDKPHQ,1
X6LHG,1
OXQJVHQWZLFNOXQJNRRUGLQLHUWH3URJUDPPHHUODVVHQ,1
DUWH5DXPHQWZLFNOXQJVVWUDWHJLHI,1
UUlXPOLFKH,1
UUHLFKEDUNHLWDXV,1
HUQXQG6WDQV,1
PlOHU,1
XQGHVLQYHQWDUVGHU,1
QKHLWXQGQDWLR,1
LHOOHGXUFKGDV,1
DQWRQVIOlFKHOLHJWLQHLQHU,1
DQWRQHVLQGDQJHKDOWHQGDV,1
UHQ3ODQXQJHQ,1
LQVEHVRQGHUHLQGHUNDQWRQDOHQ5LFKWSODQXQJ,1
DQGVFKDIWVHQWZLFNOXQJ,1
9RUUDQJJHELHWH1DWXUXQG,1
OV9RUUDQJJHELHWH1DWXUXQG,1
HJHEHQKHLWHQ,1
GLHLQ,1
XJDXI1DWXUXQG,1
DQGVFKDIWEHVRQGHUVHUKDOWHQVZHUWHQ,1
DQGVFKDIWHQ1DWXUGHQN,1
WRXULVWLVFKJHSUlJWH5lXPH,1
QWHJUDWLRQGHUWRXULVWLVFKHQ,1
DOG6HHQXQG,1
OLPDYHUlQGHUXQJ,1
3RWHQWLDOJHELHWHXQG,1
RUULGRUH,1
EHUFKWROGNUDVVVSDFH,1
XQJGHVNDQWRQDOHQ5LFKWSODQV,1
DONJHELUJHGHV3LODWXV,1
LQVJHVDPWKRKH1DWXUSUlJXQJ,1
0RVDLNDXV0RRUHQ,1
HLGHQXQG,1
IWHDQGHQXQWHUHQ,1
HUJODQGVFKDIWHQXQWHUVFKLHGOLFKHU,1
XVSUlJXQJ,1
KRFKDOSLQJOD,1
Beromünster–Reinach,1
Sursee–Schöftland,1
Ruswil–Nebikon,1
Waldibrücke–Dietwil,1
Sursee–Willisau,1
–Kulm,1
Kaltbad–First–Rigi,1
partizipa,1
Schweizerhofquai–Nationalquai,1
Luzern–Hochdorf,1
Gelfingen–,1
Hitzkirch–Beinwil,1
Luzern–Sins,1
Stilli,1
Gisikon–Sins,1
Gisikon–Honau,1
XYHUEHVVHUQ8PGLHV,1
Luzern–Gisikon,1
Gisikon–Knonau,1
Winkel–Alpnachstad,1
Horw–Alpnachstad,1
Luzern–Werthenstein,1
Willisau–Huttwil,1
Entlebuch–Langnau,1
JHELHWHVLQGRIWJURVVIOlFKLJXQGXPIDVVHQ,1
DQGVFKDIWHQGLHDXV,1
QGHQDOVEHVRQGHUVZHUWYROOXQGGDKHUDOVVFK,1
QJOLFKNHLWGHU9LHOIDOWYRQ,1
RGHULKUHUQDWXUXQGNXOWXUJHVFKLFKWOLFKHQ,1
XGLH,1
SLVFKHQ7LHUHXQG3IODQ,1
ODQJIULVWLJ,1
SOlQHQXQG,1
ULJHQ9RUVFKULIWHQ,1
ZXUGHQGLHLQGHQ,1
QYHQWDUHQHQWKDOWHQHQ,1
PLWDQGHUHQUDXPUHOHYDQWHQ9RUKDEHQ,1
HGHXWXQJVLQGLQGHQ,1
PHUYHUELQGOLFKEH,1
UGLJHQ7LHUHQXQG3IODQ,1
XQGHVLQYHQWDUHYRQQDWLRQDOHU,1
GHPHLGJHQ,1
QIRUPDWLRQLPNDQWRQDOHQ,1
QYHQWDUJHI,1
HPHLQGHQKDEHQLQ,1
UGL,1
HELHWHXQG2EMHNWHYRQORNDOHU,1
QYHQWDUHZHUGHQSHULRGLVFK,1
DVVHUIlOOH,1
LQGOLQJH0LQHUDOXQG,1
UWGHUNDQWRQDOHQ9HURUGQXQJ,1
KDWGHU,1
QYHQ,1
HELHWHXQG2EMHNWHYRQUHJLRQDOHU,1
HVWDQGWHLO,1
GLHVHV,1
OlFKHQZLH,1
XHQ,1
0RRUHXQG7URFNHQZLHVHQXQGZHLGHQ,1
XZHUWHQXQGGLH,1
HEHQVUlXPHPLWHLQDQGHU,1
REMHNWHVLQGlVWKHWLVFKKLVWRULVFKRGHUQDWXUZLVVHQVFKDIWOLFKEHGHXWVDPH,1
DXPJUXSSHQ,1
HOElXPH,1
KUHQHLQ,1
WXQJ6LHDNWXDOLVLHUHQGLHVHVSHULRGLVFK,1
LHOHUHJHOPlVVLJXQGSDVVHQGLHVHJHJHEHQHQIDOOVDQ,1
GHXWXQJLQLKUHU2UWVSODQXQJ6LHEHU,1
FNVLFKWLJHQGLHLQGHQ,1
QYHQWDUHQIHVWJHOHJWHQ,1
WHUH0DVVQDKPHQZHOFKH,1
YROOHQ,1
KUWGDV,1
HEHQVUlXPHYRQUHJLRQDOHU,1
XQJVSODQXQJHQ,1
LHOHEHLVHLQHQUDXPZLUNVDPHQ7lWLJNHLWHQ,1
UWULIIWZHLWHUH0DVVQDKPHQ,1
XQJGLHVHU,1
HEHQVUlXPHEHLWUDJHQ,1
XQG8QWHUKDOWGHU,1
FKHUWXQGEHLEHVWHKHQGHQ,1
OXQJV,1
LHOHULFKWHQVLFKQDFKGHQQDWLRQDOHQXQGNDQWRQDOHQ,1
QYHQWDUHQ,1
XQG3XIIHUEHUHLFKDQJH,1
XQGGHQ8QWHUKDOWGHU,1
HEHQVUlXPHYRQQDWLRQDOHU,1
XQGUHJLRQDOHU,1
XQG3IOHJHPDVVQDKPHQGLHVHU,1
HEHQVUlXPHULFKWHQVLFKQDFKGHUHQEH,1
UIQLVVHQI,1
UGHUXQJ'LH,1
HEHQVUlXPHVLQGUHFKWOLFKJH,1
VLFKHUWZHUGHQ,1
QHXQGZHUWYROOH,1
DQGVFKDIWVUlXPHZHUGHQHUKDOWHQUlXPOLFKJHVL,1
1LGZDOGHQ,1
7HLOUDXP,1
HUQZDOGXQG,1
XQGHVLQYHQWDUGHU0RRUODQGVFKDIWHQYRQEHVRQGHUHU6FK,1
QKHLWXQGQDWLRQDOHU,1
XHQJHELHWHYRQQDWLRQDOHU,1
XQGHVLQYHQWDUH,1
XHQJHELHWH,1
LQHQ6FKZHUSXQNWVWHOOHQ,1
XU3IOHJHGHU0RRUODQGVFKDIWGDU,1
XJHGHVIRUWVFKUHLWHQGHQ,1
6WUXNWXUZDQGHOVGHU,1
DQGZLUWVFKDIWZLUGGLH3IOHJHGHU,1
XQJVYRUVFKULIWHQRGHU3IOHJHPDVVQDKPHQILQGHQ,1
UJHQVWRFNXQG5LJL,1
6FKOLHUHQ,1
QHQXQGZHUWYROOHQ,1
DQGVFKDIWHQEHLVHLQHQUDXP,1
ZLUNVDPHQ7lWLJNHLWHQ,1
UWULIIWZHLWHUH0DVVQDKPHQXPGHQ,1
VFKDIWHQ,1
XYHUEHVVHUQ,1
ZHFNWULIIWHUEHVRQ,1
HVWDOWXQJVPDVVQDKPHQ,1
DQGVFKDIWHQYRQQDWLRQDOHUXQGUHJLRQDOHU,1
HGHXWXQJXQGGHUHQ,1
LPNDQWRQDOHQ5LFKWSODQ,1
KUWGLHUHJLRQDOHQ,1
QYHQWDUHDNWXDOLVLHUWGLHVHSHULR,1
GLVFKXQG,1
LHOHEH,1
XIZHUWXQJUHJHOPlVVLJ,1
6DFNERGHQ,1
LQWHUHJJ,1
QGUHVHQ,1
XQGHOEDFKIDOO,1
7XPOLEDFKIDOO0HOFKWDO,1
ODWWLV7XUUHQ,1
XJHOVWHLQDXI2EVWRFNHQ,1
LUFKERGHQ0RQG,1
DOHQ,1
LJOHQ,1
8VVHU,1
ULHG,1
6LHFKHQULHG,1
6DFKVOHU6HHIHOG,1
DQHQULHG,1
6WDHGHUULHG,1
HUJOL6HHZOL6DWWHO,1
URVVWHLOHUEHUJ,1
DVVHQ,1
LQWHUJUDEHQ,1
7DQQHQ,1
bOJJL,1
6FKZDQG,1
6WRIIHOEHUJ,1
RFKXQGhEHUJDQJVPRRUH,1
ODFK,1
PRRUH7URFNHQZLHVHQXQGZHLGHQ,1
ZHUGHQLQIROJHQGHU,1
EELOGXQJXQGQLFKWDXIGHU5LFKWSODQ,1
2EMHNWHYRQUHJLRQDOHU,1
MHZHLOV2EMHNWOLVWHQXQG,1
DUWHQHLQWUDJ,1
Triengerächer,1
Surematte,1
Margrete,1
Eggerswil,1
Büezwil,1
Köcheli,1
Ziswil,1
Daiwil,1
Torenberg,1
Rängg,1
Öggeringen,1
Wirtlen,1
Lamperdingen,1
Bleulikon,1
Hofstetterfeld,1
Schleerüti,1
OlFKHQEHZLUWVFKDIWHQ,1
ZHLWHQ9HUJOHLFKLVWGLH,1
DQWRQMHGRFKHKHUNOHLQVWUXNWXULHUW'HU,1
QWHLOGHUELRORJLVFKSURGX,1
LHUHQGHQ,1
Gerlisberg,1
Chluse,1
Ronmatt,1
PLOFKORFK3LODWXV,1
9HURUGQXQJ,1
YHURUGQXQJ,1
IOlFKH,1
DQWRQ2EZDOGHQLVWU,1
8PIDQJGHUODQG,1
IOlFKHEOHLEWKLQJHJHQQDKH,1
XVWDELOZDVEHGHXWHWGDVVGLH2EZDOGQHU,1
XQGHVHUIRUGHUOLFKHQ,1
DQWRQV2EZDOGHQGLH,1
DWHQGHUDPWOLFKHQ9HUPHVVXQJXQGPLWHLQHUYHUIHLQHUWHQ,1
DQWRQ2EZDOGHQQHXUXQGKD,1
UXFKWIROJHIOlFKHQJH,1
EHUIU,1
KHUKDDXVJHZLHVHQ'LH,1
5HVHUYH,1
XGHPLPPHUPHKU,1
OlFKHI,1
ULKUHHLJHQHQ,1
LVWJHUDGHDXFKLQ5lXPHQPLWKRKHP6LHGOXQJVGUXFNYRQHVVHQ,1
HGHXWXQJ'LHVHV,1
ZLUGODQGHVZHLWXQWHUDQGHUHPGXUFKGHQ6DFKSODQ,1
XQGHVYHUIROJW'LH,1
DQWRQ2EZDOGHQLPJHPlVV6DFKSODQ,1
XOWXUODQGVFKDIWXQG,1
HZLUWVFKDIWXQJHQWVWHKHQOHLVWHQHLQHQ,1
XU9HUVRUJXQJPLW1DKUXQJVPLWWHOQXQGWUDJHQ,1
GHQWLILNDWLRQPLWGHU,1
HUDXVIRUGHUXQJDXIDOSZLUWVFKDIWOLFKHU6WXIHGDULQEHVWHKWHLQHDXVUHLFKHQGH,1
UWGHUDQKDOWHQGH,1
LQIROJHGHU6LHGOXQJVXQG9HUNHKUVHQWZLFNOXQJ,1
VVWHQ6FKZLHULJNHLWHQLP7DOERGHQ,1
Hergiswald,1
XJHQRPPHQ,1
DQGEDX,1
PPHUXQJVJHELHWHU,1
OSZLUWVFKDIWLVWGDPLWI,1
VLFKHUXQJYLHOHU,1
VHKUZLFKWLJ,1
XQJHLQHQZLFKWLJHQ,1
NRORJLVFKHU,1
XQJVHOHPHQWH,1
ZLVFKHQQDWXUQD,1
XUODQJIULVWLJHQ6LFKHUXQJGHU,1
XQNWLRQVIlKLJNHLWGHU,1
DQGZLUWVFKDIWZHUGHQJHQ,1
JHQG,1
OlFKHQDQJHHLJQHWHP,1
XQNWLRQVIlKLJNHLWGHU1DWXU,1
LHOTXDOLWDWLY,1
KRFKVWHKHQGH1DKUXQJVPLWWHO,1
XSURGX,1
LHUHQXQGPLWLKUHQ,1
NRORJLVFKH,1
DQGZLUWVFKDIWVIOlFKHQVRZLHGLH6FKDIIXQJXQG,1
KDOWXQJ,1
6HLWGHU,1
JOLFKH,1
UXFKWIROJHIOlFKHQGXUFK,1
DXYRUKD,1
EHQXQG,1
0LWHLQHUXPZHOWXQGVWDQGRUWJHUHFKWHQVRZLHWLHUIUHXQGOLFKHQ,1
DQGZLUWVFKDIWHLQHQZLFKWLJHQ,1
XU9LHOIDOW,1
XPHUIRUGHUOLFKHQ0LQGHVWXPIDQJJHPlVV,1
XQGHVXPIDVVWVRPLWQHXUXQGKD'LH,1
VLQGLPYRP5HJLHUXQJVUDWEHVFKORVVHQHQNDQWRQDOHQ6DFKSODQ,1
6HLQVHKEDU,1
UXFKWIROJHIOlFKHQZHUGHQDXIHLQNRPPXQDOHVXQGHLQNDQWRQDOHV,1
RQWLQJHQWYHUWHLOW6LHG,1
UIHQQXUXQWHUVSH,1
WLQJHQWHQWODVVHQZHUGHQ,1
XIZHUWXQJLP5DKPHQGHU,1
DQGVFKDIWVTXDOLWlWVSURMHNWHDXV,1
DQWRQDFKWHWLP5DKPHQVHLQHUUDXPZLUNVDPHQ7lWLJNHLWHQXQGEHLGHU,1
HDQVSUXFKXQJYRQ,1
6LHGOXQJVXQG9HUNHKUVHQWZLFNOXQJDOO,1
JHPHLQ,1
VRZLHEHLGHU3ODQXQJYRQ,1
QODJHQDXVVHUKDOEGHU,1
QVWLJH5DKPHQEHGLQJXQJHQI,1
UGLHQDFKKDOWLJH,1
DQGZLUWVFKDIWXQGI,1
UHLQHOHLVWXQJVIlKLJHPDUNWXQGXPZHOWJHUHFKWH,1
VFKDIWXQJXQGKRFKVWHKHQGH1DKUXQJVPLWWHOSURGXNWLRQ,1
XQJXQG3ÀHJHGHU,1
UOLFKHQ5HVVRXUFHQVLFKHU,1
XUNXOWXUODQGVFKDIWOL,1
UXFKWIROJHIOlFKHEHDQVSUXFKWVLQG6WDQGRUWDOWHUQDWLYHQ,1
UXFKWIROJHIOlFKHQRGHUHLQ,1
UXFKWIROJHIOlFKH,1
XNRPSHQVLHUHQ,1
UGHUWGLH,1
DQGZLUWVFKDIWLP6LQQHGHUHLGJHQ,1
VVLVFKHQXQGNDQWRQDOHQ,1
UVFKDIIWJ,1
NRORJLVFKHQ7UDJIlKLJNHLWHQEHZLUWVFKDI,1
LQ9HUOXVWKRFKZHUWLJHU,1
JOLFKYHUPLHGHQ,1
HU0LQGHVWXPIDQJDQ,1
UXFKWIROJHIOlFKHQZLUGJHPlVVGHQ9RUJDEHQGHV,1
RQXQJHQLVWGHU9HUEUDXFK,1
LQNODQJPLWGHUNDQWRQDOHQ,1
5DXPHQWZLFNOXQJVVWUDWHJLHVWHKHQ,1
DQWRQDOH,1
JHEXQJXQG,1
Ad,1
Giskon,1
orf,1
chd,1
isr,1
Ho,1
JHKDOWHQZLUGXQGGDVV6WDQGRUWDOWHUQDWLYHQJHSU,1
IWZRUGHQVLQG,1
DQWRQDOHU6DFKSODQ,1
UXFKWIROJHIOlFKHQ6WDQG0lU,1
NWXDOLVLHUXQJXQG,1
UXQGODJHQSODQ,1
HQQWQLVQDKPHXQG,1
ZHLWHUHV9RUJHKHQ5HJLHUXQJVUDWVEHVFKOXVVYRP-XQL,1
UNRPPXQDOH3ODQXQJHQ,1
UXFKWIROJHIOlFKHQYHUEUDXFKHQGLH9HUHLQEDUNHLWPLWGHUNDQWRQDOHQ,1
OXQJVVWUDWHJLHVRZLHGLH9HUI,1
JEDUNHLWHLQHVHQWVSUHFKHQGHQ,1
RQWLQJHQWVDQNRPPX,1
QDOHQ5HVHUYHQ,1
DQWRQLP5DKPHQGHV,1
EHZLOOLJXQJVYHUIDKUHQVGLHGXUFKHLQ9RUKDEHQEHDQVSUXFKWH,1
UXQGODJHQSODQXQGI,1
KUWGLH,1
VHQUHJHOPlVVLJQDFK'DVIHGHUI,1
KUHQGH,1
PXQDOHQ,1
RQWLQJHQWHDQ,1
WDXIGLHDNWXDOLVLHUWHQ,1
DWHQGHP5HJLHUXQJVUDWUHJHOPlVVLJ,1
HELHWHQDE6ROFKHZHLWHUHQ,1
JOLFKNHLWHQZ,1
UGHQLQGLHVHQ,1
XOWXUODQGVFKDIWHQYLHOPHKUGDV,1
VFKOHLFKHQGHQ,1
DXWlWLJNHLW9RUVFKXEOHLVWHQ,1
DQGVFKDIWLVWKHXWHZDKUQHKPEDUXQGI,1
GLHODQGVFKDIWOLFKH,1
JHVFKORVVHQHQ,1
XJHZLHVHQZHUGHQ6LHXQWHUOLHJHQGHQ,1
HVWLPPXQJHQGHV,1
DXHQV,1
XQWHUGHP,1
JOLFKNHLWHQQDFK,1
DXHUEHVLHGOXQJLQYRQ,1
EZDQGHUXQJEHWURIIHQHQ,1
HELHWHVLQGDXV,1
VLHGOXQJVKLVWRULVFKHUXQGODQGVFKDIWOLFKHU6LFKWZHUWYROO,1
HQEHVRQGHUHQ5HL,1
HELHWH,1
PDFKWGHUKRKH6WUXNWXUUHLFKWXPDXV,1
PHQWHGHUWUDGLWLRQHOOHQODQGZLUWVFKDIWOLFKHQ,1
QQHQDXIJUXQGGHUHLGJHQ,1
JHEXQJQLFKWHLQHU,1
ac,1
Rontal,1
GHUXQJGHU,1
JUDUOHLWELOG2EZDOGHQ,1
XU2EZDOGQHU,1
HELHWHPLWEHVRQGHUHU,1
DQWRQVVLQGFKDUDNWHULVLHUWGXUFKXQUHJHOPlVVLJ,1
IHODQGZLUWVFKDIWOLFKHgNRQRPLHEDXWHQXQG,1
QIRUGHUXQJHQ,1
XHQWVSUHFKHQXQGVLQGVR,1
XUHDOLVLHUHQGDVVVLHDOVVWLPPLJHV,1
PHQWGHUEHVRQGHUHQ,1
TAH,1
ASV,1
sursee-mittelland,1
Pilatus-Nordabhang,1
XOWXUODQGVFKDIWJHK,1
UHQGH,1
GHQLQLKUHU6WUXNWXUXQG,1
DKUXQJLKUHVXUVSU,1
KDUDNWHUVZHLWHUHQWZLFNHOW3UlJHQGH,1
DQGVFKDIWZHUGHQXQWHU,1
QIRUGHUXQJHQLQ,1
XQJXQGJHVWDOWHULVFKHQ,1
1HEHQEDXWHQEHHLQWUlFKWLJWGDV,1
DQGVFKDIWVELOG'XUFKGLH,1
XYHUVFKZLQGHQ8PGHQLGHQWLWlWVVWLIWHQ,1
DQGVFKDIWODQJIULVWLJ,1
KWHJHVWDOWHULVFKH,1
UXQJHQDQEDXOLFKH9RUKDEHQQRWZHQGLJ,1
XO,1
WXUODQGVFKDIWZLUGHUKDOWHQ,1
GHQWLWlWZLFKWLJ'LHJXWHUUHLFKEDUH,1
QHODQGVFKDIWOLFKH,1
8PJHEXQJGLUHNWDXIGHP,1
DQGHPDFKHQLQVEHVRQGHUHGHQ,1
URVVWHLOªI,1
GHEHVWDQGHLQKHU,1
HVRQGHUVDXJHQIlOOLJVLQGGDEHLGLHJURVVYROXPLJHQgNRQRPLHEDXWHQZHO,1
FKHQLFKWGHPJlQJLJHQ0DVVVWDEHQWVSUHFKHQ,1
WWHQHUKDOWHQ,1
UHLWHQIHOG,1
DQGVFKDIWVSUlJHQGH,1
DXWHQJHEHQHLQ,1
LOGGHUIU,1
LUZERNKantonaler,1
Meierhöfli,1
Ikea,1
DXHQDXV,1
HXUWHLOXQJHLQ,1
ODQGVFKDIWVSUlJHQGHWUDGLWLRQHOOH,1
HEDXXQJHUKDOWHQ,1
RPSHQVDWLRQHQI,1
UQHXH6WlOOH,1
6DFKVOHU,1
HLGHVWlOOHXQG,1
P5DKPHQLKUHU2UWVSODQXQJSUl,1
DVLVGHVNDQWRQDOHQ5LFKWSODQVEH,1
HQVZHU,1
DXWHQVRZLHGLHZHLWHUHQVFK,1
DQGVFKDIWXQGHUODV,1
5DKPHQGHV,1
DXEHZLOOLJXQJVYHUIDKUHQVDQKDQGGHV3UD,1
LVKDQGEXFKV,1
Escholzmatt-,1
XOWXUODQGVFKDIWZDKUJHQRPPHQZHUGHQ,1
RPSHQVDWLRQ,1
UHQGHI,1
XQJQLFKWPHKUEHQ,1
DXWHQU,1
EXFK,1
RQHQIHVWJHKDOWHQ,1
XQJEHVWHKWGDULQGDVVGLH,1
HQVZHUWHQWUDGLWLRQHOOHQ,1
WXD,1
ZLQJHQGYRUDXVGDVVGLH,1
DXWHQDOV,1
LQKHLWVFK,1
JHVWHOOWZRUGHQVLQG,1
JHVWHOOW'LH,1
QYHVWLWLRQHQLQ,1
UKDOWE,1
Z8QWHUKDOWGHU,1
EVGHU5DXPSODQXQJVYHURUGQXQJ,1
JOLFKNHLWHU,1
IIQHWGDVVHKHPDOV,1
WHXQGKHXWHIXQNWLRQVORVJHZRUGHQHODQGVFKDIWVSUlJHQGH,1
EHUODVVHQZHUGHQXQGVFKOLHVVOLFK,1
VRZLHZLUWVFKDIWOLFKHQ,1
DQGZLUWVFKDIWZHUGHQODQGVFKDIWVSUlJHQGHHKHPDOLJODQG,1
DXWHQZLH,1
HXXQG,1
WWHQQLFKWPHKUEHQ,1
WLJW'LHVHQ,1
DXWHQGURKWDXIJUXQGLKUHU,1
XQNWLRQVORVLJNHLWXQGDXVEOHLEHQGHU,1
DXWHQVWHKHQLQXQPLWWHOEDUHP,1
KDQJPLWGHUXUVSU,1
HZLUWVFKDIWXQJXQGZLUNHQPLWGHUVLHXPJHEHQGHQ,1
LQKHLW'LHWUDGLWLRQHOOHQ,1
DQGVFKDIWVHOHPHQWHZLH7URFNHQPDXHUQ,1
XOWXUODQGVFKDIWHQZHLVHQHLQHQJHVHOOVFKDIWOLFKHQ,1
NXOWXUHOOHV,1
ZHQLJLQWHQVLYH,1
DXWHQVRZLH,1
XOWXUODQGVFKDIW6LHHUODVVHQGLHHU,1
IRUGHUOLFKHQ,1
HOEDXWHQ,1
XQGEH,1
XVWHOOHQGHQ,1
OHPHQWHEHLGHQEHUHLWVEHHLQWUlFKWLJWHQ,1
DXWHQ6LHUHJHOQGLH3IOHJHGHU,1
DQGVFKDIWHLQ,1
XEHWWHQ,1
DQWRQSRWHQ,1
HELHWHPLWODQGVFKDIWVSUl,1
UGLJNHLWKLQVLFKWOLFK,1
HELHWHPLWODQGVFKDIWVSUlJHQ,1
6LHEH,1
HQVZHUWHQI,1
XQJYRQODQGVFKDIWVSUlJHQGHQJHVFK,1
DXWHQGDUINHLQH,1
HULQJI,1
UZHLWHUXQ,1
JHQEHVWHKHQGHU,1
UVFKOLHVVXQJHQVLQG,1
OOIlOOLJH3DUNLHUXQJVDQODJHQVLQG,1
JOLFKVWKDUPRQLVFKLQGLH,1
XVDPPHQZLUNHQYRQWUDGLWLRQHOOHQ,1
DXWHQPLWLKUHUODQGVFKDIWOL,1
FKHQ8PJHEXQJ,1
HZLUWVFKDIWXQJGHV,1
XOWXUODQGVFKDIWHQ,1
PLWODQGVFKDIWVSUlJHQGHQ,1
PHQWHZHUGHQXQWHUKDOWHQXQGJHSIOHJW'LHODQGZLUWVFKDIWOLFKH,1
ZHQLJLQWHQVLYXQGWUDGLWLRQHOOH,1
HZlVVHUDQ,1
XJHKHQ'LH,1
Fusswegund,1
Lötschbergund,1
nutzungsziffer,1
Metro-ROK,1
Digi,1
Sursee-Mittelland,1
XUHYLWDOLVLHUHQXQGGLHYRU,1
KDQGHQHQQDWXUQDKHQ,1
QJHZLVVHQ,1
OLHVVJHZlVVHUDXFKDXVGHQ,1
DVVHUHQWQDKPHQI,1
UGLH6WURPSURGXNWLRQ,1
0LWGHULQ,1
UDIWJHWUHWHQHQ5HYLVLRQGHU,1
VVHUHQXQGNOHLQHUHQ6HHQWUDJHQ,1
GHPZHVHQWOLFK,1
XU6WDQGRUWDWWUDNWLYLWlWGHV,1
OHEHQVUlXPH,1
UHQXQWHUGLH,1
XIJDEHLP5DKPHQGHV,1
GDULQGLHYHUEDXWHQ,1
XZHUWHQ,1
DQGVFKDIWXQGGLH,1
HVWDQGWHLOXQGSUlJHQGH,1
DQWRQ2EZDOGHQELO,1
GHQGLH6HHQXQG,1
OLHVVJHZlVVHUZLFKWLJH,1
UKROXQJVUlXPHI,1
UGHQ0HQVFKHQXQGYLHOIlOWLJH,1
U3IODQ,1
RFKZDVVHUDE,1
EIOXVVNDSD,1
LWlWHL,1
QHV,1
HULQQHV,1
XNOHLQLVWRGHUJDUNHLQ,1
Klybeckstrasse,1
Allschwil-Nord,1
HIDKUHQNDUWLHUXQJXQGGHUHQhEHUI,1
KUXQJLQGLH,1
RQHQSOlQH,1
VRZLHGLH6LFKHUXQJGHV5DXPEHGDUIVI,1
XQGHVXQGGHQ,1
KUXQJVEHVWLPPXQJHQGHV5HJLHUXQJVUDWV,1
JOLFKVWVFKDGORVHQ,1
EOHLWXQJYRQ,1
XHUVWHOOHQXQGPLWGHQ0DVVQDKPHQ,1
XU6DQLHUXQJGHU,1
6FKZDOO,1
JHQ'LHVWUDWHJLVFKH,1
DQWRQ2EZDOGHQLP-DKUDEJHVFKORVVHQ,1
WLHUHXQGHUKHEOL,1
FKH6DFKZHUWHGXUFKhEHUVFKZHPPXQJHQhEHUVDUXQJHQXQG0XUJlQJHDXV,1
W'LHUDXPSODQHULVFKHQ,1
XZHUWHQXQGGDPLWHLQHQ,1
XOHLVWHQ'LH,1
HQVI,1
UGLH1DWXUXQGGLH,1
XZHUWHQXQG,1
XUHYLWDOLVLHUHQ,1
ZHFNKDEHQGLHVHHLQHVWUDWHJLVFKH5HYLWDOLVLHUXQJVSODQXQJ,1
YRQ-DKUHQ,1
6HHULFKWSODQEH,1
ZHFNWHLQHJHRUGQHWH,1
E7-2,1
DVVHUEDXSURMHNWHLPNDQWRQDOHQ5LFKWSODQ,1
XVVFKHLGXQJZHLWHUHU,1
RUUL,1
GRUHXQG,1
Bruggli,1
QODJHQDQGHQ6HHXIHUQVLFKHU,1
XVWHOOHQKDWGHU,1
XQJHUHUVHHUHJHOW,1
QGLHVHPNDQWRQDOHQ5LFKWSODQ,1
6HHULFKWSODQ,1
ZLUGLQVEHVRQGHUHIHVWJHOHJWZRGHU,1
6HHJHELHWI,1
JOLFKLVW'HU,1
OXQJVSODQXQJDXI'LHVHVLQGDXIHLQDQGHUDE,1
VVHUHQ6HHQ,1
DQWRQ2EZDOGHQVLQGDOV2UWH,1
HLWZlKUHQGGHUZDUPHQ-DKUHV,1
XQJGHU8IHUEHUHLFKHI,1
NWLYLWlWHQ,1
RKQODJHQPLW6HHDQ,1
VWRVV,1
Weil-Friedlingen,1
Basel-Nord,1
QQHQGXUFK,1
LHOWHEDXOLFKH0DVVQDKPHQJHVFKDIIHQ,1
ZHUGHQ'LHWHFKQLVFKHQ,1
6SHUUXQJHQHUJlQ,1
HQGLHUDXPSODQHULVFKHQXQGWHFKQLVFKHQ0DVVQDKPHQ,1
KUXQJVSXQNWH,1
HUQPDWWEDFK,1
JOLEDFK,1
6HLWHQEDFK,1
DVOLEDFK,1
6FKLEHQULHGEDFK,1
ZlVVHU,1
OOPHQGJUlEOL,1
Bömmeli,1
GDVVGLH6HHXQG,1
XJlQJOLFKVLQGXQGGLH6HHXIHUDOV,1
UlXPHI,1
DXQDHUKDOWHQXQGDXIJHZHUWHWZHUGHQ,1
5HYLWDOLVLHUXQJVEHUHLFKH,1
SULRULWlU,1
XUHYLWDOLVLHUHQGH,1
ULVWHQ,1
KUXQJVEHVWLPPXQJHQXQGQLPPWZHQQQ,1
WLJ,1
UVRUJWI,1
RRUGLQDWLRQPLWGHUNDQWRQDOHQ5HYLWDOLVLHUXQJVXQG,1
XQJZLUGGHU6HH,1
ULFKWSODQ,1
XQJHWF,1
UDUEHLWXQJGHU,1
2000und,1
den1,1
Blaetter37-38_120541,1
UHLKDOWHIOlFKHQLQ,1
EVWLPPXQJPLWGHQ6LHGOXQJVHQWZLFNOXQJVSODQXQJHQ,1
HPHLQGHQLP5DKPHQLKUHU2UWV,1
DQWRQHUDUEHLWHWGLHVWUDWHJLVFKH5HYLWDOLVLHUXQJVSODQXQJ,1
ULFKWSODQPLWGHQ,1
6LHJHWVEDFK,1
HLPHWHQJUDEHQ,1
LVVLEDFK,1
RUIEDFK,1
XVLFKHUQGHhEHUODVWNRUULGRUH,1
OlFKHQVLJQDWXU,1
QHQ9RUDUEHLWHQYRUOLHJHQGHQ,1
QJDEHQVLQGLQ,1
5HJLHUXQJLP6HSWHPEHUHUWHLOW,1
UUHQEDFK,1
ROIRUWEDFK,1
7HOOHQEDFK,1
5XILEDFK,1
ODWWLEDFK,1
6WXGHJUlEOL,1
KOLQJHQJUDEHQ,1
UHQElFKOL,1
XVEUXFKV,1
SXQNWXQGXQJHIlKUHU9HUODXIGHVhEHUODVWIDOOVLQGLH,1
DUWHHLQJHWUDJHQGDPLWGHU,1
JOLFKZLUG,1
QWODVWXQJVVWRO,1
HVDPWSURMHNWV,1
HQHKPLJXQJGXUFK,1
Tüfenberg,1
Wideli,1
Waldstatt-Appenzell,1
Dorfrueti,1
AURIGA,1
HQHUEDFK,1
6WROOHQEDFK,1
6DQGEDFK,1
QDPLVFKHQ,1
DOGEHJULII,1
DXVGKGLH,1
DOGIOlFKHNDQQMHGHU,1
HLWQHXHQWVWHKHQ5HFKWOLFKYHUVFKZLQGHQNDQQVLHDEHU,1
QXUGXUFKHLQH5RGXQJVEHZLOOLJXQJ,1
DOGIOlFKHZlFKVWVRZRKOLQGHUJDQ,1
DXFKLQ2EZDOGHQLQVEHVRQGHUHDQ,1
OLHIHUDQWRGHUI,1
WHQ-DKUHQVWDUN,1
XJHQRPPHQKDWLQVEHVRQGHUHDXFKGLH5ROOHGHV,1
DOGHVDOV,1
UKROXQJV,1
DOGHQWZLFNOXQJVSODQDXVGHP-DKU,1
QWZLFNOXQJI,1
VVLVFKH,1
W0DL,1
UGLH6FKLIIIDKUWXQG,1
SODQ,1
5XQG3UR,1
HQWGHV,1
DOGEHGHFNW'LHVHUHUI,1
XQNWLR,1
ZDOGDOV,1
XQJHQLQGHU,1
DUWHGDUJHVWHOOW,1
QODJHQEHUHLFKHI,1
LQLHQVLJQDWXUDQGHQ6HHXIHUQ,1
DVVHUXQJVVWHOOHQI,1
LOHUEDG,1
6WUDWHJLVFKH3ODQXQJ5HYLWDOLVLHUXQJGHU,1
YRP1RYHPEHUHUJlQ,1
Q6RQGHUZDOGUHVHUYDWHQZHUGHQGXUFKJH,1
LHOWH0DVVQDKPHQVHOWHQH7LHUXQG3IODQ,1
VVHYRQ,1
DOGUH,1
DOGZLUGQDFKKDOWLJXQGQDFKGHQ,1
HQGHVQDWXUQDKHQ,1
DOGEDXVEH,1
ZLUWVFKDIWHWGDPLWGLHVHUVHLQHYLHOIlOWLJHQ,1
UDWV,1
EHUGDV,1
DOGIHVWOHJXQJVYHUIDKUHQYRP0lU,1
lOGHUPLWVHOWHQHQ,1
OWXQG7RWKRO,1
EHVWlQGH,1
Q1DWXUZDOGUHVHUYDWHQNDQQVLFKGLH1DWXURKQHIRUVWOLFKH0DVVQDKPHQHQWZL,1
FNHOQ,1
FKHQN,1
DOGUlQGHUJHJHQ,1
EHUGHQDQJUHQ,1
OlFKHQQRFKYRU,1
XQHKPHQXQGLQJHHLJQHWHU,1
HELHWHVLQGJHPlVVGHQEXQGHVUHFKWOLFKHQ,1
HVWLPPXQJHQLPNDQWRQDOHQ,1
KUXQJVEHVWLPPXQJHQGHV5HJLHUXQJV,1
EHUHLFKHQ,1
RQHQXQGLQ7HLOJHELHWHQDXVVHUKDOEGHU,1
RQHQJUHQ,1
HQGXUFKH,1
LQLHQEHVWLPPWXQGLQGHQ,1
SOlQHQDOVVWDWLVFKH,1
HELHWHDXVVHUKDOEGHU,1
RQHQLQZHO,1
IXQJGHVNDQWRQDOHQ,1
DOGHQWZLFNOXQJVSODQVHUIROJWNRRUGLQLHUWXQGLQ,1
NODQJPLWDOOIlOOLJHQ5LFKWSODQDQSDVVXQJHQ,1
DQWRQGDUDXIGDVVGLHELRORJLVFKH9LHOIDOW,1
HEHQVUlXPHYRQKRKHU4XDOLWlWVLFKHUJHVWHOOWZHUGHQ,1
DOGHQWZLFNOXQJVSODQYRUJHVHKHQHQ,1
DOGUHVHUYDWHYHUWUDJ,1
PHUQGDI,1
LHEHVWHKHQGHQVWDWLVFKHQ,1
RQHQXQG'HSR,1
QLH,1
XEHKDOWHQ,1
RQHQlKQOLFKHP,1
KDUDNWHUVLQG,1
DXFKLQ,1
XNXQIWGLH,1
DOGHUVFKOLHVVXQJHQZHUGHQVRJHSODQWXQGXQWHUKDOWHQGDVVVLHQHEVWGHQ,1
IRUVWOLFKHQ,1
QWHUHVVHQDXFKDOOIlOOLJHQQLFKWIRUVWOLFKHQ,1
QIRUGHUXQJHQJHQ,1
HLW-DJG,1
DOGIOlFKHQLFKWVWDWWILQGHQVROOZHU,1
XQJXQG3IOHJHGHU5lQGHUDXIGLH,1
FKHGHUDQJUHQ,1
XQNWLRQHQHUI,1
OOHQNDQQ,1
DOGXQGDQGHQ,1
GHUGDULQYRUNRPPHQGHQ,1
UGHUW'HU,1
DOGEOHLEWDOVZLFKWLJHV,1
PHQWLQGHUUlXPOLFKHQ9HUWHLOXQJHUKDOWHQ,1
IXQNWLRQVLFKHUJHVWHOOW,1
RFKPRRUH,1
GLY,1
DOGHQWZLFNOXQJVSODQ,1
HULFKWXQG,1
DUWHQ,1
DQWRQ2EZDOGHQEHVWHKHQVHLWMHKHU,1
RFKZDVVHUhEHUVFKZHP,1
PXQJHQVRZLH5XWVFKXQG6WXU,1
UXQKRO,1
6FKDWWHQEHUJ,1
UVWHLQ,1
5LFNPHWWOHQ,1
7LHUJDUWHQ,1
7HLOHQERGHQ,1
lJLVEHUJ,1
LQWHUEHUJ,1
RFKPRR,1
ODFKPRRUHQVRZLH7URFNHQVWDQGRUWHQIHVWXQGVLFKHUWGLHVHDOVVWDWLVFKH,1
UlQGHU,1
DQJ,1
LGHUZlOOKXEHO,1
DOPHWV,1
UlWVFK,1
5RVVERGHQ,1
IXQNWLRQ,1
DXXQG8QWHUKDOWGHU,1
UIQLVVHXQG,1
UHLVHVRZLHGLH,1
QWHUHVVHQYRQ1DWXUXQG,1
DQWRQVWHOOWGLHJHQDXH,1
DOGIOlFKHQJHJHQ,1
EHUYRQ,1
K354,1
Secki,1
K360,1
K363,1
ADP,1
AST,1
EUREGIO,1
Hertz,1
LHUHQ,1
JHIDKUHQ,1
DQ'DVDNWXHOOH,1
K288,1
K304,1
K325,1
K343,1
K353,1
KUHQYRUDOOHPLQGHQLPPHUGLFKWHUEHVLHGHOWHQXQGGXUFK,1
WHQ7DOUlXPHQ,1
XKRKHQ3HUVRQHQXQG6DFKULVLNHQ,1
W'LH,1
DXSWDXIJDEHGHU,1
5DXPSODQXQJEH,1
JOLFK1DWXUJHIDKUHQOLHJWGDULQGDV6FKDGHQSRWHQ,1
XODVVHQXQGHVODQJIULVWLJVRJDU,1
EHZHJXQJHQYRQ,1
UGXQG,1
HOVPDVVHQ,1
0XUJDQJ6WHLQ,1
VFKODJ,1
LQEHWUlFKWOLFKHU7HLOGHU6LHGOXQJHQXQG,1
DQWRQVLQGGXUFK1DWXU,1
JHIDKUHQEHGURKW1DWXUJHIDKUHQI,1
XVEUXFKPDWHULDODXVGLHVHQ3URMHNWHQNRVWHQ,1
QVWLJXQG,1
XJXQVWHQ,1
DQWRQ2EZDOGHQZXUGHQ,1
HVVH5XWVFKXQJHQ,1
XQG6WXU,1
HUODVVHQ0LWGHUhEHUI,1
HPHLQGHQZHUGHQ,1
ZLVFKHQGHP6DUQHUXQG,1
QDFKHUVHH,1
DKOUHLFKH0DV,1
VQDKPHQZLHGHQ,1
EDXWHQVDQLHUXQJHQHQWODQJGHU6DUQHUDDELV,1
FKHOVHH8QWHUKDOEGHV,1
QGXQJLQGHQ,1
XIHUGHV,1
HUHLWVWHOOXQJGHUGDI,1
XQGHLQH,1
XQGHVEHLWUDJV,1
6FKZHU,1
LHUEDUNHLWV,1
XVFKODJ,1
HOSURMHNWHQ0LWGHPNDQWRQDOHQ,1
VLFKHUKHLW6DUQHUDDWDOªZHUGHQGLH3HUVRQHQXQG6DFKULVLNHQ,1
QLYHDXZLUGDXIUHFKWHUKDOWHQ,1
ZHUGHQLP6LQQHGHVLQWHJUDOHQ5LVLNRPDQDJHPHQWVEHKREHQ,1
KUWHLQHQ0DVWHUSODQ,1
HU0DVWHUSODQEH,1
QYHVWLWLRQVSODQXQJI,1
EDXWHQ,1
UEHVWHKHQGH,1
QYHVWLWLRQV,1
HPHLQGHQOHJHQEDVLHUHQGDXIGHQ,1
DQWRQVXQGLQ5,1
VSUDFKHPLWGHU,1
RQHQLQGHU2UWV,1
SODQXQJIHVWXQGI,1
KUHQGLHVHEHL1HXEHXUWHLOXQJHQGHU,1
GHVDPWI,1
RQHQXQG,1
NRUHGXNWLRQLP0DVWHUSODQ,1
UDUEHLWXQJXQGSHULRGLVFKHhEHUSU,1
1RWIDOOSODQXQJ,1
6LFKHUVWHOOXQJGHU,1
DXYRUKDEHQLQ,1
1RUPHQEH,1
UGEHEHQVLFKHUKHLWEHLNDQWRQDOHQ1HXEDXWHQ,1
XQGZLFKWLJHQEHVWHKHQGHQ,1
QHULVFKHQ,1
QVWUXPHQWHQEH,1
RQHQSODQ,1
OOXQJIROJHQGHU,1
UDUEHLWXQJSHULRGLVFKHhEHUSU,1
IXQJXQG1DFKI,1
KUXQJGHU5LVLNHQXQG6FKXW,1
LWHVRZLH3ULRULVLHUXQJGHU0DVVQDKPHQ,1
URWEODXJHOE5HVWJHIlKUGXQJ,1
RQHQDXVJHVFKLHGHQ,1
VRZLH0DVVQDKPHQ,1
RFKZDVVHUXQG,1
WXUJHIDKUHQDQJHPHVVHQXQGXQWHU,1
W'DV,1
6FKDGHQSRWHQ,1
HELHWHZHUGHQPLWKLOIHYRQUDXPSOD,1
HVWlQGHYRQ,1
LUVFKHQ,1
5HKHQ,1
UWHQVRZLH,1
GHUHQ,1
LQDQGHUHQHLQSDUWLHOOHV,1
XU5HJXOLHUXQJEHVWLPPWHU,1
QYHQWDUGHUHLGJHQ,1
EHUHLQZLUNVDPHV,1
LOGWLHUHXQG0HQVFKHQLQVHQVLEOHQ,1
XHQWIOHFKWHQ'LH,1
NDQWRQDOHQ,1
RQHQZXUGHQPLW5HJLHUXQJVUDWVEHVFKOXVVYRP1RYHPEHU,1
EHVFKORVVHQXQGYRP,1
XVMDJGOLFKHU6LFKWYRQ,1
GHVUDWDXVJHVFKLHGHQHQ-DJGEDQQJHELHWHKDEHQGLH5HJXOLHUXQJGHU,1
HQVLQG,1
lKUHQGGHUGHILQLHUWHQ5XKH,1
HLWHQ,1
ZHUGHQGLH,1
RQHQPLWWHOV,1
LQJH,1
RQHQLP5DKPHQGHU,1
XQJVSODQXQJYHUI,1
ZLFKWLJHU,1
HEHQVUlXPHYRQ,1
LOGWLHUHQ,1
LQWHUHLQVWDQGVJHELHWHRGHUXPI,1
JHELHWHGHV6FKDOHQZLOGV,1
XFKWJHELHWHXQG,1
JHOQ,1
UXQJGXUFKGHQ0HQVFKHQ,1
RUULGRUHZLHGHUKHU,1
RQHQZHUGHQZLOGOHEHQGH7LHUDUWHQZlKUHQGGHUPDVVJHEHQGHQ5X,1
KH,1
HUHLFKGHULQWDNWHQ,1
NRORJLVFKHQ4XDOLWlWHQXQGGLH,1
9HUELQGXQJVZHJHGHU7LHUHHUKDOWHQ,1
FKHQHQ,1
RUULGRUHYRQ,1
KUWDXFKHLQH,1
LOGWLHUNRUULGRUHQZHOFKHHEHQIDOOVLPNDQWRQDOHQ5LFKWSODQEHU,1
5DXPSODQXQJNDQQPLWSUlYHQWLYHQ0DVVQDKPHQXQGHLQHUIU,1
HLWLJHQ,1
XEHL,1
XWUDJHQGDVVGLH'XUFKOlVVLJNHLWGHULQWDNWHQ,1
LOGWLHUNRUULGRUHZHLWHUKLQJHZlKU,1
OHLVWHWEOHLEW,1
LOGWLHUHQGDV,1
XPDQGHUHQ,1
RUULGRUHVLQGGXUFK6WUDVVHQXQG6LHGOXQJHQEHHLQWUlFKWLJWRGHUJDUXQWHU,1
EURFKHQ,1
QVJHVDPWZXUGHQI,1
DQWRQ2EZDOGHQYLHU,1
HGHXWXQJIHVWJHVWHOOW'LHVHEHILQGHQVLFKEH,1
JOLFK'XUFKOlVVLJNHLWLQXQWHUVFKLHGOLFKHQ,1
LOGWLHUHP,1
ULKUQDFKKDOWLJHV,1
HGHLKHQ,1
ZLVFKHQGHQI,1
U1DKUXQJ5XKH6R,1
HEHQVUlXPHQ,1
DXIHGHV7DJHVXQGGHU-DKUHV,1
JOLFKHQGHQ,1
LOGWLHUNRUULGRUHLP5DKPHQGHU2UWVSODQXQJ,1
XRGHUHUODVVHQHUJlQ,1
VLFKHU,1
XVWHOOHQGDVVGLH'XUFKOlVVLJNHLWGHU,1
LOGWLHUNRUULGRUHQLFKWGXUFK,1
LQGHUQLVVH,1
HPHLQGHQSU,1
IHQLQ,1
LHGHUKHUVWHOOXQJEHHLQWUlFKWLJWHURGHUZHLWJHKHQG,1
XQWHUEURFKHQHU,1
VVHUHQ6DQLHUXQJVXQG,1
5HQDWXULHUXQJVYRUKDEHQZLUGGDV,1
DQGVFKDIWIU,1
XQGZHUGHQZLOGWLHUUHOHYDQWH,1
VSHNWHLQGLH3ODQXQJPLWHLQEH,1
HPHLQGHQZHLVHQGLHIHVWJHOHJWHQ,1
LQHEHVRQGHUH3ULRULWlWJLOWGHP,1
KQHU,1
XQJVSODQXQJIHVWJHOHJWHQ,1
HVWLPPXQJHQXQGUlXPOLFKHQ,1
UGLH'XUFKOlVVLJNHLWGHU,1
UJLEW,1
QZHLVXQJHQ,1
XP8QWHUKDOWLQWDNWHUXQG,1
HGHXWXQJVLQGSULRULWlU,1
XEHKDQ,1
GHOQ'LHLQGHQ,1
2EMHNWEOlWWHUQGHV,1
8EHVFKULHEHQHQ,1
LOGWLHUNRUULGRUHQLFKWGXUFKDQGHUH0DVVQDKPHQHUVFKZHUWZLUG,1
HGHXWXQJZHUGHQDOV,1
UZLOGOH,1
XQDKPHYRQ,1
lVWHQDXV,1
GHPLQGLVFKHQ6XENRQWLQHQWXQGDXV,1
KLQD8QYHUPLQGHUWZLFKWLJVLQGGLH,1
QODQGJlVWHPLWHL,1
QHP,1
QWHLOYRQELVDQGHQ,1
RJLHUQlFKWHQ,1
-DJGEDQQ,1
6WUDWHJLH7RXULVPXV,1
LUWVFKDIWVIDNWRUI,1
DQWRQ-lKUOLFKZHUGHQLQGHU,1
RWHOOH,1
ULHUXQG,1
lOIWHGDYRQLQ,1
HLFKQHWHGHU7RXULVPXVHLQHVWDUNH,1
OOZHJ,1
DXHWL,1
URVVPDWWZDOG,1
KLOFK,1
RQHQJHQHKPLJWGXUFKGHQ,1
DQWRQVUDWDP,1
2EMHNWEOlWWHU,1
XQGHVLQYHQWDUGHUHLGJHQ,1
DQGVFKDIWZHLWHUH0DVVQDKPHQ,1
WlWGHU,1
HLWVWUXNWXUHQ,1
EHVWLPPXQJHQLQGHQHLGJHQ,1
LOGWLHUNRUULGRUHUHJLRQDOHU,1
XHFKKRO,1
HOWL,1
5HLQHUWV5DSSHUVFKZlQGL,1
QJHERWHQI,1
HOWLQXQPLWWHOED,1
UHU1lKH2EZDOGHQV0LW0HOFKVHH,1
UXWWYHUI,1
XQJVSURJUDPPGHU1HXHQ5HJLRQDO,1
SROLWLNLVWGDVWRXULVWLVFKH,1
QJHERWDXFKLQGHQ,1
HZHJXQJXQG1DWXUWRXULV,1
UHLQHKRKH,1
SIXQJ8PGLHVHQ,1
XZDKUHQXQG,1
XZLUNHQLVWHLQHVWlQGLJH,1
WXUHQXQGGHU,1
UWDXFKHLQHVWDUNH3UlVHQ,1
DXIGHPLQWHUQDWLR,1
UJHQVWRFNVRZLHGHP,1
HQGLH5HJLRQDXIGLHWRXULVWLVFKH,1
XVIOXJV,1
UUHLFKEDUNHLWYRP0LWWHOODQGXQGYRQGHQLQWHUQDWLRQDOHQ,1
OXJKlIHQ,1
DVHOVWHOOHQHLQHQ,1
HWWEHZHUEVYRUWHLOJHJHQ,1
EHUDQGHUHQDOSLQHQ7RXULVPXVUHJLRQHQGDU,1
XQGVLQG,1
QDFKZLHYRUGHU7DJHVWRXULVPXV,1
DQWRQYHUI,1
EHUYLHOVHLWLJHWRXULVWLVFKH,1
UYHUVFKLHGHQH,1
LHOJUXSSHQ'LHLQ,1
WHUQDWLRQDOHQ,1
XVKlQJHVFKLOGHUGHV7RXULVPXVLQ2EZDOGHQVLQGGHU7LWOLVXQGGHU3LODWXV6LH,1
EHQLQVEHVRQGHUHDXIGLHDXVOlQGLVFKHQ,1
EKlQJLJNHLWYRQHLQ,1
HU2EZDOGQHU7RXULVPXV,1
DXIGLHWRXULVWLVFKHQ,1
RRSHUDWLRQXQWHUGHQHLQ,1
HLVWXQJVWUlJHUQDXV,1
XHLQHUYHUEHVVHUWHQ,1
QJHOEHUJ7LWOLVZLUGDOVWRXULVWLVFKH,1
UQDWLRQDOHXQGLQWHUQDWL,1
DQWRQVDOV,1
LQWHUJUXQGGHUVLFKVFKQHOOlQGHUQGHQ,1
UIQLVVHXQG7UHQGVLP7RXULVPXVXQGGHU,1
KRKHQ6HQVLELOLWlWJHJHQ,1
RQMXQNWXULVWHVZLFKWLJGHQ7RXULV,1
PXVDXIHLQEUHLWHVXQGDXIGDVJDQ,1
H-DKUDXVJHULFKWHWHVWRXULVWLVFKHV,1
EKlQJLJNHLWYRQGLHVHQ,1
UHLQJURVVHV3RWHQ,1
VDPWHQ,1
DQWRQVJHELHWPLWYHUVFKLHGHQHQ0DVVQDKPHQJH,1
UGHUWZHUGHQ9RQGHQWRX,1
ULVWLVFKHQ,1
HLWDNWLYLWlWHQ'LHWRXULVWLVFKHQ,1
QJHERWHXQG,1
QIUDVWUXNWXUHQVLQGZLFKWLJ,1
XOWXUXQG,1
FKH9RUDOSHQODQGVFKDIWGHV,1
DQWRQVPLWHLQHULQWDNWHQ,1
OSZLUWVFKDIWYLHOHQ,1
DQGHUZHJHQVRZLHGLH,1
LVWRULHGHV8UNDQWRQVXQGVHLQHV,1
DQGHVYDWHUVª1LNODXVYRQ,1
HVWHOOHQKLHUI,1
UHLQHJHPHLQGHXQGNDQWRQV,1
EHUJUHLIHQGH7RXULVPXVI,1
UXQJHLQhEHUNDQWRQDOH0DVVQDKPHQIRNXVVLHUHQDXIGLH,1
DVOLEHUJVRZLHPLWGHU'HVWLQDWLRQ,1
5HJLRQ,1
7RXULVPXVVWUDWHJLHGHV,1
XQJVSURJUDPP,1
XU1HXHQ5HJLRQDOSROLWLNELV,1
DQWRQOHLWHWHLQH6WUDWHJLHI,1
UGHQVDQIWHQ7RXULVPXVLQ2EZDOGHQLQGLH,1
XQJEHL,1
ZHUNGHUZLFKWLJVWHQ,1
NWHXUHLQ,1
XQJLQQRYDWLYHUWRXULVWLVFKHU3URMHNWH,1
UHLQH6WlUNXQJGHV,1
ULJHQ6WlWWHQHLQ,1
HLWHUHQWZLFNOXQJGHVWRXULVWLVFKHQ,1
IWGLHNDQWRQDOH7RXULVPXVVWUDWHJLHLQ,1
HPHLQGHQXQGWRXULVWLVFKHQ,1
6LQQHGHUULFKWXQJVZHLVHQGHQ,1
W0DVVQDKPHQZHOFKH,1
XQJGHUULFKWXQJVZHLVHQGHQ,1
HVWOHJXQJHQLQGHU'HVWLQDWLRQ,1
QJHOEHUJ7LWOLVDP3LODWXVVRZLHLQ0HOFKVHH,1
QJHERWHUXQGXPGHQ3LODWXVZHUGHQNRQWLQXLHUOLFKZHLWHUHQWZLFNHOWGDPLWVLFK,1
HLVWXQJVWUlJHUDP3LODWXVODQJIULVWLJDXIGHPLQWHUQDWLRQDOHQ0DUNWEHKDXSWHQ,1
UXWWZLUGDOVWRXULVWLVFKHV,1
DXSWDXVULFKWXQJDXIGHQ,1
HUVDQIWH7RXULVPXVZLUGLPJDQ,1
HOL5DQIWZLUGLQVHLQHU,1
LHNDQWRQVXQGJHPHLQGH,1
XVDPPHQDUEHLWLP7RXULVPXVZLUG,1
WHUXQJLQ,1
RJHQVLQGGLHGDI,1
UJHHLJQHWHQ,1
HELHWHLPNDQWRQDOHQ5LFKWSODQ,1
XVL,1
FKHUQ,1
JOLFKVWUDXPXQGXPZHOWYHUWUlJOLFK,1
HQHUEULQJHQ,1
XRSWLPLHUHQ,1
HUHLWVWHOOXQJ,1
JHQEHVFKQHLWH3LVWHQRSWLPLHUWH,1
U6RPPHUDQJH,1
ERWH,1
9RUDOOHPEHLGHQLQWHUQDWLRQDODXVJHULFKWHWHQ,1
VVHHLQHV,1
WHVVWUDWHJLVFKH,1
OlFKHRGHUVLQG,1
UDXPZLUNVDP7RXULVWLVFKH,1
IXQJVLQWHQVLYHQ7RXULVPXV,1
QWHQVLYJHELHWHVLQGEH,1
RPIRUWDXIGLHVLFKYHUlQGHUQGHQ,1
lVWHEHG,1
UIQLVVHDXV,1
XULFKWHQXQGODXIHQG,1
QWHQVLYJHELHWHVLQG,1
HELHWHGLHPLWWRXULVWLVFKHQ7UDQVSRUWDQODJHQHUVFKORVVHQ,1
LQWHUXQG6RPPHUVDLVRQ,1
EXQJYRQ,1
DQGHUQ0RXQWDLQELNH9HUDQVWDOWXQJHQ,1
WZHLVHQKRKH,1
HVXFKHUIUHTXHQ,1
HQDXVXQGEHDQVSUXFKHQYLHO,1
HQWULHUHQVLFKDXIGLHWRXULVWLVFKHQ,1
QWHQVLYJHELHWHXQGGHQ6LHGOXQJVUDXP,1
LP7DOERGHQ7RXULVWLVFKH,1
1HXXQG,1
ZHUGHQXQWHU,1
FNVLFKWLJXQJGHVI,1
UGHQ7RXULVPXVZLFKWLJHQ2UWVXQG,1
DQGVFKDIWVELOGHVLQGLH,1
XVODVWXQJ,1
QIUDVWUXNWXUHQXQGHLQH,1
KXQJGHUUHJLRQDOHQ,1
QJHERWHVRZLHHLQHNODUHXQGVWUDWHJL,1
HELHWHODQJIULVWLJDWWUDNWLYXQGZHWWEHZHUEVIlKLJ,1
QIUDVWUXNWXUDQODJHQPLWHUKHEOLFKHQ,1
XVZLUNXQJHQDXI5DXPXQG8P,1
ZHOWNRQ,1
ZHLWHUHQWZLFNHOWZHUGHQ,1
XVDPPHQVFKOXVVYRQ,1
QJHOEHUJPLW0HOFKVHH,1
DVOLEHUJLVWYRUGLHVHP,1
LQWHUJUXQG,1
XEHXUWHLOHQ,1
SIXQJVLQWHQ,1
DKODXVJHULFKWHWHQ7RXULVPXV,1
LQWHUWRXULVPXVZLUGGXUFKGHQ,1
OLPDZDQGHOZHLWHU,1
FNJHGUlQJWDXIZHQLJHVFKQHHVL,1
FKHUH'HVWLQDWLRQHQ,1
QJHOEHUJXQG0HOFKVHH,1
KHUXQWHU,1
XQGHQZ,1
QVFKHXQGGHV,1
F2-1,1
HPHLQGHQVRUJHQLP5DKPHQGHU2UWVSODQXQJPLWHQWVSUHFKHQGHQ,1
XZHL,1
VXQJHQXQGDOOIlOOLJHQHUJlQ,1
HVWLPPXQJHQGDI,1
UGDVVLQGHQWRXULVWLVFKHQ,1
ULFKWXQJVZHLVHQGHQ,1
HVWOHJXQJHQHUIROJHQNDQQ,1
lOGHUPLWEHVWHKHQGHQ,1
UKROXQJVXQG6SRUWHLQULFKWXQJHQZHUGHQ,1
LP6LQQHGHU,1
UKROXQJVVXFKHQGHQEHZLUWVFKDIWHW1HXH,1
LQNODQJPLWGHQ,1
DOGZLUWVFKDIWXQGGHVNDQWRQDOHQ,1
DOGHQWZLFN,1
OXQJVSODQV,1
LH9HUELQGXQJYRQWRXULVWLVFKHQ,1
QWHQVLYJHELHWHQGXUFKQHXH7UDQVSRUWDQODJHQZLUG,1
ZHFNV6LFKHUXQJGHUODQJIULVWLJHQ,1
WWUDNWLYLWlWXQG,1
WLRQHQLP5DXP2EZDOGHQ,1
HUQHU2EHUODQGXQWHU,1
XVZLUNXQ,1
DQGVFKDIW8PZHOW9HUNHKUXQG5HJLRQDOZLUWVFKDIWVRUJIlOWLJJHSU,1
DXWHQXQGGHUQ,1
WLJHQ,1
QWHQVLYJHELHWHZHUGHQJXWDQGHQ,1
IIHQWOLFKHQ9HUNHKUDQJHEXQ,1
GHQ'LHVJLOWLQVEHVRQGHUHI,1
XEULQJHURGHUGLH6WDQGRUWHPLWHLQHPNRQ,1
HQWULHUWHQRGHUJURVVHQ,1
HVXFKHUDXINRPPHQ,1
3LODWXV,1
XVDPPHQVFKOXVV,1
7RXULVPXVJHELHWH,1
ULVPXVVWUDWHJLHGHU,1
XVGHKQXQJGHVWRXULVWLVFKHQ,1
QWHQVLYJH,1
ELHWV,1
DQWRQHQ1,1
DOGEHZLUWVFKDIWXQJLQGHQVWDUNEHJDQJHQHQ,1
UKROXQJVVXFKHQGHQDXVJHULFKWHWLVWXQGVWLPPW7RXULV,1
FKHI,1
DEJHVWLPPWZLUG,1
DOGHQWZLFNOXQJVSODQIHVWJHOHJWHQ,1
lOGHUPLW9RUUDQJIXQNWLRQ,1
UKROXQJEHVFKUlQNHQ,1
HEVHH,1
JOLFKVWXPZHOWJHUHFKWH9HUNHKUVDEZLFNOXQJ,1
QWHUHVVHQWHQNOlUHQGLH0DFKEDUNHLWHLQHV9HUELQGXQJVYRUKDEHQV7LWOLV,1
DVOLEHUJLQ,1
XVDPPHQDUEHLWPLWGHQEHWHLOLJWHQ,1
DQWRQHQGHU5HJLRQDO,1
NRQIHUHQ,1
UXQJHQOHLWHQVLHGLHQlFKVWHQ9HUIDKUHQVVFKULWWHHLQ,1
DQWRQVRUJWGDI,1
HPHLQGHQVRUJHQLP5DKPHQLKUHUZHLWHUHQ3ODQXQJHQGDI,1
UGDVVGLHI,1
QJHERWVELOGXQJZLFKWLJHQ,1
QODJHQODQGVFKDIWVVFKRQHQGJHSODQWXQGJH,1
VWDOWHULVFKHLQJHRUGQHWUHDOLVLHUWZHUGHQ,1
DQWRQ7RXULVPXVRUJDQLVDWLRQHQXQG,1
IIHQWOLFKH9HUNHKUVEHWULHEHVFKDIIHQHLQ,1
QUHL,1
XPDQODJHQEDVLHUWHQ,1
UVWHKWMHGRFKQLFKWLQ,1
RQNXU,1
UGHQVDQIWHQ7RXULVPXVELOGHWHLQHLQWDNWH1DWXUXQG,1
XOWXUODQG,1
HZRKQHUDXIDXWKHQWLVFKH,1
HLVHHUOHEWZHUGHQ,1
XOLQDULN,1
LQVDQIWHUE,1
LQULFKWXQJHQDQ,1
JHZLHVHQ,1
DQGHUQ5DGIDKUHQ,1
0RXQWDLQELNHQ,1
LVFKHQRGHU6FKQHHVFKXKODXIHQ,1
DGXUFKELOGHWGLHVHU7RXULVPXV,1
HJHQHQWZXUI,1
RQHQSODQlQGHUXQJ,1
7RXULVWLVFKHV,1
HLQNRQ,1
ROIHQVFKLHVVHQ,1
QJHOEHUJ7LWOLV7RXULV,1
HLWHUHQWZLFNOXQJGHV7RXULVPXVLQ,1
DOGHQWZLFNOXQJVSODQXQJ,1
6DQIWHU7RXULVPXV6SRUWOLFKH,1
UIQLVDENOlUXQJHQXQG,1
HSWLRQHQ,1
0DFKEDU,1
NHLWVVWXGLH,1
JHOEHUJ7LWOLV0HOFK,1
UXWWXQG0HLULQ,1
DVOLEHUJ,1
RQNUHWLVLHUXQJ5LFKWSODQDXVVDJHDOV,1
LVFKHQ,1
UGHQVDQIWHQ7RXULVPXV,1
ZHLWHUYRQ,1
JHQDXFK,1
HELHWHDEVHLWVGHUJURVVHQ,1
XSURILWLHUHQ'HUVDQIWH,1
7RXULVPXVPLWVHLQHQYLHOIlOWLJHQ,1
DFHWWHQXQG,1
DQGHUQEOHLEWZHLWHUKLQder6FKZHL,1
Q3RSXODULWlWZHLWHUJH,1
ZRQQHQKDEHQ5DGIDKUHQXQG6FKZLPPHQ,1
EXQJGLHVHUEHOLHEWHQ,1
NWLYLWlWHQYHUI,1
EHUVHKUJXWHUlXPOLFKH,1
6HHQ2EZDOGHQV,1
NWLYLWlWHQZLH5XGHUQ6HJHOQRGHU,1
HUHLFKGHVVDQIWHQ7RXULVPXVQHKPHQ,1
XGHU6FKZHL,1
YHUEULQJHQ,1
HULHQEHLGHQHQGHU6SRUWLP0LWWHOSXQNWVWHKW6SRUWIHULHQLQGHU6FKZHL,1
KlXILJHUDOV6SRUWIHULHQLP,1
XVODQGXQGQDFKZLHYRUVLQG6NLXQG,1
DQGHUIHULHQGDEHLEHVRQ,1
GHUVEHOLHEW'DV,1
QJHERWHZHOFKH,1
JDQ,1
QJHERWHVSUHFKHQ,1
KDXSWVlFKOLFK,1
QGLYLGXDOWRXULVWHQDQHLQHZLFKWLJH,1
LHOJUXSSHVLQGDXFK,1
LHJHVHOOVFKDIWOLFKH,1
HGHXWXQJGHV6SRUWVXQGGDPLWDXFKGLH1DFKIUDJHQDFKHQWVSUHFKHQ,1
OHPHQWHI,1
HLWHUHQWZLFNOXQJHLQHVVDQIWHQ7RXULVPXV,1
QGHQEHLGHQ,1
HUHLFKHQ0RXQWDLQELNHXQG,1
WH3RWHQ,1
QJHOEHUJZLOOVLFKODXW6WUDWHJLH,1
XHLQHUI,1
KUHQGHQ0RXQWDLQELNH,1
XDGUHLQDWLRQDOH5RXWHQ9LD-DFREL7UDQV6ZLVV,1
OSLQD,1
GHQ5DGURXWHQ,1
ZHLQDWLRQDOH5RXWHQ,1
OSHQSDQRUDPD5RXWH6HHQ5RXWH,1
XQG0RXQWDLQELNH5RXWHQ,1
DQWRQEHUHLWV,1
EHUZLFKWLJH,1
LHOJUXSSHQ,1
DQWRQEHZHJHQXQGVLQGVRPLWQLFKWDOV,1
XIDVVHQ,1
OLFKVWJXWLQGDVWRXULVWLVFKH,1
QJHERWHLQJHEXQGHQVLQG,1
0LWGHQEHVWHKHQGHQ,1
WWHQ,1
VRZLHGHPEHVWHKHQGHQ,1
DXFKHLQHQZLFKWLJHQ,1
JURWRXULVPXVVRZLHGXUFK,1
RKQXQJV9HUPLWWOXQJVSODWWIRUPHQ,1
ZXUGH,1
HKHUEHUJXQJVDQJHERWLQM,1
VVHUXQGGLYHUVLIL,1
HQKHXWHHUVW1LVFKHQZHUGHQMHGRFKDQ,1
QQHQQHXH,1
UOLFKHQ3RWHQ,1
HQ'LHEHVWHKHQGHQ,1
QJHERWHZHUGHQ,1
TXDOLWDWLYZHLWHUHQWZLFNHOWXQGZR,1
ZHFNPlVVLJPLWHLQDQGHUYHUNQ,1
RHUIRUGHU,1
OLFKZHUGHQ9HUNHKUVXQG,1
HVXFKHUOHQNXQJVPDVVQDKPHQHUJULIIHQ,1
HLWHUHQWZLFNOXQJYRQ,1
UWOLFKHQ5DKPHQEH,1
lVWHQDFKEHVRQGHUHQXQGDXWKHQWLVFKHQ,1
XOWXUHUOHEQLVVHQJHUHFKWZHUGHQ,1
LHYRUKDQGHQHQ3RWHQ,1
DQWRQZHUGHQ,1
VZHUGHQ,1
QJHERWH6WUDWHJLHQXQG3URGXNWHHQWZLFNHOWZHOFKH,1
QVJHVDPWEHVWHKWI,1
U2EZDOGHQHLQHJURVVH,1
KDQFHGLH7UHQGVQDFKPHKU1DFKKDOWLJNHLW1DWXUHUOHEQLVVHQXQG,1
XWKHQWL,1
XJUHLIHQ,1
XNXQIWVRULHQWLHUWHQ1LVFKHQSURGXNWHQ,1
XRSHULHUHQ,1
UHLQHQVDQIWHQ7RXULVPXVEOHLEWHLQHPRGHUDWH,1
HVWLQDWLRQHQWZLFNHOQ,1
HUDXVIRUGHUXQJEHVWHKWGDULQTXDOLWlWVYROOH,1
XVFKDIIHQZHOFKHGHU7UDGLWLRQ,1
DQWRQJHUHFKWZHUGHQXQGGLH2EZDOGHQDOVQDWXUQDKHQ5DXPHUOHEHQ,1
ODVVHQ'D,1
XVLQGLQJHZLVVHQ,1
HELHWHQDXFKHQWVSUHFKHQGH,1
VXFKHUOHQNXQJVPDVVQDKPHQHUIRUGHUOLFK,1
XQJDWWUDNWLYHU,1
UXQ,1
DQWRQDFKWHWGDUDXIGDVVGLH,1
UIQLVVHGHURUWVDQVlVVLJHQ,1
XVDPPHQKDQJPLWGHU,1
XVJHVWDOWXQJHLQHVVDQIWHQ,1
7RXULVPXVDXVUHLFKHQGEHU,1
FNVLFKWLJWZHUGHQ,1
HVWLQDWLRQ,1
WGHQ,1
XIEDXXQGGLH,1
WQDPHQWOLFKGHQ,1
XVWDXVFKYRQ,1
LVVHQXQG,1
HUHLFKGHVVDQIWHQ7RXULV,1
PXVXQGVFKDIIW5DKPHQEHGLQJXQJHQI,1
LUHNWYHUPDUNWXQJ,1
WRXULVPXV,1
2EZDOGHQHQWZLFNHOWVLFKLQ,1
XVDPPHQDUEHLWPLWGHQDQJUHQ,1
HQGHQ5HJLRQHQ,1
NDQ,1
WRQV,1
XHLQHUZLFKWLJHQ5DGXQG0RXQWDLQELNH,1
HUHLFKGHVVDQIWHQ7RXULVPXVWUlJWDXFK,1
XHL,1
QHUKRKHQ1DKHUKROXQJVTXDOLWlWI,1
JURWRXULVWLVFKH,1
QJHERWHZHUGHQDXIXQGDXVJHEDXW'LHDJURWRXULVWLVFKHQ,1
HLVWXQ,1
JHQGHU,1
OSZLUWVFKDIWI,1
K119,1
K120,1
K153,1
K249,1
K253,1
K391,1
K268,1
K279,1
K97,1
K99,1
K105,1
K115,1
K384,1
K386,1
K200,1
K206,1
K383,1
Ueterschen,1
K64,1
Chrummbach,1
K65,1
K86,1
K90,1
K91,1
OSZLUWVFKDIWHQWZLFNHOQJHPHLQVDP3URMHNWHXQG,1
HWHLOLJWHQSURILWLHUHQ1HXHXQGEHVWHKHQGHDJURWRXULVWLVFKH,1
JOLFKNHLWHQGHQ,1
XVEDXGHV5DGXQG0RXQWDLQELNH7RXULVPXVVRZLHGHQ,1
DXIHQ5XQQLQJ,1
Oberdorf-Räuchlisberg,1
K23,1
Entetswil,1
XVWLPPXQJHQVLFKHUJHVWHOOW,1
0RXQWDLQELNH,1
DQJHQVDQG,1
U6SRUW6WXGLH6SRUW6FKZHL,1
6DQIWHU7RXULVPXV,1
HOL5DQIWLVWPLWVHLQHU,1
EIROJHDQ,1
HGHQNVWlWWHQDQGDV,1
OLFKDXFKYRQ,1
DKQHQHUVFKORVVHQZHUGHQ'LHWRXULVWLVFKH,1
XQJXPIDVVWVFKZHUSXQNWPlVVLJ6NL,1
LVHHVDWWHO,1
QHX,1
HQWZLFNOXQJWRXULVWLVFKHU,1
DQWRQV2EZDOGHQZLUGLP5DKPHQGHUQ,1
WLJHQ3ODQJHQHKPLJXQJVYHUIDKUHQXQGNDQWRQDOHQ,1
ELHOHQ,1
bPVLJHQDOS,1
RQIOLNWHDXII,1
XQJ6WUHFNHQI,1
1DKHUKROXQJ6SRUWXQG,1
1LFKWDNWLYEHKDQGHOWZHUGHQGLHWRXULVWLVFKHQ,1
HU5RWKRUQVZHO,1
UHQEHUJXQGLP6RPPHUKDOEMDKU,1
Wieden,1
K287,1
QODJHJHEXQGHQH,1
LQULFKWXQJHQZHUGHQPLWGHQ,1
XVJDQJVSXQNWHI,1
UVDQIWHQ7RXULVPXV,1
HOJJL,1
ZRKQHUJHPHLQGH,1
KREHQZHUGHQ'LH,1
XEHLWUDJHQGDVVGHU,1
1HEHQ,1
HOL5DQIWYHUI,1
JW2EZDOGHQQRFK,1
EHUZHLWHUH3RWHQ,1
HUHLFKGHVNXOWXUDIILQHQ,1
HLVSLHOHKLHUI,1
HVXFKHUOHQNXQJVPDVVQDK,1
HSWJUXQGODJHVWHOOWGDV,1
HQVZHUWHQ2UWVELOGHUYRQ,1
GDULQZHOFKHPGLHEHVRQGHUHQDUFKLWHNWXUKLVWRULVFKHQ4XDOLWlWHQ,1
XQGGLHNXOWXUKLVWRULVFKH,1
HGHXWXQJYRQ,1
HOL5DQIWDOV3LOJHUVWlWWHXQG,1
DQGHU,1
QIUDVWUXNWXULQ,1
HOL5DQIWZXUGHLQGHU9HUJDQJHQKHLWVLWXDWLYXQGRKQH9RUOLHJHQHLQHV,1
ULQJGLH,1
HUWHI,1
HOL5DQIWGLHDXIGLHPLWGHP,1
XVVWUDKOXQJXQG,1
HVWDQGWHLOGHV,1
QIUDVWUXNWXU9HUNHKUVXQG,1
LUNHQ,1
GHV1LNODXVYRQ,1
UGHQJDQ,1
DQWRQYRQJURVVHU,1
UZLUGVHLW-DKUKXQGHU,1
WHQYRQ3LOJHUQDXIJHVXFKWXQGKHXWHQRFKMlKUOLFKYRQ,1
HOL5DQIWGHUKLVWRULVFKNXOWXUHOOH,1
HXFKWWXUPGHV,1
HOL5DQIWªYRP,1
WDXIGDV,1
HLWELOG6DFKVHOQ,1
HSWXQG,1
QWVFKHLGXQJVJUXQGODJHQI,1
UGLH6LFKHUXQJ,1
XQG3UlVHQWDWLRQGHV,1
XOWXUJXWVXQWHU,1
XOWXUJXWHV,1
XOWXUWRXULVPXVZLUGJHI,1
UGHUW'DVNXOWXUHOOH,1
UEHGHV,1
DQWRQVZLUGLQ,1
HPHLQGH6DFKVHOQHUDUEHLWHWHLQ,1
XIZHUWXQJGHV,1
ULJHQ6WlWWHQ,1
QOLFKNHLWLQGDV,1
ZXVVWVHLQGHU,1
ONHUXQJ6HLQH,1
LUNXQJVVWlWWHVWUDKOW,1
JOLFKWGLH9HUPLWWOXQJGHU,1
DQWRQ2EZDOGHQSIOHJWGLH,1
WOHEHQGLJH7UDGLWLRQHQ,1
UGLHODQJIULVWLJH6LFKHUXQJGHVEHGHXWXQJVYROOHQ2EZDOGQHU,1
UVLQGGLH,1
VWHULQ,1
QJHOEHUJXQG6DUQHQGDV,1
HWKDQLHQ,1
XVVWHOOXQJHQXQG0XVHHQGLH0lUNWHRGHUGDV,1
ZHLVVH,1
XFKYRQ6DUQHQ,1
1LNODXVYRQ,1
EKlQJLJNHLWLKUHV,1
HSWVVWHOOHQ,1
RWHOVRGHU5HVRUWV,1
VHKUVSH,1
QIRUGHUXQJHQDQGHQ6WDQGRUWXQGGLHUlXPOLFKH8PJHEXQJ,1
LQHODQG,1
VFKDIWOLFKDWWUDNWLYH,1
QHU,1
HQWUDOHU,1
HLWHUHQWZLFNOXQJXQG,1
QHXHUXQJGHUWRXULVWLVFKHQ,1
QRFKZLFKWLJHUJHZRUGHQ6RVLHKWGDV,1
DQWRQHLP5LFKWSODQ,1
HGDUI0DVVQDKPHQ,1
XVODVWXQJVRZLH,1
UGHUXQJYRQ,1
HOL5DQIWª,1
Sulo,1
XQJVSURJUDPP1HXH5HJLRQDOSROLWLNGHV,1
6WDQGRUWHWRXULVWLVFKH,1
LQDWWUDNWLYHVXQG,1
HLWJHPlVVHV,1
ULJH,1
HLWHLQULFKWXQJHQVLQGYRQ,1
XJGHUZLFKWLJVWHQ3DUWQHU,1
WQDFKKDOWLJHXQGLQQRYDWLYH3URMHNWH,1
XQJGHVNXOWXUHOOHQKLVWRULVFKHQXQGVDNUDOHQ,1
UEHVGHU5HJLRQ,1
LUNXQJVVWlWWHYRQ,1
UX,1
ODXV6DFKVHOQ,1
QWZLFNOXQJVSODQXQJ,1
GHQEHVWHQ,1
QWVSUHFKHQGH3URMHNWHKDEHQIROJHQGH,1
HZLUWVFKDIWXQJJHPlVV,1
QXQJGHV,1
XVEDXGHUVWUDVVHQVHLWLJHQ,1
6LFKHUVWHOOXQJHLQHUTXDOLWlWVVLFKHUQGHQ3URMHNWHQWZLFNOXQJ,1
XP6LHGOXQJVJHELHWVLQGLPNDQWRQD,1
EVWLPPXQJVLQG,1
XJLVWDXIJUXQGLKUHUVSH,1
LHOOHQ6WDQGRUWXQG,1
UVFKOLHVVXQJVDQIRUGHUXQ,1
JHQHLQULFKWSODQHULVFKHU,1
EVWLPPXQJVEHGDUIHUIRUGHUOLFK,1
DVWRXULVWLVFKH,1
DQWRQ2EZDOGHQZLUGPLWGHP,1
6WlUNXQJGHU7RXULVPXVZLUWVFKDIWZHLWHUHQWZLFNHOW,1
XVFKDIIHQRGHUEHVWHKHQGHZHLWHU,1
VFKDIWQDPHQWOLFKLQGHU'HVWLQDWLRQ,1
QJHOEHUJ7LWOLVXQGLQ0HOFKVHH,1
6WDQGRUWHDQJHZLHVHQ,1
ODJHHUIRUGHUOLFK,1
DQGI,1
VXQJHQELHWHQ,1
GLUHNWHQ6LHGOXQJVEH,1
XVVLFKWHLQH,1
QELQGXQJDQHLQHQ,1
HUJEDKQ,1
XEULQJHURGHUGLH6NLSLVWHVLQGMHQDFK,1
WULHEVNRQ,1
UHLQHQHUIROJUHLFKHQ,1
HWULHE8PLQWHUQDWLRQDONRQ,1
NXUUHQ,1
DFKVWHOOHQJHPlVV,1
HLNRQNUHWHQ3URMHNWHQDQ6WDQGRUWHQRKQHGLUHNWHQ,1
UVWHOOXQJXQG,1
EGHFNXQJYRQ3URMHNWULVLNHQ,1
JEDUNHLWGHV,1
DQGHVLPEHQ,1
WLJWHQ8PIDQJ,1
ULVWI,1
HLWLJGHQ,1
5DKPHQGHU2UWVSODQXQJGLHKLHUI,1
XU5HDOLVLHUXQJ,1
HL9RUKDEHQDQ6WDQGRUWHQRKQHGLUHNWHQ,1
XP6LHGOXQJVJHELHWLVWHLQH,1
6WDQGRUWHYDOXDWLRQLQ,1
QYHVWRUHQ,1
PHLQGHXQGGHUNDQWRQDOHQ,1
XQJHQJHPlVV,1
QODVV6WDQG,1
WHVRGHUDP6LHGOXQJVUDQGXQGVLFKHUQGLH6WDQGRUWHLQGHU2UWVSODQXQJ,1
EKlQJLJ,1
YRPNRQNUHWHQ,1
HLEHVWHKHQGHQ,1
HLWHLQ,1
PHUIU,1
UGLHUHJLRQDOH,1
EVWLPPXQJDXIWRXULVWLVFKH,1
IDOOVYRUKDQGHQ,1
UHLQHWRXULVWLVFKH,1
NHLQHHQWJHJHQVWHKHQGHQ,1
EHUZLHJHQGHQ,1
QWHUHVVHQ,1
3URMHNWHKDEHQ,1
QQHQDXIJUXQGGHUEHWUlFKWOLFKHQ8PZHOWDXVZLUNXQJHQUDVFKLQ,1
RQIOLNWPLWDQGHUHQ,1
EDXVWDQGRUWHEHGDUIGHUVRUJIlOWLJHQ,1
ENOlUXQJGHU,1
EHVWHKHQGHQVRZLHN,1
QIWLJYRUJHVHKHQHQ6WDQGRUWHI,1
UGHQ0DWHULDODEEDXPLWHLQHP,1
EEDXYR,1
EDUHQ5RKVWRIIYRUNRPPHQVLQGEHJUHQ,1
EEDXPLQHUDOLVFKHU5RKVWRIIHLVWPLWEHWUlFKWOLFKHQ,1
XQGGHQ5DXPYHUEXQGHQ,1
6FKZHUYHUNHKUVDXINRPPHQ6WDXEXQG,1
lUPHPLVVLRQHQ,1
LQJULIILQ,1
EUDXPPDWHULDO,1
XQJHLQHV0DWHULDOYRUNRPPHQV,1
HUJVWDWLRQ3LODWXV,1
6DQG,1
XKUXQGDQGHUH6SH,1
5RKVWRIIHZHUGHQKDXSWVlFKOLFKDOV,1
DXVWRIIHYHUZHQGHW'HU,1
EEDXHUIROJWI,1
LJHQEHGDUILQQHUKDOEGHV,1
DQWRQVVRZLHI,1
DQ6WDQGRUWHQLQQHUKDOEE,1
ZDP5DQGGHV6LHGOXQJVJHELHWV,1
lQNOLDOS6SUXQJ,1
VFKDQ,1
DOGHJJ,1
ROOKDXV,1
DQ6WDQGRUWHQRKQHGLUHNWH,1
HUJVWDWLRQ5LVWLV,1
QDPLNXQG,1
OXVVXIHUYHJHWDWLRQ,1
XHU,1
ZDUWHQVLQG,1
XVVFKOXVVVRZLH,1
LJQXQJVJHELHWH,1
UOHJWGLH0LQGHVWDQIRUGHUXQJHQDQGHQ,1
WULHEGHU,1
6WDQGRUWDOWHUQDWLYHQ,1
3ULRULWlWHQRUGQXQJQDFK,1
LJQXQJ,1
EEDXYRUKDEHQ,1
HQHLQHJHQHKPLJWH5LFKWSODQIHVWOHJXQJ,1
XQJVSODQVWXIHYRUDXV,1
LHVXQG6DQGDXV,1
QGHQGHV,1
EIlOOHVLQGVRZHLWVLQQ,1
XEHUHLWHQ,1
XODJHUQ,1
EEDXVWHOOHQ,1
HWULHEVSKDVHZHUGHQGLHQHJDWLYHQ8PZHOWDXVZLUNXQJHQ,1
UZHLWHUXQJEHVWHKHQGHU,1
EEDXJHELHWHHUIROJWXQWHU,1
XQJVLQWHUHVVHQXQGXQWHU3U,1
EEDXJHELHWHQZLUGKHXWHDQYHUVFKLHGHQHQZHLWHUHQ,1
LHVJHZRQQHQLQVEHVRQGHUHDXV,1
LHVHQWQDKPHQHUIROJHQ,1
RFKZDVVHUVLFKHUKHLW'DV,1
JHZRQQHQH0DWHULDOZLUGDXIEHUHLWHWXQGI,1
UEDXOLFKH,1
DQWRQHUIROJWUDXPXPZHOWXQGODQG,1
EEDXDQIDOOHQGHQPLQHUDOLVFKHQ,1
LHVHQWQDKPH,1
UVFKOLHVVXQJV,1
VLWXDWLRQNOlUHQ,1
EIDOOEHZLUWVFKDIWXQJXQG'HSRQLHQ,1
DQWRQHI,1
HUVWHOOHQXQGGLHVHSHULRGLVFKQDFK,1
KUHQ'LH,1
EIDOOSODQXQJVROOGHQ,1
EEDXVWDQGRUWHZHUGHQLPNDQWRQDOHQ5LFKWSODQEH,1
XQJHUIROJWLP9HUIDKUHQI,1
XQGGDPLWYHUEXQGHQHQZHLWHUHQ,1
HZLOOLJXQJHQ,1
DQWRQ1LGZDOGHQ,1
XKUVWHLQHQXQG,1
FNHQ,1
UZHLWHUXQJ3HULPHWHU,1
EEDXPHQJHQVRZLHDOOIlOOLJH,1
WDSSLHUXQJHQXQG,1
HLFKQHWLQ,1
HUHLFKH,1
ZLQQXQJYRQ,1
DXVWRIIHQDXV,1
HZlVVHUQ,1
UNRRUGLQLHUWGLHVHPLWGHQ0DVVQDKPHQ,1
EEDXJHELHWHIHVWXQG,1
IWGHUHQ,1
LQKDOWXQJ,1
QWHUHVVHQWHQHUDUEHLWHQEHLQHXHQ9RUKDEHQRGHUZHVHQWOLFKHQ,1
EHVWHKHQGHU,1
EEDXJHELHWHGLHHUIRUGHUOLFKHQ,1
XJVJHELHWH6WDQGRUWHYDOXDWLRQ1DFKZHLVGHU0DWHULDOHLJQXQJ9RU,1
XQJVSODQXQJZHLWHUGLH,1
OHQYRP'H,1
ZLUGLQ,1
HVHQWOLFKHQ,1
QHUWVWRIIH,1
ODV,1
HUDPLNHU,1
HXJQLVVH,1
VVHGHV,1
HSRQLHQVLQG,1
JHPlVVGHUHLGJHQ,1
JHEXQJLQGHUNDQWRQDOHQ5LFKWSODQXQJDXV,1
XZHLVHQ,1
UWGHU9HURUGQXQJ,1
EHUGLH9HUPHLGXQJXQGGLH,1
QWVRUJXQJYRQ,1
Eilo,1
WH6WRIINUHLVOlXIH,1
XVFKOLHVVHQYHUPHKUW6HNXQGlUURKVWRIIH,1
HQVRZLHGHQ5RKVWRIIEHGDUIXQGGDV,1
EIDOODXINRPPHQ,1
XVHQNHQ,1
7HLOGHU,1
EIDOOSODQXQJ'LHYRUJHVHKHQHQ,1
6WDQGRUWHYRQ,1
EIDOODQOD,1
JHQHUPLWWHOQXQGGHUHQ6WDQGRUWHIHVWOHJHQhEHUNDSD,1
LWlWHQYHUPHLGHQXQGGLH,1
XVDPPHQDU,1
EHLWXQWHUGHQ,1
DQWRQHQVLFKHUVWHOOHQ'LH,1
EIDOOEHZLUWVFKDIWXQJYHUIROJWGDV,1
RIIHQHRGHUXQJHQ,1
OOXQJYRQ,1
EEDXVWHOOHQ7HUUDLQNRUUHNWXUHQXD,1
ZRGXUFKGLH,1
LWlWHQGHU'HSRQLHQ,1
HQWVSUHFKHQGYHUOlQJHUWZ,1
UGHQ6RPLWEHVWHKWLP6DUQHUDDWDOYRUDXVVLFKWOLFKELV,1
NHLQ,1
HGDUIDQQHXHQ'HSRQLHQ,1
5HNXOWLYLHUXQJHQRGHU,1
RGHQDXIZHUWXQJHQ,1
LHLP6DUQHUDDWDOYRUKDQGHQHQ,1
HSRQLHNDSD,1
XVKXEPDWHULDODOV,1
ZHUWXQJVVWHOOHQI,1
XVKXEPDWHULDO,1
GlPPH,1
DXVWHOOHQGHV,1
NOLHUHQ,1
KUHQRGHUDQGHUZHLWLJ,1
Q'HSRQLHQGHV,1
XVEUXFKPDWHULDODEJHOD,1
JHUWGDVDXV,1
NRORJLVFKHQRGHUDQGHUHQ,1
QGHQQLFKWZHLWHUYHUZHUWHWZHUGHQNDQQ,1
DQWRQVNHLQ,1
UULFKWXQJYRQHLJHQHQ'HSRQLHQ,1
EODJHUXQJYRQ5HVWVWRIIHQ,1
6FKODFNHQXQG5HDNWRUPDWHULDOLHQ,1
DQWRQ2EZDOGHQVLQGGHU,1
HLWPHKUHUH'HSRQLHQGHV,1
ZHL'HSRQLHQGHV,1
DVDXIGHQ,1
NOLHUW1LFKWZHLWHUYHUZHUWEDUHV0DWHULDOZLUGJHPlVVGHQ9RU,1
VFKULIWHQGHUHLGJHQ,1
VVLVFKHQ,1
EIDOOYHURUGQXQJHQWVRUJW'HU,1
HWULHEGHU'HSRQLHQ,1
JOLFKVWXPZHOWXQGODQGVFKDIWVVFKRQHQGXQGNRQ,1
WHQVGUHLJOHLFK,1
HLWLJLQ,1
HVWOHJXQJZHLWHUHUSRWHQ,1
QJHOEHUJJHJHQZlUWLJNHLQH'HSRQLH,1
QJHVLFKWVGHVJHULQJHQ,1
IDOOVDQ,1
FNVLFKWLJXQJGHUKRKHQEDXOLFKHQXQGEHWULHEOLFKHQ,1
UXQJHQLVWDXFKN,1
QXUI,1
HELHWYRQ,1
LWlWXPELV-DKUHYHUULQJHUQ,1
QJHOEHUJLVWQHEHQGHUDNWXHOOEH,1
WULHEHQHQ'HSRQLHVRPLWHLQZHLWHUHU,1
6WDQGRUWSODQXQJVUHFKWOLFK,1
XVLFKHUQ'HU,1
UDIHQRUWHUI,1
UHLQH'HSRQLHDPEHV,1
XIGLH,1
U'HSR,1
QLHQLP6DUQHUDDWDOYRU,1
XVHKHQ,1
QJHOEHUJLVWKHXWHQXUGLH'HSRQLH,1
EODJHUXQJYRQVDXEHUHP,1
XVKXEPDWHULDOYRUDXVVLFKWOLFKQRFKI,1
QVRQVWHQ,1
UGHVLFKGLH,1
XHUVWHOOHQ,1
DVVHUYHUVRUJXQJ,1
DQWRQ2EZDOGHQZLUGVlPWOLFKHV7ULQNZDVVHUDXV,1
UXQGXQG4XHOOZDVVHUJHZRQQHQ,1
JHKHQGJHUHJHOW'HU,1
DQWRQ2EZDOGHQKDWGLHSODQHULVFKHQ,1
LQWHLOXQJGHV,1
DQWRQVJHELHWVLQ,1
XHYDOXLHUHQXQGVRIHUQHUIRUGHUOLFKQHXH'HSRQLHVWDQGRUWH,1
QWVRUJXQJ,1
WHUHVVHQYRQ1DWXUXQG,1
DQWRQOHJWGLH6WDQGRUWHLPNDQWR,1
ENOlUHQ'HSRQLHYROXPHQ,1
XEHUHLQLJHQGH,1
XQJVSODQXQJXD,1
UXQGODJH,1
HSR,1
QLHSODQXQJ,1
EIDOOSODQXQJPLWGHQ1DFKEDUNDQWRQHQXQGVFK,1
GDV3RWHQ,1
JOLFKNHLWHQDXV,1
KUWGLHVHSHULRGLVFKQDFK,1
EIDOOSODQXQJVLQGDXFK,1
DQ'HSRQLHYROXPHQ,1
UZHLWHUXQJEHVWHKHQGHU'HSRQLHQHUIROJWXQWHU,1
VLFKWLJXQJGHV,1
XQJVLQWHUHV,1
VHQVRZLHXQWHU3U,1
IXQJYRQDOWHUQDWLYHQ6WDQGRUWHQ,1
VWDQG,1
XQJDOV,1
XQJVSODQXQJYRUDXV,1
DQWRQ2EZDOGHQZLUGKHXWHGHUJU,1
EZlVVHUDXV,1
DXVKDOWHQ,1
QGXVWULHLQ,1
EZDVVHUUHLQLJXQJVDQODJHQJHUHLQLJW5XQGGHU,1
DQWRQ2EZDOGHQVLQGDQGDV,1
DQJHVFKORVVHQ'DV,1
EZDVVHUZLUG,1
UGLH1DFKI,1
JXQJ'HU,1
UODVVXQGGLHSHULRGLVFKHhEHUSU,1
UXQGXQG4XHOOZDVVHUVYRU9HUXQUHLQLJXQJHQ,1
EHUZDFKHQLP6LQQHGHU6HOEVWNRQWUROOHGLH4XDOLWlWGHU7ULQNZDV,1
XQJVSODQXQJQDFK,1
6LHGOXQJVHQWZlVVHUXQJXQG,1
EZDVVHUUHLQLJXQJ,1
QIUDVWUXNWXUYHU,1
DQWZRUWOLFK,1
DQGZLUWVFKDIWZHUGHQDXVUHLFKHQG,1
PLWTXDOLWDWLYHLQZDQGIUHLHP7ULQNXQG,1
UXQG4XHOO,1
XQG6HHZDVVHUYRUNRPPHQZHUGHQJHVFK,1
UXQGZDVVHUDQUHL,1
FKHUXQJZLUGVLFKHUJHVWHOOW,1
RQHQXQGDUHDOHQ,1
RQHQZHUGHQLQGHU5LFKWSODQNDUWH,1
QIRUPDWLRQGDUJHVWHOOW,1
XVWlQGLJI,1
ZGHQ,1
HPHLQGHQVLQGI,1
UGLHHLJHQWOLFKH,1
DVVHUYHUVRUJXQJPLWGHUHQWVSUHFKHQGHQ,1
K357,1
Rudenwil,1
K358,1
K361,1
Blidegg,1
K362,1
K364,1
K366,1
K349,1
K350,1
Greutensberg,1
K351,1
K352,1
Mörenau,1
K355,1
K356,1
K329,1
K330,1
K331,1
K338,1
K344,1
K342,1
K345,1
K346,1
DQDOLVDWLRQVOHLWXQJHQ,1
XGHQGUHL,1
K312,1
K313,1
Kaltenbach-Raa,1
K316,1
K320,1
K328,1
DQODJHQ,1
KUWVRQGHUQYHUVLFNHUWQDFK0,1
JOLFKNHLWRGHUZLUGLQHLQHQ9RUIOXWHU,1
EZDVVHUUHLQLJXQJZHUGHQIU,1
NHUXQJVXQG,1
EZDVVHUZHOFKHVDXVVHUKDOEGHV,1
DQDOLVDWLRQDQ,1
EZDVVHUUHLQLJXQJVDQODJHQVRUJHQI,1
QWZlV,1
JXQJEOHLEWGLHKRKH,1
DVVHUTXDOLWlWLQ,1
OLHVVJHZlVVHUQXQG6HHQHUKDOWHQ,1
QODJHQXQGGHU,1
5HJHQZDVVHU,1
QLFKWGHQ,1
EZDVVHUUHLQLJXQJV,1
DQDOLVDWLRQXQGGLH,1
DXVUHLFKHQGH,1
XVGHKQXQJGHU6LHGOXQJVJHELHWHZLUGGHU8QWHUJUXQGLPPHUPHKUJHJHQ,1
UXQGZDVVHUQHXELOGXQJ,1
VRQGHUQKDWDXFKKRKH,1
JOLFKYHUVLFNHUQ,1
XODVVHQ,1
OV3ODQXQJVXQG,1
JXQJVDQODJHQ,1
XIJUXQGGHVHUZDU,1
WHWHQ,1
DQWRQLVWPLWHLQHU,1
XQDKPHGHV,1
EZDV,1
VHUDQIDOOV,1
XUHFKQHQ'LH,1
OHNWUL,1
LWlWVYHUVRUJXQJVRZLHGHQJURVVHQ,1
HLWUDJGHU,1
HQHUJLH,1
lUPHYHUVRUJXQJHUIROJWPHKUKHLWOLFKGXUFK,1
OHVJLEWMHGRFKLPPHUPHKU,1
lUPH,1
SXPSHQXQGDXFK,1
DQWRQ2EZDOGHQVLQGDXIGLH9HUEUHQQXQJIRVVLOHU,1
UHQQXQG7UHLEVWRIIH,1
URVVWHLOGHV9HUEUDXFKVZLUGI,1
ZHQGHWLQVEHVRQGHUHI,1
DUPZDVVHU,1
XNQDSSHLQHP'ULWWHOZLUGGHU,1
PLWHUQHXHUEDUHQ,1
LQLHGXUFKGHQKRKHQ,1
QWZlVVHUXQJVSOD,1
QXQJUHJHOPlVVLJ,1
QWZlVVHUXQJVSOlQHIU,1
UEHLWHQDEXQGNRRUGLQLHUHQGLHVHPLWGHQ,1
1DFKEDUJHPHLQGHQ,1
LH6LFKHUXQJGHUQRWZHQGLJHQ,1
5XQG,1
ZHL'ULWWHOGHV,1
UQHXHUXQJHQXQG0RGHUQLVLHUXQJHQGHU,1
EZDVVHUDQODJHQ,1
HPHLQGHQVRUJHQLQLKUHQ,1
QWZlVVHUXQJVSOlQHQGDI,1
UGDVVHLQ,1
JOLFKVWKRKHU,1
EZDVVHUVYHUVLFNHUWXQGQLFKWLQGLH,1
QDOLVDWLRQDEJHI,1
HElXGHVDQLHUXQJPDVVJHEOLFK,1
HSWIHVWJHKDOWHQHQ,1
LHOHEHLWUDJHQ,1
XGHPWUDJHQGLHNDQWRQDOHQ,1
SURJUDPPH,1
LQHQZLFKWLJHQ,1
UUHLFKXQJGLHVHU,1
OOHVLHEHQ2E,1
XHUUHLFKHQXQGGLH,1
EKlQJLJNHLWYRQIRVVLOHQ,1
WUlJHUQ,1
LHUHQ'LHVHQWVSULFKWDXFKGHQ,1
LHOHQGHVNDQWRQDOHQ,1
HSWVDXV,1
GHP-DKUVRZLHGHU,1
DQWRQNDQQPLWHLJHQHQ,1
VVLJ,1
JDVXQG,1
OEHWULHEHQ,1
HElXGHEHUHLFKLVWGDVHQHUJHWLVFKH6SDUSRWHQ,1
XQJGLHVHU6SDUSRWHQ,1
HElXGHK,1
HElXGHWHFKQLNVRZLHGHU,1
XIJDEH,1
lUPHYHUEXQGH,1
XGHPGLH,1
JUXQGGHUYLHOHQ,1
IHXHUXQJHQLQ,1
RKQJHElXGHQVRZLHLQGLYHUVHQ,1
lUPHYHUEXQGHQHLQHQ,1
YHUJOHLFKVZHLVHZLFKWLJHQ,1
QWHLOHLQ,1
QVWLJHQ5DKPHQEHGLQJXQJHQI,1
XU6WURPSURGXNWLRQ,1
DQWRQ2EZDOGHQHUIROJWXPZHOWYHUWUlJOLFKVLFKHUXQG,1
ZLUWVFKDIWOLFK'HU,1
DQWRQWUlJWPLWVHLQHQHQHUJLHSROLWLVFKHQ0DVVQDKPHQ,1
XQGHVEHLXQGVWUHEWOlQJHUIULVWLJGLH9LVLRQ,1
DWW,1
HElXGHVDQLHUXQJHQHLQHUYHUEHVVHUWHQ,1
HQHUJLH8PZHOWXQG,1
EULJH,1
XIJUXQGGHUXQJ,1
QVWLJHQ,1
LQGYHUKlOWQLVVHXQGGHUJURVVHQ,1
RQIOLNWWUlFKWLJNHLWPLWGHQ,1
VFKDIWV,1
DQWRQ2EZDOGHQNHLQHJ,1
UDJHQXQG0DVVQDKPHQEHJ,1
XQJGHU2EZDOGQHU,1
QHUJLHVSDUHQXQGGHU6WHLJHUXQJGHU,1
EHVWHKWLQ,1
DXFKHLQ,1
QWHUHVVHDQHLQHPQDFKKDOWLJHQ,1
XVEDXGHUHUQHXHUEDUHQ,1
P9RUGHUJUXQG,1
QHUJLHVWDGWODEHOV'LHVHV,1
DEHOLVWHLQ,1
HLVWXQJVDXV,1
ZHLVI,1
UHLQHQDFKKDOWLJHNRPPXQDOH,1
QHUJLHSROLWLN'LHKRKH,1
GHQI,1
UHQHUJLHSROLWLVFKH,1
XQJZHLWHUHU,1
LRPDVVH,1
UGZlUPH,1
ZLUGXPZHOWXQGODQGVFKDIWVYHUWUlJOLFKJHI,1
LQGHQHUJLHZLUGDXIJUXQGGHUXQJ,1
DQWRQ2EZDOGHQGHU,1
WVHLQH0DVVQDKPHQDXIHLQ,1
HXUWHLOXQJGHVN,1
LQWHUHVVHQLP5DKPHQYRQ,1
QGXVWULHXQG,1
3RWHQ,1
W6RODUDQODJHQZHU,1
GHQXQWHU,1
FNVLFKWLJXQJGHV2UWVXQG,1
DQGVFKDIWVELOGHVVRUJIlOWLJXQGODQG,1
VFKDIWVVFKRQHQGDQ,1
HU9HUEUDXFKIRVVLOHU,1
QHUJLHWUlJHUZLUGUHGX,1
W'LHZHLWHUHQHUQHXHUEDUHQ,1
FNVLFKWLJXQJGHU1DWXUXQG,1
DVVHUNUDIWZLUGXPZHOWXQGODQGVFKDIWVYHUWUlJOLFKJHI,1
ZHUNHZHUGHQRSWLPLHUW'LH,1
QWHUHVVHQDQGHU,1
XVEDXXQGQHXH,1
EZlUPHZLUGGHU,1
LQVJHVDPWVLJQLILNDQWUHGX,1
DQWRQQLPPWEHWUHIIHQGGHQ,1
QODJHQHLQH9RUELOGIXQNWLRQHLQ,1
UHQQVWRIIH,1
OOIlOOLJH,1
RPSHQVDWLRQVPDVVQDKPHQKDEHQLQQHUKDOEGHV,1
JHELHWV,1
UGLHVRUJIlOWLJH,1
LQSDVVXQJYRQ6RODU,1
DQODJHQLQGLH'lFKHUXQG,1
UHLQHQUDXPXQGXP,1
ZHOWYHUWUlJOLFKHQ,1
GHUHUQHXHUEDUHQ,1
QHUJLHSROLWLNXQG5DXPRUGQXQJVSROLWLNDXIHLQDQGHUDE,1
EHQIDOOVQLPPWHUHLQH,1
XQJVVWUDWHJLHI,1
DXWHQELVXQWHU,1
HQHUJHWLVFKHQ,1
DQWRQEHIDVVWVLFKLQGHU,1
QHUJLHSODQXQJPLWGHU,1
UGHUXQJYRQHLQKHLPLVFKHQ,1
HUQHXHUEDUHQ,1
DQWRQHUDUEHLWHWHLQH1HJDWLYSODQXQJI,1
ZHFNDUEHLWHWHUPLWGHQ,1
SODQXQJHQGXUFKI,1
XQJVSODQXQJHLQIOLHVVHQODVVHQ,1
HElXGHVDQLHUXQJHQLP5DKPHQGHV,1
JUDPPV,1
USDVVWGLH,1
QVWUXPHQWHI,1
HElXGHVDQ,1
HGDUIVXQG,1
QJHERWVDQ,1
GLHDQ,1
XQJIHVW'DEHLEH,1
HSWHXQG6DFKSOlQHGHV,1
VHLQ,1
LUNVDPNHLWXQG,1
SDVVWGLHVHDQ,1
JXQJHLQEH,1
9RUKDEHQZHOFKHGDV,1
DQWRQVJHELHWWDQJLHUHQEULQJWGHU,1
WRQVHLQH,1
QWHUHVVHQJHJHQ,1
EHUGHP,1
XQGIU,1
XQJGHUHQWVSUHFKHQGHQ,1
XVEDXYRUKDEHQNHLQHVSH,1
YRU,1
6LHGOXQJXQG,1
XKDOWHQ,1
QSDVVXQJHQXQG,1
UZHLWHUXQJHQYRQ0LWWHOXQG1LHGHUVSDQQXQJVOHLWXQJHQZLUG,1
JOLFKNHLWHLQHUHUGYHUOHJWHQ9HUNDEHOXQJJHSU,1
ZLQGLH,1
FKVWVSDQQXQJVOHLWXQJHQ,1
LVWGDV,1
XVEDXYRUKDEHQJHKWHVXPGHQ,1
HUQHU,1
XQGDPHQWHXQG0DV,1
WHQQRWZHQGLJ,1
LHEHVWHKHQGH,1
HLWOLHJHQ,1
DOGHQWZLFNOXQJVSODQYRU,1
DQWRQEHREDFKWHWGLHZHLWHUHWHFKQRORJLVFKH,1
LQGHQHU,1
JLHXQG,1
DQWRQDOHV,1
DKQHQVLQGLP6DFKSODQhEHUWUDJXQJVOHLWXQJHQ,1
RFKVSDQ,1
QXQJVOHLWXQJHQ,1
QODJHQDQQHXHQ6WDQGRUWHQVLQGDXFKGHU,1
WlWHQDQEHVWHKHQGHQ6WDQGRUWHQYRQ,1
6FKlGOLFKH,1
VVHYRQ0RELOIXQNVWUDKOXQJDXI0HQVFKXQG7LHUVLQGZLVVHQVFKDIWOLFKELVKHU,1
QLFKWQDFKJHZLHVHQZRUGHQ1DFKGHP9RUVRUJHSULQ,1
PLVVLRQHQYRQ,1
GHPVRZHLWEHJUHQ,1
JOLFKVRZLHZLUWVFKDIWOLFKWUDJEDULVW0RELOIXQNDQODJHQN,1
XQGHVHLJHQHU6DFKSODQhEHUWUDJXQJVOHLWXQJHQ,1
0RELOIXQNXQG6HQGHDQODJHQ,1
HQ0RELOIXQNPDUNWWHLOHQVLFKLQGHU6FKZHL,1
H'LH,1
7HFKQRORJLHHQWZLFNOXQJXQGGHUVWHWLJXQGUDVFKDQVWHLJHQGHPR,1
ELOH'DWHQYHUNHKUWUHLEHQGHQ,1
XVEDXGHU0RELOIXQNLQIUDVWUXNWXUYRUDQ1HEHQGHU,1
UULFKWXQJ,1
HUN,1
OLHIHUQHQWVSUHFKHQGH,1
QWVFKHLGXQJV,1
JUXQGODJHQI,1
UGLH'XUFKI,1
KUXQJHLQHU,1
QQHUWNLUFKHQ,1
WXQJLQQHUKDOE,1
9RUKDEHQHLQ,1
HUHLFKEHVWHKHQGHU,1
GLHNDQWRQDOHQ,1
IWEHLDXVJHSUlJWHQ,1
RQIOLNWHQPLWGHP1DWXUXQG,1
VSDQQXQJVOHLWXQJHQ,1
QWHUHVVHQWHQ,1
GDVJHVXFKVWHOOHQGH,1
VLHUXQJHQ,1
QODJHQZHQLJHQJURVVHQ,1
QWHQQHQYRU,1
LHKHQ,1
XQJVDXIJDEHVLFKHUJH,1
VWHOOW,1
HUHLFKEH,1
QODJHQGLHNDQWRQDOHQ,1
HLGHU3ODQXQJ,1
ZLVFKHQ0RELOIXQNEHWUHLEHUQXQG,1
QHXHU6WDQGRUWHLVWVLFKHUJHVWHOOW,1
LQH2SWLPLHUXQJDP6WDQGRUWKLQVLFKWOLFKGHU,1
XVZLUNXQJHQDXIGDV2UWVXQG,1
DQGVFKDIWVELOGLVWHUIROJWXQG,1
OWHUQDWLYHQVLQGDXIJH,1
EHGDUIVZHLVHPLW9LVXDOL,1
61DFKZHLVJHSU,1
WLJZHUGHQ,1
ZHLWHUHNDQWRQDOH6WHOOHQ,1
1DWXUJHIDKUHQ,1
HXUWHLOXQJHLQEH,1
JOLFKVWYRUVFKlGOLFKHQRGHUOlVWLJHQ,1
VVHQDXV,1
6WUDKOXQJYRQ0RELOIXQNVRZLHZHLWHUHU6HQGHDQODJHQJHVFK,1
QQHQGDV6LHGOXQJV,1
DQGVFKDIWVELOGEHHLQWUlFKWLJHQ,1
UXQGZLUGGLH3ODQXQJYRQ,1
XU9HU,1
RPPXQLNDWLRQVGLHQVWOHLVWXQJHQ,1
GHPVRJHQDQQWHQ,1
XlQGHUQGH0RELOIXQNDQODJHQZHU,1
GHQYRQGHUNDQWRQDOHQ8PZHOWIDFKVWHOOHEHWUHIIHQG1,1
HUQEHVWDQGGHU,1
QVJHVDPWYHUI,1
RFKXQG7LHIEDX,1
XPUXQG,1
XQJHQGLHVHU2EMHNWH,1
ODXEHQEHUJDXFKQDFK,1
JDEHGHV7UXSSHQODJHUVLP-DKUXQG7HLOHGHV,1
HXJKDXVDUHDOV6DUQHQDEZHLWHUKLQ,1
QGH,1
WHVZHUGHQNHLQHZHLWHUHQ,1
QYHVWLWLRQHQDQGLHVHP6WDQGRUWPHKU,1
JHWlWLJW'HU,1
UDJHQDFKGHU,1
XIJDEHGHV6FKLHVV,1
XQGDQJHKDOWHQ5,1
XVDQLHUHQ,1
XVDPPHQJHI,1
KUW'HUQHXH,1
6DFKSODQ0LOLWlU,1
QIUDVWUXNWXUGHU,1
LYLOHQ3ODQXQJHQ,1
GHU8PZHOWDQ,1
XZHQGHQVLQG,1
ODXEHQEHUJZHUGHQQRFKELV,1
DFKVWHOOHQ,1
8PZHOWIDFKVWHOOHLPPHUGLHDQGHUQ,1
QDFK,1
DV6WDWLRQLHUXQJVNRQ,1
UXQGODJHGHUSROLWLVFKHQXQGILQDQ,1
LHOOHQ,1
XVJHKHQGYRPQHXHQ6WDWLRQLHUXQJVNRQ,1
HYRQ,1
XQJGHV7UXSSHQVWDQGRUWV,1
UEHU,1
GHU0RRUODQG,1
ULWHULHQGHV,1
DQWRQVHUDUEHLWHQDOOIlOOLJH,1
QWHUHVVHQWHQHLQ,1
EHQEHUJ,1
7RXULVPXV5HJLR,1
FNVLFKWLJXQJGHUNDQWRQDOHQ,1
UQLPPW5,1
XQJYHUDQODVVWGHU,1
XPZHOWJHUHFKWHQ5,1
XQG'LHNDQWRQDOHQXQGNRPPXQDOHQ,1
6WHOOHQ,1
ZHUGHQEHLDOOIlOOLJHQ9HUNlXIHQYRQ9,1
PPRELOLHQHQJPLWHLQJHEXQGHQ,1
XQGDQJHVWUHEW,1
JOLFKVWSRVLWLYH,1
IIHNWHDXIGLH5HJLRQDOZLUWVFKDIWDXVJHKHQ,1
KUWHLQ9HU,1
HLFKQLVDOOHUPLOLWlULVFKHQ,1
QODJHQGLHI,1
ULVFKH,1
LYLOH1DFK,1
WHPLOLWlULVFKH,1
XQGHVZHUGHQLQ,1
LYLOH,1
KUWVRIHUQHLQ,1
IIHQWOLFKHV,1
QWHUHVVHJHOWHQGJHPDFKWZHU,1
GHQNDQQ,1
IIHQWOLFKHP,1
RQVXOWDWLRQVEHUHLFKHEHU,1
HPHLQGHQLQLKUHQ3ODQXQJHQ,1
RQVXOWDWLRQVEHUHLFKHHQWODQJYRQ9HUNHKUVZHJHQXQG,1
VWDWLRQlUHQ,1
IWGLHVHUHJHOPlVVLJ,1
XQVWHLVEDKQ,1
6WHKWDQNODJHU6DUQHQ,1
HOVWHFKQLN,1
HUHLFKVROFKHU,1
KHQVRGDVVVLHQLFKWPHKUWUDJEDU,1
XQJVNRQIOLNWH,1
UIDOOSRWHQ,1
XQJHQYRUDXVVFKDXHQGHUNHQQHQ,1
UIDOOSR,1
LDOHZHUGHQ,1
UIDOOYHURUGQXQJ,1
XVZLUNXQJHQDXIGLH,1
UIlOOHEH,1
QLVPHQGXUFKI,1
UIDOOYHURUGQXQJ'LHPDVVJHEHQGHQ,1
EHQYHUSIOLFKWHQGLH,1
QKDEHUYRQVWDWLRQlUHQ,1
QODJHQXQGYRQ9HUNHKUVZHJHQGDV5LVLNRLKUHU,1
HWULHEHDXIHLQWUDJEDUHV0DVV,1
XVELOGXQJHWF,1
XQGDQJH,1
KDOWHQ5,1
XVD,1
QLHUHQ,1
HU8PJDQJPLWFKHPLVFKHQ6WRIIHQZLHGHU7UDQVSRUWGLH,1
QHQPLWWHFKQLVFKHQ9RUJDEHQUHGX,1
PLWHUKHEOLFKHQ,1
UXQGODJHLPNDQWRQDOHQ5LFKWSODQ,1
HVWOHJXQJYRQ9RUKDEHQPLWJHZLFKWLJHQ,1
JOLFKLPNDQWRQDOHQ5LFKWSODQLQGHQHQWVSUHFKHQGHQ6DFKNDSLWHOQ,1
DVYRUOLHJHQGH,1
DSLWHOOHJWGDV9RUJHKHQI,1
U9RUKDEHQPLWJHZLFKWLJHQ,1
XVZLUNXQJHQIHVWI,1
XVZLUNXQJHQDXI5DXPXQG8PZHOWZHUGHQHLQHUUDXP,1
VSLHOVZHLVHEHL9RUKDEHQPLWJURVVHU,1
OlFKHQEHDQVSUXFKXQJKRKHU8PZHOWXQG1DWXUEHODV,1
PHGLH5HGHVHLQ6ROFKH9RUKDEHQZHLVHQLQ,1
GHU5HJHOHLQHQKRKHQ,1
XGHP,1
QWHUHVVHQVNRQIOLNWHYRU,1
XVGLHVHQ,1
QGHQEHG,1
RFK,1
VSDQQXQJVOHLWXQJHQQHXH,1
DVVHUNUDIWZHUNH,1
HLFKQHWZHUGHQ,1
HJULII,1
JHZLFKWLJªLVWTXDOLWDWLY,1
XZHUWHQ9RQ,1
XVZLUNXQJHQªNDQQEHL,1
OV9RUKDEHQPLWJHZLFKWLJHQ,1
QQHQJU,1
VVHUH9RUKDEHQ,1
HUHLFK6LHGOXQJ7RXULVPXV,1
UZHLWHUXQJYRQ6NLJHELHWHQ3IHUGHVSRUWDQODJHQ,1
1DWLRQDOVWUDVVHQXQG,1
DQWRQVVWUDVVHQYRUKDEHQ,1
LQGSDUNVQHXH,1
ST4–6,1
ST7–8,1
ST9–10,1
ST11–12,1
Vivico,1
skyline,1
04c,1
Fussgänger-Y,1
QIRUGHUXQJHQDQGLHHIIHNWLY,1
XHUEULQJHQGHQ8QWHUODJHQI,1
UVlPWOLFKH3ODQXQJVYHU,1
IDKUHQIHVWXQGWHLOWGLHVGHQ,1
QWHUHVVHQWHQIU,1
UZHLWHUXQJ5HF,1
OLQJ,1
HJOHLWXQJ3IHUGXQG5DXPSODQXQJ,1
0DFKEDUNHLWVVWXGLHGDUVWHOOHQ,1
EHQIDOOVLVWHLQVFKULIWOLFKHV,1
LQYHUVWlQGQLVGHU,1
6WDQGRUWJHPHLQGH,1
9RUVWDQG,1
XKROHQ,1
DQGHOWHVVLFKXPHLQ9RUKDEHQPLWJHZLFKWLJHQ,1
XVZLUNXQJHQOHJWGHU,1
U5DXPHQWZLFNOXQJXQG9HUNHKUIU,1
HXUWHLOXQJLQGHQGDI,1
UYRUJHVHKHQHQ9HUIDKUHQVLQG,1
EHUGLHWHFKQLVFKHUlXPOLFKH,1
XPZHOW,1
UHFKWOLFKHXQGILQDQ,1
XVNXQIWJHEHQ,1
UGLHVH,1
K302,1
K303,1
K306,1
Thor,1
K307,1
K308,1
K305,1
Erikon,1
K276,1
K277,1
K280,1
K282,1
K283,1
K298,1
K299,1
K300,1
K260,1
K261,1
K262,1
K263,1
K266,1
K267,1
K269,1
K271,1
Bözberg-Brugg,1
Hauenstein-Olten,1
Birstal-Delsberg-Biel,1
Esserswil,1
K250,1
Mallisdorf,1
K255,1
K259,1
K378,1
K214,1
Schönenbohl,1
K217,1
K218,1
K226,1
K225,1
K228,1
Isteiner,1
Aspenrüti,1
K201,1
K205,1
K207,1
K209,1
K211,1
K212,1
Burckhardt,1
29f,1
Mix,1
Birsigund,1
Genfersee,1
Schützens,1
Alsacienne,1
Offenburg,1
Hinterhorben,1
K310,1
K311,1
Huningue-OttmarsheimMulhouse,1
Türkei,1
Sri,1
Lanka,1
Jacob,1
öBA,1
TZPR,1
WSU,1
Auer,1
K150,1
K154,1
K158,1
Lemisau,1
Easyjet,1
Holland,1
Veolia,1
Main,1
Bao,1
EWR,1
cetera,1
NöI,1
K234,1
Tonisbärg,1
K382,1
K238,1
Spanien,1
Mannheim,1
Swissair,1
Crossair,1
K371,1
Ruberbaum,1
K227,1
K376,1
K372,1
K229,1
K231,1
Langenhart,1
K197,1
K195,1
K198,1
Kradolf-Schönenberg,1
Simmental,1
FH,1
K103,1
K102,1
K184,1
Steimürli,1
K186,1
K188,1
K190,1
K192,1
K194,1
K196,1
Hüttenswil,1
K173,1
K174,1
K171,1
K176,1
K178,1
K180,1
K182,1
K160,1
K162,1
Chatzerüti,1
K164,1
Chressibuech,1
K165,1
Tohueb,1
K169,1
K148,1
K377,1
K51,1
Hackborn,1
K54,1
Kenzenau,1
K55,1
K57,1
K129,1
K132,1
K136,1
K138,1
K375,1
K133,1
K141,1
K144,1
K114,1
K126,1
K381,1
K116,1
Than,1
K125,1
K127,1
K128,1
K370,1
K369,1
K106,1
K107,1
K109,1
K110,1
K111,1
K112,1
Huzenwil,1
Oberisenegg,1
Oberlangnau,1
Almensberg,1
K21,1
K27,1
K32,1
K35,1
K85,1
K87,1
K88,1
K93,1
K94,1
K98,1
K100,1
Hööchi,1
K71,1
K78,1
K79,1
K80,1
K82,1
K83,1
K84,1
Attenreute,1
K60,1
Hittingen,1
K61,1
Oberhausen,1
K62,1
K63,1
Oberopfershofen,1
K66,1
Bierkeller,1
Adolf,1
Dietrich,1
Tüfenmüli,1
Lütegg,1
Rundhöckerplateau,1
Mattwil,1
Oberaach,1
74c,1
westl,1
Oberhofen-Lengwil,1
Kalchdaren,1
Elfistein,1
Mannenbach,1
Nagelflluh,1
Chemi,1
Lochrüti,1
Mühletöbeli,1
Gündelhard,1
Tuffvorkommen,1
Loobach,1
66a,1
74a,1
Tannenbüel,1
K36,1
Höfli,1
K38,1
K39,1
K40,1
K47,1
K50,1
Sander,1
Oberbussnang,1
Willisdorf,1
Unterloren,1
Kalchrain,1
Oberwangen,1
Habberg,1
Mühlrüti,1
Ritzisbuhwil,1
Gärteschberg,1
Rotfarb,1
Haghof,1
Battlehuuse,1
Hünikon,1
Schocherswil,1
Bruggwise,1
Buhwiler,1
Schmelzwasserrinne,1
Brauchli,1
Schottervorkommen,1
Bentonit,1
Heid,1
Schmelzwassertal,1
Hiltenberg,1
Buechholz,1
A7-Kreuzlingen,1
Wittenbach,1
Langenergetenbach,1
Hessenreuti,1
Thunbach,1
Dietlismühle,1
Ottoberg,1
Rossrüti,1
Kappegg,1
Brüggis,1
Brunnschwil,1
Trockenwiese,1
Griesen,1
Berghofhörnli,1
Güttingerwald,1
Bernrainhau,1
Rodenberg,1
Sürch,1
Heerenwis,1
Aeuli,1
Lanterswil,1
Ratihart,1
HEVA,1
Luxburgerbucht,1
Oterswil,1
Bernarda,1
UeRS,1
14–F,1
9–F,1
13–J,1
2–J,1
2–M,1
Leutenegg,1
Florian,1
Weber,1
L9,1
Zürich–Zentralschweiz,1
Restwasser,1
Arth–Walchwil,1
Öko,1
Lienisberg,1
12–P,1
8–L,1
20–M,1
1–J,1
Lor,1
6–L,1
Luzerner-,1
Stolzengraben-St,1
Rufibachdelta,1
Naas,1
6–Q,1
6–N,1
5–K,1
P9,1
9–Q,1
15–L,1
2–K,1
3–J,1
15–J,1
12–M,1
Sijentalbach,1
Eslen,1
Murpfli,1
Hinterriet,1
Chuehorn,1
Buck,1
6–R,1
Cham-Hünenberg,1
ChamNord,1
11–L,1
Ijenbach,1
Aagholzeti,1
Thurbrugg,1
KP,1
Buecheholz,1
Bergerwilen,1
Üerental,1
Guggenbüel,1
Sangi,1
Waldtöbeli,1
Chalkofe,1
Hartenau,1
Mettle,1
Sonterswil,1
Horaa,1
Obertuttwil,1
Schlossbärg,1
Neuheim–Sihlbrugg,1
15–F,1
4–F,1
MOK,1
Baki,1
FNG,1
Inverkehrbringen,1
GBA,1
Teuflibach,1
Grobverteiler,1
5–O,1
Mittelverteiler,1
8–F,1
Freiamt–Rotkreuz–Gotthard,1
2–O,1
13–M,1
Kradolf,1
Heuberg,1
Bernegg,1
Gaissberg,1
Chatzenacker,1
Witengraben,1
Leonard,1
Hochberg,1
Emettli,1
Steinmättli,1
Fahrmattli,1
Mettendorf,1
Ochsenhard,1
Inseli,1
Wachtersberg,1
Buhwil,1
ZKöV,1
S-1-10,1
V2-2,1
S1-15,1
S1-19,1
S1-20,1
DP,1
KANTON,1
Baholz,1
Bietenhart,1
Wiswendi,1
Eggholz,1
Buech,1
Seewiese,1
Blauseeli,1
VEVA,1
Walenstöcke-Brisen,1
L3-2,1
MoorlandschaftsV,1
Oberbauen,1
L6-8,1
Fräkmünt-Hergiswil,1
Bannalp-Oberrickenbach,1
Hagenberg,1
175km,1
ivs-qis,1
Massnahmenplan-II,1
S5-,1
kLwG,1
Vivian,1
silvaprotect,1
Naturobjekt-,1
dritti,1
Stroos,1
Farmattli,1
Heimili,1
Chliloo,1
Gigerli,1
Kolegiwäldli,1
Mittl,1
Adelberg,1
Breitenloo,1
Nigelsee,1
Schwarzach,1
Scharewis,1
Scharenwald,1
Waldi,1
Sägi,1
VUGIS,1
VISSIM,1
Katna,1
V1-5,1
V2-8,1
V3–3,1
V3-8,1
V-öV,1
Lochrütibach,1
Stämpbach,1
L6–2,1
ZCH,1
Hirschwild,1
kJSG,1
kJSV,1
MISTRA,1
Soorwiesen,1
Breitiloo,1
Heidelberg,1
Stoggete,1
Eichli,1
Buchschoren,1
Wirzweli-Dallenwil,1
Humligenbach,1
Höchi,1
Ghöögg,1
Siecheholz,1
Ratihard,1
Luxburg,1
Oberhegi,1
Täschliberg,1
Grüenegg,1
Schlössli,1
Gunterschwil,1
Anetswil,1
Ober-Tuttwil,1
Unter-Tuttwil,1
Warth,1
Wagerswil,1
Degenau,1
V5-3,1
V5-4,1
Ö1-,1
SWISSINT,1
Ö2-1,1
Luzern-Nidwalden,1
LUNIS,1
Karlishueb,1
Ponte,1
Stanserhorn-Storegg,1
Hotels-Honegg,1
Stanserhorn-Wirzweli,1
V2-1,1
Aigle,1
V5-1,1
V5-2,1
Hergiwil,1
S3–4,1
L4-5,1
V4-4,1
Alpina,1
Trail,1
Jacobi,1
Stansstad-,1
S1-11,1
S3-4,1
L3-9,1
L6-4,1
L7-1,1
V2-4,1
Curaviva,1
E2-4,1
Sulzlibach,1
FJf,1
Rotzwinkel,1
L6-7,1
DigitalTV,1
Satelliten-TV,1
Fischdurch-,1
B3-24,1
Rugisbalmfluh,1
Rener-,1
LVA,1
ÖREB,1
idr,1
Glasi,1
Engelbergeraa,1
Chäppelistutz,1
Neusätz,1
Fallentürli,1
Hushalden,1
Herten,1
Gottlieberwiese,1
Bärgwis,1
Jakob-Cholwald,1
Aawasseregg,1
Heldswil,1
Chlingenberg,1
Chlösterli,1
Egelshofen,1
Emmishofen,1
Klingenzell,1
Margareten,1
Bergli-,1
Theresia,1
Gübelin-Bazar,1
Mueterschwandenberg,1
Thumigerhaus,1
Wilgassitz,1
Hauptwil,1
Brüschwil,1
Hohentannen,1
V3-4,1
V3-1,1
Dürrensee,1
V3-5,1
L4-2,1
Ridli,1
Amstad,1
Heinzi,1
E2-6,1
E3-5,1
L3-5,1
S5-3,1
Seege-,1
S1-12,1
Ö2-3,1
15–Feb,1
55ha,1
0F,1
Litzli,1
Eggwaldried,1
Vorderegg,1
Fäng,1
Isital,1
Schulried,1
Artaria,1
Bettelrüti,1
Brigg,1
Stansstaderstr,1
Stegmatt,1
Allmend-MittlerFallenbach,1
Oberseewli,1
Klewen-Stollen,1
Engelbergstr,1
Alex,1
Fruonz,1
Waltersbergli,1
Stöckli,1
Wang,1
Langmattli,1
Veronika,1
Luisenberg,1
Eugensberg,1
Niedersommeri,1
Obersommeri,1
Chirchberg,1
Zelger,1
Mürgtrasse,1
Mürgstr,1
Flüemattli,1
Gussbalmflü,1
Biessenhofen,1
Attengärtli,1
Fetzisloo,1
Pünt,1
Unterhegi,1
Engishofen,1
92ha,1
68ha,1
-Gebert,1
Lauelenegg,1
Gibelberg,1
Langschwandeli,1
Haldiplangge,1
Wyssiflue,1
Wigert,1
Ligg,1
Acheregg,1
Gigi,1
35ha,1
-Gerbert,1
44ha,1
Zingeli,1
Uertiried,1
Rickenbachli,1
Längebrugg,1
Sören,1
Beigi,1
Rieteri,1
Stärtenmattli,1
42ha,1
Pestalozzi,1
Lustenau,1
Diepoldsau,1
Grichtstaa,1
Unterisenegg,1
Tolenagger,1
Stedi,1
IGKB,1
Lielibach,1
Schubiger,1
Rotifluh,1
Chastelenbach,1
TZ,1
Peterszell,1
18c,1
18g,1
Baum,1
Cheiseregg,1
Heimeli,1
Schuelried,1
Hütti,1
Fikenloch,1
Doline,1
Althüttli,1
Ulmberg,1
Wallenwil,1
Ägetli,1
Chrottenseeli,1
NW69,1
Wilgasse-Ennerberg,1
Fräkmünt,1
Buochli,1
rsh,1
BricsCAD,1
HundwilertobelbrückeHundwil,1
Vorarlberg,1
Altnau–Güttingen–lmmenstaad–Hagnau,1
Mainau,1
Meersburg,1
Unteruhldingen,1
Cilander,1
55a,1
Speicher-Speicherschwendi,1
Heiden-Wolfhalden-Lutzenberg,1
Meggenhus,1
Buriet,1
erstr,1
Degersh,1
Hohenems,1
Zustä,1
122a,1
HerisauWaldstatt,1
Heiden-Wolfhalden,1
Seite42a,1
47a,1
Edelgrueb,1
lit,1
Galgenholz,1
GOS,1
SalenReutenen,1
BraunauWuppenau,1
Bernrain,1
Götzis,1
Altach,1
Bewirtä,1
undvon,1
lem,1
standortgeder,1
114a,1
Jonenwatt,1
Gallen–Teufen,1
Herisau–Waldstatt,1
69a,1
Appenzell–St,1
69c,1
Gallen-Teufen-Gais-Appenzell,1
Herisau–Hundwil–Stein–St,1
Ädelswil,1
84a,1
zusä,1
Thurbo,1
–Nesslau,1
Herisau–Arena,1
SG–Abtwil,1
Teufen–Speicher–Speicherschwendi,1
Zürich–Flughafen,1
Teufen–Appenzell,1
GallenRapperswil,1
Zürich-Ost,1
DVOR,1
ZUE,1
KWVP,1
ENV,1
Hundwil–Appenzell,1
ersheim,1
Hu,1
Ettenberg,1
Niderstein,1
Vogelegg,1
BuechschwendiSteinegg,1
Sitz-Steinegg,1
Sand-Thrüen,1
Habsat,1
Falkenhorst,1
118e,1
118f,1
118g,1
118i,1
ri,1
Grundeigentü,1
MLVo,1
öA,1
Wald–Heiden,1
Heiden–Oberegg,1
Wolfhalden–,1
114e,1
114f,1
118a,1
118c,1
108m,1
Mooste,1
Herisau–Waldstatt–,1
114c,1
Waldstatt–Hundwil,1
Stein–Teufen,1
Jon,1
Teufen–Speicher,1
Oberrechstein,1
Miv,1
Freienbach-Wädenswil,1
Obersee-Center,1
Gigersacker-Feldmoos,1
Augsut,1
Wattwil,1
Rappeswil,1
Feusisberg-Schindellegi,1
RH-15,1
RH-16,1
Plaza,1
Fürti,1
RH-12,1
RH-14,1
Fällmis,1
RH-13,1
RH-2,1
RH-3,1
RH-4,1
RH-5,1
RH-7,1
RH-8,1
RH-9,1
RH-10,1
WBSNG,1
N23,1
Uerenbohl,1
Forehölzli,1
DIV,1
WISOS,1
DBU,1
ABC,1
SchuI,1
Leewasser,1
zp,1
um'l,1
stattf,1
htrasvom2j,1
tär'i,1
gabente'i,1
lollenau,1
Mjttlerwe'ile,1
E'insiedeln,1
thaIIe,1
ZZ,1
rthal,1
Lutenbach,1
lol,1
ehrersemi,1
ndergärtneri,1
nnensemi,1
Vonde,1
nthal,1
Innenthal,1
Schü-,1
belbach,1
ArthGoldau,1
AltmattBiberbrugg,1
SAT,1
RUVKO,1
Crossbow,1
Siloah,1
Konz,1
C_24,1
