id,document,canton,year,n,form,frpos,frlemma,lang,list
w_FR_VD_2012_5596,FR_VD,VD,2012,5596,accessibilité,NOM,accessibilité,FR,lemmesAccessibilitéFR
w_FR_VD_2012_14532,FR_VD,VD,2012,14532,accessibilité,NOM,accessibilité,FR,lemmesAccessibilitéFR
w_FR_VD_2012_14789,FR_VD,VD,2012,14789,accessibilité,NOM,accessibilité,FR,lemmesAccessibilitéFR
w_FR_VD_2012_20966,FR_VD,VD,2012,20966,accessibilité,NOM,accessibilité,FR,lemmesAccessibilitéFR
w_FR_VD_2012_30591,FR_VD,VD,2012,30591,accessibilité,NOM,accessibilité,FR,lemmesAccessibilitéFR
w_FR_VD_2012_32625,FR_VD,VD,2012,32625,accessibilité,NOM,accessibilité,FR,lemmesAccessibilitéFR
w_FR_VD_2012_35704,FR_VD,VD,2012,35704,accessibilité,NOM,accessibilité,FR,lemmesAccessibilitéFR
w_FR_VD_2012_44469,FR_VD,VD,2012,44469,accessibilité,NOM,accessibilité,FR,lemmesAccessibilitéFR
w_FR_VD_2012_45374,FR_VD,VD,2012,45374,accessibilité,NOM,accessibilité,FR,lemmesAccessibilitéFR
w_FR_VD_2012_45499,FR_VD,VD,2012,45499,accessibilité,NOM,accessibilité,FR,lemmesAccessibilitéFR
w_FR_VD_2012_46292,FR_VD,VD,2012,46292,Accessibilité,NOM,accessibilité,FR,lemmesAccessibilitéFR
w_FR_VD_2012_46614,FR_VD,VD,2012,46614,accessibilité,NOM,accessibilité,FR,lemmesAccessibilitéFR
w_FR_VD_2012_47469,FR_VD,VD,2012,47469,accessibilité,NOM,accessibilité,FR,lemmesAccessibilitéFR
w_FR_VD_2012_47552,FR_VD,VD,2012,47552,accessibilité,NOM,accessibilité,FR,lemmesAccessibilitéFR
w_FR_VD_2012_49919,FR_VD,VD,2012,49919,accessibilité,NOM,accessibilité,FR,lemmesAccessibilitéFR
w_FR_VD_2012_51191,FR_VD,VD,2012,51191,accessibilité,NOM,accessibilité,FR,lemmesAccessibilitéFR
w_FR_VD_2012_59134,FR_VD,VD,2012,59134,accessibilité,NOM,accessibilité,FR,lemmesAccessibilitéFR
w_FR_VD_2012_59632,FR_VD,VD,2012,59632,accessibilité,NOM,accessibilité,FR,lemmesAccessibilitéFR
w_FR_VD_2012_60380,FR_VD,VD,2012,60380,accessibilité,NOM,accessibilité,FR,lemmesAccessibilitéFR
w_FR_VD_2012_60570,FR_VD,VD,2012,60570,accessibilité,NOM,accessibilité,FR,lemmesAccessibilitéFR
w_FR_VD_2012_61372,FR_VD,VD,2012,61372,accessibilité,NOM,accessibilité,FR,lemmesAccessibilitéFR
w_FR_VD_2012_61785,FR_VD,VD,2012,61785,accessibilité,NOM,accessibilité,FR,lemmesAccessibilitéFR
w_FR_VD_2012_83533,FR_VD,VD,2012,83533,accessibilité,NOM,accessibilité,FR,lemmesAccessibilitéFR
w_FR_VD_2012_86433,FR_VD,VD,2012,86433,accessibilité,NOM,accessibilité,FR,lemmesAccessibilitéFR
w_FR_VD_2012_86559,FR_VD,VD,2012,86559,accessibilité,NOM,accessibilité,FR,lemmesAccessibilitéFR
w_FR_VD_2012_86748,FR_VD,VD,2012,86748,accessibilité,NOM,accessibilité,FR,lemmesAccessibilitéFR
w_FR_VD_2012_88071,FR_VD,VD,2012,88071,accessibilité,NOM,accessibilité,FR,lemmesAccessibilitéFR
w_FR_VD_2012_88902,FR_VD,VD,2012,88902,accessibilité,NOM,accessibilité,FR,lemmesAccessibilitéFR
w_FR_VD_2012_90460,FR_VD,VD,2012,90460,accessibilité,NOM,accessibilité,FR,lemmesAccessibilitéFR
w_FR_VD_2012_106121,FR_VD,VD,2012,106121,accessibilité,NOM,accessibilité,FR,lemmesAccessibilitéFR
w_FR_VD_2012_115680,FR_VD,VD,2012,115680,accessibilité,NOM,accessibilité,FR,lemmesAccessibilitéFR
w_FR_VD_2012_129195,FR_VD,VD,2012,129195,accessibilité,NOM,accessibilité,FR,lemmesAccessibilitéFR
w_FR_VD_2012_147318,FR_VD,VD,2012,147318,accessibilité,NOM,accessibilité,FR,lemmesAccessibilitéFR
w_FR_VD_2012_149147,FR_VD,VD,2012,149147,accessibilité,NOM,accessibilité,FR,lemmesAccessibilitéFR
w_FR_VD_2012_151116,FR_VD,VD,2012,151116,accessibilité,NOM,accessibilité,FR,lemmesAccessibilitéFR
w_FR_VD_2012_151392,FR_VD,VD,2012,151392,accessibilité,NOM,accessibilité,FR,lemmesAccessibilitéFR
w_FR_VD_2012_158158,FR_VD,VD,2012,158158,accessibilité,NOM,accessibilité,FR,lemmesAccessibilitéFR
w_FR_VD_2012_162222,FR_VD,VD,2012,162222,accessibilité,NOM,accessibilité,FR,lemmesAccessibilitéFR
w_FR_VD_2012_162246,FR_VD,VD,2012,162246,accessibilité,NOM,accessibilité,FR,lemmesAccessibilitéFR
w_FR_VD_2012_164092,FR_VD,VD,2012,164092,accessibilité,NOM,accessibilité,FR,lemmesAccessibilitéFR
w_FR_VD_2012_165822,FR_VD,VD,2012,165822,accessibilité,NOM,accessibilité,FR,lemmesAccessibilitéFR
w_FR_VD_2012_172567,FR_VD,VD,2012,172567,accessibilité,NOM,accessibilité,FR,lemmesAccessibilitéFR
w_FR_VD_2012_173874,FR_VD,VD,2012,173874,Accessibilité,NOM,accessibilité,FR,lemmesAccessibilitéFR
w_FR_BE_2013_17941,FR_BE,BE,2013,17941,accessibilité,NOM,accessibilité,FR,lemmesAccessibilitéFR
w_FR_BE_2013_18092,FR_BE,BE,2013,18092,accessibilité,NOM,accessibilité,FR,lemmesAccessibilitéFR
w_FR_BE_2013_23334,FR_BE,BE,2013,23334,accessibilité,NOM,accessibilité,FR,lemmesAccessibilitéFR
w_FR_BE_2013_26035,FR_BE,BE,2013,26035,accessibilité,NOM,accessibilité,FR,lemmesAccessibilitéFR
w_FR_BE_2013_36295,FR_BE,BE,2013,36295,accessibilité,NOM,accessibilité,FR,lemmesAccessibilitéFR
w_FR_BE_2013_68592,FR_BE,BE,2013,68592,accessibilité,NOM,accessibilité,FR,lemmesAccessibilitéFR
w_FR_GE_2024_1497,FR_GE,GE,2024,1497,accessibilité,NOM,accessibilité,FR,lemmesAccessibilitéFR
w_FR_GE_2024_17189,FR_GE,GE,2024,17189,accessibilité,NOM,accessibilité,FR,lemmesAccessibilitéFR
w_FR_GE_2024_18704,FR_GE,GE,2024,18704,accessibilité,NOM,accessibilité,FR,lemmesAccessibilitéFR
w_FR_GE_2024_18992,FR_GE,GE,2024,18992,accessibilité,NOM,accessibilité,FR,lemmesAccessibilitéFR
w_FR_GE_2024_20057,FR_GE,GE,2024,20057,accessibilité,NOM,accessibilité,FR,lemmesAccessibilitéFR
w_FR_GE_2024_20106,FR_GE,GE,2024,20106,accessibilité,NOM,accessibilité,FR,lemmesAccessibilitéFR
w_FR_GE_2024_20660,FR_GE,GE,2024,20660,accessibilité,NOM,accessibilité,FR,lemmesAccessibilitéFR
w_FR_GE_2024_21406,FR_GE,GE,2024,21406,accessibilité,NOM,accessibilité,FR,lemmesAccessibilitéFR
w_FR_GE_2024_21821,FR_GE,GE,2024,21821,accessibilité,NOM,accessibilité,FR,lemmesAccessibilitéFR
w_FR_GE_2024_23414,FR_GE,GE,2024,23414,accessibilité,NOM,accessibilité,FR,lemmesAccessibilitéFR
w_FR_GE_2024_24090,FR_GE,GE,2024,24090,accessibilité,NOM,accessibilité,FR,lemmesAccessibilitéFR
w_FR_GE_2024_24142,FR_GE,GE,2024,24142,accessibilité,NOM,accessibilité,FR,lemmesAccessibilitéFR
w_FR_GE_2024_24346,FR_GE,GE,2024,24346,accessibilité,NOM,accessibilité,FR,lemmesAccessibilitéFR
w_FR_GE_2024_24507,FR_GE,GE,2024,24507,accessibilité,NOM,accessibilité,FR,lemmesAccessibilitéFR
w_FR_GE_2024_26070,FR_GE,GE,2024,26070,accessibilité,NOM,accessibilité,FR,lemmesAccessibilitéFR
w_FR_GE_2024_65150,FR_GE,GE,2024,65150,accessibilité,NOM,accessibilité,FR,lemmesAccessibilitéFR
w_FR_GE_2024_66106,FR_GE,GE,2024,66106,accessibilité,NOM,accessibilité,FR,lemmesAccessibilitéFR
w_FR_GE_2024_68175,FR_GE,GE,2024,68175,accessibilité,NOM,accessibilité,FR,lemmesAccessibilitéFR
w_FR_GE_2024_73486,FR_GE,GE,2024,73486,accessibilité,NOM,accessibilité,FR,lemmesAccessibilitéFR
w_FR_GE_2024_73780,FR_GE,GE,2024,73780,accessibilité,NOM,accessibilité,FR,lemmesAccessibilitéFR
w_FR_GE_2024_74407,FR_GE,GE,2024,74407,accessibilité,NOM,accessibilité,FR,lemmesAccessibilitéFR
w_FR_GE_2024_74643,FR_GE,GE,2024,74643,accessibilité,NOM,accessibilité,FR,lemmesAccessibilitéFR
w_FR_GE_2024_74674,FR_GE,GE,2024,74674,accessibilité,NOM,accessibilité,FR,lemmesAccessibilitéFR
w_FR_GE_2024_75745,FR_GE,GE,2024,75745,accessibilité,NOM,accessibilité,FR,lemmesAccessibilitéFR
w_FR_GE_2024_78213,FR_GE,GE,2024,78213,Accessibilité,NOM,accessibilité,FR,lemmesAccessibilitéFR
w_FR_GE_2024_78708,FR_GE,GE,2024,78708,accessibilité,NOM,accessibilité,FR,lemmesAccessibilitéFR
w_FR_GE_2024_78857,FR_GE,GE,2024,78857,accessibilité,NOM,accessibilité,FR,lemmesAccessibilitéFR
w_FR_GE_2024_81974,FR_GE,GE,2024,81974,accessibilité,NOM,accessibilité,FR,lemmesAccessibilitéFR
w_FR_GE_2024_85734,FR_GE,GE,2024,85734,accessibilité,NOM,accessibilité,FR,lemmesAccessibilitéFR
w_FR_GE_2024_88118,FR_GE,GE,2024,88118,accessibilité,NOM,accessibilité,FR,lemmesAccessibilitéFR
w_FR_GE_2024_89253,FR_GE,GE,2024,89253,accessibilité,NOM,accessibilité,FR,lemmesAccessibilitéFR
w_FR_GE_2024_101831,FR_GE,GE,2024,101831,accessibilité,NOM,accessibilité,FR,lemmesAccessibilitéFR
w_FR_GE_2024_106202,FR_GE,GE,2024,106202,accessibilité,NOM,accessibilité,FR,lemmesAccessibilitéFR
w_FR_GE_2024_111231,FR_GE,GE,2024,111231,accessibilité,NOM,accessibilité,FR,lemmesAccessibilitéFR
w_FR_GE_2024_111739,FR_GE,GE,2024,111739,accessibilité,NOM,accessibilité,FR,lemmesAccessibilitéFR
w_FR_GE_2024_113403,FR_GE,GE,2024,113403,accessibilité,NOM,accessibilité,FR,lemmesAccessibilitéFR
w_FR_GE_2024_113652,FR_GE,GE,2024,113652,accessibilité,NOM,accessibilité,FR,lemmesAccessibilitéFR
w_FR_GE_2024_115457,FR_GE,GE,2024,115457,accessibilité,NOM,accessibilité,FR,lemmesAccessibilitéFR
w_FR_GE_2024_118405,FR_GE,GE,2024,118405,accessibilité,NOM,accessibilité,FR,lemmesAccessibilitéFR
w_FR_GE_2024_126095,FR_GE,GE,2024,126095,accessibilité,NOM,accessibilité,FR,lemmesAccessibilitéFR
w_FR_GE_2024_126151,FR_GE,GE,2024,126151,accessibilité,NOM,accessibilité,FR,lemmesAccessibilitéFR
w_FR_GE_2024_127183,FR_GE,GE,2024,127183,accessibilité,NOM,accessibilité,FR,lemmesAccessibilitéFR
w_FR_GE_2024_127239,FR_GE,GE,2024,127239,accessibilité,NOM,accessibilité,FR,lemmesAccessibilitéFR
w_FR_GE_2024_127281,FR_GE,GE,2024,127281,accessibilité,NOM,accessibilité,FR,lemmesAccessibilitéFR
w_FR_GE_2024_127463,FR_GE,GE,2024,127463,accessibilité,NOM,accessibilité,FR,lemmesAccessibilitéFR
w_FR_GE_2024_128151,FR_GE,GE,2024,128151,accessibilité,NOM,accessibilité,FR,lemmesAccessibilitéFR
w_FR_GE_2024_128252,FR_GE,GE,2024,128252,accessibilité,NOM,accessibilité,FR,lemmesAccessibilitéFR
w_FR_GE_2024_128258,FR_GE,GE,2024,128258,Accessibilité,NOM,accessibilité,FR,lemmesAccessibilitéFR
w_FR_GE_2024_128933,FR_GE,GE,2024,128933,accessibilité,NOM,accessibilité,FR,lemmesAccessibilitéFR
w_FR_GE_2024_130796,FR_GE,GE,2024,130796,accessibilité,NOM,accessibilité,FR,lemmesAccessibilitéFR
w_FR_GE_2024_131372,FR_GE,GE,2024,131372,accessibilité,NOM,accessibilité,FR,lemmesAccessibilitéFR
w_FR_GE_2024_136039,FR_GE,GE,2024,136039,accessibilité,NOM,accessibilité,FR,lemmesAccessibilitéFR
w_FR_GE_2024_136093,FR_GE,GE,2024,136093,accessibilité,NOM,accessibilité,FR,lemmesAccessibilitéFR
w_FR_GE_2024_136171,FR_GE,GE,2024,136171,accessibilité,NOM,accessibilité,FR,lemmesAccessibilitéFR
w_FR_GE_2024_136228,FR_GE,GE,2024,136228,accessibilité,NOM,accessibilité,FR,lemmesAccessibilitéFR
w_FR_GE_2024_136347,FR_GE,GE,2024,136347,Accessibilité,NOM,accessibilité,FR,lemmesAccessibilitéFR
w_FR_GE_2024_136385,FR_GE,GE,2024,136385,accessibilité,NOM,accessibilité,FR,lemmesAccessibilitéFR
w_FR_GE_2024_137215,FR_GE,GE,2024,137215,accessibilité,NOM,accessibilité,FR,lemmesAccessibilitéFR
w_FR_GE_2024_137759,FR_GE,GE,2024,137759,Accessibilité,NOM,accessibilité,FR,lemmesAccessibilitéFR
w_FR_GE_2024_139233,FR_GE,GE,2024,139233,accessibilité,NOM,accessibilité,FR,lemmesAccessibilitéFR
w_FR_GE_2024_139243,FR_GE,GE,2024,139243,accessibilité,NOM,accessibilité,FR,lemmesAccessibilitéFR
w_FR_GE_2024_145115,FR_GE,GE,2024,145115,accessibilité,NOM,accessibilité,FR,lemmesAccessibilitéFR
w_FR_GE_2024_159627,FR_GE,GE,2024,159627,accessibilité,NOM,accessibilité,FR,lemmesAccessibilitéFR
w_FR_GE_2024_162136,FR_GE,GE,2024,162136,accessibilité,NOM,accessibilité,FR,lemmesAccessibilitéFR
w_FR_GE_2024_177655,FR_GE,GE,2024,177655,accessibilité,NOM,accessibilité,FR,lemmesAccessibilitéFR
w_FR_GE_2024_183826,FR_GE,GE,2024,183826,accessibilité,NOM,accessibilité,FR,lemmesAccessibilitéFR
w_FR_GE_2024_183850,FR_GE,GE,2024,183850,accessibilité,NOM,accessibilité,FR,lemmesAccessibilitéFR
w_FR_GE_2024_184095,FR_GE,GE,2024,184095,accessibilité,NOM,accessibilité,FR,lemmesAccessibilitéFR
w_FR_GE_2024_186915,FR_GE,GE,2024,186915,accessibilité,NOM,accessibilité,FR,lemmesAccessibilitéFR
w_FR_GE_2024_191876,FR_GE,GE,2024,191876,accessibilité,NOM,accessibilité,FR,lemmesAccessibilitéFR
w_FR_GE_2024_193524,FR_GE,GE,2024,193524,accessibilité,NOM,accessibilité,FR,lemmesAccessibilitéFR
w_FR_GE_2024_194632,FR_GE,GE,2024,194632,accessibilité,NOM,accessibilité,FR,lemmesAccessibilitéFR
w_FR_GE_2024_194676,FR_GE,GE,2024,194676,accessibilité,NOM,accessibilité,FR,lemmesAccessibilitéFR
w_FR_GE_2024_197167,FR_GE,GE,2024,197167,accessibilité,NOM,accessibilité,FR,lemmesAccessibilitéFR
w_FR_GE_2024_197192,FR_GE,GE,2024,197192,accessibilité,NOM,accessibilité,FR,lemmesAccessibilitéFR
w_FR_GE_2024_199037,FR_GE,GE,2024,199037,accessibilité,NOM,accessibilité,FR,lemmesAccessibilitéFR
w_FR_GE_2024_199078,FR_GE,GE,2024,199078,accessibilité,NOM,accessibilité,FR,lemmesAccessibilitéFR
w_FR_GE_2024_201011,FR_GE,GE,2024,201011,accessibilité,NOM,accessibilité,FR,lemmesAccessibilitéFR
w_FR_BE_2016_7753,FR_BE,BE,2016,7753,accessibilité,NOM,accessibilité,FR,lemmesAccessibilitéFR
w_FR_BE_2016_10496,FR_BE,BE,2016,10496,accessibilité,NOM,accessibilité,FR,lemmesAccessibilitéFR
w_FR_BE_2016_17428,FR_BE,BE,2016,17428,accessibilité,NOM,accessibilité,FR,lemmesAccessibilitéFR
w_FR_BE_2016_24091,FR_BE,BE,2016,24091,accessibilité,NOM,accessibilité,FR,lemmesAccessibilitéFR
w_FR_BE_2016_29779,FR_BE,BE,2016,29779,accessibilité,NOM,accessibilité,FR,lemmesAccessibilitéFR
w_FR_BE_2016_32518,FR_BE,BE,2016,32518,accessibilité,NOM,accessibilité,FR,lemmesAccessibilitéFR
w_FR_BE_2016_36283,FR_BE,BE,2016,36283,accessibilité,NOM,accessibilité,FR,lemmesAccessibilitéFR
w_FR_BE_2016_43540,FR_BE,BE,2016,43540,accessibilité,NOM,accessibilité,FR,lemmesAccessibilitéFR
w_FR_BE_2016_43700,FR_BE,BE,2016,43700,accessibilité,NOM,accessibilité,FR,lemmesAccessibilitéFR
w_FR_BE_2016_78331,FR_BE,BE,2016,78331,accessibilité,NOM,accessibilité,FR,lemmesAccessibilitéFR
w_FR_JU_2018_3650,FR_JU,JU,2018,3650,accessibilité,NOM,accessibilité,FR,lemmesAccessibilitéFR
w_FR_JU_2018_7143,FR_JU,JU,2018,7143,accessibilité,NOM,accessibilité,FR,lemmesAccessibilitéFR
w_FR_JU_2018_7494,FR_JU,JU,2018,7494,accessibilité,NOM,accessibilité,FR,lemmesAccessibilitéFR
w_FR_JU_2018_8314,FR_JU,JU,2018,8314,accessibilité,NOM,accessibilité,FR,lemmesAccessibilitéFR
w_FR_JU_2018_9292,FR_JU,JU,2018,9292,accessibilité,NOM,accessibilité,FR,lemmesAccessibilitéFR
w_FR_VD_2011_323,FR_VD,VD,2011,323,accessibilité,NOM,accessibilité,FR,lemmesAccessibilitéFR
w_FR_VD_2011_4194,FR_VD,VD,2011,4194,accessibilité,NOM,accessibilité,FR,lemmesAccessibilitéFR
w_FR_VD_2011_13154,FR_VD,VD,2011,13154,accessibilité,NOM,accessibilité,FR,lemmesAccessibilitéFR
w_FR_VD_2011_17887,FR_VD,VD,2011,17887,accessibilité,NOM,accessibilité,FR,lemmesAccessibilitéFR
w_FR_VD_2011_25353,FR_VD,VD,2011,25353,accessibilité,NOM,accessibilité,FR,lemmesAccessibilitéFR
w_FR_VD_2011_26258,FR_VD,VD,2011,26258,accessibilité,NOM,accessibilité,FR,lemmesAccessibilitéFR
w_FR_VD_2011_26383,FR_VD,VD,2011,26383,accessibilité,NOM,accessibilité,FR,lemmesAccessibilitéFR
w_FR_VD_2011_27278,FR_VD,VD,2011,27278,Accessibilité,NOM,accessibilité,FR,lemmesAccessibilitéFR
w_FR_VD_2011_27594,FR_VD,VD,2011,27594,accessibilité,NOM,accessibilité,FR,lemmesAccessibilitéFR
w_FR_VD_2011_28194,FR_VD,VD,2011,28194,accessibilité,NOM,accessibilité,FR,lemmesAccessibilitéFR
w_FR_VD_2011_28277,FR_VD,VD,2011,28277,accessibilité,NOM,accessibilité,FR,lemmesAccessibilitéFR
w_FR_VD_2011_31232,FR_VD,VD,2011,31232,accessibilité,NOM,accessibilité,FR,lemmesAccessibilitéFR
w_FR_VD_2011_39528,FR_VD,VD,2011,39528,accessibilité,NOM,accessibilité,FR,lemmesAccessibilitéFR
w_FR_VD_2011_40255,FR_VD,VD,2011,40255,accessibilité,NOM,accessibilité,FR,lemmesAccessibilitéFR
w_FR_VD_2011_40439,FR_VD,VD,2011,40439,accessibilité,NOM,accessibilité,FR,lemmesAccessibilitéFR
w_FR_VD_2011_41261,FR_VD,VD,2011,41261,accessibilité,NOM,accessibilité,FR,lemmesAccessibilitéFR
w_FR_VD_2011_41655,FR_VD,VD,2011,41655,accessibilité,NOM,accessibilité,FR,lemmesAccessibilitéFR
w_FR_VD_2011_64242,FR_VD,VD,2011,64242,accessibilité,NOM,accessibilité,FR,lemmesAccessibilitéFR
w_FR_VD_2011_64368,FR_VD,VD,2011,64368,accessibilité,NOM,accessibilité,FR,lemmesAccessibilitéFR
w_FR_VD_2011_64504,FR_VD,VD,2011,64504,accessibilité,NOM,accessibilité,FR,lemmesAccessibilitéFR
w_FR_VD_2011_65893,FR_VD,VD,2011,65893,accessibilité,NOM,accessibilité,FR,lemmesAccessibilitéFR
w_FR_VD_2011_81056,FR_VD,VD,2011,81056,accessibilité,NOM,accessibilité,FR,lemmesAccessibilitéFR
w_FR_VD_2011_90368,FR_VD,VD,2011,90368,accessibilité,NOM,accessibilité,FR,lemmesAccessibilitéFR
w_FR_VD_2011_102336,FR_VD,VD,2011,102336,accessibilité,NOM,accessibilité,FR,lemmesAccessibilitéFR
w_FR_VD_2011_118679,FR_VD,VD,2011,118679,accessibilité,NOM,accessibilité,FR,lemmesAccessibilitéFR
w_FR_VD_2011_120511,FR_VD,VD,2011,120511,accessibilité,NOM,accessibilité,FR,lemmesAccessibilitéFR
w_FR_VD_2011_122459,FR_VD,VD,2011,122459,accessibilité,NOM,accessibilité,FR,lemmesAccessibilitéFR
w_FR_VD_2011_122762,FR_VD,VD,2011,122762,accessibilité,NOM,accessibilité,FR,lemmesAccessibilitéFR
w_FR_VD_2011_129545,FR_VD,VD,2011,129545,accessibilité,NOM,accessibilité,FR,lemmesAccessibilitéFR
w_FR_VD_2011_133599,FR_VD,VD,2011,133599,accessibilité,NOM,accessibilité,FR,lemmesAccessibilitéFR
w_FR_VD_2011_133623,FR_VD,VD,2011,133623,accessibilité,NOM,accessibilité,FR,lemmesAccessibilitéFR
w_FR_VD_2011_135465,FR_VD,VD,2011,135465,accessibilité,NOM,accessibilité,FR,lemmesAccessibilitéFR
w_FR_VD_2011_137483,FR_VD,VD,2011,137483,accessibilité,NOM,accessibilité,FR,lemmesAccessibilitéFR
w_FR_VD_2011_142769,FR_VD,VD,2011,142769,accessibilité,NOM,accessibilité,FR,lemmesAccessibilitéFR
w_FR_VD_2011_150970,FR_VD,VD,2011,150970,accessibilité,NOM,accessibilité,FR,lemmesAccessibilitéFR
w_FR_VD_2011_155896,FR_VD,VD,2011,155896,accessibilité,NOM,accessibilité,FR,lemmesAccessibilitéFR
w_FR_VD_2011_159428,FR_VD,VD,2011,159428,accessibilité,NOM,accessibilité,FR,lemmesAccessibilitéFR
w_FR_VD_2011_161213,FR_VD,VD,2011,161213,accessibilité,NOM,accessibilité,FR,lemmesAccessibilitéFR
w_FR_VD_2011_164871,FR_VD,VD,2011,164871,accessibilité,NOM,accessibilité,FR,lemmesAccessibilitéFR
w_FR_VD_2011_165273,FR_VD,VD,2011,165273,accessibilité,NOM,accessibilité,FR,lemmesAccessibilitéFR
w_FR_VD_2011_165609,FR_VD,VD,2011,165609,accessibilité,NOM,accessibilité,FR,lemmesAccessibilitéFR
w_FR_VD_2011_175721,FR_VD,VD,2011,175721,accessibilité,NOM,accessibilité,FR,lemmesAccessibilitéFR
w_FR_VD_2011_187524,FR_VD,VD,2011,187524,accessibilité,NOM,accessibilité,FR,lemmesAccessibilitéFR
w_FR_BE_2012_17958,FR_BE,BE,2012,17958,accessibilité,NOM,accessibilité,FR,lemmesAccessibilitéFR
w_FR_BE_2012_18109,FR_BE,BE,2012,18109,accessibilité,NOM,accessibilité,FR,lemmesAccessibilitéFR
w_FR_BE_2012_23351,FR_BE,BE,2012,23351,accessibilité,NOM,accessibilité,FR,lemmesAccessibilitéFR
w_FR_BE_2012_26052,FR_BE,BE,2012,26052,accessibilité,NOM,accessibilité,FR,lemmesAccessibilitéFR
w_FR_BE_2012_36312,FR_BE,BE,2012,36312,accessibilité,NOM,accessibilité,FR,lemmesAccessibilitéFR
w_FR_BE_2012_67950,FR_BE,BE,2012,67950,accessibilité,NOM,accessibilité,FR,lemmesAccessibilitéFR
w_FR_FR_2002_11277,FR_FR,FR,2002,11277,accessibilité,NOM,accessibilité,FR,lemmesAccessibilitéFR
w_FR_FR_2002_11771,FR_FR,FR,2002,11771,accessibilité,NOM,accessibilité,FR,lemmesAccessibilitéFR
w_FR_FR_2002_70953,FR_FR,FR,2002,70953,accessibilité,NOM,accessibilité,FR,lemmesAccessibilitéFR
w_FR_FR_2002_71013,FR_FR,FR,2002,71013,accessibilité,NOM,accessibilité,FR,lemmesAccessibilitéFR
w_FR_FR_2002_71276,FR_FR,FR,2002,71276,accessibilité,NOM,accessibilité,FR,lemmesAccessibilitéFR
w_FR_FR_2002_72634,FR_FR,FR,2002,72634,accessibilité,NOM,accessibilité,FR,lemmesAccessibilitéFR
w_FR_FR_2002_76814,FR_FR,FR,2002,76814,accessibilité,NOM,accessibilité,FR,lemmesAccessibilitéFR
w_FR_FR_2002_82234,FR_FR,FR,2002,82234,accessibilité,NOM,accessibilité,FR,lemmesAccessibilitéFR
w_FR_FR_2002_104499,FR_FR,FR,2002,104499,accessibilité,NOM,accessibilité,FR,lemmesAccessibilitéFR
w_FR_FR_2002_106022,FR_FR,FR,2002,106022,accessibilité,NOM,accessibilité,FR,lemmesAccessibilitéFR
w_FR_FR_2002_106054,FR_FR,FR,2002,106054,accessibilité,NOM,accessibilité,FR,lemmesAccessibilitéFR
w_FR_FR_2002_106231,FR_FR,FR,2002,106231,accessibilité,NOM,accessibilité,FR,lemmesAccessibilitéFR
w_FR_FR_2002_106857,FR_FR,FR,2002,106857,accessibilité,NOM,accessibilité,FR,lemmesAccessibilitéFR
w_FR_FR_2002_120421,FR_FR,FR,2002,120421,accessibilité,NOM,accessibilité,FR,lemmesAccessibilitéFR
w_FR_FR_2002_123378,FR_FR,FR,2002,123378,accessibilité,NOM,accessibilité,FR,lemmesAccessibilitéFR
w_FR_FR_2002_124590,FR_FR,FR,2002,124590,accessibilité,NOM,accessibilité,FR,lemmesAccessibilitéFR
w_FR_FR_2002_125266,FR_FR,FR,2002,125266,accessibilité,NOM,accessibilité,FR,lemmesAccessibilitéFR
w_FR_FR_2002_127495,FR_FR,FR,2002,127495,accessibilité,NOM,accessibilité,FR,lemmesAccessibilitéFR
w_FR_FR_2002_130749,FR_FR,FR,2002,130749,accessibilité,NOM,accessibilité,FR,lemmesAccessibilitéFR
w_FR_FR_2002_131484,FR_FR,FR,2002,131484,accessibilité,NOM,accessibilité,FR,lemmesAccessibilitéFR
w_FR_FR_2002_149105,FR_FR,FR,2002,149105,accessibilité,NOM,accessibilité,FR,lemmesAccessibilitéFR
w_FR_VD_2022_5555,FR_VD,VD,2022,5555,accessibilité,NOM,accessibilité,FR,lemmesAccessibilitéFR
w_FR_VD_2022_15052,FR_VD,VD,2022,15052,accessibilité,NOM,accessibilité,FR,lemmesAccessibilitéFR
w_FR_VD_2022_15312,FR_VD,VD,2022,15312,accessibilité,NOM,accessibilité,FR,lemmesAccessibilitéFR
w_FR_VD_2022_33647,FR_VD,VD,2022,33647,accessibilité,NOM,accessibilité,FR,lemmesAccessibilitéFR
w_FR_VD_2022_34088,FR_VD,VD,2022,34088,accessibilité,NOM,accessibilité,FR,lemmesAccessibilitéFR
w_FR_VD_2022_35889,FR_VD,VD,2022,35889,accessibilité,NOM,accessibilité,FR,lemmesAccessibilitéFR
w_FR_VD_2022_36704,FR_VD,VD,2022,36704,accessibilité,NOM,accessibilité,FR,lemmesAccessibilitéFR
w_FR_VD_2022_39044,FR_VD,VD,2022,39044,accessibilité,NOM,accessibilité,FR,lemmesAccessibilitéFR
w_FR_VD_2022_48478,FR_VD,VD,2022,48478,accessibilité,NOM,accessibilité,FR,lemmesAccessibilitéFR
w_FR_VD_2022_48698,FR_VD,VD,2022,48698,accessibilité,NOM,accessibilité,FR,lemmesAccessibilitéFR
w_FR_VD_2022_49861,FR_VD,VD,2022,49861,Accessibilité,NOM,accessibilité,FR,lemmesAccessibilitéFR
w_FR_VD_2022_50299,FR_VD,VD,2022,50299,accessibilité,NOM,accessibilité,FR,lemmesAccessibilitéFR
w_FR_VD_2022_51221,FR_VD,VD,2022,51221,accessibilité,NOM,accessibilité,FR,lemmesAccessibilitéFR
w_FR_VD_2022_51304,FR_VD,VD,2022,51304,accessibilité,NOM,accessibilité,FR,lemmesAccessibilitéFR
w_FR_VD_2022_53791,FR_VD,VD,2022,53791,accessibilité,NOM,accessibilité,FR,lemmesAccessibilitéFR
w_FR_VD_2022_55009,FR_VD,VD,2022,55009,accessibilité,NOM,accessibilité,FR,lemmesAccessibilitéFR
w_FR_VD_2022_57448,FR_VD,VD,2022,57448,accessibilité,NOM,accessibilité,FR,lemmesAccessibilitéFR
w_FR_VD_2022_62868,FR_VD,VD,2022,62868,accessibilité,NOM,accessibilité,FR,lemmesAccessibilitéFR
w_FR_VD_2022_63392,FR_VD,VD,2022,63392,accessibilité,NOM,accessibilité,FR,lemmesAccessibilitéFR
w_FR_VD_2022_64144,FR_VD,VD,2022,64144,accessibilité,NOM,accessibilité,FR,lemmesAccessibilitéFR
w_FR_VD_2022_64335,FR_VD,VD,2022,64335,accessibilité,NOM,accessibilité,FR,lemmesAccessibilitéFR
w_FR_VD_2022_65154,FR_VD,VD,2022,65154,accessibilité,NOM,accessibilité,FR,lemmesAccessibilitéFR
w_FR_VD_2022_65568,FR_VD,VD,2022,65568,accessibilité,NOM,accessibilité,FR,lemmesAccessibilitéFR
w_FR_VD_2022_89135,FR_VD,VD,2022,89135,accessibilité,NOM,accessibilité,FR,lemmesAccessibilitéFR
w_FR_VD_2022_91582,FR_VD,VD,2022,91582,accessibilité,NOM,accessibilité,FR,lemmesAccessibilitéFR
w_FR_VD_2022_93043,FR_VD,VD,2022,93043,accessibilité,NOM,accessibilité,FR,lemmesAccessibilitéFR
w_FR_VD_2022_93584,FR_VD,VD,2022,93584,accessibilité,NOM,accessibilité,FR,lemmesAccessibilitéFR
w_FR_VD_2022_95175,FR_VD,VD,2022,95175,accessibilité,NOM,accessibilité,FR,lemmesAccessibilitéFR
w_FR_VD_2022_95234,FR_VD,VD,2022,95234,accessibilité,NOM,accessibilité,FR,lemmesAccessibilitéFR
w_FR_VD_2022_95288,FR_VD,VD,2022,95288,accessibilité,NOM,accessibilité,FR,lemmesAccessibilitéFR
w_FR_VD_2022_95513,FR_VD,VD,2022,95513,accessibilité,NOM,accessibilité,FR,lemmesAccessibilitéFR
w_FR_VD_2022_96490,FR_VD,VD,2022,96490,accessibilité,NOM,accessibilité,FR,lemmesAccessibilitéFR
w_FR_VD_2022_96855,FR_VD,VD,2022,96855,accessibilité,NOM,accessibilité,FR,lemmesAccessibilitéFR
w_FR_VD_2022_98498,FR_VD,VD,2022,98498,accessibilité,NOM,accessibilité,FR,lemmesAccessibilitéFR
w_FR_VD_2022_100409,FR_VD,VD,2022,100409,accessibilité,NOM,accessibilité,FR,lemmesAccessibilitéFR
w_FR_VD_2022_143030,FR_VD,VD,2022,143030,accessibilité,NOM,accessibilité,FR,lemmesAccessibilitéFR
w_FR_VD_2022_147846,FR_VD,VD,2022,147846,accessibilité,NOM,accessibilité,FR,lemmesAccessibilitéFR
w_FR_VD_2022_161334,FR_VD,VD,2022,161334,accessibilité,NOM,accessibilité,FR,lemmesAccessibilitéFR
w_FR_VD_2022_162444,FR_VD,VD,2022,162444,accessibilité,NOM,accessibilité,FR,lemmesAccessibilitéFR
w_FR_VD_2022_162472,FR_VD,VD,2022,162472,accessibilité,NOM,accessibilité,FR,lemmesAccessibilitéFR
w_FR_VD_2022_166187,FR_VD,VD,2022,166187,accessibilité,NOM,accessibilité,FR,lemmesAccessibilitéFR
w_FR_VD_2022_168482,FR_VD,VD,2022,168482,accessibilité,NOM,accessibilité,FR,lemmesAccessibilitéFR
w_FR_VD_2022_173662,FR_VD,VD,2022,173662,accessibilité,NOM,accessibilité,FR,lemmesAccessibilitéFR
w_FR_VD_2022_173981,FR_VD,VD,2022,173981,accessibilité,NOM,accessibilité,FR,lemmesAccessibilitéFR
w_FR_VD_2022_174802,FR_VD,VD,2022,174802,accessibilité,NOM,accessibilité,FR,lemmesAccessibilitéFR
w_FR_VD_2022_176175,FR_VD,VD,2022,176175,accessibilité,NOM,accessibilité,FR,lemmesAccessibilitéFR
w_FR_VD_2022_176710,FR_VD,VD,2022,176710,accessibilité,NOM,accessibilité,FR,lemmesAccessibilitéFR
w_FR_VD_2022_177027,FR_VD,VD,2022,177027,accessibilité,NOM,accessibilité,FR,lemmesAccessibilitéFR
w_FR_VD_2022_179480,FR_VD,VD,2022,179480,accessibilité,NOM,accessibilité,FR,lemmesAccessibilitéFR
w_FR_VD_2022_179505,FR_VD,VD,2022,179505,accessibilité,NOM,accessibilité,FR,lemmesAccessibilitéFR
w_FR_VD_2022_181357,FR_VD,VD,2022,181357,accessibilité,NOM,accessibilité,FR,lemmesAccessibilitéFR
w_FR_VD_2022_183141,FR_VD,VD,2022,183141,accessibilité,NOM,accessibilité,FR,lemmesAccessibilitéFR
w_FR_VD_2022_190885,FR_VD,VD,2022,190885,accessibilité,NOM,accessibilité,FR,lemmesAccessibilitéFR
w_FR_VD_2022_192215,FR_VD,VD,2022,192215,Accessibilité,NOM,accessibilité,FR,lemmesAccessibilitéFR
w_FR_VS_2019_12154,FR_VS,VS,2019,12154,accessibilité,NOM,accessibilité,FR,lemmesAccessibilitéFR
w_FR_VS_2019_12479,FR_VS,VS,2019,12479,accessibilité,NOM,accessibilité,FR,lemmesAccessibilitéFR
w_FR_VS_2019_24736,FR_VS,VS,2019,24736,accessibilité,NOM,accessibilité,FR,lemmesAccessibilitéFR
w_FR_VS_2019_27531,FR_VS,VS,2019,27531,accessibilité,NOM,accessibilité,FR,lemmesAccessibilitéFR
w_FR_VS_2019_27553,FR_VS,VS,2019,27553,accessibilité,NOM,accessibilité,FR,lemmesAccessibilitéFR
w_FR_VS_2019_42949,FR_VS,VS,2019,42949,accessibilité,NOM,accessibilité,FR,lemmesAccessibilitéFR
w_FR_VS_2019_43185,FR_VS,VS,2019,43185,accessibilité,NOM,accessibilité,FR,lemmesAccessibilitéFR
w_FR_VS_2019_52008,FR_VS,VS,2019,52008,accessibilité,NOM,accessibilité,FR,lemmesAccessibilitéFR
w_FR_VS_2019_56242,FR_VS,VS,2019,56242,accessibilité,NOM,accessibilité,FR,lemmesAccessibilitéFR
w_FR_VS_2019_58118,FR_VS,VS,2019,58118,accessibilité,NOM,accessibilité,FR,lemmesAccessibilitéFR
w_FR_VS_2019_76700,FR_VS,VS,2019,76700,accessibilité,NOM,accessibilité,FR,lemmesAccessibilitéFR
w_FR_VS_2019_77720,FR_VS,VS,2019,77720,accessibilité,NOM,accessibilité,FR,lemmesAccessibilitéFR
w_FR_VS_2019_77973,FR_VS,VS,2019,77973,accessibilité,NOM,accessibilité,FR,lemmesAccessibilitéFR
w_FR_VS_2019_79666,FR_VS,VS,2019,79666,accessibilité,NOM,accessibilité,FR,lemmesAccessibilitéFR
w_FR_VS_2019_84073,FR_VS,VS,2019,84073,accessibilité,NOM,accessibilité,FR,lemmesAccessibilitéFR
w_FR_VS_2019_84145,FR_VS,VS,2019,84145,accessibilité,NOM,accessibilité,FR,lemmesAccessibilitéFR
w_FR_VS_2019_85264,FR_VS,VS,2019,85264,accessibilité,NOM,accessibilité,FR,lemmesAccessibilitéFR
w_FR_VS_2019_87311,FR_VS,VS,2019,87311,accessibilité,NOM,accessibilité,FR,lemmesAccessibilitéFR
w_FR_VS_2019_87645,FR_VS,VS,2019,87645,accessibilité,NOM,accessibilité,FR,lemmesAccessibilitéFR
w_FR_VS_2019_87854,FR_VS,VS,2019,87854,accessibilité,NOM,accessibilité,FR,lemmesAccessibilitéFR
w_FR_VS_2019_93860,FR_VS,VS,2019,93860,accessibilité,NOM,accessibilité,FR,lemmesAccessibilitéFR
w_FR_VS_2019_95047,FR_VS,VS,2019,95047,accessibilité,NOM,accessibilité,FR,lemmesAccessibilitéFR
w_FR_VS_2019_95084,FR_VS,VS,2019,95084,accessibilité,NOM,accessibilité,FR,lemmesAccessibilitéFR
w_FR_VS_2019_96231,FR_VS,VS,2019,96231,accessibilité,NOM,accessibilité,FR,lemmesAccessibilitéFR
w_FR_VS_2019_101167,FR_VS,VS,2019,101167,accessibilité,NOM,accessibilité,FR,lemmesAccessibilitéFR
w_FR_VS_2019_102549,FR_VS,VS,2019,102549,accessibilité,NOM,accessibilité,FR,lemmesAccessibilitéFR
w_FR_VS_2019_102619,FR_VS,VS,2019,102619,accessibilité,NOM,accessibilité,FR,lemmesAccessibilitéFR
w_FR_VS_2019_102894,FR_VS,VS,2019,102894,accessibilité,NOM,accessibilité,FR,lemmesAccessibilitéFR
w_FR_VS_2019_105803,FR_VS,VS,2019,105803,accessibilité,NOM,accessibilité,FR,lemmesAccessibilitéFR
w_FR_VS_2019_105856,FR_VS,VS,2019,105856,accessibilité,NOM,accessibilité,FR,lemmesAccessibilitéFR
w_FR_VS_2019_106195,FR_VS,VS,2019,106195,accessibilité,NOM,accessibilité,FR,lemmesAccessibilitéFR
w_FR_VS_2019_120916,FR_VS,VS,2019,120916,accessibilité,NOM,accessibilité,FR,lemmesAccessibilitéFR
w_FR_VS_2019_123764,FR_VS,VS,2019,123764,accessibilité,NOM,accessibilité,FR,lemmesAccessibilitéFR
w_FR_VS_2019_129933,FR_VS,VS,2019,129933,accessibilité,NOM,accessibilité,FR,lemmesAccessibilitéFR
w_FR_VS_2019_132503,FR_VS,VS,2019,132503,accessibilité,NOM,accessibilité,FR,lemmesAccessibilitéFR
w_FR_BE_2008_33166,FR_BE,BE,2008,33166,accessibilité,NOM,accessibilité,FR,lemmesAccessibilitéFR
w_FR_BE_2008_59416,FR_BE,BE,2008,59416,accessibilité,NOM,accessibilité,FR,lemmesAccessibilitéFR
w_FR_BE_2008_64197,FR_BE,BE,2008,64197,accessibilité,NOM,accessibilité,FR,lemmesAccessibilitéFR
w_FR_VD_2008_282,FR_VD,VD,2008,282,accessibilité,NOM,accessibilité,FR,lemmesAccessibilitéFR
w_FR_VD_2008_3993,FR_VD,VD,2008,3993,accessibilité,NOM,accessibilité,FR,lemmesAccessibilitéFR
w_FR_VD_2008_11893,FR_VD,VD,2008,11893,accessibilité,NOM,accessibilité,FR,lemmesAccessibilitéFR
w_FR_VD_2008_23190,FR_VD,VD,2008,23190,accessibilité,NOM,accessibilité,FR,lemmesAccessibilitéFR
w_FR_VD_2008_24085,FR_VD,VD,2008,24085,accessibilité,NOM,accessibilité,FR,lemmesAccessibilitéFR
w_FR_VD_2008_24902,FR_VD,VD,2008,24902,Accessibilité,NOM,accessibilité,FR,lemmesAccessibilitéFR
w_FR_VD_2008_25212,FR_VD,VD,2008,25212,accessibilité,NOM,accessibilité,FR,lemmesAccessibilitéFR
w_FR_VD_2008_25790,FR_VD,VD,2008,25790,accessibilité,NOM,accessibilité,FR,lemmesAccessibilitéFR
w_FR_VD_2008_25873,FR_VD,VD,2008,25873,accessibilité,NOM,accessibilité,FR,lemmesAccessibilitéFR
w_FR_VD_2008_28624,FR_VD,VD,2008,28624,accessibilité,NOM,accessibilité,FR,lemmesAccessibilitéFR
w_FR_VD_2008_36410,FR_VD,VD,2008,36410,accessibilité,NOM,accessibilité,FR,lemmesAccessibilitéFR
w_FR_VD_2008_37132,FR_VD,VD,2008,37132,accessibilité,NOM,accessibilité,FR,lemmesAccessibilitéFR
w_FR_VD_2008_37310,FR_VD,VD,2008,37310,accessibilité,NOM,accessibilité,FR,lemmesAccessibilitéFR
w_FR_VD_2008_38101,FR_VD,VD,2008,38101,accessibilité,NOM,accessibilité,FR,lemmesAccessibilitéFR
w_FR_VD_2008_38475,FR_VD,VD,2008,38475,accessibilité,NOM,accessibilité,FR,lemmesAccessibilitéFR
w_FR_VD_2008_60738,FR_VD,VD,2008,60738,accessibilité,NOM,accessibilité,FR,lemmesAccessibilitéFR
w_FR_VD_2008_60864,FR_VD,VD,2008,60864,accessibilité,NOM,accessibilité,FR,lemmesAccessibilitéFR
w_FR_VD_2008_61000,FR_VD,VD,2008,61000,accessibilité,NOM,accessibilité,FR,lemmesAccessibilitéFR
w_FR_VD_2008_62359,FR_VD,VD,2008,62359,accessibilité,NOM,accessibilité,FR,lemmesAccessibilitéFR
w_FR_VD_2008_76701,FR_VD,VD,2008,76701,accessibilité,NOM,accessibilité,FR,lemmesAccessibilitéFR
w_FR_VD_2008_91568,FR_VD,VD,2008,91568,accessibilité,NOM,accessibilité,FR,lemmesAccessibilitéFR
w_FR_VD_2008_105099,FR_VD,VD,2008,105099,accessibilité,NOM,accessibilité,FR,lemmesAccessibilitéFR
w_FR_VD_2008_107575,FR_VD,VD,2008,107575,accessibilité,NOM,accessibilité,FR,lemmesAccessibilitéFR
w_FR_VD_2008_109808,FR_VD,VD,2008,109808,accessibilité,NOM,accessibilité,FR,lemmesAccessibilitéFR
w_FR_VD_2008_109832,FR_VD,VD,2008,109832,accessibilité,NOM,accessibilité,FR,lemmesAccessibilitéFR
w_FR_VD_2008_111628,FR_VD,VD,2008,111628,accessibilité,NOM,accessibilité,FR,lemmesAccessibilitéFR
w_FR_VD_2008_113582,FR_VD,VD,2008,113582,accessibilité,NOM,accessibilité,FR,lemmesAccessibilitéFR
w_FR_VD_2008_118678,FR_VD,VD,2008,118678,accessibilité,NOM,accessibilité,FR,lemmesAccessibilitéFR
w_FR_VD_2008_126879,FR_VD,VD,2008,126879,accessibilité,NOM,accessibilité,FR,lemmesAccessibilitéFR
w_FR_VD_2008_131806,FR_VD,VD,2008,131806,accessibilité,NOM,accessibilité,FR,lemmesAccessibilitéFR
w_FR_VD_2008_135336,FR_VD,VD,2008,135336,accessibilité,NOM,accessibilité,FR,lemmesAccessibilitéFR
w_FR_VD_2008_137123,FR_VD,VD,2008,137123,accessibilité,NOM,accessibilité,FR,lemmesAccessibilitéFR
w_FR_VD_2008_140781,FR_VD,VD,2008,140781,accessibilité,NOM,accessibilité,FR,lemmesAccessibilitéFR
w_FR_VD_2008_141183,FR_VD,VD,2008,141183,accessibilité,NOM,accessibilité,FR,lemmesAccessibilitéFR
w_FR_VD_2008_141519,FR_VD,VD,2008,141519,accessibilité,NOM,accessibilité,FR,lemmesAccessibilitéFR
w_FR_VD_2008_151805,FR_VD,VD,2008,151805,accessibilité,NOM,accessibilité,FR,lemmesAccessibilitéFR
w_FR_VD_2008_154125,FR_VD,VD,2008,154125,accessibilité,NOM,accessibilité,FR,lemmesAccessibilitéFR
w_FR_VD_2008_165928,FR_VD,VD,2008,165928,accessibilité,NOM,accessibilité,FR,lemmesAccessibilitéFR
w_FR_NE_2011_322,FR_NE,NE,2011,322,Accessibilité,NOM,accessibilité,FR,lemmesAccessibilitéFR
w_FR_NE_2011_1907,FR_NE,NE,2011,1907,accessibilité,NOM,accessibilité,FR,lemmesAccessibilitéFR
w_FR_NE_2011_2946,FR_NE,NE,2011,2946,accessibilité,NOM,accessibilité,FR,lemmesAccessibilitéFR
w_FR_NE_2011_4102,FR_NE,NE,2011,4102,Accessibilité,NOM,accessibilité,FR,lemmesAccessibilitéFR
w_FR_NE_2011_4825,FR_NE,NE,2011,4825,accessibilité,NOM,accessibilité,FR,lemmesAccessibilitéFR
w_FR_NE_2011_5005,FR_NE,NE,2011,5005,accessibilité,NOM,accessibilité,FR,lemmesAccessibilitéFR
w_FR_NE_2011_5231,FR_NE,NE,2011,5231,accessibilité,NOM,accessibilité,FR,lemmesAccessibilitéFR
w_FR_NE_2011_5544,FR_NE,NE,2011,5544,accessibilité,NOM,accessibilité,FR,lemmesAccessibilitéFR
w_FR_NE_2011_5566,FR_NE,NE,2011,5566,accessibilité,NOM,accessibilité,FR,lemmesAccessibilitéFR
w_FR_NE_2011_7029,FR_NE,NE,2011,7029,accessibilité,NOM,accessibilité,FR,lemmesAccessibilitéFR
w_FR_NE_2011_7305,FR_NE,NE,2011,7305,accessibilité,NOM,accessibilité,FR,lemmesAccessibilitéFR
w_FR_NE_2011_7410,FR_NE,NE,2011,7410,accessibilité,NOM,accessibilité,FR,lemmesAccessibilitéFR
w_FR_NE_2011_7431,FR_NE,NE,2011,7431,accessibilité,NOM,accessibilité,FR,lemmesAccessibilitéFR
w_FR_NE_2011_7469,FR_NE,NE,2011,7469,accessibilité,NOM,accessibilité,FR,lemmesAccessibilitéFR
w_FR_NE_2011_7552,FR_NE,NE,2011,7552,accessibilité,NOM,accessibilité,FR,lemmesAccessibilitéFR
w_FR_NE_2011_8440,FR_NE,NE,2011,8440,accessibilité,NOM,accessibilité,FR,lemmesAccessibilitéFR
w_FR_NE_2011_11512,FR_NE,NE,2011,11512,accessibilité,NOM,accessibilité,FR,lemmesAccessibilitéFR
w_FR_NE_2011_12079,FR_NE,NE,2011,12079,accessibilité,NOM,accessibilité,FR,lemmesAccessibilitéFR
w_FR_NE_2011_12432,FR_NE,NE,2011,12432,accessibilité,NOM,accessibilité,FR,lemmesAccessibilitéFR
w_FR_NE_2011_13169,FR_NE,NE,2011,13169,accessibilité,NOM,accessibilité,FR,lemmesAccessibilitéFR
w_FR_NE_2011_211634,FR_NE,NE,2011,211634,accessibilité,NOM,accessibilité,FR,lemmesAccessibilitéFR
w_FR_NE_2011_265645,FR_NE,NE,2011,265645,accessibilité,NOM,accessibilité,FR,lemmesAccessibilitéFR
w_FR_NE_2011_266120,FR_NE,NE,2011,266120,Accessibilité,NOM,accessibilité,FR,lemmesAccessibilitéFR
w_FR_NE_2011_268151,FR_NE,NE,2011,268151,Accessibilité,NOM,accessibilité,FR,lemmesAccessibilitéFR
w_FR_NE_2011_272142,FR_NE,NE,2011,272142,accessibilité,NOM,accessibilité,FR,lemmesAccessibilitéFR
w_FR_NE_2011_272743,FR_NE,NE,2011,272743,accessibilité,NOM,accessibilité,FR,lemmesAccessibilitéFR
w_FR_NE_2011_275030,FR_NE,NE,2011,275030,accessibilité,NOM,accessibilité,FR,lemmesAccessibilitéFR
w_FR_NE_2011_275988,FR_NE,NE,2011,275988,accessibilité,NOM,accessibilité,FR,lemmesAccessibilitéFR
w_FR_NE_2011_276715,FR_NE,NE,2011,276715,accessibilité,NOM,accessibilité,FR,lemmesAccessibilitéFR
w_FR_NE_2011_276722,FR_NE,NE,2011,276722,accessibilité,NOM,accessibilité,FR,lemmesAccessibilitéFR
w_FR_NE_2011_276904,FR_NE,NE,2011,276904,accessibilité,NOM,accessibilité,FR,lemmesAccessibilitéFR
w_FR_NE_2011_279978,FR_NE,NE,2011,279978,accessibilité,NOM,accessibilité,FR,lemmesAccessibilitéFR
w_FR_NE_2011_280136,FR_NE,NE,2011,280136,accessibilité,NOM,accessibilité,FR,lemmesAccessibilitéFR
w_FR_NE_2011_282750,FR_NE,NE,2011,282750,accessibilité,NOM,accessibilité,FR,lemmesAccessibilitéFR
w_FR_NE_2011_283294,FR_NE,NE,2011,283294,accessibilité,NOM,accessibilité,FR,lemmesAccessibilitéFR
w_FR_NE_2011_294274,FR_NE,NE,2011,294274,Accessibilité,NOM,accessibilité,FR,lemmesAccessibilitéFR
w_FR_NE_2011_295288,FR_NE,NE,2011,295288,accessibilité,NOM,accessibilité,FR,lemmesAccessibilitéFR
w_FR_BE_2002_54087,FR_BE,BE,2002,54087,accessibilité,NOM,accessibilité,FR,lemmesAccessibilitéFR
w_FR_BE_2002_84995,FR_BE,BE,2002,84995,accessibilité,NOM,accessibilité,FR,lemmesAccessibilitéFR
w_FR_FR_2024_7074,FR_FR,FR,2024,7074,accessibilité,NOM,accessibilité,FR,lemmesAccessibilitéFR
w_FR_FR_2024_16563,FR_FR,FR,2024,16563,accessibilité,NOM,accessibilité,FR,lemmesAccessibilitéFR
w_FR_FR_2024_17545,FR_FR,FR,2024,17545,accessibilité,NOM,accessibilité,FR,lemmesAccessibilitéFR
w_FR_FR_2024_19478,FR_FR,FR,2024,19478,accessibilité,NOM,accessibilité,FR,lemmesAccessibilitéFR
w_FR_FR_2024_23431,FR_FR,FR,2024,23431,accessibilité,NOM,accessibilité,FR,lemmesAccessibilitéFR
w_FR_FR_2024_26524,FR_FR,FR,2024,26524,accessibilité,NOM,accessibilité,FR,lemmesAccessibilitéFR
w_FR_FR_2024_27705,FR_FR,FR,2024,27705,accessibilité,NOM,accessibilité,FR,lemmesAccessibilitéFR
w_FR_FR_2024_28614,FR_FR,FR,2024,28614,accessibilité,NOM,accessibilité,FR,lemmesAccessibilitéFR
w_FR_FR_2024_28744,FR_FR,FR,2024,28744,accessibilité,NOM,accessibilité,FR,lemmesAccessibilitéFR
w_FR_FR_2024_29095,FR_FR,FR,2024,29095,accessibilité,NOM,accessibilité,FR,lemmesAccessibilitéFR
w_FR_FR_2024_37452,FR_FR,FR,2024,37452,accessibilité,NOM,accessibilité,FR,lemmesAccessibilitéFR
w_FR_FR_2024_38187,FR_FR,FR,2024,38187,accessibilité,NOM,accessibilité,FR,lemmesAccessibilitéFR
w_FR_FR_2024_38569,FR_FR,FR,2024,38569,Accessibilité,NOM,accessibilité,FR,lemmesAccessibilitéFR
w_FR_FR_2024_38676,FR_FR,FR,2024,38676,accessibilité,NOM,accessibilité,FR,lemmesAccessibilitéFR
w_FR_FR_2024_39043,FR_FR,FR,2024,39043,accessibilité,NOM,accessibilité,FR,lemmesAccessibilitéFR
w_FR_FR_2024_56380,FR_FR,FR,2024,56380,accessibilité,NOM,accessibilité,FR,lemmesAccessibilitéFR
w_FR_FR_2024_58267,FR_FR,FR,2024,58267,accessibilité,NOM,accessibilité,FR,lemmesAccessibilitéFR
w_FR_FR_2024_58279,FR_FR,FR,2024,58279,Accessibilité,NOM,accessibilité,FR,lemmesAccessibilitéFR
w_FR_FR_2024_76147,FR_FR,FR,2024,76147,accessibilité,NOM,accessibilité,FR,lemmesAccessibilitéFR
w_FR_VD_2018_5505,FR_VD,VD,2018,5505,accessibilité,NOM,accessibilité,FR,lemmesAccessibilitéFR
w_FR_VD_2018_14739,FR_VD,VD,2018,14739,accessibilité,NOM,accessibilité,FR,lemmesAccessibilitéFR
w_FR_VD_2018_14995,FR_VD,VD,2018,14995,accessibilité,NOM,accessibilité,FR,lemmesAccessibilitéFR
w_FR_VD_2018_33094,FR_VD,VD,2018,33094,accessibilité,NOM,accessibilité,FR,lemmesAccessibilitéFR
w_FR_VD_2018_33517,FR_VD,VD,2018,33517,accessibilité,NOM,accessibilité,FR,lemmesAccessibilitéFR
w_FR_VD_2018_35293,FR_VD,VD,2018,35293,accessibilité,NOM,accessibilité,FR,lemmesAccessibilitéFR
w_FR_VD_2018_36095,FR_VD,VD,2018,36095,accessibilité,NOM,accessibilité,FR,lemmesAccessibilitéFR
w_FR_VD_2018_38409,FR_VD,VD,2018,38409,accessibilité,NOM,accessibilité,FR,lemmesAccessibilitéFR
w_FR_VD_2018_47749,FR_VD,VD,2018,47749,accessibilité,NOM,accessibilité,FR,lemmesAccessibilitéFR
w_FR_VD_2018_47966,FR_VD,VD,2018,47966,accessibilité,NOM,accessibilité,FR,lemmesAccessibilitéFR
w_FR_VD_2018_49103,FR_VD,VD,2018,49103,Accessibilité,NOM,accessibilité,FR,lemmesAccessibilitéFR
w_FR_VD_2018_49534,FR_VD,VD,2018,49534,accessibilité,NOM,accessibilité,FR,lemmesAccessibilitéFR
w_FR_VD_2018_50445,FR_VD,VD,2018,50445,accessibilité,NOM,accessibilité,FR,lemmesAccessibilitéFR
w_FR_VD_2018_50528,FR_VD,VD,2018,50528,accessibilité,NOM,accessibilité,FR,lemmesAccessibilitéFR
w_FR_VD_2018_52989,FR_VD,VD,2018,52989,accessibilité,NOM,accessibilité,FR,lemmesAccessibilitéFR
w_FR_VD_2018_54205,FR_VD,VD,2018,54205,accessibilité,NOM,accessibilité,FR,lemmesAccessibilitéFR
w_FR_VD_2018_56612,FR_VD,VD,2018,56612,accessibilité,NOM,accessibilité,FR,lemmesAccessibilitéFR
w_FR_VD_2018_61973,FR_VD,VD,2018,61973,accessibilité,NOM,accessibilité,FR,lemmesAccessibilitéFR
w_FR_VD_2018_62491,FR_VD,VD,2018,62491,accessibilité,NOM,accessibilité,FR,lemmesAccessibilitéFR
w_FR_VD_2018_63239,FR_VD,VD,2018,63239,accessibilité,NOM,accessibilité,FR,lemmesAccessibilitéFR
w_FR_VD_2018_63429,FR_VD,VD,2018,63429,accessibilité,NOM,accessibilité,FR,lemmesAccessibilitéFR
w_FR_VD_2018_64233,FR_VD,VD,2018,64233,accessibilité,NOM,accessibilité,FR,lemmesAccessibilitéFR
w_FR_VD_2018_64646,FR_VD,VD,2018,64646,accessibilité,NOM,accessibilité,FR,lemmesAccessibilitéFR
w_FR_VD_2018_89382,FR_VD,VD,2018,89382,accessibilité,NOM,accessibilité,FR,lemmesAccessibilitéFR
w_FR_VD_2018_91541,FR_VD,VD,2018,91541,accessibilité,NOM,accessibilité,FR,lemmesAccessibilitéFR
w_FR_VD_2018_91973,FR_VD,VD,2018,91973,accessibilité,NOM,accessibilité,FR,lemmesAccessibilitéFR
w_FR_VD_2018_93649,FR_VD,VD,2018,93649,accessibilité,NOM,accessibilité,FR,lemmesAccessibilitéFR
w_FR_VD_2018_93708,FR_VD,VD,2018,93708,accessibilité,NOM,accessibilité,FR,lemmesAccessibilitéFR
w_FR_VD_2018_93762,FR_VD,VD,2018,93762,accessibilité,NOM,accessibilité,FR,lemmesAccessibilitéFR
w_FR_VD_2018_93988,FR_VD,VD,2018,93988,accessibilité,NOM,accessibilité,FR,lemmesAccessibilitéFR
w_FR_VD_2018_94963,FR_VD,VD,2018,94963,accessibilité,NOM,accessibilité,FR,lemmesAccessibilitéFR
w_FR_VD_2018_95322,FR_VD,VD,2018,95322,accessibilité,NOM,accessibilité,FR,lemmesAccessibilitéFR
w_FR_VD_2018_96934,FR_VD,VD,2018,96934,accessibilité,NOM,accessibilité,FR,lemmesAccessibilitéFR
w_FR_VD_2018_98834,FR_VD,VD,2018,98834,accessibilité,NOM,accessibilité,FR,lemmesAccessibilitéFR
w_FR_VD_2018_126514,FR_VD,VD,2018,126514,accessibilité,NOM,accessibilité,FR,lemmesAccessibilitéFR
w_FR_VD_2018_143366,FR_VD,VD,2018,143366,accessibilité,NOM,accessibilité,FR,lemmesAccessibilitéFR
w_FR_VD_2018_161276,FR_VD,VD,2018,161276,accessibilité,NOM,accessibilité,FR,lemmesAccessibilitéFR
w_FR_VD_2018_162504,FR_VD,VD,2018,162504,accessibilité,NOM,accessibilité,FR,lemmesAccessibilitéFR
w_FR_VD_2018_162673,FR_VD,VD,2018,162673,accessibilité,NOM,accessibilité,FR,lemmesAccessibilitéFR
w_FR_VD_2018_162731,FR_VD,VD,2018,162731,accessibilité,NOM,accessibilité,FR,lemmesAccessibilitéFR
w_FR_VD_2018_163312,FR_VD,VD,2018,163312,accessibilité,NOM,accessibilité,FR,lemmesAccessibilitéFR
w_FR_VD_2018_163745,FR_VD,VD,2018,163745,accessibilité,NOM,accessibilité,FR,lemmesAccessibilitéFR
w_FR_VD_2018_166290,FR_VD,VD,2018,166290,accessibilité,NOM,accessibilité,FR,lemmesAccessibilitéFR
w_FR_VD_2018_168393,FR_VD,VD,2018,168393,accessibilité,NOM,accessibilité,FR,lemmesAccessibilitéFR
w_FR_VD_2018_168498,FR_VD,VD,2018,168498,accessibilité,NOM,accessibilité,FR,lemmesAccessibilitéFR
w_FR_VD_2018_170727,FR_VD,VD,2018,170727,accessibilité,NOM,accessibilité,FR,lemmesAccessibilitéFR
w_FR_VD_2018_174097,FR_VD,VD,2018,174097,accessibilité,NOM,accessibilité,FR,lemmesAccessibilitéFR
w_FR_VD_2018_174412,FR_VD,VD,2018,174412,accessibilité,NOM,accessibilité,FR,lemmesAccessibilitéFR
w_FR_VD_2018_175208,FR_VD,VD,2018,175208,accessibilité,NOM,accessibilité,FR,lemmesAccessibilitéFR
w_FR_VD_2018_176906,FR_VD,VD,2018,176906,accessibilité,NOM,accessibilité,FR,lemmesAccessibilitéFR
w_FR_VD_2018_177007,FR_VD,VD,2018,177007,accessibilité,NOM,accessibilité,FR,lemmesAccessibilitéFR
w_FR_VD_2018_177304,FR_VD,VD,2018,177304,accessibilité,NOM,accessibilité,FR,lemmesAccessibilitéFR
w_FR_VD_2018_177731,FR_VD,VD,2018,177731,accessibilité,NOM,accessibilité,FR,lemmesAccessibilitéFR
w_FR_VD_2018_181282,FR_VD,VD,2018,181282,accessibilité,NOM,accessibilité,FR,lemmesAccessibilitéFR
w_FR_VD_2018_181306,FR_VD,VD,2018,181306,accessibilité,NOM,accessibilité,FR,lemmesAccessibilitéFR
w_FR_VD_2018_183131,FR_VD,VD,2018,183131,accessibilité,NOM,accessibilité,FR,lemmesAccessibilitéFR
w_FR_VD_2018_184854,FR_VD,VD,2018,184854,accessibilité,NOM,accessibilité,FR,lemmesAccessibilitéFR
w_FR_VD_2018_192581,FR_VD,VD,2018,192581,accessibilité,NOM,accessibilité,FR,lemmesAccessibilitéFR
w_FR_VD_2018_193920,FR_VD,VD,2018,193920,Accessibilité,NOM,accessibilité,FR,lemmesAccessibilitéFR
w_FR_BE_2006_33164,FR_BE,BE,2006,33164,accessibilité,NOM,accessibilité,FR,lemmesAccessibilitéFR
w_FR_BE_2006_59801,FR_BE,BE,2006,59801,accessibilité,NOM,accessibilité,FR,lemmesAccessibilitéFR
w_FR_BE_2006_64522,FR_BE,BE,2006,64522,accessibilité,NOM,accessibilité,FR,lemmesAccessibilitéFR
w_FR_BE_2010_17947,FR_BE,BE,2010,17947,accessibilité,NOM,accessibilité,FR,lemmesAccessibilitéFR
w_FR_BE_2010_18098,FR_BE,BE,2010,18098,accessibilité,NOM,accessibilité,FR,lemmesAccessibilitéFR
w_FR_BE_2010_23340,FR_BE,BE,2010,23340,accessibilité,NOM,accessibilité,FR,lemmesAccessibilitéFR
w_FR_BE_2010_26041,FR_BE,BE,2010,26041,accessibilité,NOM,accessibilité,FR,lemmesAccessibilitéFR
w_FR_BE_2010_36301,FR_BE,BE,2010,36301,accessibilité,NOM,accessibilité,FR,lemmesAccessibilitéFR
w_FR_BE_2010_67960,FR_BE,BE,2010,67960,accessibilité,NOM,accessibilité,FR,lemmesAccessibilitéFR
w_FR_VD_2016_5594,FR_VD,VD,2016,5594,accessibilité,NOM,accessibilité,FR,lemmesAccessibilitéFR
w_FR_VD_2016_14857,FR_VD,VD,2016,14857,accessibilité,NOM,accessibilité,FR,lemmesAccessibilitéFR
w_FR_VD_2016_15119,FR_VD,VD,2016,15119,accessibilité,NOM,accessibilité,FR,lemmesAccessibilitéFR
w_FR_VD_2016_21370,FR_VD,VD,2016,21370,accessibilité,NOM,accessibilité,FR,lemmesAccessibilitéFR
w_FR_VD_2016_32216,FR_VD,VD,2016,32216,accessibilité,NOM,accessibilité,FR,lemmesAccessibilitéFR
w_FR_VD_2016_33943,FR_VD,VD,2016,33943,accessibilité,NOM,accessibilité,FR,lemmesAccessibilitéFR
w_FR_VD_2016_34756,FR_VD,VD,2016,34756,accessibilité,NOM,accessibilité,FR,lemmesAccessibilitéFR
w_FR_VD_2016_37061,FR_VD,VD,2016,37061,accessibilité,NOM,accessibilité,FR,lemmesAccessibilitéFR
w_FR_VD_2016_45986,FR_VD,VD,2016,45986,accessibilité,NOM,accessibilité,FR,lemmesAccessibilitéFR
w_FR_VD_2016_46938,FR_VD,VD,2016,46938,accessibilité,NOM,accessibilité,FR,lemmesAccessibilitéFR
w_FR_VD_2016_47103,FR_VD,VD,2016,47103,accessibilité,NOM,accessibilité,FR,lemmesAccessibilitéFR
w_FR_VD_2016_48095,FR_VD,VD,2016,48095,Accessibilité,NOM,accessibilité,FR,lemmesAccessibilitéFR
w_FR_VD_2016_48423,FR_VD,VD,2016,48423,accessibilité,NOM,accessibilité,FR,lemmesAccessibilitéFR
w_FR_VD_2016_49288,FR_VD,VD,2016,49288,accessibilité,NOM,accessibilité,FR,lemmesAccessibilitéFR
w_FR_VD_2016_49371,FR_VD,VD,2016,49371,accessibilité,NOM,accessibilité,FR,lemmesAccessibilitéFR
w_FR_VD_2016_51839,FR_VD,VD,2016,51839,accessibilité,NOM,accessibilité,FR,lemmesAccessibilitéFR
w_FR_VD_2016_53008,FR_VD,VD,2016,53008,accessibilité,NOM,accessibilité,FR,lemmesAccessibilitéFR
w_FR_VD_2016_55160,FR_VD,VD,2016,55160,accessibilité,NOM,accessibilité,FR,lemmesAccessibilitéFR
w_FR_VD_2016_60586,FR_VD,VD,2016,60586,accessibilité,NOM,accessibilité,FR,lemmesAccessibilitéFR
w_FR_VD_2016_61094,FR_VD,VD,2016,61094,accessibilité,NOM,accessibilité,FR,lemmesAccessibilitéFR
w_FR_VD_2016_61846,FR_VD,VD,2016,61846,accessibilité,NOM,accessibilité,FR,lemmesAccessibilitéFR
w_FR_VD_2016_62041,FR_VD,VD,2016,62041,accessibilité,NOM,accessibilité,FR,lemmesAccessibilitéFR
w_FR_VD_2016_62855,FR_VD,VD,2016,62855,accessibilité,NOM,accessibilité,FR,lemmesAccessibilitéFR
w_FR_VD_2016_63273,FR_VD,VD,2016,63273,accessibilité,NOM,accessibilité,FR,lemmesAccessibilitéFR
w_FR_VD_2016_84530,FR_VD,VD,2016,84530,accessibilité,NOM,accessibilité,FR,lemmesAccessibilitéFR
w_FR_VD_2016_85117,FR_VD,VD,2016,85117,accessibilité,NOM,accessibilité,FR,lemmesAccessibilitéFR
w_FR_VD_2016_86279,FR_VD,VD,2016,86279,accessibilité,NOM,accessibilité,FR,lemmesAccessibilitéFR
w_FR_VD_2016_88102,FR_VD,VD,2016,88102,accessibilité,NOM,accessibilité,FR,lemmesAccessibilitéFR
w_FR_VD_2016_88227,FR_VD,VD,2016,88227,accessibilité,NOM,accessibilité,FR,lemmesAccessibilitéFR
w_FR_VD_2016_88417,FR_VD,VD,2016,88417,accessibilité,NOM,accessibilité,FR,lemmesAccessibilitéFR
w_FR_VD_2016_89714,FR_VD,VD,2016,89714,accessibilité,NOM,accessibilité,FR,lemmesAccessibilitéFR
w_FR_VD_2016_89773,FR_VD,VD,2016,89773,accessibilité,NOM,accessibilité,FR,lemmesAccessibilitéFR
w_FR_VD_2016_89827,FR_VD,VD,2016,89827,accessibilité,NOM,accessibilité,FR,lemmesAccessibilitéFR
w_FR_VD_2016_90052,FR_VD,VD,2016,90052,accessibilité,NOM,accessibilité,FR,lemmesAccessibilitéFR
w_FR_VD_2016_91041,FR_VD,VD,2016,91041,accessibilité,NOM,accessibilité,FR,lemmesAccessibilitéFR
w_FR_VD_2016_91410,FR_VD,VD,2016,91410,accessibilité,NOM,accessibilité,FR,lemmesAccessibilitéFR
w_FR_VD_2016_93040,FR_VD,VD,2016,93040,accessibilité,NOM,accessibilité,FR,lemmesAccessibilitéFR
w_FR_VD_2016_94909,FR_VD,VD,2016,94909,accessibilité,NOM,accessibilité,FR,lemmesAccessibilitéFR
w_FR_VD_2016_122698,FR_VD,VD,2016,122698,accessibilité,NOM,accessibilité,FR,lemmesAccessibilitéFR
w_FR_VD_2016_139441,FR_VD,VD,2016,139441,accessibilité,NOM,accessibilité,FR,lemmesAccessibilitéFR
w_FR_VD_2016_157357,FR_VD,VD,2016,157357,accessibilité,NOM,accessibilité,FR,lemmesAccessibilitéFR
w_FR_VD_2016_158600,FR_VD,VD,2016,158600,accessibilité,NOM,accessibilité,FR,lemmesAccessibilitéFR
w_FR_VD_2016_158766,FR_VD,VD,2016,158766,accessibilité,NOM,accessibilité,FR,lemmesAccessibilitéFR
w_FR_VD_2016_158829,FR_VD,VD,2016,158829,accessibilité,NOM,accessibilité,FR,lemmesAccessibilitéFR
w_FR_VD_2016_159415,FR_VD,VD,2016,159415,accessibilité,NOM,accessibilité,FR,lemmesAccessibilitéFR
w_FR_VD_2016_159853,FR_VD,VD,2016,159853,accessibilité,NOM,accessibilité,FR,lemmesAccessibilitéFR
w_FR_VD_2016_162435,FR_VD,VD,2016,162435,accessibilité,NOM,accessibilité,FR,lemmesAccessibilitéFR
w_FR_VD_2016_164573,FR_VD,VD,2016,164573,accessibilité,NOM,accessibilité,FR,lemmesAccessibilitéFR
w_FR_VD_2016_164678,FR_VD,VD,2016,164678,accessibilité,NOM,accessibilité,FR,lemmesAccessibilitéFR
w_FR_VD_2016_166936,FR_VD,VD,2016,166936,accessibilité,NOM,accessibilité,FR,lemmesAccessibilitéFR
w_FR_VD_2016_170359,FR_VD,VD,2016,170359,accessibilité,NOM,accessibilité,FR,lemmesAccessibilitéFR
w_FR_VD_2016_170674,FR_VD,VD,2016,170674,accessibilité,NOM,accessibilité,FR,lemmesAccessibilitéFR
w_FR_VD_2016_171485,FR_VD,VD,2016,171485,accessibilité,NOM,accessibilité,FR,lemmesAccessibilitéFR
w_FR_VD_2016_173212,FR_VD,VD,2016,173212,accessibilité,NOM,accessibilité,FR,lemmesAccessibilitéFR
w_FR_VD_2016_173312,FR_VD,VD,2016,173312,accessibilité,NOM,accessibilité,FR,lemmesAccessibilitéFR
w_FR_VD_2016_173613,FR_VD,VD,2016,173613,accessibilité,NOM,accessibilité,FR,lemmesAccessibilitéFR
w_FR_VD_2016_174046,FR_VD,VD,2016,174046,accessibilité,NOM,accessibilité,FR,lemmesAccessibilitéFR
w_FR_VD_2016_177604,FR_VD,VD,2016,177604,accessibilité,NOM,accessibilité,FR,lemmesAccessibilitéFR
w_FR_VD_2016_177628,FR_VD,VD,2016,177628,accessibilité,NOM,accessibilité,FR,lemmesAccessibilitéFR
w_FR_VD_2016_179487,FR_VD,VD,2016,179487,accessibilité,NOM,accessibilité,FR,lemmesAccessibilitéFR
w_FR_VD_2016_181242,FR_VD,VD,2016,181242,accessibilité,NOM,accessibilité,FR,lemmesAccessibilitéFR
w_FR_VD_2016_188389,FR_VD,VD,2016,188389,accessibilité,NOM,accessibilité,FR,lemmesAccessibilitéFR
w_FR_VD_2016_189744,FR_VD,VD,2016,189744,Accessibilité,NOM,accessibilité,FR,lemmesAccessibilitéFR
w_FR_BE_2024_7168,FR_BE,BE,2024,7168,accessibilité,NOM,accessibilité,FR,lemmesAccessibilitéFR
w_FR_BE_2024_9722,FR_BE,BE,2024,9722,accessibilité,NOM,accessibilité,FR,lemmesAccessibilitéFR
w_FR_BE_2024_17220,FR_BE,BE,2024,17220,accessibilité,NOM,accessibilité,FR,lemmesAccessibilitéFR
w_FR_BE_2024_19746,FR_BE,BE,2024,19746,accessibilité,NOM,accessibilité,FR,lemmesAccessibilitéFR
w_FR_BE_2024_19806,FR_BE,BE,2024,19806,accessibilité,NOM,accessibilité,FR,lemmesAccessibilitéFR
w_FR_BE_2024_20341,FR_BE,BE,2024,20341,accessibilité,NOM,accessibilité,FR,lemmesAccessibilitéFR
w_FR_BE_2024_23228,FR_BE,BE,2024,23228,accessibilité,NOM,accessibilité,FR,lemmesAccessibilitéFR
w_FR_BE_2024_50258,FR_BE,BE,2024,50258,accessibilité,NOM,accessibilité,FR,lemmesAccessibilitéFR
w_FR_BE_2024_87343,FR_BE,BE,2024,87343,accessibilité,NOM,accessibilité,FR,lemmesAccessibilitéFR
w_FR_VD_2013_5627,FR_VD,VD,2013,5627,accessibilité,NOM,accessibilité,FR,lemmesAccessibilitéFR
w_FR_VD_2013_14671,FR_VD,VD,2013,14671,accessibilité,NOM,accessibilité,FR,lemmesAccessibilitéFR
w_FR_VD_2013_14928,FR_VD,VD,2013,14928,accessibilité,NOM,accessibilité,FR,lemmesAccessibilitéFR
w_FR_VD_2013_21108,FR_VD,VD,2013,21108,accessibilité,NOM,accessibilité,FR,lemmesAccessibilitéFR
w_FR_VD_2013_30742,FR_VD,VD,2013,30742,accessibilité,NOM,accessibilité,FR,lemmesAccessibilitéFR
w_FR_VD_2013_32779,FR_VD,VD,2013,32779,accessibilité,NOM,accessibilité,FR,lemmesAccessibilitéFR
w_FR_VD_2013_35863,FR_VD,VD,2013,35863,accessibilité,NOM,accessibilité,FR,lemmesAccessibilitéFR
w_FR_VD_2013_44642,FR_VD,VD,2013,44642,accessibilité,NOM,accessibilité,FR,lemmesAccessibilitéFR
w_FR_VD_2013_45551,FR_VD,VD,2013,45551,accessibilité,NOM,accessibilité,FR,lemmesAccessibilitéFR
w_FR_VD_2013_45676,FR_VD,VD,2013,45676,accessibilité,NOM,accessibilité,FR,lemmesAccessibilitéFR
w_FR_VD_2013_46472,FR_VD,VD,2013,46472,Accessibilité,NOM,accessibilité,FR,lemmesAccessibilitéFR
w_FR_VD_2013_46794,FR_VD,VD,2013,46794,accessibilité,NOM,accessibilité,FR,lemmesAccessibilitéFR
w_FR_VD_2013_47652,FR_VD,VD,2013,47652,accessibilité,NOM,accessibilité,FR,lemmesAccessibilitéFR
w_FR_VD_2013_47735,FR_VD,VD,2013,47735,accessibilité,NOM,accessibilité,FR,lemmesAccessibilitéFR
w_FR_VD_2013_50111,FR_VD,VD,2013,50111,accessibilité,NOM,accessibilité,FR,lemmesAccessibilitéFR
w_FR_VD_2013_51383,FR_VD,VD,2013,51383,accessibilité,NOM,accessibilité,FR,lemmesAccessibilitéFR
w_FR_VD_2013_59340,FR_VD,VD,2013,59340,accessibilité,NOM,accessibilité,FR,lemmesAccessibilitéFR
w_FR_VD_2013_59838,FR_VD,VD,2013,59838,accessibilité,NOM,accessibilité,FR,lemmesAccessibilitéFR
w_FR_VD_2013_60585,FR_VD,VD,2013,60585,accessibilité,NOM,accessibilité,FR,lemmesAccessibilitéFR
w_FR_VD_2013_60775,FR_VD,VD,2013,60775,accessibilité,NOM,accessibilité,FR,lemmesAccessibilitéFR
w_FR_VD_2013_61579,FR_VD,VD,2013,61579,accessibilité,NOM,accessibilité,FR,lemmesAccessibilitéFR
w_FR_VD_2013_61992,FR_VD,VD,2013,61992,accessibilité,NOM,accessibilité,FR,lemmesAccessibilitéFR
w_FR_VD_2013_83764,FR_VD,VD,2013,83764,accessibilité,NOM,accessibilité,FR,lemmesAccessibilitéFR
w_FR_VD_2013_86663,FR_VD,VD,2013,86663,accessibilité,NOM,accessibilité,FR,lemmesAccessibilitéFR
w_FR_VD_2013_86789,FR_VD,VD,2013,86789,accessibilité,NOM,accessibilité,FR,lemmesAccessibilitéFR
w_FR_VD_2013_86978,FR_VD,VD,2013,86978,accessibilité,NOM,accessibilité,FR,lemmesAccessibilitéFR
w_FR_VD_2013_88303,FR_VD,VD,2013,88303,accessibilité,NOM,accessibilité,FR,lemmesAccessibilitéFR
w_FR_VD_2013_89134,FR_VD,VD,2013,89134,accessibilité,NOM,accessibilité,FR,lemmesAccessibilitéFR
w_FR_VD_2013_90680,FR_VD,VD,2013,90680,accessibilité,NOM,accessibilité,FR,lemmesAccessibilitéFR
w_FR_VD_2013_106360,FR_VD,VD,2013,106360,accessibilité,NOM,accessibilité,FR,lemmesAccessibilitéFR
w_FR_VD_2013_115915,FR_VD,VD,2013,115915,accessibilité,NOM,accessibilité,FR,lemmesAccessibilitéFR
w_FR_VD_2013_129440,FR_VD,VD,2013,129440,accessibilité,NOM,accessibilité,FR,lemmesAccessibilitéFR
w_FR_VD_2013_147111,FR_VD,VD,2013,147111,accessibilité,NOM,accessibilité,FR,lemmesAccessibilitéFR
w_FR_VD_2013_148942,FR_VD,VD,2013,148942,accessibilité,NOM,accessibilité,FR,lemmesAccessibilitéFR
w_FR_VD_2013_150910,FR_VD,VD,2013,150910,accessibilité,NOM,accessibilité,FR,lemmesAccessibilitéFR
w_FR_VD_2013_151188,FR_VD,VD,2013,151188,accessibilité,NOM,accessibilité,FR,lemmesAccessibilitéFR
w_FR_VD_2013_157984,FR_VD,VD,2013,157984,accessibilité,NOM,accessibilité,FR,lemmesAccessibilitéFR
w_FR_VD_2013_162080,FR_VD,VD,2013,162080,accessibilité,NOM,accessibilité,FR,lemmesAccessibilitéFR
w_FR_VD_2013_162104,FR_VD,VD,2013,162104,accessibilité,NOM,accessibilité,FR,lemmesAccessibilitéFR
w_FR_VD_2013_163955,FR_VD,VD,2013,163955,accessibilité,NOM,accessibilité,FR,lemmesAccessibilitéFR
w_FR_VD_2013_165684,FR_VD,VD,2013,165684,accessibilité,NOM,accessibilité,FR,lemmesAccessibilitéFR
w_FR_VD_2013_172434,FR_VD,VD,2013,172434,accessibilité,NOM,accessibilité,FR,lemmesAccessibilitéFR
w_FR_VD_2013_173743,FR_VD,VD,2013,173743,Accessibilité,NOM,accessibilité,FR,lemmesAccessibilitéFR
w_FR_VD_2012_27111,FR_VD,VD,2012,27111,progressivement,ADV,progressivement,FR,lemmesAccessibilitéFR
w_FR_VD_2012_27113,FR_VD,VD,2012,27113,qualité,NOM,qualité,FR,lemmesAccessibilitéFR
w_FR_VD_2012_35413,FR_VD,VD,2012,35413,et,KON,et,FR,lemmesAccessibilitéFR
w_FR_VD_2012_35415,FR_VD,VD,2012,35415,qualité,NOM,qualité,FR,lemmesAccessibilitéFR
w_FR_VD_2012_35538,FR_VD,VD,2012,35538,de,PRP,de,FR,lemmesAccessibilitéFR
w_FR_VD_2012_35540,FR_VD,VD,2012,35540,qualité,NOM,qualité,FR,lemmesAccessibilitéFR
w_FR_VD_2012_35633,FR_VD,VD,2012,35633,avec,PRP,avec,FR,lemmesAccessibilitéFR
w_FR_VD_2012_35635,FR_VD,VD,2012,35635,qualité,NOM,qualité,FR,lemmesAccessibilitéFR
w_FR_VD_2012_172577,FR_VD,VD,2012,172577,autoroutière,ADJ,autoroutier,FR,lemmesAccessibilitéFR
w_FR_VD_2012_172579,FR_VD,VD,2012,172579,Qualité,NOM,qualité,FR,lemmesAccessibilitéFR
w_FR_BE_2013_17770,FR_BE,BE,2013,17770,à,PRP,à,FR,lemmesAccessibilitéFR
w_FR_BE_2013_17772,FR_BE,BE,2013,17772,qualité,NOM,qualité,FR,lemmesAccessibilitéFR
w_FR_BE_2013_19635,FR_BE,BE,2013,19635,et,KON,et,FR,lemmesAccessibilitéFR
w_FR_BE_2013_19637,FR_BE,BE,2013,19637,qualité,NOM,qualité,FR,lemmesAccessibilitéFR
w_FR_BE_2013_21714,FR_BE,BE,2013,21714,que,KON,que,FR,lemmesAccessibilitéFR
w_FR_BE_2013_21716,FR_BE,BE,2013,21716,qualité,NOM,qualité,FR,lemmesAccessibilitéFR
w_FR_BE_2013_26947,FR_BE,BE,2013,26947,où,PRO:REL,où,FR,lemmesAccessibilitéFR
w_FR_BE_2013_26949,FR_BE,BE,2013,26949,qualité,NOM,qualité,FR,lemmesAccessibilitéFR
w_FR_BE_2013_49524,FR_BE,BE,2013,49524,Déterminer,VER:infi,déterminer,FR,lemmesAccessibilitéFR
w_FR_BE_2013_49526,FR_BE,BE,2013,49526,qualité,NOM,qualité,FR,lemmesAccessibilitéFR
w_FR_BE_2013_50266,FR_BE,BE,2013,50266,centres,NOM,centre,FR,lemmesAccessibilitéFR
w_FR_BE_2013_50268,FR_BE,BE,2013,50268,qualité,NOM,qualité,FR,lemmesAccessibilitéFR
w_FR_BE_2013_50681,FR_BE,BE,2013,50681,territoire,NOM,territoire,FR,lemmesAccessibilitéFR
w_FR_BE_2013_50683,FR_BE,BE,2013,50683,qualité,NOM,qualité,FR,lemmesAccessibilitéFR
w_FR_BE_2013_52252,FR_BE,BE,2013,52252,niveaux,NOM,niveau,FR,lemmesAccessibilitéFR
w_FR_BE_2013_52254,FR_BE,BE,2013,52254,qualité,NOM,qualité,FR,lemmesAccessibilitéFR
w_FR_BE_2013_55534,FR_BE,BE,2013,55534,centres,NOM,centre,FR,lemmesAccessibilitéFR
w_FR_BE_2013_55536,FR_BE,BE,2013,55536,qualité,NOM,qualité,FR,lemmesAccessibilitéFR
w_FR_BE_2013_55870,FR_BE,BE,2013,55870,territoire,NOM,territoire,FR,lemmesAccessibilitéFR
w_FR_BE_2013_55872,FR_BE,BE,2013,55872,qualité,NOM,qualité,FR,lemmesAccessibilitéFR
w_FR_BE_2013_56383,FR_BE,BE,2013,56383,niveaux,NOM,niveau,FR,lemmesAccessibilitéFR
w_FR_BE_2013_56385,FR_BE,BE,2013,56385,qualité,NOM,qualité,FR,lemmesAccessibilitéFR
w_FR_BE_2013_56484,FR_BE,BE,2013,56484,niveau,NOM,niveau,FR,lemmesAccessibilitéFR
w_FR_BE_2013_56486,FR_BE,BE,2013,56486,qualité,NOM,qualité,FR,lemmesAccessibilitéFR
w_FR_BE_2013_56501,FR_BE,BE,2013,56501,de,PRP,de,FR,lemmesAccessibilitéFR
w_FR_BE_2013_56503,FR_BE,BE,2013,56503,qualité,NOM,qualité,FR,lemmesAccessibilitéFR
w_FR_BE_2013_67148,FR_BE,BE,2013,67148,B_10,NAM,B_10,FR,lemmesAccessibilitéFR
w_FR_BE_2013_67150,FR_BE,BE,2013,67150,qualité,NOM,qualité,FR,lemmesAccessibilitéFR
w_FR_BE_2013_67864,FR_BE,BE,2013,67864,Déterminer,VER:infi,déterminer,FR,lemmesAccessibilitéFR
w_FR_BE_2013_67866,FR_BE,BE,2013,67866,qualité,NOM,qualité,FR,lemmesAccessibilitéFR
w_FR_BE_2013_68010,FR_BE,BE,2013,68010,niveaux,NOM,niveau,FR,lemmesAccessibilitéFR
w_FR_BE_2013_68012,FR_BE,BE,2013,68012,qualité,NOM,qualité,FR,lemmesAccessibilitéFR
w_FR_BE_2013_68065,FR_BE,BE,2013,68065,à,PRP,à,FR,lemmesAccessibilitéFR
w_FR_BE_2013_68067,FR_BE,BE,2013,68067,qualité,NOM,qualité,FR,lemmesAccessibilitéFR
w_FR_BE_2013_68099,FR_BE,BE,2013,68099,déterminent,VER:pres,déterminer,FR,lemmesAccessibilitéFR
w_FR_BE_2013_68101,FR_BE,BE,2013,68101,qualité,NOM,qualité,FR,lemmesAccessibilitéFR
w_FR_BE_2013_68150,FR_BE,BE,2013,68150,minimal,ADJ,minimal,FR,lemmesAccessibilitéFR
w_FR_BE_2013_68152,FR_BE,BE,2013,68152,qualité,NOM,qualité,FR,lemmesAccessibilitéFR
w_FR_BE_2013_68285,FR_BE,BE,2013,68285,verso,NOM,verso,FR,lemmesAccessibilitéFR
w_FR_BE_2013_68287,FR_BE,BE,2013,68287,qualité,NOM,qualité,FR,lemmesAccessibilitéFR
w_FR_BE_2013_68399,FR_BE,BE,2013,68399,niveau,NOM,niveau,FR,lemmesAccessibilitéFR
w_FR_BE_2013_68401,FR_BE,BE,2013,68401,qualité,NOM,qualité,FR,lemmesAccessibilitéFR
w_FR_BE_2013_68479,FR_BE,BE,2013,68479,niveau,NOM,niveau,FR,lemmesAccessibilitéFR
w_FR_BE_2013_68481,FR_BE,BE,2013,68481,qualité,NOM,qualité,FR,lemmesAccessibilitéFR
w_FR_GE_2024_13827,FR_GE,GE,2024,13827,une,DET:ART,un,FR,lemmesAccessibilitéFR
w_FR_GE_2024_13829,FR_GE,GE,2024,13829,qualité,NOM,qualité,FR,lemmesAccessibilitéFR
w_FR_GE_2024_23493,FR_GE,GE,2024,23493,améliorer,VER:infi,améliorer,FR,lemmesAccessibilitéFR
w_FR_GE_2024_23495,FR_GE,GE,2024,23495,qualité,NOM,qualité,FR,lemmesAccessibilitéFR
w_FR_GE_2024_37681,FR_GE,GE,2024,37681,",",PUN,",",FR,lemmesAccessibilitéFR
w_FR_GE_2024_37683,FR_GE,GE,2024,37683,qualité,NOM,qualité,FR,lemmesAccessibilitéFR
w_FR_GE_2024_59980,FR_GE,GE,2024,59980,de,PRP,de,FR,lemmesAccessibilitéFR
w_FR_GE_2024_59982,FR_GE,GE,2024,59982,qualité,NOM,qualité,FR,lemmesAccessibilitéFR
w_FR_GE_2024_62576,FR_GE,GE,2024,62576,;,PUN,;,FR,lemmesAccessibilitéFR
w_FR_GE_2024_62578,FR_GE,GE,2024,62578,qualité,NOM,qualité,FR,lemmesAccessibilitéFR
w_FR_GE_2024_72077,FR_GE,GE,2024,72077,",",PUN,",",FR,lemmesAccessibilitéFR
w_FR_GE_2024_72079,FR_GE,GE,2024,72079,qualité,NOM,qualité,FR,lemmesAccessibilitéFR
w_FR_GE_2024_105189,FR_GE,GE,2024,105189,de,PRP,de,FR,lemmesAccessibilitéFR
w_FR_GE_2024_105191,FR_GE,GE,2024,105191,qualité,NOM,qualité,FR,lemmesAccessibilitéFR
w_FR_GE_2024_119780,FR_GE,GE,2024,119780,ensemble,ADV,ensemble,FR,lemmesAccessibilitéFR
w_FR_GE_2024_119782,FR_GE,GE,2024,119782,qualité,NOM,qualité,FR,lemmesAccessibilitéFR
w_FR_GE_2024_127088,FR_GE,GE,2024,127088,améliorer,VER:infi,améliorer,FR,lemmesAccessibilitéFR
w_FR_GE_2024_127090,FR_GE,GE,2024,127090,qualité,NOM,qualité,FR,lemmesAccessibilitéFR
w_FR_GE_2024_141519,FR_GE,GE,2024,141519,de,PRP,de,FR,lemmesAccessibilitéFR
w_FR_GE_2024_141521,FR_GE,GE,2024,141521,qualité,NOM,qualité,FR,lemmesAccessibilitéFR
w_FR_BE_2016_9260,FR_BE,BE,2016,9260,de,PRP,de,FR,lemmesAccessibilitéFR
w_FR_BE_2016_9262,FR_BE,BE,2016,9262,qualité,NOM,qualité,FR,lemmesAccessibilitéFR
w_FR_BE_2016_17095,FR_BE,BE,2016,17095,Garantir,VER:infi,garantir,FR,lemmesAccessibilitéFR
w_FR_BE_2016_17097,FR_BE,BE,2016,17097,qualité,NOM,qualité,FR,lemmesAccessibilitéFR
w_FR_BE_2016_17429,FR_BE,BE,2016,17429,",",PUN,",",FR,lemmesAccessibilitéFR
w_FR_BE_2016_17431,FR_BE,BE,2016,17431,qualité,NOM,qualité,FR,lemmesAccessibilitéFR
w_FR_BE_2016_25681,FR_BE,BE,2016,25681,et,KON,et,FR,lemmesAccessibilitéFR
w_FR_BE_2016_25683,FR_BE,BE,2016,25683,qualité,NOM,qualité,FR,lemmesAccessibilitéFR
w_FR_BE_2016_28183,FR_BE,BE,2016,28183,que,KON,que,FR,lemmesAccessibilitéFR
w_FR_BE_2016_28185,FR_BE,BE,2016,28185,qualité,NOM,qualité,FR,lemmesAccessibilitéFR
w_FR_BE_2016_56507,FR_BE,BE,2016,56507,Déterminer,VER:infi,déterminer,FR,lemmesAccessibilitéFR
w_FR_BE_2016_56509,FR_BE,BE,2016,56509,qualité,NOM,qualité,FR,lemmesAccessibilitéFR
w_FR_BE_2016_57307,FR_BE,BE,2016,57307,centres,NOM,centre,FR,lemmesAccessibilitéFR
w_FR_BE_2016_57309,FR_BE,BE,2016,57309,qualité,NOM,qualité,FR,lemmesAccessibilitéFR
w_FR_BE_2016_57665,FR_BE,BE,2016,57665,territoire,NOM,territoire,FR,lemmesAccessibilitéFR
w_FR_BE_2016_57667,FR_BE,BE,2016,57667,qualité,NOM,qualité,FR,lemmesAccessibilitéFR
w_FR_BE_2016_59379,FR_BE,BE,2016,59379,niveaux,NOM,niveau,FR,lemmesAccessibilitéFR
w_FR_BE_2016_59381,FR_BE,BE,2016,59381,qualité,NOM,qualité,FR,lemmesAccessibilitéFR
w_FR_BE_2016_63075,FR_BE,BE,2016,63075,centres,NOM,centre,FR,lemmesAccessibilitéFR
w_FR_BE_2016_63077,FR_BE,BE,2016,63077,qualité,NOM,qualité,FR,lemmesAccessibilitéFR
w_FR_BE_2016_63647,FR_BE,BE,2016,63647,territoire,NOM,territoire,FR,lemmesAccessibilitéFR
w_FR_BE_2016_63649,FR_BE,BE,2016,63649,qualité,NOM,qualité,FR,lemmesAccessibilitéFR
w_FR_BE_2016_64081,FR_BE,BE,2016,64081,niveaux,NOM,niveau,FR,lemmesAccessibilitéFR
w_FR_BE_2016_64083,FR_BE,BE,2016,64083,qualité,NOM,qualité,FR,lemmesAccessibilitéFR
w_FR_BE_2016_64178,FR_BE,BE,2016,64178,niveau,NOM,niveau,FR,lemmesAccessibilitéFR
w_FR_BE_2016_64180,FR_BE,BE,2016,64180,qualité,NOM,qualité,FR,lemmesAccessibilitéFR
w_FR_BE_2016_64195,FR_BE,BE,2016,64195,de,PRP,de,FR,lemmesAccessibilitéFR
w_FR_BE_2016_64197,FR_BE,BE,2016,64197,qualité,NOM,qualité,FR,lemmesAccessibilitéFR
w_FR_BE_2016_77628,FR_BE,BE,2016,77628,Déterminer,VER:infi,déterminer,FR,lemmesAccessibilitéFR
w_FR_BE_2016_77630,FR_BE,BE,2016,77630,qualité,NOM,qualité,FR,lemmesAccessibilitéFR
w_FR_BE_2016_77749,FR_BE,BE,2016,77749,niveaux,NOM,niveau,FR,lemmesAccessibilitéFR
w_FR_BE_2016_77751,FR_BE,BE,2016,77751,qualité,NOM,qualité,FR,lemmesAccessibilitéFR
w_FR_BE_2016_77804,FR_BE,BE,2016,77804,à,PRP,à,FR,lemmesAccessibilitéFR
w_FR_BE_2016_77806,FR_BE,BE,2016,77806,qualité,NOM,qualité,FR,lemmesAccessibilitéFR
w_FR_BE_2016_77838,FR_BE,BE,2016,77838,déterminent,VER:pres,déterminer,FR,lemmesAccessibilitéFR
w_FR_BE_2016_77840,FR_BE,BE,2016,77840,qualité,NOM,qualité,FR,lemmesAccessibilitéFR
w_FR_BE_2016_77889,FR_BE,BE,2016,77889,minimal,ADJ,minimal,FR,lemmesAccessibilitéFR
w_FR_BE_2016_77891,FR_BE,BE,2016,77891,qualité,NOM,qualité,FR,lemmesAccessibilitéFR
w_FR_BE_2016_78024,FR_BE,BE,2016,78024,verso,NOM,verso,FR,lemmesAccessibilitéFR
w_FR_BE_2016_78026,FR_BE,BE,2016,78026,qualité,NOM,qualité,FR,lemmesAccessibilitéFR
w_FR_BE_2016_78138,FR_BE,BE,2016,78138,niveau,NOM,niveau,FR,lemmesAccessibilitéFR
w_FR_BE_2016_78140,FR_BE,BE,2016,78140,qualité,NOM,qualité,FR,lemmesAccessibilitéFR
w_FR_BE_2016_78218,FR_BE,BE,2016,78218,niveau,NOM,niveau,FR,lemmesAccessibilitéFR
w_FR_BE_2016_78220,FR_BE,BE,2016,78220,qualité,NOM,qualité,FR,lemmesAccessibilitéFR
w_FR_BE_2016_86277,FR_BE,BE,2016,86277,niveau,NOM,niveau,FR,lemmesAccessibilitéFR
w_FR_BE_2016_86279,FR_BE,BE,2016,86279,qualité,NOM,qualité,FR,lemmesAccessibilitéFR
w_FR_BE_2016_86294,FR_BE,BE,2016,86294,de,PRP,de,FR,lemmesAccessibilitéFR
w_FR_BE_2016_86296,FR_BE,BE,2016,86296,qualité,NOM,qualité,FR,lemmesAccessibilitéFR
w_FR_BE_2016_131301,FR_BE,BE,2016,131301,Déterminer,VER:infi,déterminer,FR,lemmesAccessibilitéFR
w_FR_BE_2016_131303,FR_BE,BE,2016,131303,qualité,NOM,qualité,FR,lemmesAccessibilitéFR
w_FR_JU_2018_8471,FR_JU,JU,2018,8471,",",PUN,",",FR,lemmesAccessibilitéFR
w_FR_JU_2018_8473,FR_JU,JU,2018,8473,qualité,NOM,qualité,FR,lemmesAccessibilitéFR
w_FR_VD_2011_9589,FR_VD,VD,2011,9589,progressivement,ADV,progressivement,FR,lemmesAccessibilitéFR
w_FR_VD_2011_9591,FR_VD,VD,2011,9591,qualité,NOM,qualité,FR,lemmesAccessibilitéFR
w_FR_VD_2011_17637,FR_VD,VD,2011,17637,et,KON,et,FR,lemmesAccessibilitéFR
w_FR_VD_2011_17639,FR_VD,VD,2011,17639,qualité,NOM,qualité,FR,lemmesAccessibilitéFR
w_FR_VD_2011_17760,FR_VD,VD,2011,17760,de,PRP,de,FR,lemmesAccessibilitéFR
w_FR_VD_2011_17762,FR_VD,VD,2011,17762,qualité,NOM,qualité,FR,lemmesAccessibilitéFR
w_FR_VD_2011_17816,FR_VD,VD,2011,17816,avec,PRP,avec,FR,lemmesAccessibilitéFR
w_FR_VD_2011_17818,FR_VD,VD,2011,17818,qualité,NOM,qualité,FR,lemmesAccessibilitéFR
w_FR_VD_2011_155542,FR_VD,VD,2011,155542,progressivement,ADV,progressivement,FR,lemmesAccessibilitéFR
w_FR_VD_2011_155544,FR_VD,VD,2011,155544,qualité,NOM,qualité,FR,lemmesAccessibilitéFR
w_FR_VD_2011_156415,FR_VD,VD,2011,156415,avec,PRP,avec,FR,lemmesAccessibilitéFR
w_FR_VD_2011_156417,FR_VD,VD,2011,156417,qualité,NOM,qualité,FR,lemmesAccessibilitéFR
w_FR_VD_2011_187534,FR_VD,VD,2011,187534,autoroutière,ADJ,autoroutier,FR,lemmesAccessibilitéFR
w_FR_VD_2011_187536,FR_VD,VD,2011,187536,Qualité,NOM,qualité,FR,lemmesAccessibilitéFR
w_FR_BE_2012_17787,FR_BE,BE,2012,17787,à,PRP,à,FR,lemmesAccessibilitéFR
w_FR_BE_2012_17789,FR_BE,BE,2012,17789,qualité,NOM,qualité,FR,lemmesAccessibilitéFR
w_FR_BE_2012_19652,FR_BE,BE,2012,19652,et,KON,et,FR,lemmesAccessibilitéFR
w_FR_BE_2012_19654,FR_BE,BE,2012,19654,qualité,NOM,qualité,FR,lemmesAccessibilitéFR
w_FR_BE_2012_21731,FR_BE,BE,2012,21731,que,KON,que,FR,lemmesAccessibilitéFR
w_FR_BE_2012_21733,FR_BE,BE,2012,21733,qualité,NOM,qualité,FR,lemmesAccessibilitéFR
w_FR_BE_2012_26964,FR_BE,BE,2012,26964,où,PRO:REL,où,FR,lemmesAccessibilitéFR
w_FR_BE_2012_26966,FR_BE,BE,2012,26966,qualité,NOM,qualité,FR,lemmesAccessibilitéFR
w_FR_BE_2012_49541,FR_BE,BE,2012,49541,Déterminer,VER:infi,déterminer,FR,lemmesAccessibilitéFR
w_FR_BE_2012_49543,FR_BE,BE,2012,49543,qualité,NOM,qualité,FR,lemmesAccessibilitéFR
w_FR_BE_2012_50283,FR_BE,BE,2012,50283,centres,NOM,centre,FR,lemmesAccessibilitéFR
w_FR_BE_2012_50285,FR_BE,BE,2012,50285,qualité,NOM,qualité,FR,lemmesAccessibilitéFR
w_FR_BE_2012_50698,FR_BE,BE,2012,50698,territoire,NOM,territoire,FR,lemmesAccessibilitéFR
w_FR_BE_2012_50700,FR_BE,BE,2012,50700,qualité,NOM,qualité,FR,lemmesAccessibilitéFR
w_FR_BE_2012_52269,FR_BE,BE,2012,52269,niveaux,NOM,niveau,FR,lemmesAccessibilitéFR
w_FR_BE_2012_52271,FR_BE,BE,2012,52271,qualité,NOM,qualité,FR,lemmesAccessibilitéFR
w_FR_BE_2012_55586,FR_BE,BE,2012,55586,centres,NOM,centre,FR,lemmesAccessibilitéFR
w_FR_BE_2012_55588,FR_BE,BE,2012,55588,qualité,NOM,qualité,FR,lemmesAccessibilitéFR
w_FR_BE_2012_55922,FR_BE,BE,2012,55922,territoire,NOM,territoire,FR,lemmesAccessibilitéFR
w_FR_BE_2012_55924,FR_BE,BE,2012,55924,qualité,NOM,qualité,FR,lemmesAccessibilitéFR
w_FR_BE_2012_56435,FR_BE,BE,2012,56435,niveaux,NOM,niveau,FR,lemmesAccessibilitéFR
w_FR_BE_2012_56437,FR_BE,BE,2012,56437,qualité,NOM,qualité,FR,lemmesAccessibilitéFR
w_FR_BE_2012_56536,FR_BE,BE,2012,56536,niveau,NOM,niveau,FR,lemmesAccessibilitéFR
w_FR_BE_2012_56538,FR_BE,BE,2012,56538,qualité,NOM,qualité,FR,lemmesAccessibilitéFR
w_FR_BE_2012_56553,FR_BE,BE,2012,56553,de,PRP,de,FR,lemmesAccessibilitéFR
w_FR_BE_2012_56555,FR_BE,BE,2012,56555,qualité,NOM,qualité,FR,lemmesAccessibilitéFR
w_FR_BE_2012_66477,FR_BE,BE,2012,66477,B_10,NAM,B_10,FR,lemmesAccessibilitéFR
w_FR_BE_2012_66479,FR_BE,BE,2012,66479,qualité,NOM,qualité,FR,lemmesAccessibilitéFR
w_FR_BE_2012_67222,FR_BE,BE,2012,67222,Déterminer,VER:infi,déterminer,FR,lemmesAccessibilitéFR
w_FR_BE_2012_67224,FR_BE,BE,2012,67224,qualité,NOM,qualité,FR,lemmesAccessibilitéFR
w_FR_BE_2012_67368,FR_BE,BE,2012,67368,niveaux,NOM,niveau,FR,lemmesAccessibilitéFR
w_FR_BE_2012_67370,FR_BE,BE,2012,67370,qualité,NOM,qualité,FR,lemmesAccessibilitéFR
w_FR_BE_2012_67423,FR_BE,BE,2012,67423,à,PRP,à,FR,lemmesAccessibilitéFR
w_FR_BE_2012_67425,FR_BE,BE,2012,67425,qualité,NOM,qualité,FR,lemmesAccessibilitéFR
w_FR_BE_2012_67457,FR_BE,BE,2012,67457,déterminent,VER:pres,déterminer,FR,lemmesAccessibilitéFR
w_FR_BE_2012_67459,FR_BE,BE,2012,67459,qualité,NOM,qualité,FR,lemmesAccessibilitéFR
w_FR_BE_2012_67508,FR_BE,BE,2012,67508,minimal,ADJ,minimal,FR,lemmesAccessibilitéFR
w_FR_BE_2012_67510,FR_BE,BE,2012,67510,qualité,NOM,qualité,FR,lemmesAccessibilitéFR
w_FR_BE_2012_67643,FR_BE,BE,2012,67643,verso,NOM,verso,FR,lemmesAccessibilitéFR
w_FR_BE_2012_67645,FR_BE,BE,2012,67645,qualité,NOM,qualité,FR,lemmesAccessibilitéFR
w_FR_BE_2012_67757,FR_BE,BE,2012,67757,niveau,NOM,niveau,FR,lemmesAccessibilitéFR
w_FR_BE_2012_67759,FR_BE,BE,2012,67759,qualité,NOM,qualité,FR,lemmesAccessibilitéFR
w_FR_BE_2012_67837,FR_BE,BE,2012,67837,niveau,NOM,niveau,FR,lemmesAccessibilitéFR
w_FR_BE_2012_67839,FR_BE,BE,2012,67839,qualité,NOM,qualité,FR,lemmesAccessibilitéFR
w_FR_BE_2012_114086,FR_BE,BE,2012,114086,Déterminer,VER:infi,déterminer,FR,lemmesAccessibilitéFR
w_FR_BE_2012_114088,FR_BE,BE,2012,114088,qualité,NOM,qualité,FR,lemmesAccessibilitéFR
w_FR_FR_2002_20283,FR_FR,FR,2002,20283,et,KON,et,FR,lemmesAccessibilitéFR
w_FR_FR_2002_20285,FR_FR,FR,2002,20285,qualité,NOM,qualité,FR,lemmesAccessibilitéFR
w_FR_FR_2002_31356,FR_FR,FR,2002,31356,raisonnable,ADJ,raisonnable,FR,lemmesAccessibilitéFR
w_FR_FR_2002_31358,FR_FR,FR,2002,31358,Qualité,NOM,qualité,FR,lemmesAccessibilitéFR
w_FR_FR_2002_130333,FR_FR,FR,2002,130333,),PUN,),FR,lemmesAccessibilitéFR
w_FR_FR_2002_130335,FR_FR,FR,2002,130335,Qualité,NOM,qualité,FR,lemmesAccessibilitéFR
w_FR_FR_2002_130339,FR_FR,FR,2002,130339,·,ABR,·,FR,lemmesAccessibilitéFR
w_FR_FR_2002_130341,FR_FR,FR,2002,130341,qualité,NOM,qualité,FR,lemmesAccessibilitéFR
w_FR_FR_2002_130484,FR_FR,FR,2002,130484,maintenir,VER:infi,maintenir,FR,lemmesAccessibilitéFR
w_FR_FR_2002_130486,FR_FR,FR,2002,130486,qualité,NOM,qualité,FR,lemmesAccessibilitéFR
w_FR_FR_2002_130599,FR_FR,FR,2002,130599,nécessite,VER:pres,nécessiter,FR,lemmesAccessibilitéFR
w_FR_FR_2002_130601,FR_FR,FR,2002,130601,qualité,NOM,qualité,FR,lemmesAccessibilitéFR
w_FR_FR_2002_130629,FR_FR,FR,2002,130629,si,KON,si,FR,lemmesAccessibilitéFR
w_FR_FR_2002_130631,FR_FR,FR,2002,130631,qualité,NOM,qualité,FR,lemmesAccessibilitéFR
w_FR_FR_2002_131064,FR_FR,FR,2002,131064,régulièrement,ADV,régulièrement,FR,lemmesAccessibilitéFR
w_FR_FR_2002_131066,FR_FR,FR,2002,131066,qualité,NOM,qualité,FR,lemmesAccessibilitéFR
w_FR_FR_2002_139606,FR_FR,FR,2002,139606,développer,VER:infi,développer,FR,lemmesAccessibilitéFR
w_FR_FR_2002_139608,FR_FR,FR,2002,139608,qualité,NOM,qualité,FR,lemmesAccessibilitéFR
w_FR_FR_2002_139761,FR_FR,FR,2002,139761,améliorer,VER:infi,améliorer,FR,lemmesAccessibilitéFR
w_FR_FR_2002_139763,FR_FR,FR,2002,139763,qualité,NOM,qualité,FR,lemmesAccessibilitéFR
w_FR_FR_2002_139998,FR_FR,FR,2002,139998,sur,PRP,sur,FR,lemmesAccessibilitéFR
w_FR_FR_2002_140000,FR_FR,FR,2002,140000,qualité,NOM,qualité,FR,lemmesAccessibilitéFR
w_FR_VD_2022_21242,FR_VD,VD,2022,21242,•,ABR,•,FR,lemmesAccessibilitéFR
w_FR_VD_2022_21244,FR_VD,VD,2022,21244,qualité,NOM,qualité,FR,lemmesAccessibilitéFR
w_FR_VD_2022_27708,FR_VD,VD,2022,27708,personnes,NOM,personne,FR,lemmesAccessibilitéFR
w_FR_VD_2022_27710,FR_VD,VD,2022,27710,Qualité,NOM,qualité,FR,lemmesAccessibilitéFR
w_FR_VD_2022_27748,FR_VD,VD,2022,27748,progressivement,ADV,progressivement,FR,lemmesAccessibilitéFR
w_FR_VD_2022_27750,FR_VD,VD,2022,27750,qualité,NOM,qualité,FR,lemmesAccessibilitéFR
w_FR_VD_2022_38753,FR_VD,VD,2022,38753,et,KON,et,FR,lemmesAccessibilitéFR
w_FR_VD_2022_38755,FR_VD,VD,2022,38755,qualité,NOM,qualité,FR,lemmesAccessibilitéFR
w_FR_VD_2022_38876,FR_VD,VD,2022,38876,de,PRP,de,FR,lemmesAccessibilitéFR
w_FR_VD_2022_38878,FR_VD,VD,2022,38878,qualité,NOM,qualité,FR,lemmesAccessibilitéFR
w_FR_VD_2022_38973,FR_VD,VD,2022,38973,avec,PRP,avec,FR,lemmesAccessibilitéFR
w_FR_VD_2022_38975,FR_VD,VD,2022,38975,qualité,NOM,qualité,FR,lemmesAccessibilitéFR
w_FR_VD_2022_190895,FR_VD,VD,2022,190895,autoroutière,ADJ,autoroutier,FR,lemmesAccessibilitéFR
w_FR_VD_2022_190897,FR_VD,VD,2022,190897,Qualité,NOM,qualité,FR,lemmesAccessibilitéFR
w_FR_VS_2019_68023,FR_VS,VS,2019,68023,minimum,NOM,minimum,FR,lemmesAccessibilitéFR
w_FR_VS_2019_68025,FR_VS,VS,2019,68025,qualité,NOM,qualité,FR,lemmesAccessibilitéFR
w_FR_VS_2019_68211,FR_VS,VS,2019,68211,Niveaux,NOM,niveau,FR,lemmesAccessibilitéFR
w_FR_VS_2019_68213,FR_VS,VS,2019,68213,qualité,NOM,qualité,FR,lemmesAccessibilitéFR
w_FR_BE_2008_17586,FR_BE,BE,2008,17586,à,PRP,à,FR,lemmesAccessibilitéFR
w_FR_BE_2008_17588,FR_BE,BE,2008,17588,qualité,NOM,qualité,FR,lemmesAccessibilitéFR
w_FR_BE_2008_18103,FR_BE,BE,2008,18103,vers,PRP,vers,FR,lemmesAccessibilitéFR
w_FR_BE_2008_18105,FR_BE,BE,2008,18105,qualité,NOM,qualité,FR,lemmesAccessibilitéFR
w_FR_BE_2008_18431,FR_BE,BE,2008,18431,critères,NOM,critère,FR,lemmesAccessibilitéFR
w_FR_BE_2008_18433,FR_BE,BE,2008,18433,qualité,NOM,qualité,FR,lemmesAccessibilitéFR
w_FR_BE_2008_19328,FR_BE,BE,2008,19328,et,KON,et,FR,lemmesAccessibilitéFR
w_FR_BE_2008_19330,FR_BE,BE,2008,19330,qualité,NOM,qualité,FR,lemmesAccessibilitéFR
w_FR_BE_2008_24155,FR_BE,BE,2008,24155,où,PRO:REL,où,FR,lemmesAccessibilitéFR
w_FR_BE_2008_24157,FR_BE,BE,2008,24157,qualité,NOM,qualité,FR,lemmesAccessibilitéFR
w_FR_BE_2008_46248,FR_BE,BE,2008,46248,Déterminer,VER:infi,déterminer,FR,lemmesAccessibilitéFR
w_FR_BE_2008_46250,FR_BE,BE,2008,46250,qualité,NOM,qualité,FR,lemmesAccessibilitéFR
w_FR_BE_2008_46869,FR_BE,BE,2008,46869,centres,NOM,centre,FR,lemmesAccessibilitéFR
w_FR_BE_2008_46871,FR_BE,BE,2008,46871,qualité,NOM,qualité,FR,lemmesAccessibilitéFR
w_FR_BE_2008_47305,FR_BE,BE,2008,47305,territoire,NOM,territoire,FR,lemmesAccessibilitéFR
w_FR_BE_2008_47307,FR_BE,BE,2008,47307,qualité,NOM,qualité,FR,lemmesAccessibilitéFR
w_FR_BE_2008_48915,FR_BE,BE,2008,48915,niveaux,NOM,niveau,FR,lemmesAccessibilitéFR
w_FR_BE_2008_48917,FR_BE,BE,2008,48917,qualité,NOM,qualité,FR,lemmesAccessibilitéFR
w_FR_BE_2008_52245,FR_BE,BE,2008,52245,centres,NOM,centre,FR,lemmesAccessibilitéFR
w_FR_BE_2008_52247,FR_BE,BE,2008,52247,qualité,NOM,qualité,FR,lemmesAccessibilitéFR
w_FR_BE_2008_52581,FR_BE,BE,2008,52581,territoire,NOM,territoire,FR,lemmesAccessibilitéFR
w_FR_BE_2008_52583,FR_BE,BE,2008,52583,qualité,NOM,qualité,FR,lemmesAccessibilitéFR
w_FR_BE_2008_53094,FR_BE,BE,2008,53094,niveaux,NOM,niveau,FR,lemmesAccessibilitéFR
w_FR_BE_2008_53096,FR_BE,BE,2008,53096,qualité,NOM,qualité,FR,lemmesAccessibilitéFR
w_FR_BE_2008_53195,FR_BE,BE,2008,53195,niveau,NOM,niveau,FR,lemmesAccessibilitéFR
w_FR_BE_2008_53197,FR_BE,BE,2008,53197,qualité,NOM,qualité,FR,lemmesAccessibilitéFR
w_FR_BE_2008_53212,FR_BE,BE,2008,53212,de,PRP,de,FR,lemmesAccessibilitéFR
w_FR_BE_2008_53214,FR_BE,BE,2008,53214,qualité,NOM,qualité,FR,lemmesAccessibilitéFR
w_FR_BE_2008_58673,FR_BE,BE,2008,58673,sensiblement,ADV,sensiblement,FR,lemmesAccessibilitéFR
w_FR_BE_2008_58675,FR_BE,BE,2008,58675,qualité,NOM,qualité,FR,lemmesAccessibilitéFR
w_FR_BE_2008_62700,FR_BE,BE,2008,62700,B_10,NAM,B_10,FR,lemmesAccessibilitéFR
w_FR_BE_2008_62702,FR_BE,BE,2008,62702,qualité,NOM,qualité,FR,lemmesAccessibilitéFR
w_FR_BE_2008_63469,FR_BE,BE,2008,63469,Déterminer,VER:infi,déterminer,FR,lemmesAccessibilitéFR
w_FR_BE_2008_63471,FR_BE,BE,2008,63471,qualité,NOM,qualité,FR,lemmesAccessibilitéFR
w_FR_BE_2008_63615,FR_BE,BE,2008,63615,niveaux,NOM,niveau,FR,lemmesAccessibilitéFR
w_FR_BE_2008_63617,FR_BE,BE,2008,63617,qualité,NOM,qualité,FR,lemmesAccessibilitéFR
w_FR_BE_2008_63670,FR_BE,BE,2008,63670,à,PRP,à,FR,lemmesAccessibilitéFR
w_FR_BE_2008_63672,FR_BE,BE,2008,63672,qualité,NOM,qualité,FR,lemmesAccessibilitéFR
w_FR_BE_2008_63704,FR_BE,BE,2008,63704,déterminent,VER:pres,déterminer,FR,lemmesAccessibilitéFR
w_FR_BE_2008_63706,FR_BE,BE,2008,63706,qualité,NOM,qualité,FR,lemmesAccessibilitéFR
w_FR_BE_2008_63755,FR_BE,BE,2008,63755,minimal,ADJ,minimal,FR,lemmesAccessibilitéFR
w_FR_BE_2008_63757,FR_BE,BE,2008,63757,qualité,NOM,qualité,FR,lemmesAccessibilitéFR
w_FR_BE_2008_63890,FR_BE,BE,2008,63890,verso,NOM,verso,FR,lemmesAccessibilitéFR
w_FR_BE_2008_63892,FR_BE,BE,2008,63892,qualité,NOM,qualité,FR,lemmesAccessibilitéFR
w_FR_BE_2008_64004,FR_BE,BE,2008,64004,niveau,NOM,niveau,FR,lemmesAccessibilitéFR
w_FR_BE_2008_64006,FR_BE,BE,2008,64006,qualité,NOM,qualité,FR,lemmesAccessibilitéFR
w_FR_BE_2008_64084,FR_BE,BE,2008,64084,niveau,NOM,niveau,FR,lemmesAccessibilitéFR
w_FR_BE_2008_64086,FR_BE,BE,2008,64086,qualité,NOM,qualité,FR,lemmesAccessibilitéFR
w_FR_BE_2008_98114,FR_BE,BE,2008,98114,Déterminer,VER:infi,déterminer,FR,lemmesAccessibilitéFR
w_FR_BE_2008_98116,FR_BE,BE,2008,98116,qualité,NOM,qualité,FR,lemmesAccessibilitéFR
w_FR_VD_2008_9245,FR_VD,VD,2008,9245,progressivement,ADV,progressivement,FR,lemmesAccessibilitéFR
w_FR_VD_2008_9247,FR_VD,VD,2008,9247,qualité,NOM,qualité,FR,lemmesAccessibilitéFR
w_FR_VD_2008_15634,FR_VD,VD,2008,15634,et,KON,et,FR,lemmesAccessibilitéFR
w_FR_VD_2008_15636,FR_VD,VD,2008,15636,qualité,NOM,qualité,FR,lemmesAccessibilitéFR
w_FR_VD_2008_15749,FR_VD,VD,2008,15749,de,PRP,de,FR,lemmesAccessibilitéFR
w_FR_VD_2008_15751,FR_VD,VD,2008,15751,qualité,NOM,qualité,FR,lemmesAccessibilitéFR
w_FR_VD_2008_15796,FR_VD,VD,2008,15796,avec,PRP,avec,FR,lemmesAccessibilitéFR
w_FR_VD_2008_15798,FR_VD,VD,2008,15798,qualité,NOM,qualité,FR,lemmesAccessibilitéFR
w_FR_VD_2008_131452,FR_VD,VD,2008,131452,progressivement,ADV,progressivement,FR,lemmesAccessibilitéFR
w_FR_VD_2008_131454,FR_VD,VD,2008,131454,qualité,NOM,qualité,FR,lemmesAccessibilitéFR
w_FR_VD_2008_132325,FR_VD,VD,2008,132325,avec,PRP,avec,FR,lemmesAccessibilitéFR
w_FR_VD_2008_132327,FR_VD,VD,2008,132327,qualité,NOM,qualité,FR,lemmesAccessibilitéFR
w_FR_VD_2008_165938,FR_VD,VD,2008,165938,autoroutière,ADJ,autoroutier,FR,lemmesAccessibilitéFR
w_FR_VD_2008_165940,FR_VD,VD,2008,165940,Qualité,NOM,qualité,FR,lemmesAccessibilitéFR
w_FR_NE_2011_12806,FR_NE,NE,2011,12806,avec,PRP,avec,FR,lemmesAccessibilitéFR
w_FR_NE_2011_12808,FR_NE,NE,2011,12808,qualité,NOM,qualité,FR,lemmesAccessibilitéFR
w_FR_NE_2011_275073,FR_NE,NE,2011,275073,très,ADV,très,FR,lemmesAccessibilitéFR
w_FR_NE_2011_275075,FR_NE,NE,2011,275075,qualité,NOM,qualité,FR,lemmesAccessibilitéFR
w_FR_BE_2002_17397,FR_BE,BE,2002,17397,vers,PRP,vers,FR,lemmesAccessibilitéFR
w_FR_BE_2002_17399,FR_BE,BE,2002,17399,qualité,NOM,qualité,FR,lemmesAccessibilitéFR
w_FR_BE_2002_18331,FR_BE,BE,2002,18331,et,KON,et,FR,lemmesAccessibilitéFR
w_FR_BE_2002_18333,FR_BE,BE,2002,18333,qualité,NOM,qualité,FR,lemmesAccessibilitéFR
w_FR_BE_2002_22907,FR_BE,BE,2002,22907,où,PRO:REL,où,FR,lemmesAccessibilitéFR
w_FR_BE_2002_22909,FR_BE,BE,2002,22909,qualité,NOM,qualité,FR,lemmesAccessibilitéFR
w_FR_BE_2002_43271,FR_BE,BE,2002,43271,Réexaminer,VER:infi,réexaminer,FR,lemmesAccessibilitéFR
w_FR_BE_2002_43273,FR_BE,BE,2002,43273,qualité,NOM,qualité,FR,lemmesAccessibilitéFR
w_FR_BE_2002_49808,FR_BE,BE,2002,49808,Réexaminer,VER:infi,réexaminer,FR,lemmesAccessibilitéFR
w_FR_BE_2002_49810,FR_BE,BE,2002,49810,qualité,NOM,qualité,FR,lemmesAccessibilitéFR
w_FR_BE_2002_49900,FR_BE,BE,2002,49900,de,PRP,de,FR,lemmesAccessibilitéFR
w_FR_BE_2002_49902,FR_BE,BE,2002,49902,qualité,NOM,qualité,FR,lemmesAccessibilitéFR
w_FR_BE_2002_50051,FR_BE,BE,2002,50051,de,PRP,de,FR,lemmesAccessibilitéFR
w_FR_BE_2002_50053,FR_BE,BE,2002,50053,qualité,NOM,qualité,FR,lemmesAccessibilitéFR
w_FR_BE_2002_50284,FR_BE,BE,2002,50284,de,PRP,de,FR,lemmesAccessibilitéFR
w_FR_BE_2002_50286,FR_BE,BE,2002,50286,qualité,NOM,qualité,FR,lemmesAccessibilitéFR
w_FR_BE_2002_50569,FR_BE,BE,2002,50569,concernant,VER:ppre,concerner,FR,lemmesAccessibilitéFR
w_FR_BE_2002_50571,FR_BE,BE,2002,50571,qualité,NOM,qualité,FR,lemmesAccessibilitéFR
w_FR_BE_2002_50675,FR_BE,BE,2002,50675,réexaminer,VER:infi,réexaminer,FR,lemmesAccessibilitéFR
w_FR_BE_2002_50677,FR_BE,BE,2002,50677,qualité,NOM,qualité,FR,lemmesAccessibilitéFR
w_FR_BE_2002_50684,FR_BE,BE,2002,50684,réexaminer,VER:infi,réexaminer,FR,lemmesAccessibilitéFR
w_FR_BE_2002_50686,FR_BE,BE,2002,50686,qualité,NOM,qualité,FR,lemmesAccessibilitéFR
w_FR_BE_2002_50758,FR_BE,BE,2002,50758,",",PUN,",",FR,lemmesAccessibilitéFR
w_FR_BE_2002_50760,FR_BE,BE,2002,50760,qualité,NOM,qualité,FR,lemmesAccessibilitéFR
w_FR_BE_2002_53431,FR_BE,BE,2002,53431,sensiblement,ADV,sensiblement,FR,lemmesAccessibilitéFR
w_FR_BE_2002_53433,FR_BE,BE,2002,53433,qualité,NOM,qualité,FR,lemmesAccessibilitéFR
w_FR_FR_2024_3208,FR_FR,FR,2024,3208,présentant,VER:ppre,présenter,FR,lemmesAccessibilitéFR
w_FR_FR_2024_3210,FR_FR,FR,2024,3210,qualité,NOM,qualité,FR,lemmesAccessibilitéFR
w_FR_FR_2024_5821,FR_FR,FR,2024,5821,présentant,VER:ppre,présenter,FR,lemmesAccessibilitéFR
w_FR_FR_2024_5823,FR_FR,FR,2024,5823,qualité,NOM,qualité,FR,lemmesAccessibilitéFR
w_FR_FR_2024_7063,FR_FR,FR,2024,7063,les,DET:ART,le,FR,lemmesAccessibilitéFR
w_FR_FR_2024_7065,FR_FR,FR,2024,7065,qualités,NOM,qualité,FR,lemmesAccessibilitéFR
w_FR_FR_2024_7179,FR_FR,FR,2024,7179,.,SENT,.,FR,lemmesAccessibilitéFR
w_FR_FR_2024_7181,FR_FR,FR,2024,7181,qualité,NOM,qualité,FR,lemmesAccessibilitéFR
w_FR_FR_2024_8583,FR_FR,FR,2024,8583,minimum,NOM,minimum,FR,lemmesAccessibilitéFR
w_FR_FR_2024_8585,FR_FR,FR,2024,8585,qualité,NOM,qualité,FR,lemmesAccessibilitéFR
w_FR_FR_2024_9201,FR_FR,FR,2024,9201,minimum,NOM,minimum,FR,lemmesAccessibilitéFR
w_FR_FR_2024_9203,FR_FR,FR,2024,9203,qualité,NOM,qualité,FR,lemmesAccessibilitéFR
w_FR_FR_2024_9721,FR_FR,FR,2024,9721,minimum,NOM,minimum,FR,lemmesAccessibilitéFR
w_FR_FR_2024_9723,FR_FR,FR,2024,9723,qualité,NOM,qualité,FR,lemmesAccessibilitéFR
w_FR_FR_2024_13361,FR_FR,FR,2024,13361,niveaux,NOM,niveau,FR,lemmesAccessibilitéFR
w_FR_FR_2024_13363,FR_FR,FR,2024,13363,qualité,NOM,qualité,FR,lemmesAccessibilitéFR
w_FR_FR_2024_16204,FR_FR,FR,2024,16204,minimum,NOM,minimum,FR,lemmesAccessibilitéFR
w_FR_FR_2024_16206,FR_FR,FR,2024,16206,qualité,NOM,qualité,FR,lemmesAccessibilitéFR
w_FR_FR_2024_18692,FR_FR,FR,2024,18692,»,PUN:cit,»,FR,lemmesAccessibilitéFR
w_FR_FR_2024_18694,FR_FR,FR,2024,18694,qualités,NOM,qualité,FR,lemmesAccessibilitéFR
w_FR_FR_2024_25470,FR_FR,FR,2024,25470,TP,NAM,TP,FR,lemmesAccessibilitéFR
w_FR_FR_2024_25472,FR_FR,FR,2024,25472,qualité,NOM,qualité,FR,lemmesAccessibilitéFR
w_FR_FR_2024_37575,FR_FR,FR,2024,37575,d’,PRP,de,FR,lemmesAccessibilitéFR
w_FR_FR_2024_37577,FR_FR,FR,2024,37577,qualité,NOM,qualité,FR,lemmesAccessibilitéFR
w_FR_FR_2024_38175,FR_FR,FR,2024,38175,de,PRP,de,FR,lemmesAccessibilitéFR
w_FR_FR_2024_38177,FR_FR,FR,2024,38177,qualité,NOM,qualité,FR,lemmesAccessibilitéFR
w_FR_FR_2024_55855,FR_FR,FR,2024,55855,améliorant,VER:ppre,améliorer,FR,lemmesAccessibilitéFR
w_FR_FR_2024_55857,FR_FR,FR,2024,55857,qualité,NOM,qualité,FR,lemmesAccessibilitéFR
w_FR_FR_2024_56353,FR_FR,FR,2024,56353,niveau,NOM,niveau,FR,lemmesAccessibilitéFR
w_FR_FR_2024_56355,FR_FR,FR,2024,56355,qualité,NOM,qualité,FR,lemmesAccessibilitéFR
w_FR_FR_2024_56419,FR_FR,FR,2024,56419,Coordonner,VER:infi,coordonner,FR,lemmesAccessibilitéFR
w_FR_FR_2024_56421,FR_FR,FR,2024,56421,qualité,NOM,qualité,FR,lemmesAccessibilitéFR
w_FR_FR_2024_56653,FR_FR,FR,2024,56653,de,PRP,de,FR,lemmesAccessibilitéFR
w_FR_FR_2024_56655,FR_FR,FR,2024,56655,qualité,NOM,qualité,FR,lemmesAccessibilitéFR
w_FR_FR_2024_56780,FR_FR,FR,2024,56780,pas,ADV,pas,FR,lemmesAccessibilitéFR
w_FR_FR_2024_56782,FR_FR,FR,2024,56782,qualité,NOM,qualité,FR,lemmesAccessibilitéFR
w_FR_FR_2024_58245,FR_FR,FR,2024,58245,niveau,NOM,niveau,FR,lemmesAccessibilitéFR
w_FR_FR_2024_58247,FR_FR,FR,2024,58247,qualité,NOM,qualité,FR,lemmesAccessibilitéFR
w_FR_FR_2024_58402,FR_FR,FR,2024,58402,.,SENT,.,FR,lemmesAccessibilitéFR
w_FR_FR_2024_58404,FR_FR,FR,2024,58404,qualité,NOM,qualité,FR,lemmesAccessibilitéFR
w_FR_FR_2024_62067,FR_FR,FR,2024,62067,TIM,NAM,TIM,FR,lemmesAccessibilitéFR
w_FR_FR_2024_62069,FR_FR,FR,2024,62069,Qualité,NOM,qualité,FR,lemmesAccessibilitéFR
w_FR_FR_2024_62075,FR_FR,FR,2024,62075,niveaux,NOM,niveau,FR,lemmesAccessibilitéFR
w_FR_FR_2024_62077,FR_FR,FR,2024,62077,qualité,NOM,qualité,FR,lemmesAccessibilitéFR
w_FR_FR_2024_62204,FR_FR,FR,2024,62204,.,SENT,.,FR,lemmesAccessibilitéFR
w_FR_FR_2024_62206,FR_FR,FR,2024,62206,qualité,NOM,qualité,FR,lemmesAccessibilitéFR
w_FR_FR_2024_62283,FR_FR,FR,2024,62283,respectée,VER:pper,respecter,FR,lemmesAccessibilitéFR
w_FR_FR_2024_62285,FR_FR,FR,2024,62285,Qualité,NOM,qualité,FR,lemmesAccessibilitéFR
w_FR_FR_2024_64573,FR_FR,FR,2024,64573,de,PRP,de,FR,lemmesAccessibilitéFR
w_FR_FR_2024_64575,FR_FR,FR,2024,64575,qualité,NOM,qualité,FR,lemmesAccessibilitéFR
w_FR_FR_2024_64709,FR_FR,FR,2024,64709,de,PRP,de,FR,lemmesAccessibilitéFR
w_FR_FR_2024_64711,FR_FR,FR,2024,64711,qualité,NOM,qualité,FR,lemmesAccessibilitéFR
w_FR_VD_2018_20837,FR_VD,VD,2018,20837,•,ABR,•,FR,lemmesAccessibilitéFR
w_FR_VD_2018_20839,FR_VD,VD,2018,20839,qualité,NOM,qualité,FR,lemmesAccessibilitéFR
w_FR_VD_2018_27243,FR_VD,VD,2018,27243,de,PRP,de,FR,lemmesAccessibilitéFR
w_FR_VD_2018_27245,FR_VD,VD,2018,27245,Qualité,NOM,qualité,FR,lemmesAccessibilitéFR
w_FR_VD_2018_27283,FR_VD,VD,2018,27283,progressivement,ADV,progressivement,FR,lemmesAccessibilitéFR
w_FR_VD_2018_27285,FR_VD,VD,2018,27285,qualité,NOM,qualité,FR,lemmesAccessibilitéFR
w_FR_VD_2018_38118,FR_VD,VD,2018,38118,et,KON,et,FR,lemmesAccessibilitéFR
w_FR_VD_2018_38120,FR_VD,VD,2018,38120,qualité,NOM,qualité,FR,lemmesAccessibilitéFR
w_FR_VD_2018_38243,FR_VD,VD,2018,38243,de,PRP,de,FR,lemmesAccessibilitéFR
w_FR_VD_2018_38245,FR_VD,VD,2018,38245,qualité,NOM,qualité,FR,lemmesAccessibilitéFR
w_FR_VD_2018_38338,FR_VD,VD,2018,38338,avec,PRP,avec,FR,lemmesAccessibilitéFR
w_FR_VD_2018_38340,FR_VD,VD,2018,38340,qualité,NOM,qualité,FR,lemmesAccessibilitéFR
w_FR_VD_2018_192591,FR_VD,VD,2018,192591,autoroutière,ADJ,autoroutier,FR,lemmesAccessibilitéFR
w_FR_VD_2018_192593,FR_VD,VD,2018,192593,Qualité,NOM,qualité,FR,lemmesAccessibilitéFR
w_FR_BE_2006_17584,FR_BE,BE,2006,17584,à,PRP,à,FR,lemmesAccessibilitéFR
w_FR_BE_2006_17586,FR_BE,BE,2006,17586,qualité,NOM,qualité,FR,lemmesAccessibilitéFR
w_FR_BE_2006_18101,FR_BE,BE,2006,18101,vers,PRP,vers,FR,lemmesAccessibilitéFR
w_FR_BE_2006_18103,FR_BE,BE,2006,18103,qualité,NOM,qualité,FR,lemmesAccessibilitéFR
w_FR_BE_2006_18429,FR_BE,BE,2006,18429,critères,NOM,critère,FR,lemmesAccessibilitéFR
w_FR_BE_2006_18431,FR_BE,BE,2006,18431,qualité,NOM,qualité,FR,lemmesAccessibilitéFR
w_FR_BE_2006_19326,FR_BE,BE,2006,19326,et,KON,et,FR,lemmesAccessibilitéFR
w_FR_BE_2006_19328,FR_BE,BE,2006,19328,qualité,NOM,qualité,FR,lemmesAccessibilitéFR
w_FR_BE_2006_24153,FR_BE,BE,2006,24153,où,PRO:REL,où,FR,lemmesAccessibilitéFR
w_FR_BE_2006_24155,FR_BE,BE,2006,24155,qualité,NOM,qualité,FR,lemmesAccessibilitéFR
w_FR_BE_2006_46246,FR_BE,BE,2006,46246,Déterminer,VER:infi,déterminer,FR,lemmesAccessibilitéFR
w_FR_BE_2006_46248,FR_BE,BE,2006,46248,qualité,NOM,qualité,FR,lemmesAccessibilitéFR
w_FR_BE_2006_46867,FR_BE,BE,2006,46867,centres,NOM,centre,FR,lemmesAccessibilitéFR
w_FR_BE_2006_46869,FR_BE,BE,2006,46869,qualité,NOM,qualité,FR,lemmesAccessibilitéFR
w_FR_BE_2006_47303,FR_BE,BE,2006,47303,territoire,NOM,territoire,FR,lemmesAccessibilitéFR
w_FR_BE_2006_47305,FR_BE,BE,2006,47305,qualité,NOM,qualité,FR,lemmesAccessibilitéFR
w_FR_BE_2006_48913,FR_BE,BE,2006,48913,niveaux,NOM,niveau,FR,lemmesAccessibilitéFR
w_FR_BE_2006_48915,FR_BE,BE,2006,48915,qualité,NOM,qualité,FR,lemmesAccessibilitéFR
w_FR_BE_2006_52243,FR_BE,BE,2006,52243,centres,NOM,centre,FR,lemmesAccessibilitéFR
w_FR_BE_2006_52245,FR_BE,BE,2006,52245,qualité,NOM,qualité,FR,lemmesAccessibilitéFR
w_FR_BE_2006_52579,FR_BE,BE,2006,52579,territoire,NOM,territoire,FR,lemmesAccessibilitéFR
w_FR_BE_2006_52581,FR_BE,BE,2006,52581,qualité,NOM,qualité,FR,lemmesAccessibilitéFR
w_FR_BE_2006_53092,FR_BE,BE,2006,53092,niveaux,NOM,niveau,FR,lemmesAccessibilitéFR
w_FR_BE_2006_53094,FR_BE,BE,2006,53094,qualité,NOM,qualité,FR,lemmesAccessibilitéFR
w_FR_BE_2006_53193,FR_BE,BE,2006,53193,niveau,NOM,niveau,FR,lemmesAccessibilitéFR
w_FR_BE_2006_53195,FR_BE,BE,2006,53195,qualité,NOM,qualité,FR,lemmesAccessibilitéFR
w_FR_BE_2006_53210,FR_BE,BE,2006,53210,de,PRP,de,FR,lemmesAccessibilitéFR
w_FR_BE_2006_53212,FR_BE,BE,2006,53212,qualité,NOM,qualité,FR,lemmesAccessibilitéFR
w_FR_BE_2006_59058,FR_BE,BE,2006,59058,sensiblement,ADV,sensiblement,FR,lemmesAccessibilitéFR
w_FR_BE_2006_59060,FR_BE,BE,2006,59060,qualité,NOM,qualité,FR,lemmesAccessibilitéFR
w_FR_BE_2006_63075,FR_BE,BE,2006,63075,B_10,NAM,B_10,FR,lemmesAccessibilitéFR
w_FR_BE_2006_63077,FR_BE,BE,2006,63077,qualité,NOM,qualité,FR,lemmesAccessibilitéFR
w_FR_BE_2006_63794,FR_BE,BE,2006,63794,Déterminer,VER:infi,déterminer,FR,lemmesAccessibilitéFR
w_FR_BE_2006_63796,FR_BE,BE,2006,63796,qualité,NOM,qualité,FR,lemmesAccessibilitéFR
w_FR_BE_2006_63940,FR_BE,BE,2006,63940,niveaux,NOM,niveau,FR,lemmesAccessibilitéFR
w_FR_BE_2006_63942,FR_BE,BE,2006,63942,qualité,NOM,qualité,FR,lemmesAccessibilitéFR
w_FR_BE_2006_63995,FR_BE,BE,2006,63995,à,PRP,à,FR,lemmesAccessibilitéFR
w_FR_BE_2006_63997,FR_BE,BE,2006,63997,qualité,NOM,qualité,FR,lemmesAccessibilitéFR
w_FR_BE_2006_64029,FR_BE,BE,2006,64029,déterminent,VER:pres,déterminer,FR,lemmesAccessibilitéFR
w_FR_BE_2006_64031,FR_BE,BE,2006,64031,qualité,NOM,qualité,FR,lemmesAccessibilitéFR
w_FR_BE_2006_64080,FR_BE,BE,2006,64080,minimal,ADJ,minimal,FR,lemmesAccessibilitéFR
w_FR_BE_2006_64082,FR_BE,BE,2006,64082,qualité,NOM,qualité,FR,lemmesAccessibilitéFR
w_FR_BE_2006_64215,FR_BE,BE,2006,64215,verso,NOM,verso,FR,lemmesAccessibilitéFR
w_FR_BE_2006_64217,FR_BE,BE,2006,64217,qualité,NOM,qualité,FR,lemmesAccessibilitéFR
w_FR_BE_2006_64329,FR_BE,BE,2006,64329,niveau,NOM,niveau,FR,lemmesAccessibilitéFR
w_FR_BE_2006_64331,FR_BE,BE,2006,64331,qualité,NOM,qualité,FR,lemmesAccessibilitéFR
w_FR_BE_2006_64409,FR_BE,BE,2006,64409,niveau,NOM,niveau,FR,lemmesAccessibilitéFR
w_FR_BE_2006_64411,FR_BE,BE,2006,64411,qualité,NOM,qualité,FR,lemmesAccessibilitéFR
w_FR_BE_2006_97621,FR_BE,BE,2006,97621,Déterminer,VER:infi,déterminer,FR,lemmesAccessibilitéFR
w_FR_BE_2006_97623,FR_BE,BE,2006,97623,qualité,NOM,qualité,FR,lemmesAccessibilitéFR
w_FR_BE_2010_17776,FR_BE,BE,2010,17776,à,PRP,à,FR,lemmesAccessibilitéFR
w_FR_BE_2010_17778,FR_BE,BE,2010,17778,qualité,NOM,qualité,FR,lemmesAccessibilitéFR
w_FR_BE_2010_19641,FR_BE,BE,2010,19641,et,KON,et,FR,lemmesAccessibilitéFR
w_FR_BE_2010_19643,FR_BE,BE,2010,19643,qualité,NOM,qualité,FR,lemmesAccessibilitéFR
w_FR_BE_2010_21720,FR_BE,BE,2010,21720,que,KON,que,FR,lemmesAccessibilitéFR
w_FR_BE_2010_21722,FR_BE,BE,2010,21722,qualité,NOM,qualité,FR,lemmesAccessibilitéFR
w_FR_BE_2010_26953,FR_BE,BE,2010,26953,où,PRO:REL,où,FR,lemmesAccessibilitéFR
w_FR_BE_2010_26955,FR_BE,BE,2010,26955,qualité,NOM,qualité,FR,lemmesAccessibilitéFR
w_FR_BE_2010_49551,FR_BE,BE,2010,49551,Déterminer,VER:infi,déterminer,FR,lemmesAccessibilitéFR
w_FR_BE_2010_49553,FR_BE,BE,2010,49553,qualité,NOM,qualité,FR,lemmesAccessibilitéFR
w_FR_BE_2010_50293,FR_BE,BE,2010,50293,centres,NOM,centre,FR,lemmesAccessibilitéFR
w_FR_BE_2010_50295,FR_BE,BE,2010,50295,qualité,NOM,qualité,FR,lemmesAccessibilitéFR
w_FR_BE_2010_50708,FR_BE,BE,2010,50708,territoire,NOM,territoire,FR,lemmesAccessibilitéFR
w_FR_BE_2010_50710,FR_BE,BE,2010,50710,qualité,NOM,qualité,FR,lemmesAccessibilitéFR
w_FR_BE_2010_52279,FR_BE,BE,2010,52279,niveaux,NOM,niveau,FR,lemmesAccessibilitéFR
w_FR_BE_2010_52281,FR_BE,BE,2010,52281,qualité,NOM,qualité,FR,lemmesAccessibilitéFR
w_FR_BE_2010_55596,FR_BE,BE,2010,55596,centres,NOM,centre,FR,lemmesAccessibilitéFR
w_FR_BE_2010_55598,FR_BE,BE,2010,55598,qualité,NOM,qualité,FR,lemmesAccessibilitéFR
w_FR_BE_2010_55932,FR_BE,BE,2010,55932,territoire,NOM,territoire,FR,lemmesAccessibilitéFR
w_FR_BE_2010_55934,FR_BE,BE,2010,55934,qualité,NOM,qualité,FR,lemmesAccessibilitéFR
w_FR_BE_2010_56445,FR_BE,BE,2010,56445,niveaux,NOM,niveau,FR,lemmesAccessibilitéFR
w_FR_BE_2010_56447,FR_BE,BE,2010,56447,qualité,NOM,qualité,FR,lemmesAccessibilitéFR
w_FR_BE_2010_56546,FR_BE,BE,2010,56546,niveau,NOM,niveau,FR,lemmesAccessibilitéFR
w_FR_BE_2010_56548,FR_BE,BE,2010,56548,qualité,NOM,qualité,FR,lemmesAccessibilitéFR
w_FR_BE_2010_56563,FR_BE,BE,2010,56563,de,PRP,de,FR,lemmesAccessibilitéFR
w_FR_BE_2010_56565,FR_BE,BE,2010,56565,qualité,NOM,qualité,FR,lemmesAccessibilitéFR
w_FR_BE_2010_66487,FR_BE,BE,2010,66487,B_10,NAM,B_10,FR,lemmesAccessibilitéFR
w_FR_BE_2010_66489,FR_BE,BE,2010,66489,qualité,NOM,qualité,FR,lemmesAccessibilitéFR
w_FR_BE_2010_67232,FR_BE,BE,2010,67232,Déterminer,VER:infi,déterminer,FR,lemmesAccessibilitéFR
w_FR_BE_2010_67234,FR_BE,BE,2010,67234,qualité,NOM,qualité,FR,lemmesAccessibilitéFR
w_FR_BE_2010_67378,FR_BE,BE,2010,67378,niveaux,NOM,niveau,FR,lemmesAccessibilitéFR
w_FR_BE_2010_67380,FR_BE,BE,2010,67380,qualité,NOM,qualité,FR,lemmesAccessibilitéFR
w_FR_BE_2010_67433,FR_BE,BE,2010,67433,à,PRP,à,FR,lemmesAccessibilitéFR
w_FR_BE_2010_67435,FR_BE,BE,2010,67435,qualité,NOM,qualité,FR,lemmesAccessibilitéFR
w_FR_BE_2010_67467,FR_BE,BE,2010,67467,déterminent,VER:pres,déterminer,FR,lemmesAccessibilitéFR
w_FR_BE_2010_67469,FR_BE,BE,2010,67469,qualité,NOM,qualité,FR,lemmesAccessibilitéFR
w_FR_BE_2010_67518,FR_BE,BE,2010,67518,minimal,ADJ,minimal,FR,lemmesAccessibilitéFR
w_FR_BE_2010_67520,FR_BE,BE,2010,67520,qualité,NOM,qualité,FR,lemmesAccessibilitéFR
w_FR_BE_2010_67653,FR_BE,BE,2010,67653,verso,NOM,verso,FR,lemmesAccessibilitéFR
w_FR_BE_2010_67655,FR_BE,BE,2010,67655,qualité,NOM,qualité,FR,lemmesAccessibilitéFR
w_FR_BE_2010_67767,FR_BE,BE,2010,67767,niveau,NOM,niveau,FR,lemmesAccessibilitéFR
w_FR_BE_2010_67769,FR_BE,BE,2010,67769,qualité,NOM,qualité,FR,lemmesAccessibilitéFR
w_FR_BE_2010_67847,FR_BE,BE,2010,67847,niveau,NOM,niveau,FR,lemmesAccessibilitéFR
w_FR_BE_2010_67849,FR_BE,BE,2010,67849,qualité,NOM,qualité,FR,lemmesAccessibilitéFR
w_FR_BE_2010_114063,FR_BE,BE,2010,114063,Déterminer,VER:infi,déterminer,FR,lemmesAccessibilitéFR
w_FR_BE_2010_114065,FR_BE,BE,2010,114065,qualité,NOM,qualité,FR,lemmesAccessibilitéFR
w_FR_VD_2016_27944,FR_VD,VD,2016,27944,de,PRP,de,FR,lemmesAccessibilitéFR
w_FR_VD_2016_27946,FR_VD,VD,2016,27946,Qualité,NOM,qualité,FR,lemmesAccessibilitéFR
w_FR_VD_2016_27984,FR_VD,VD,2016,27984,progressivement,ADV,progressivement,FR,lemmesAccessibilitéFR
w_FR_VD_2016_27986,FR_VD,VD,2016,27986,qualité,NOM,qualité,FR,lemmesAccessibilitéFR
w_FR_VD_2016_32281,FR_VD,VD,2016,32281,progressivement,ADV,progressivement,FR,lemmesAccessibilitéFR
w_FR_VD_2016_32283,FR_VD,VD,2016,32283,qualité,NOM,qualité,FR,lemmesAccessibilitéFR
w_FR_VD_2016_36772,FR_VD,VD,2016,36772,et,KON,et,FR,lemmesAccessibilitéFR
w_FR_VD_2016_36774,FR_VD,VD,2016,36774,qualité,NOM,qualité,FR,lemmesAccessibilitéFR
w_FR_VD_2016_36895,FR_VD,VD,2016,36895,de,PRP,de,FR,lemmesAccessibilitéFR
w_FR_VD_2016_36897,FR_VD,VD,2016,36897,qualité,NOM,qualité,FR,lemmesAccessibilitéFR
w_FR_VD_2016_36990,FR_VD,VD,2016,36990,avec,PRP,avec,FR,lemmesAccessibilitéFR
w_FR_VD_2016_36992,FR_VD,VD,2016,36992,qualité,NOM,qualité,FR,lemmesAccessibilitéFR
w_FR_VD_2016_188399,FR_VD,VD,2016,188399,autoroutière,ADJ,autoroutier,FR,lemmesAccessibilitéFR
w_FR_VD_2016_188401,FR_VD,VD,2016,188401,Qualité,NOM,qualité,FR,lemmesAccessibilitéFR
w_FR_BE_2024_8593,FR_BE,BE,2024,8593,de,PRP,de,FR,lemmesAccessibilitéFR
w_FR_BE_2024_8595,FR_BE,BE,2024,8595,qualité,NOM,qualité,FR,lemmesAccessibilitéFR
w_FR_BE_2024_16844,FR_BE,BE,2024,16844,ciblée,VER:pper,cibler,FR,lemmesAccessibilitéFR
w_FR_BE_2024_16846,FR_BE,BE,2024,16846,qualité,NOM,qualité,FR,lemmesAccessibilitéFR
w_FR_BE_2024_16945,FR_BE,BE,2024,16945,conséquent,ADJ,conséquent,FR,lemmesAccessibilitéFR
w_FR_BE_2024_16947,FR_BE,BE,2024,16947,qualité,NOM,qualité,FR,lemmesAccessibilitéFR
w_FR_BE_2024_17066,FR_BE,BE,2024,17066,Garantir,VER:infi,garantir,FR,lemmesAccessibilitéFR
w_FR_BE_2024_17068,FR_BE,BE,2024,17068,qualité,NOM,qualité,FR,lemmesAccessibilitéFR
w_FR_BE_2024_17090,FR_BE,BE,2024,17090,.,SENT,.,FR,lemmesAccessibilitéFR
w_FR_BE_2024_17092,FR_BE,BE,2024,17092,qualité,NOM,qualité,FR,lemmesAccessibilitéFR
w_FR_BE_2024_17112,FR_BE,BE,2024,17112,niveaux,NOM,niveau,FR,lemmesAccessibilitéFR
w_FR_BE_2024_17114,FR_BE,BE,2024,17114,qualité,NOM,qualité,FR,lemmesAccessibilitéFR
w_FR_BE_2024_17132,FR_BE,BE,2024,17132,Déterminer,VER:infi,déterminer,FR,lemmesAccessibilitéFR
w_FR_BE_2024_17134,FR_BE,BE,2024,17134,qualité,NOM,qualité,FR,lemmesAccessibilitéFR
w_FR_BE_2024_17221,FR_BE,BE,2024,17221,",",PUN,",",FR,lemmesAccessibilitéFR
w_FR_BE_2024_17223,FR_BE,BE,2024,17223,qualité,NOM,qualité,FR,lemmesAccessibilitéFR
w_FR_BE_2024_18504,FR_BE,BE,2024,18504,et,KON,et,FR,lemmesAccessibilitéFR
w_FR_BE_2024_18506,FR_BE,BE,2024,18506,qualité,NOM,qualité,FR,lemmesAccessibilitéFR
w_FR_BE_2024_34288,FR_BE,BE,2024,34288,centres,NOM,centre,FR,lemmesAccessibilitéFR
w_FR_BE_2024_34290,FR_BE,BE,2024,34290,qualité,NOM,qualité,FR,lemmesAccessibilitéFR
w_FR_BE_2024_34685,FR_BE,BE,2024,34685,territoire,NOM,territoire,FR,lemmesAccessibilitéFR
w_FR_BE_2024_34687,FR_BE,BE,2024,34687,qualité,NOM,qualité,FR,lemmesAccessibilitéFR
w_FR_BE_2024_36482,FR_BE,BE,2024,36482,niveau,NOM,niveau,FR,lemmesAccessibilitéFR
w_FR_BE_2024_36484,FR_BE,BE,2024,36484,qualité,NOM,qualité,FR,lemmesAccessibilitéFR
w_FR_BE_2024_40099,FR_BE,BE,2024,40099,centres,NOM,centre,FR,lemmesAccessibilitéFR
w_FR_BE_2024_40101,FR_BE,BE,2024,40101,qualité,NOM,qualité,FR,lemmesAccessibilitéFR
w_FR_BE_2024_40693,FR_BE,BE,2024,40693,territoire,NOM,territoire,FR,lemmesAccessibilitéFR
w_FR_BE_2024_40695,FR_BE,BE,2024,40695,qualité,NOM,qualité,FR,lemmesAccessibilitéFR
w_FR_BE_2024_41147,FR_BE,BE,2024,41147,niveau,NOM,niveau,FR,lemmesAccessibilitéFR
w_FR_BE_2024_41149,FR_BE,BE,2024,41149,qualité,NOM,qualité,FR,lemmesAccessibilitéFR
w_FR_BE_2024_41164,FR_BE,BE,2024,41164,de,PRP,de,FR,lemmesAccessibilitéFR
w_FR_BE_2024_41166,FR_BE,BE,2024,41166,qualité,NOM,qualité,FR,lemmesAccessibilitéFR
w_FR_BE_2024_60490,FR_BE,BE,2024,60490,niveau,NOM,niveau,FR,lemmesAccessibilitéFR
w_FR_BE_2024_60492,FR_BE,BE,2024,60492,qualité,NOM,qualité,FR,lemmesAccessibilitéFR
w_FR_BE_2024_60507,FR_BE,BE,2024,60507,de,PRP,de,FR,lemmesAccessibilitéFR
w_FR_BE_2024_60509,FR_BE,BE,2024,60509,qualité,NOM,qualité,FR,lemmesAccessibilitéFR
w_FR_VD_2013_27259,FR_VD,VD,2013,27259,progressivement,ADV,progressivement,FR,lemmesAccessibilitéFR
w_FR_VD_2013_27261,FR_VD,VD,2013,27261,qualité,NOM,qualité,FR,lemmesAccessibilitéFR
w_FR_VD_2013_35572,FR_VD,VD,2013,35572,et,KON,et,FR,lemmesAccessibilitéFR
w_FR_VD_2013_35574,FR_VD,VD,2013,35574,qualité,NOM,qualité,FR,lemmesAccessibilitéFR
w_FR_VD_2013_35697,FR_VD,VD,2013,35697,de,PRP,de,FR,lemmesAccessibilitéFR
w_FR_VD_2013_35699,FR_VD,VD,2013,35699,qualité,NOM,qualité,FR,lemmesAccessibilitéFR
w_FR_VD_2013_35792,FR_VD,VD,2013,35792,avec,PRP,avec,FR,lemmesAccessibilitéFR
w_FR_VD_2013_35794,FR_VD,VD,2013,35794,qualité,NOM,qualité,FR,lemmesAccessibilitéFR
w_FR_VD_2013_172444,FR_VD,VD,2013,172444,autoroutière,ADJ,autoroutier,FR,lemmesAccessibilitéFR
w_FR_VD_2013_172446,FR_VD,VD,2013,172446,Qualité,NOM,qualité,FR,lemmesAccessibilitéFR
w_FR_VD_2012_10058,FR_VD,VD,2012,10058,coûts,NOM,coût,FR,lemmesAccessibilitéFR
w_FR_VD_2012_11453,FR_VD,VD,2012,11453,Coûts,NOM,coût,FR,lemmesAccessibilitéFR
w_FR_VD_2012_14683,FR_VD,VD,2012,14683,coûts,NOM,coût,FR,lemmesAccessibilitéFR
w_FR_VD_2012_19790,FR_VD,VD,2012,19790,coûts,NOM,coût,FR,lemmesAccessibilitéFR
w_FR_VD_2012_19795,FR_VD,VD,2012,19795,coûts,NOM,coût,FR,lemmesAccessibilitéFR
w_FR_VD_2012_21395,FR_VD,VD,2012,21395,Coûts,NOM,coût,FR,lemmesAccessibilitéFR
w_FR_VD_2012_21733,FR_VD,VD,2012,21733,coûts,NOM,coût,FR,lemmesAccessibilitéFR
w_FR_VD_2012_22674,FR_VD,VD,2012,22674,Coûts,NOM,coût,FR,lemmesAccessibilitéFR
w_FR_VD_2012_22687,FR_VD,VD,2012,22687,coûts,NOM,coût,FR,lemmesAccessibilitéFR
w_FR_VD_2012_22701,FR_VD,VD,2012,22701,coûts,NOM,coût,FR,lemmesAccessibilitéFR
w_FR_VD_2012_24282,FR_VD,VD,2012,24282,Coûts,NOM,coût,FR,lemmesAccessibilitéFR
w_FR_VD_2012_24570,FR_VD,VD,2012,24570,coûts,NOM,coût,FR,lemmesAccessibilitéFR
w_FR_VD_2012_24576,FR_VD,VD,2012,24576,coûts,NOM,coût,FR,lemmesAccessibilitéFR
w_FR_VD_2012_25109,FR_VD,VD,2012,25109,Coûts,NOM,coût,FR,lemmesAccessibilitéFR
w_FR_VD_2012_26011,FR_VD,VD,2012,26011,coût,NOM,coût,FR,lemmesAccessibilitéFR
w_FR_VD_2012_29128,FR_VD,VD,2012,29128,coûts,NOM,coût,FR,lemmesAccessibilitéFR
w_FR_VD_2012_29190,FR_VD,VD,2012,29190,coûts,NOM,coût,FR,lemmesAccessibilitéFR
w_FR_VD_2012_29263,FR_VD,VD,2012,29263,coûts,NOM,coût,FR,lemmesAccessibilitéFR
w_FR_VD_2012_29451,FR_VD,VD,2012,29451,coûts,NOM,coût,FR,lemmesAccessibilitéFR
w_FR_VD_2012_29551,FR_VD,VD,2012,29551,coûts,NOM,coût,FR,lemmesAccessibilitéFR
w_FR_VD_2012_29684,FR_VD,VD,2012,29684,Coûts,NOM,coût,FR,lemmesAccessibilitéFR
w_FR_VD_2012_29723,FR_VD,VD,2012,29723,Coûts,NOM,coût,FR,lemmesAccessibilitéFR
w_FR_VD_2012_33468,FR_VD,VD,2012,33468,Coûts,NOM,coût,FR,lemmesAccessibilitéFR
w_FR_VD_2012_33772,FR_VD,VD,2012,33772,coût,NOM,coût,FR,lemmesAccessibilitéFR
w_FR_VD_2012_35091,FR_VD,VD,2012,35091,Coûts,NOM,coût,FR,lemmesAccessibilitéFR
w_FR_VD_2012_35952,FR_VD,VD,2012,35952,Coûts,NOM,coût,FR,lemmesAccessibilitéFR
w_FR_VD_2012_37932,FR_VD,VD,2012,37932,Coûts,NOM,coût,FR,lemmesAccessibilitéFR
w_FR_VD_2012_38698,FR_VD,VD,2012,38698,coût,NOM,coût,FR,lemmesAccessibilitéFR
w_FR_VD_2012_39207,FR_VD,VD,2012,39207,Coûts,NOM,coût,FR,lemmesAccessibilitéFR
w_FR_VD_2012_40873,FR_VD,VD,2012,40873,Coûts,NOM,coût,FR,lemmesAccessibilitéFR
w_FR_VD_2012_41596,FR_VD,VD,2012,41596,coût,NOM,coût,FR,lemmesAccessibilitéFR
w_FR_VD_2012_42484,FR_VD,VD,2012,42484,Coûts,NOM,coût,FR,lemmesAccessibilitéFR
w_FR_VD_2012_43701,FR_VD,VD,2012,43701,Coûts,NOM,coût,FR,lemmesAccessibilitéFR
w_FR_VD_2012_48287,FR_VD,VD,2012,48287,Coûts,NOM,coût,FR,lemmesAccessibilitéFR
w_FR_VD_2012_48292,FR_VD,VD,2012,48292,Coûts,NOM,coût,FR,lemmesAccessibilitéFR
w_FR_VD_2012_49473,FR_VD,VD,2012,49473,Coûts,NOM,coût,FR,lemmesAccessibilitéFR
w_FR_VD_2012_50884,FR_VD,VD,2012,50884,coûts,NOM,coût,FR,lemmesAccessibilitéFR
w_FR_VD_2012_51934,FR_VD,VD,2012,51934,Coûts,NOM,coût,FR,lemmesAccessibilitéFR
w_FR_VD_2012_52336,FR_VD,VD,2012,52336,coûts,NOM,coût,FR,lemmesAccessibilitéFR
w_FR_VD_2012_53111,FR_VD,VD,2012,53111,Coûts,NOM,coût,FR,lemmesAccessibilitéFR
w_FR_VD_2012_54181,FR_VD,VD,2012,54181,Coûts,NOM,coût,FR,lemmesAccessibilitéFR
w_FR_VD_2012_56044,FR_VD,VD,2012,56044,Coûts,NOM,coût,FR,lemmesAccessibilitéFR
w_FR_VD_2012_56356,FR_VD,VD,2012,56356,coût,NOM,coût,FR,lemmesAccessibilitéFR
w_FR_VD_2012_57029,FR_VD,VD,2012,57029,Coûts,NOM,coût,FR,lemmesAccessibilitéFR
w_FR_VD_2012_57657,FR_VD,VD,2012,57657,coûts,NOM,coût,FR,lemmesAccessibilitéFR
w_FR_VD_2012_57670,FR_VD,VD,2012,57670,coûts,NOM,coût,FR,lemmesAccessibilitéFR
w_FR_VD_2012_57793,FR_VD,VD,2012,57793,coûts,NOM,coût,FR,lemmesAccessibilitéFR
w_FR_VD_2012_58785,FR_VD,VD,2012,58785,Coûts,NOM,coût,FR,lemmesAccessibilitéFR
w_FR_VD_2012_59784,FR_VD,VD,2012,59784,coût,NOM,coût,FR,lemmesAccessibilitéFR
w_FR_VD_2012_59964,FR_VD,VD,2012,59964,coûts,NOM,coût,FR,lemmesAccessibilitéFR
w_FR_VD_2012_60980,FR_VD,VD,2012,60980,coûts,NOM,coût,FR,lemmesAccessibilitéFR
w_FR_VD_2012_61002,FR_VD,VD,2012,61002,Coûts,NOM,coût,FR,lemmesAccessibilitéFR
w_FR_VD_2012_62392,FR_VD,VD,2012,62392,Coûts,NOM,coût,FR,lemmesAccessibilitéFR
w_FR_VD_2012_63540,FR_VD,VD,2012,63540,coûts,NOM,coût,FR,lemmesAccessibilitéFR
w_FR_VD_2012_63628,FR_VD,VD,2012,63628,Coûts,NOM,coût,FR,lemmesAccessibilitéFR
w_FR_VD_2012_70194,FR_VD,VD,2012,70194,Coûts,NOM,coût,FR,lemmesAccessibilitéFR
w_FR_VD_2012_73014,FR_VD,VD,2012,73014,Coûts,NOM,coût,FR,lemmesAccessibilitéFR
w_FR_VD_2012_74814,FR_VD,VD,2012,74814,coût,NOM,coût,FR,lemmesAccessibilitéFR
w_FR_VD_2012_76171,FR_VD,VD,2012,76171,Coûts,NOM,coût,FR,lemmesAccessibilitéFR
w_FR_VD_2012_77637,FR_VD,VD,2012,77637,coût,NOM,coût,FR,lemmesAccessibilitéFR
w_FR_VD_2012_78483,FR_VD,VD,2012,78483,Coûts,NOM,coût,FR,lemmesAccessibilitéFR
w_FR_VD_2012_79816,FR_VD,VD,2012,79816,coût,NOM,coût,FR,lemmesAccessibilitéFR
w_FR_VD_2012_80708,FR_VD,VD,2012,80708,Coûts,NOM,coût,FR,lemmesAccessibilitéFR
w_FR_VD_2012_82865,FR_VD,VD,2012,82865,Coûts,NOM,coût,FR,lemmesAccessibilitéFR
w_FR_VD_2012_85852,FR_VD,VD,2012,85852,Coûts,NOM,coût,FR,lemmesAccessibilitéFR
w_FR_VD_2012_87068,FR_VD,VD,2012,87068,Coûts,NOM,coût,FR,lemmesAccessibilitéFR
w_FR_VD_2012_88286,FR_VD,VD,2012,88286,Coûts,NOM,coût,FR,lemmesAccessibilitéFR
w_FR_VD_2012_90913,FR_VD,VD,2012,90913,Coûts,NOM,coût,FR,lemmesAccessibilitéFR
w_FR_VD_2012_91922,FR_VD,VD,2012,91922,coûts,NOM,coût,FR,lemmesAccessibilitéFR
w_FR_VD_2012_92119,FR_VD,VD,2012,92119,coût,NOM,coût,FR,lemmesAccessibilitéFR
w_FR_VD_2012_92906,FR_VD,VD,2012,92906,coût,NOM,coût,FR,lemmesAccessibilitéFR
w_FR_VD_2012_93209,FR_VD,VD,2012,93209,coûts,NOM,coût,FR,lemmesAccessibilitéFR
w_FR_VD_2012_93315,FR_VD,VD,2012,93315,coûts,NOM,coût,FR,lemmesAccessibilitéFR
w_FR_VD_2012_95528,FR_VD,VD,2012,95528,coût,NOM,coût,FR,lemmesAccessibilitéFR
w_FR_VD_2012_96278,FR_VD,VD,2012,96278,coût,NOM,coût,FR,lemmesAccessibilitéFR
w_FR_VD_2012_96961,FR_VD,VD,2012,96961,Coûts,NOM,coût,FR,lemmesAccessibilitéFR
w_FR_VD_2012_100379,FR_VD,VD,2012,100379,Coûts,NOM,coût,FR,lemmesAccessibilitéFR
w_FR_VD_2012_100679,FR_VD,VD,2012,100679,coûts,NOM,coût,FR,lemmesAccessibilitéFR
w_FR_VD_2012_102609,FR_VD,VD,2012,102609,Coûts,NOM,coût,FR,lemmesAccessibilitéFR
w_FR_VD_2012_102645,FR_VD,VD,2012,102645,Coûts,NOM,coût,FR,lemmesAccessibilitéFR
w_FR_VD_2012_105179,FR_VD,VD,2012,105179,Coûts,NOM,coût,FR,lemmesAccessibilitéFR
w_FR_VD_2012_107608,FR_VD,VD,2012,107608,Coûts,NOM,coût,FR,lemmesAccessibilitéFR
w_FR_VD_2012_109078,FR_VD,VD,2012,109078,coût,NOM,coût,FR,lemmesAccessibilitéFR
w_FR_VD_2012_110755,FR_VD,VD,2012,110755,Coûts,NOM,coût,FR,lemmesAccessibilitéFR
w_FR_VD_2012_113168,FR_VD,VD,2012,113168,Coûts,NOM,coût,FR,lemmesAccessibilitéFR
w_FR_VD_2012_115788,FR_VD,VD,2012,115788,coût,NOM,coût,FR,lemmesAccessibilitéFR
w_FR_VD_2012_116335,FR_VD,VD,2012,116335,coûts,NOM,coût,FR,lemmesAccessibilitéFR
w_FR_VD_2012_117221,FR_VD,VD,2012,117221,Coûts,NOM,coût,FR,lemmesAccessibilitéFR
w_FR_VD_2012_119956,FR_VD,VD,2012,119956,Coûts,NOM,coût,FR,lemmesAccessibilitéFR
w_FR_VD_2012_124048,FR_VD,VD,2012,124048,Coûts,NOM,coût,FR,lemmesAccessibilitéFR
w_FR_VD_2012_126573,FR_VD,VD,2012,126573,Coûts,NOM,coût,FR,lemmesAccessibilitéFR
w_FR_VD_2012_127484,FR_VD,VD,2012,127484,Coûts,NOM,coût,FR,lemmesAccessibilitéFR
w_FR_VD_2012_127490,FR_VD,VD,2012,127490,Coûts,NOM,coût,FR,lemmesAccessibilitéFR
w_FR_VD_2012_127728,FR_VD,VD,2012,127728,coûts,NOM,coût,FR,lemmesAccessibilitéFR
w_FR_VD_2012_128883,FR_VD,VD,2012,128883,coûts,NOM,coût,FR,lemmesAccessibilitéFR
w_FR_VD_2012_129443,FR_VD,VD,2012,129443,coût,NOM,coût,FR,lemmesAccessibilitéFR
w_FR_VD_2012_130320,FR_VD,VD,2012,130320,coût,NOM,coût,FR,lemmesAccessibilitéFR
w_FR_VD_2012_131257,FR_VD,VD,2012,131257,Coûts,NOM,coût,FR,lemmesAccessibilitéFR
w_FR_VD_2012_132822,FR_VD,VD,2012,132822,Coûts,NOM,coût,FR,lemmesAccessibilitéFR
w_FR_VD_2012_134634,FR_VD,VD,2012,134634,Coûts,NOM,coût,FR,lemmesAccessibilitéFR
w_FR_VD_2012_136269,FR_VD,VD,2012,136269,Coûts,NOM,coût,FR,lemmesAccessibilitéFR
w_FR_VD_2012_138347,FR_VD,VD,2012,138347,Coûts,NOM,coût,FR,lemmesAccessibilitéFR
w_FR_VD_2012_139200,FR_VD,VD,2012,139200,coût,NOM,coût,FR,lemmesAccessibilitéFR
w_FR_VD_2012_140302,FR_VD,VD,2012,140302,Coûts,NOM,coût,FR,lemmesAccessibilitéFR
w_FR_VD_2012_144143,FR_VD,VD,2012,144143,Coûts,NOM,coût,FR,lemmesAccessibilitéFR
w_FR_VD_2012_144834,FR_VD,VD,2012,144834,coût,NOM,coût,FR,lemmesAccessibilitéFR
w_FR_VD_2012_144844,FR_VD,VD,2012,144844,coûts,NOM,coût,FR,lemmesAccessibilitéFR
w_FR_VD_2012_144850,FR_VD,VD,2012,144850,coût,NOM,coût,FR,lemmesAccessibilitéFR
w_FR_VD_2012_145371,FR_VD,VD,2012,145371,coût,NOM,coût,FR,lemmesAccessibilitéFR
w_FR_VD_2012_145459,FR_VD,VD,2012,145459,coût,NOM,coût,FR,lemmesAccessibilitéFR
w_FR_VD_2012_145498,FR_VD,VD,2012,145498,coût,NOM,coût,FR,lemmesAccessibilitéFR
w_FR_VD_2012_145534,FR_VD,VD,2012,145534,Coûts,NOM,coût,FR,lemmesAccessibilitéFR
w_FR_VD_2012_146242,FR_VD,VD,2012,146242,coûts,NOM,coût,FR,lemmesAccessibilitéFR
w_FR_VD_2012_166840,FR_VD,VD,2012,166840,coût,NOM,coût,FR,lemmesAccessibilitéFR
w_FR_VD_2012_166844,FR_VD,VD,2012,166844,coût,NOM,coût,FR,lemmesAccessibilitéFR
w_FR_VD_2012_166855,FR_VD,VD,2012,166855,coût,NOM,coût,FR,lemmesAccessibilitéFR
w_FR_VD_2012_166874,FR_VD,VD,2012,166874,coût,NOM,coût,FR,lemmesAccessibilitéFR
w_FR_VD_2012_166891,FR_VD,VD,2012,166891,coût,NOM,coût,FR,lemmesAccessibilitéFR
w_FR_VD_2012_170021,FR_VD,VD,2012,170021,coûts,NOM,coût,FR,lemmesAccessibilitéFR
w_FR_BE_2013_2847,FR_BE,BE,2013,2847,coûts,NOM,coût,FR,lemmesAccessibilitéFR
w_FR_BE_2013_12287,FR_BE,BE,2013,12287,coûts,NOM,coût,FR,lemmesAccessibilitéFR
w_FR_BE_2013_12343,FR_BE,BE,2013,12343,coût,NOM,coût,FR,lemmesAccessibilitéFR
w_FR_BE_2013_12463,FR_BE,BE,2013,12463,coûts,NOM,coût,FR,lemmesAccessibilitéFR
w_FR_BE_2013_12551,FR_BE,BE,2013,12551,coûts,NOM,coût,FR,lemmesAccessibilitéFR
w_FR_BE_2013_12565,FR_BE,BE,2013,12565,coût,NOM,coût,FR,lemmesAccessibilitéFR
w_FR_BE_2013_12616,FR_BE,BE,2013,12616,coûts,NOM,coût,FR,lemmesAccessibilitéFR
w_FR_BE_2013_12621,FR_BE,BE,2013,12621,coûts,NOM,coût,FR,lemmesAccessibilitéFR
w_FR_BE_2013_18098,FR_BE,BE,2013,18098,coût,NOM,coût,FR,lemmesAccessibilitéFR
w_FR_BE_2013_18570,FR_BE,BE,2013,18570,coûts,NOM,coût,FR,lemmesAccessibilitéFR
w_FR_BE_2013_20230,FR_BE,BE,2013,20230,coûts,NOM,coût,FR,lemmesAccessibilitéFR
w_FR_BE_2013_22349,FR_BE,BE,2013,22349,coûts,NOM,coût,FR,lemmesAccessibilitéFR
w_FR_BE_2013_23187,FR_BE,BE,2013,23187,coût,NOM,coût,FR,lemmesAccessibilitéFR
w_FR_BE_2013_23221,FR_BE,BE,2013,23221,coût,NOM,coût,FR,lemmesAccessibilitéFR
w_FR_BE_2013_25541,FR_BE,BE,2013,25541,coûts,NOM,coût,FR,lemmesAccessibilitéFR
w_FR_BE_2013_26994,FR_BE,BE,2013,26994,coûts,NOM,coût,FR,lemmesAccessibilitéFR
w_FR_BE_2013_30081,FR_BE,BE,2013,30081,coûts,NOM,coût,FR,lemmesAccessibilitéFR
w_FR_BE_2013_31652,FR_BE,BE,2013,31652,coûts,NOM,coût,FR,lemmesAccessibilitéFR
w_FR_BE_2013_32211,FR_BE,BE,2013,32211,coûts,NOM,coût,FR,lemmesAccessibilitéFR
w_FR_BE_2013_32429,FR_BE,BE,2013,32429,coûts,NOM,coût,FR,lemmesAccessibilitéFR
w_FR_BE_2013_32431,FR_BE,BE,2013,32431,coûts,NOM,coût,FR,lemmesAccessibilitéFR
w_FR_BE_2013_32461,FR_BE,BE,2013,32461,coûts,NOM,coût,FR,lemmesAccessibilitéFR
w_FR_BE_2013_32495,FR_BE,BE,2013,32495,coûts,NOM,coût,FR,lemmesAccessibilitéFR
w_FR_BE_2013_32934,FR_BE,BE,2013,32934,coûts,NOM,coût,FR,lemmesAccessibilitéFR
w_FR_BE_2013_33180,FR_BE,BE,2013,33180,coûts,NOM,coût,FR,lemmesAccessibilitéFR
w_FR_BE_2013_33586,FR_BE,BE,2013,33586,coûts,NOM,coût,FR,lemmesAccessibilitéFR
w_FR_BE_2013_35689,FR_BE,BE,2013,35689,coûts,NOM,coût,FR,lemmesAccessibilitéFR
w_FR_BE_2013_37240,FR_BE,BE,2013,37240,coûts,NOM,coût,FR,lemmesAccessibilitéFR
w_FR_BE_2013_37323,FR_BE,BE,2013,37323,coût,NOM,coût,FR,lemmesAccessibilitéFR
w_FR_BE_2013_48934,FR_BE,BE,2013,48934,Coûts,NOM,coût,FR,lemmesAccessibilitéFR
w_FR_BE_2013_48938,FR_BE,BE,2013,48938,coûts,NOM,coût,FR,lemmesAccessibilitéFR
w_FR_BE_2013_48960,FR_BE,BE,2013,48960,coûts,NOM,coût,FR,lemmesAccessibilitéFR
w_FR_BE_2013_48971,FR_BE,BE,2013,48971,coût,NOM,coût,FR,lemmesAccessibilitéFR
w_FR_BE_2013_49022,FR_BE,BE,2013,49022,coûts,NOM,coût,FR,lemmesAccessibilitéFR
w_FR_BE_2013_56201,FR_BE,BE,2013,56201,coût,NOM,coût,FR,lemmesAccessibilitéFR
w_FR_BE_2013_59650,FR_BE,BE,2013,59650,Coûts,NOM,coût,FR,lemmesAccessibilitéFR
w_FR_BE_2013_62317,FR_BE,BE,2013,62317,coûts,NOM,coût,FR,lemmesAccessibilitéFR
w_FR_BE_2013_63887,FR_BE,BE,2013,63887,Coûts,NOM,coût,FR,lemmesAccessibilitéFR
w_FR_BE_2013_64231,FR_BE,BE,2013,64231,Coûts,NOM,coût,FR,lemmesAccessibilitéFR
w_FR_BE_2013_64326,FR_BE,BE,2013,64326,coûts,NOM,coût,FR,lemmesAccessibilitéFR
w_FR_BE_2013_64349,FR_BE,BE,2013,64349,coûts,NOM,coût,FR,lemmesAccessibilitéFR
w_FR_BE_2013_64431,FR_BE,BE,2013,64431,coûts,NOM,coût,FR,lemmesAccessibilitéFR
w_FR_BE_2013_64566,FR_BE,BE,2013,64566,coût,NOM,coût,FR,lemmesAccessibilitéFR
w_FR_BE_2013_65883,FR_BE,BE,2013,65883,Coûts,NOM,coût,FR,lemmesAccessibilitéFR
w_FR_BE_2013_65972,FR_BE,BE,2013,65972,Coûts,NOM,coût,FR,lemmesAccessibilitéFR
w_FR_BE_2013_66891,FR_BE,BE,2013,66891,coûts,NOM,coût,FR,lemmesAccessibilitéFR
w_FR_BE_2013_68685,FR_BE,BE,2013,68685,coûts,NOM,coût,FR,lemmesAccessibilitéFR
w_FR_BE_2013_68698,FR_BE,BE,2013,68698,coûts,NOM,coût,FR,lemmesAccessibilitéFR
w_FR_BE_2013_68716,FR_BE,BE,2013,68716,coûts,NOM,coût,FR,lemmesAccessibilitéFR
w_FR_BE_2013_72213,FR_BE,BE,2013,72213,Coûts,NOM,coût,FR,lemmesAccessibilitéFR
w_FR_BE_2013_72292,FR_BE,BE,2013,72292,coûts,NOM,coût,FR,lemmesAccessibilitéFR
w_FR_BE_2013_73017,FR_BE,BE,2013,73017,Coûts,NOM,coût,FR,lemmesAccessibilitéFR
w_FR_BE_2013_73121,FR_BE,BE,2013,73121,coûts,NOM,coût,FR,lemmesAccessibilitéFR
w_FR_BE_2013_73141,FR_BE,BE,2013,73141,Coûts,NOM,coût,FR,lemmesAccessibilitéFR
w_FR_BE_2013_73957,FR_BE,BE,2013,73957,Coûts,NOM,coût,FR,lemmesAccessibilitéFR
w_FR_BE_2013_74128,FR_BE,BE,2013,74128,coûts,NOM,coût,FR,lemmesAccessibilitéFR
w_FR_BE_2013_74150,FR_BE,BE,2013,74150,coûts,NOM,coût,FR,lemmesAccessibilitéFR
w_FR_BE_2013_75304,FR_BE,BE,2013,75304,Coûts,NOM,coût,FR,lemmesAccessibilitéFR
w_FR_BE_2013_75741,FR_BE,BE,2013,75741,Coûts,NOM,coût,FR,lemmesAccessibilitéFR
w_FR_BE_2013_75828,FR_BE,BE,2013,75828,coûts,NOM,coût,FR,lemmesAccessibilitéFR
w_FR_BE_2013_76286,FR_BE,BE,2013,76286,Coûts,NOM,coût,FR,lemmesAccessibilitéFR
w_FR_BE_2013_76374,FR_BE,BE,2013,76374,Coûts,NOM,coût,FR,lemmesAccessibilitéFR
w_FR_BE_2013_77270,FR_BE,BE,2013,77270,coût,NOM,coût,FR,lemmesAccessibilitéFR
w_FR_BE_2013_80196,FR_BE,BE,2013,80196,Coûts,NOM,coût,FR,lemmesAccessibilitéFR
w_FR_BE_2013_82282,FR_BE,BE,2013,82282,Coûts,NOM,coût,FR,lemmesAccessibilitéFR
w_FR_BE_2013_83486,FR_BE,BE,2013,83486,Coûts,NOM,coût,FR,lemmesAccessibilitéFR
w_FR_BE_2013_83935,FR_BE,BE,2013,83935,Coûts,NOM,coût,FR,lemmesAccessibilitéFR
w_FR_BE_2013_84092,FR_BE,BE,2013,84092,coûts,NOM,coût,FR,lemmesAccessibilitéFR
w_FR_BE_2013_86114,FR_BE,BE,2013,86114,Coûts,NOM,coût,FR,lemmesAccessibilitéFR
w_FR_BE_2013_87303,FR_BE,BE,2013,87303,coûts,NOM,coût,FR,lemmesAccessibilitéFR
w_FR_BE_2013_87783,FR_BE,BE,2013,87783,Coûts,NOM,coût,FR,lemmesAccessibilitéFR
w_FR_BE_2013_88376,FR_BE,BE,2013,88376,Coûts,NOM,coût,FR,lemmesAccessibilitéFR
w_FR_BE_2013_90734,FR_BE,BE,2013,90734,Coûts,NOM,coût,FR,lemmesAccessibilitéFR
w_FR_BE_2013_90811,FR_BE,BE,2013,90811,Coûts,NOM,coût,FR,lemmesAccessibilitéFR
w_FR_BE_2013_91249,FR_BE,BE,2013,91249,Coûts,NOM,coût,FR,lemmesAccessibilitéFR
w_FR_BE_2013_92150,FR_BE,BE,2013,92150,Coûts,NOM,coût,FR,lemmesAccessibilitéFR
w_FR_BE_2013_92247,FR_BE,BE,2013,92247,coûts,NOM,coût,FR,lemmesAccessibilitéFR
w_FR_BE_2013_93580,FR_BE,BE,2013,93580,Coûts,NOM,coût,FR,lemmesAccessibilitéFR
w_FR_BE_2013_93674,FR_BE,BE,2013,93674,coûts,NOM,coût,FR,lemmesAccessibilitéFR
w_FR_BE_2013_93683,FR_BE,BE,2013,93683,coûts,NOM,coût,FR,lemmesAccessibilitéFR
w_FR_BE_2013_95159,FR_BE,BE,2013,95159,coûts,NOM,coût,FR,lemmesAccessibilitéFR
w_FR_BE_2013_95163,FR_BE,BE,2013,95163,Coûts,NOM,coût,FR,lemmesAccessibilitéFR
w_FR_BE_2013_95269,FR_BE,BE,2013,95269,coûts,NOM,coût,FR,lemmesAccessibilitéFR
w_FR_BE_2013_95835,FR_BE,BE,2013,95835,coûts,NOM,coût,FR,lemmesAccessibilitéFR
w_FR_BE_2013_95848,FR_BE,BE,2013,95848,Coûts,NOM,coût,FR,lemmesAccessibilitéFR
w_FR_BE_2013_95954,FR_BE,BE,2013,95954,coûts,NOM,coût,FR,lemmesAccessibilitéFR
w_FR_BE_2013_98058,FR_BE,BE,2013,98058,Coûts,NOM,coût,FR,lemmesAccessibilitéFR
w_FR_BE_2013_98980,FR_BE,BE,2013,98980,Coûts,NOM,coût,FR,lemmesAccessibilitéFR
w_FR_BE_2013_99057,FR_BE,BE,2013,99057,Coûts,NOM,coût,FR,lemmesAccessibilitéFR
w_FR_BE_2013_99522,FR_BE,BE,2013,99522,Coûts,NOM,coût,FR,lemmesAccessibilitéFR
w_FR_BE_2013_99600,FR_BE,BE,2013,99600,coûts,NOM,coût,FR,lemmesAccessibilitéFR
w_FR_BE_2013_100066,FR_BE,BE,2013,100066,Coûts,NOM,coût,FR,lemmesAccessibilitéFR
w_FR_BE_2013_100628,FR_BE,BE,2013,100628,Coûts,NOM,coût,FR,lemmesAccessibilitéFR
w_FR_BE_2013_101091,FR_BE,BE,2013,101091,Coûts,NOM,coût,FR,lemmesAccessibilitéFR
w_FR_BE_2013_101616,FR_BE,BE,2013,101616,Coûts,NOM,coût,FR,lemmesAccessibilitéFR
w_FR_BE_2013_102049,FR_BE,BE,2013,102049,Coûts,NOM,coût,FR,lemmesAccessibilitéFR
w_FR_BE_2013_102698,FR_BE,BE,2013,102698,Coûts,NOM,coût,FR,lemmesAccessibilitéFR
w_FR_BE_2013_102793,FR_BE,BE,2013,102793,coûts,NOM,coût,FR,lemmesAccessibilitéFR
w_FR_BE_2013_103354,FR_BE,BE,2013,103354,Coûts,NOM,coût,FR,lemmesAccessibilitéFR
w_FR_BE_2013_103444,FR_BE,BE,2013,103444,coûts,NOM,coût,FR,lemmesAccessibilitéFR
w_FR_BE_2013_103865,FR_BE,BE,2013,103865,Coûts,NOM,coût,FR,lemmesAccessibilitéFR
w_FR_BE_2013_103947,FR_BE,BE,2013,103947,coûts,NOM,coût,FR,lemmesAccessibilitéFR
w_FR_BE_2013_104029,FR_BE,BE,2013,104029,coûts,NOM,coût,FR,lemmesAccessibilitéFR
w_FR_BE_2013_104673,FR_BE,BE,2013,104673,Coûts,NOM,coût,FR,lemmesAccessibilitéFR
w_FR_BE_2013_104755,FR_BE,BE,2013,104755,coûts,NOM,coût,FR,lemmesAccessibilitéFR
w_FR_GE_2024_4663,FR_GE,GE,2024,4663,coûts,NOM,coût,FR,lemmesAccessibilitéFR
w_FR_GE_2024_9983,FR_GE,GE,2024,9983,coût,NOM,coût,FR,lemmesAccessibilitéFR
w_FR_GE_2024_11520,FR_GE,GE,2024,11520,coûts,NOM,coût,FR,lemmesAccessibilitéFR
w_FR_GE_2024_18700,FR_GE,GE,2024,18700,coûts,NOM,coût,FR,lemmesAccessibilitéFR
w_FR_GE_2024_32538,FR_GE,GE,2024,32538,coûts,NOM,coût,FR,lemmesAccessibilitéFR
w_FR_GE_2024_72323,FR_GE,GE,2024,72323,coût,NOM,coût,FR,lemmesAccessibilitéFR
w_FR_GE_2024_96523,FR_GE,GE,2024,96523,coût,NOM,coût,FR,lemmesAccessibilitéFR
w_FR_GE_2024_101997,FR_GE,GE,2024,101997,coût,NOM,coût,FR,lemmesAccessibilitéFR
w_FR_GE_2024_140002,FR_GE,GE,2024,140002,coûts,NOM,coût,FR,lemmesAccessibilitéFR
w_FR_GE_2024_140790,FR_GE,GE,2024,140790,coûts,NOM,coût,FR,lemmesAccessibilitéFR
w_FR_GE_2024_140875,FR_GE,GE,2024,140875,coûts,NOM,coût,FR,lemmesAccessibilitéFR
w_FR_GE_2024_148159,FR_GE,GE,2024,148159,coûts,NOM,coût,FR,lemmesAccessibilitéFR
w_FR_GE_2024_166260,FR_GE,GE,2024,166260,coûts,NOM,coût,FR,lemmesAccessibilitéFR
w_FR_GE_2024_166688,FR_GE,GE,2024,166688,coûts,NOM,coût,FR,lemmesAccessibilitéFR
w_FR_GE_2024_180558,FR_GE,GE,2024,180558,coûts,NOM,coût,FR,lemmesAccessibilitéFR
w_FR_GE_2024_180570,FR_GE,GE,2024,180570,coûts,NOM,coût,FR,lemmesAccessibilitéFR
w_FR_GE_2024_181411,FR_GE,GE,2024,181411,coûts,NOM,coût,FR,lemmesAccessibilitéFR
w_FR_GE_2024_181495,FR_GE,GE,2024,181495,coûts,NOM,coût,FR,lemmesAccessibilitéFR
w_FR_GE_2024_181632,FR_GE,GE,2024,181632,coût,NOM,coût,FR,lemmesAccessibilitéFR
w_FR_GE_2024_182564,FR_GE,GE,2024,182564,coûts,NOM,coût,FR,lemmesAccessibilitéFR
w_FR_GE_2024_196554,FR_GE,GE,2024,196554,coût,NOM,coût,FR,lemmesAccessibilitéFR
w_FR_GE_2024_198404,FR_GE,GE,2024,198404,coût,NOM,coût,FR,lemmesAccessibilitéFR
w_FR_BE_2016_1131,FR_BE,BE,2016,1131,coûts,NOM,coût,FR,lemmesAccessibilitéFR
w_FR_BE_2016_7028,FR_BE,BE,2016,7028,coût,NOM,coût,FR,lemmesAccessibilitéFR
w_FR_BE_2016_7608,FR_BE,BE,2016,7608,coûts,NOM,coût,FR,lemmesAccessibilitéFR
w_FR_BE_2016_9233,FR_BE,BE,2016,9233,coûts,NOM,coût,FR,lemmesAccessibilitéFR
w_FR_BE_2016_9365,FR_BE,BE,2016,9365,coûts,NOM,coût,FR,lemmesAccessibilitéFR
w_FR_BE_2016_10273,FR_BE,BE,2016,10273,coûts,NOM,coût,FR,lemmesAccessibilitéFR
w_FR_BE_2016_10393,FR_BE,BE,2016,10393,coût,NOM,coût,FR,lemmesAccessibilitéFR
w_FR_BE_2016_10501,FR_BE,BE,2016,10501,coûts,NOM,coût,FR,lemmesAccessibilitéFR
w_FR_BE_2016_10657,FR_BE,BE,2016,10657,coût,NOM,coût,FR,lemmesAccessibilitéFR
w_FR_BE_2016_15725,FR_BE,BE,2016,15725,coûts,NOM,coût,FR,lemmesAccessibilitéFR
w_FR_BE_2016_21296,FR_BE,BE,2016,21296,coûts,NOM,coût,FR,lemmesAccessibilitéFR
w_FR_BE_2016_24097,FR_BE,BE,2016,24097,coût,NOM,coût,FR,lemmesAccessibilitéFR
w_FR_BE_2016_24568,FR_BE,BE,2016,24568,coûts,NOM,coût,FR,lemmesAccessibilitéFR
w_FR_BE_2016_26282,FR_BE,BE,2016,26282,coûts,NOM,coût,FR,lemmesAccessibilitéFR
w_FR_BE_2016_28786,FR_BE,BE,2016,28786,coûts,NOM,coût,FR,lemmesAccessibilitéFR
w_FR_BE_2016_29630,FR_BE,BE,2016,29630,coût,NOM,coût,FR,lemmesAccessibilitéFR
w_FR_BE_2016_29664,FR_BE,BE,2016,29664,coût,NOM,coût,FR,lemmesAccessibilitéFR
w_FR_BE_2016_31907,FR_BE,BE,2016,31907,coûts,NOM,coût,FR,lemmesAccessibilitéFR
w_FR_BE_2016_36554,FR_BE,BE,2016,36554,coûts,NOM,coût,FR,lemmesAccessibilitéFR
w_FR_BE_2016_39265,FR_BE,BE,2016,39265,coûts,NOM,coût,FR,lemmesAccessibilitéFR
w_FR_BE_2016_39469,FR_BE,BE,2016,39469,coûts,NOM,coût,FR,lemmesAccessibilitéFR
w_FR_BE_2016_39471,FR_BE,BE,2016,39471,coûts,NOM,coût,FR,lemmesAccessibilitéFR
w_FR_BE_2016_39535,FR_BE,BE,2016,39535,coût,NOM,coût,FR,lemmesAccessibilitéFR
w_FR_BE_2016_39576,FR_BE,BE,2016,39576,coûts,NOM,coût,FR,lemmesAccessibilitéFR
w_FR_BE_2016_40063,FR_BE,BE,2016,40063,coûts,NOM,coût,FR,lemmesAccessibilitéFR
w_FR_BE_2016_40313,FR_BE,BE,2016,40313,coûts,NOM,coût,FR,lemmesAccessibilitéFR
w_FR_BE_2016_40565,FR_BE,BE,2016,40565,coûts,NOM,coût,FR,lemmesAccessibilitéFR
w_FR_BE_2016_43254,FR_BE,BE,2016,43254,coûts,NOM,coût,FR,lemmesAccessibilitéFR
w_FR_BE_2016_44720,FR_BE,BE,2016,44720,coûts,NOM,coût,FR,lemmesAccessibilitéFR
w_FR_BE_2016_44808,FR_BE,BE,2016,44808,coût,NOM,coût,FR,lemmesAccessibilitéFR
w_FR_BE_2016_55948,FR_BE,BE,2016,55948,Coûts,NOM,coût,FR,lemmesAccessibilitéFR
w_FR_BE_2016_55952,FR_BE,BE,2016,55952,coûts,NOM,coût,FR,lemmesAccessibilitéFR
w_FR_BE_2016_55974,FR_BE,BE,2016,55974,coûts,NOM,coût,FR,lemmesAccessibilitéFR
w_FR_BE_2016_55985,FR_BE,BE,2016,55985,coût,NOM,coût,FR,lemmesAccessibilitéFR
w_FR_BE_2016_56036,FR_BE,BE,2016,56036,coûts,NOM,coût,FR,lemmesAccessibilitéFR
w_FR_BE_2016_56086,FR_BE,BE,2016,56086,coûts,NOM,coût,FR,lemmesAccessibilitéFR
w_FR_BE_2016_63810,FR_BE,BE,2016,63810,coût,NOM,coût,FR,lemmesAccessibilitéFR
w_FR_BE_2016_65886,FR_BE,BE,2016,65886,coûts,NOM,coût,FR,lemmesAccessibilitéFR
w_FR_BE_2016_72429,FR_BE,BE,2016,72429,coûts,NOM,coût,FR,lemmesAccessibilitéFR
w_FR_BE_2016_73856,FR_BE,BE,2016,73856,Coûts,NOM,coût,FR,lemmesAccessibilitéFR
w_FR_BE_2016_73954,FR_BE,BE,2016,73954,coûts,NOM,coût,FR,lemmesAccessibilitéFR
w_FR_BE_2016_74041,FR_BE,BE,2016,74041,coûts,NOM,coût,FR,lemmesAccessibilitéFR
w_FR_BE_2016_74177,FR_BE,BE,2016,74177,coût,NOM,coût,FR,lemmesAccessibilitéFR
w_FR_BE_2016_76257,FR_BE,BE,2016,76257,Coûts,NOM,coût,FR,lemmesAccessibilitéFR
w_FR_BE_2016_76349,FR_BE,BE,2016,76349,Coûts,NOM,coût,FR,lemmesAccessibilitéFR
w_FR_BE_2016_77190,FR_BE,BE,2016,77190,coûts,NOM,coût,FR,lemmesAccessibilitéFR
w_FR_BE_2016_78424,FR_BE,BE,2016,78424,coûts,NOM,coût,FR,lemmesAccessibilitéFR
w_FR_BE_2016_78437,FR_BE,BE,2016,78437,coûts,NOM,coût,FR,lemmesAccessibilitéFR
w_FR_BE_2016_78455,FR_BE,BE,2016,78455,coûts,NOM,coût,FR,lemmesAccessibilitéFR
w_FR_BE_2016_79144,FR_BE,BE,2016,79144,coût,NOM,coût,FR,lemmesAccessibilitéFR
w_FR_BE_2016_80020,FR_BE,BE,2016,80020,coûts,NOM,coût,FR,lemmesAccessibilitéFR
w_FR_BE_2016_80082,FR_BE,BE,2016,80082,coûts,NOM,coût,FR,lemmesAccessibilitéFR
w_FR_BE_2016_84955,FR_BE,BE,2016,84955,Coûts,NOM,coût,FR,lemmesAccessibilitéFR
w_FR_BE_2016_85753,FR_BE,BE,2016,85753,Coûts,NOM,coût,FR,lemmesAccessibilitéFR
w_FR_BE_2016_85835,FR_BE,BE,2016,85835,coûts,NOM,coût,FR,lemmesAccessibilitéFR
w_FR_BE_2016_87341,FR_BE,BE,2016,87341,Coûts,NOM,coût,FR,lemmesAccessibilitéFR
w_FR_BE_2016_87448,FR_BE,BE,2016,87448,coûts,NOM,coût,FR,lemmesAccessibilitéFR
w_FR_BE_2016_87468,FR_BE,BE,2016,87468,Coûts,NOM,coût,FR,lemmesAccessibilitéFR
w_FR_BE_2016_88270,FR_BE,BE,2016,88270,Coûts,NOM,coût,FR,lemmesAccessibilitéFR
w_FR_BE_2016_88444,FR_BE,BE,2016,88444,coûts,NOM,coût,FR,lemmesAccessibilitéFR
w_FR_BE_2016_88466,FR_BE,BE,2016,88466,coûts,NOM,coût,FR,lemmesAccessibilitéFR
w_FR_BE_2016_89952,FR_BE,BE,2016,89952,Coûts,NOM,coût,FR,lemmesAccessibilitéFR
w_FR_BE_2016_90042,FR_BE,BE,2016,90042,coûts,NOM,coût,FR,lemmesAccessibilitéFR
w_FR_BE_2016_90494,FR_BE,BE,2016,90494,Coûts,NOM,coût,FR,lemmesAccessibilitéFR
w_FR_BE_2016_90585,FR_BE,BE,2016,90585,Coûts,NOM,coût,FR,lemmesAccessibilitéFR
w_FR_BE_2016_90594,FR_BE,BE,2016,90594,coûts,NOM,coût,FR,lemmesAccessibilitéFR
w_FR_BE_2016_91464,FR_BE,BE,2016,91464,coût,NOM,coût,FR,lemmesAccessibilitéFR
w_FR_BE_2016_95058,FR_BE,BE,2016,95058,Coûts,NOM,coût,FR,lemmesAccessibilitéFR
w_FR_BE_2016_98095,FR_BE,BE,2016,98095,coût,NOM,coût,FR,lemmesAccessibilitéFR
w_FR_BE_2016_99048,FR_BE,BE,2016,99048,Coûts,NOM,coût,FR,lemmesAccessibilitéFR
w_FR_BE_2016_100565,FR_BE,BE,2016,100565,Coûts,NOM,coût,FR,lemmesAccessibilitéFR
w_FR_BE_2016_100729,FR_BE,BE,2016,100729,coûts,NOM,coût,FR,lemmesAccessibilitéFR
w_FR_BE_2016_107415,FR_BE,BE,2016,107415,coûts,NOM,coût,FR,lemmesAccessibilitéFR
w_FR_BE_2016_107875,FR_BE,BE,2016,107875,Coûts,NOM,coût,FR,lemmesAccessibilitéFR
w_FR_BE_2016_111189,FR_BE,BE,2016,111189,Coûts,NOM,coût,FR,lemmesAccessibilitéFR
w_FR_BE_2016_112034,FR_BE,BE,2016,112034,Coûts,NOM,coût,FR,lemmesAccessibilitéFR
w_FR_BE_2016_112134,FR_BE,BE,2016,112134,coûts,NOM,coût,FR,lemmesAccessibilitéFR
w_FR_BE_2016_112528,FR_BE,BE,2016,112528,coûts,NOM,coût,FR,lemmesAccessibilitéFR
w_FR_BE_2016_112556,FR_BE,BE,2016,112556,coûts,NOM,coût,FR,lemmesAccessibilitéFR
w_FR_BE_2016_112567,FR_BE,BE,2016,112567,Coûts,NOM,coût,FR,lemmesAccessibilitéFR
w_FR_BE_2016_112570,FR_BE,BE,2016,112570,Coûts,NOM,coût,FR,lemmesAccessibilitéFR
w_FR_BE_2016_112741,FR_BE,BE,2016,112741,Coûts,NOM,coût,FR,lemmesAccessibilitéFR
w_FR_BE_2016_112747,FR_BE,BE,2016,112747,Coûts,NOM,coût,FR,lemmesAccessibilitéFR
w_FR_BE_2016_112949,FR_BE,BE,2016,112949,coûts,NOM,coût,FR,lemmesAccessibilitéFR
w_FR_BE_2016_114015,FR_BE,BE,2016,114015,Coûts,NOM,coût,FR,lemmesAccessibilitéFR
w_FR_BE_2016_114106,FR_BE,BE,2016,114106,Coûts,NOM,coût,FR,lemmesAccessibilitéFR
w_FR_BE_2016_114115,FR_BE,BE,2016,114115,coûts,NOM,coût,FR,lemmesAccessibilitéFR
w_FR_BE_2016_115559,FR_BE,BE,2016,115559,coûts,NOM,coût,FR,lemmesAccessibilitéFR
w_FR_BE_2016_115563,FR_BE,BE,2016,115563,Coûts,NOM,coût,FR,lemmesAccessibilitéFR
w_FR_BE_2016_115672,FR_BE,BE,2016,115672,coûts,NOM,coût,FR,lemmesAccessibilitéFR
w_FR_BE_2016_116213,FR_BE,BE,2016,116213,coûts,NOM,coût,FR,lemmesAccessibilitéFR
w_FR_BE_2016_116226,FR_BE,BE,2016,116226,Coûts,NOM,coût,FR,lemmesAccessibilitéFR
w_FR_BE_2016_116335,FR_BE,BE,2016,116335,coûts,NOM,coût,FR,lemmesAccessibilitéFR
w_FR_BE_2016_118071,FR_BE,BE,2016,118071,Coûts,NOM,coût,FR,lemmesAccessibilitéFR
w_FR_BE_2016_118964,FR_BE,BE,2016,118964,Coûts,NOM,coût,FR,lemmesAccessibilitéFR
w_FR_BE_2016_119044,FR_BE,BE,2016,119044,Coûts,NOM,coût,FR,lemmesAccessibilitéFR
w_FR_BE_2016_119612,FR_BE,BE,2016,119612,Coûts,NOM,coût,FR,lemmesAccessibilitéFR
w_FR_BE_2016_119702,FR_BE,BE,2016,119702,coûts,NOM,coût,FR,lemmesAccessibilitéFR
w_FR_BE_2016_121891,FR_BE,BE,2016,121891,Coûts,NOM,coût,FR,lemmesAccessibilitéFR
w_FR_BE_2016_121989,FR_BE,BE,2016,121989,coûts,NOM,coût,FR,lemmesAccessibilitéFR
w_FR_BE_2016_123041,FR_BE,BE,2016,123041,coûts,NOM,coût,FR,lemmesAccessibilitéFR
w_FR_BE_2016_123686,FR_BE,BE,2016,123686,Coûts,NOM,coût,FR,lemmesAccessibilitéFR
w_FR_BE_2016_123771,FR_BE,BE,2016,123771,coûts,NOM,coût,FR,lemmesAccessibilitéFR
w_FR_JU_2018_6437,FR_JU,JU,2018,6437,coûts,NOM,coût,FR,lemmesAccessibilitéFR
w_FR_VD_2011_1989,FR_VD,VD,2011,1989,Coûts,NOM,coût,FR,lemmesAccessibilitéFR
w_FR_VD_2011_2009,FR_VD,VD,2011,2009,coût,NOM,coût,FR,lemmesAccessibilitéFR
w_FR_VD_2011_2033,FR_VD,VD,2011,2033,coût,NOM,coût,FR,lemmesAccessibilitéFR
w_FR_VD_2011_2051,FR_VD,VD,2011,2051,coût,NOM,coût,FR,lemmesAccessibilitéFR
w_FR_VD_2011_3049,FR_VD,VD,2011,3049,coûts,NOM,coût,FR,lemmesAccessibilitéFR
w_FR_VD_2011_3054,FR_VD,VD,2011,3054,coûts,NOM,coût,FR,lemmesAccessibilitéFR
w_FR_VD_2011_4580,FR_VD,VD,2011,4580,Coûts,NOM,coût,FR,lemmesAccessibilitéFR
w_FR_VD_2011_4980,FR_VD,VD,2011,4980,coûts,NOM,coût,FR,lemmesAccessibilitéFR
w_FR_VD_2011_5867,FR_VD,VD,2011,5867,Coûts,NOM,coût,FR,lemmesAccessibilitéFR
w_FR_VD_2011_5880,FR_VD,VD,2011,5880,coûts,NOM,coût,FR,lemmesAccessibilitéFR
w_FR_VD_2011_5894,FR_VD,VD,2011,5894,coûts,NOM,coût,FR,lemmesAccessibilitéFR
w_FR_VD_2011_7524,FR_VD,VD,2011,7524,Coûts,NOM,coût,FR,lemmesAccessibilitéFR
w_FR_VD_2011_7897,FR_VD,VD,2011,7897,coûts,NOM,coût,FR,lemmesAccessibilitéFR
w_FR_VD_2011_7903,FR_VD,VD,2011,7903,coûts,NOM,coût,FR,lemmesAccessibilitéFR
w_FR_VD_2011_8435,FR_VD,VD,2011,8435,Coûts,NOM,coût,FR,lemmesAccessibilitéFR
w_FR_VD_2011_11622,FR_VD,VD,2011,11622,coûts,NOM,coût,FR,lemmesAccessibilitéFR
w_FR_VD_2011_11684,FR_VD,VD,2011,11684,coûts,NOM,coût,FR,lemmesAccessibilitéFR
w_FR_VD_2011_11734,FR_VD,VD,2011,11734,coûts,NOM,coût,FR,lemmesAccessibilitéFR
w_FR_VD_2011_11921,FR_VD,VD,2011,11921,coûts,NOM,coût,FR,lemmesAccessibilitéFR
w_FR_VD_2011_12020,FR_VD,VD,2011,12020,coûts,NOM,coût,FR,lemmesAccessibilitéFR
w_FR_VD_2011_12174,FR_VD,VD,2011,12174,Coûts,NOM,coût,FR,lemmesAccessibilitéFR
w_FR_VD_2011_12190,FR_VD,VD,2011,12190,Coûts,NOM,coût,FR,lemmesAccessibilitéFR
w_FR_VD_2011_13712,FR_VD,VD,2011,13712,Coûts,NOM,coût,FR,lemmesAccessibilitéFR
w_FR_VD_2011_15480,FR_VD,VD,2011,15480,Coûts,NOM,coût,FR,lemmesAccessibilitéFR
w_FR_VD_2011_15871,FR_VD,VD,2011,15871,coût,NOM,coût,FR,lemmesAccessibilitéFR
w_FR_VD_2011_17185,FR_VD,VD,2011,17185,Coûts,NOM,coût,FR,lemmesAccessibilitéFR
w_FR_VD_2011_18134,FR_VD,VD,2011,18134,Coûts,NOM,coût,FR,lemmesAccessibilitéFR
w_FR_VD_2011_19240,FR_VD,VD,2011,19240,Coûts,NOM,coût,FR,lemmesAccessibilitéFR
w_FR_VD_2011_20018,FR_VD,VD,2011,20018,coût,NOM,coût,FR,lemmesAccessibilitéFR
w_FR_VD_2011_20452,FR_VD,VD,2011,20452,Coûts,NOM,coût,FR,lemmesAccessibilitéFR
w_FR_VD_2011_22170,FR_VD,VD,2011,22170,Coûts,NOM,coût,FR,lemmesAccessibilitéFR
w_FR_VD_2011_23637,FR_VD,VD,2011,23637,Coûts,NOM,coût,FR,lemmesAccessibilitéFR
w_FR_VD_2011_24866,FR_VD,VD,2011,24866,Coûts,NOM,coût,FR,lemmesAccessibilitéFR
w_FR_VD_2011_28980,FR_VD,VD,2011,28980,Coûts,NOM,coût,FR,lemmesAccessibilitéFR
w_FR_VD_2011_28985,FR_VD,VD,2011,28985,Coûts,NOM,coût,FR,lemmesAccessibilitéFR
w_FR_VD_2011_30311,FR_VD,VD,2011,30311,Coûts,NOM,coût,FR,lemmesAccessibilitéFR
w_FR_VD_2011_30925,FR_VD,VD,2011,30925,coûts,NOM,coût,FR,lemmesAccessibilitéFR
w_FR_VD_2011_31975,FR_VD,VD,2011,31975,Coûts,NOM,coût,FR,lemmesAccessibilitéFR
w_FR_VD_2011_32413,FR_VD,VD,2011,32413,coûts,NOM,coût,FR,lemmesAccessibilitéFR
w_FR_VD_2011_33075,FR_VD,VD,2011,33075,Coûts,NOM,coût,FR,lemmesAccessibilitéFR
w_FR_VD_2011_34202,FR_VD,VD,2011,34202,Coûts,NOM,coût,FR,lemmesAccessibilitéFR
w_FR_VD_2011_36142,FR_VD,VD,2011,36142,Coûts,NOM,coût,FR,lemmesAccessibilitéFR
w_FR_VD_2011_36544,FR_VD,VD,2011,36544,coût,NOM,coût,FR,lemmesAccessibilitéFR
w_FR_VD_2011_37217,FR_VD,VD,2011,37217,Coûts,NOM,coût,FR,lemmesAccessibilitéFR
w_FR_VD_2011_37949,FR_VD,VD,2011,37949,coûts,NOM,coût,FR,lemmesAccessibilitéFR
w_FR_VD_2011_37962,FR_VD,VD,2011,37962,coûts,NOM,coût,FR,lemmesAccessibilitéFR
w_FR_VD_2011_38085,FR_VD,VD,2011,38085,coûts,NOM,coût,FR,lemmesAccessibilitéFR
w_FR_VD_2011_39092,FR_VD,VD,2011,39092,Coûts,NOM,coût,FR,lemmesAccessibilitéFR
w_FR_VD_2011_39677,FR_VD,VD,2011,39677,coût,NOM,coût,FR,lemmesAccessibilitéFR
w_FR_VD_2011_39844,FR_VD,VD,2011,39844,coûts,NOM,coût,FR,lemmesAccessibilitéFR
w_FR_VD_2011_40794,FR_VD,VD,2011,40794,coûts,NOM,coût,FR,lemmesAccessibilitéFR
w_FR_VD_2011_40836,FR_VD,VD,2011,40836,Coûts,NOM,coût,FR,lemmesAccessibilitéFR
w_FR_VD_2011_42240,FR_VD,VD,2011,42240,Coûts,NOM,coût,FR,lemmesAccessibilitéFR
w_FR_VD_2011_43460,FR_VD,VD,2011,43460,coûts,NOM,coût,FR,lemmesAccessibilitéFR
w_FR_VD_2011_43548,FR_VD,VD,2011,43548,Coûts,NOM,coût,FR,lemmesAccessibilitéFR
w_FR_VD_2011_43554,FR_VD,VD,2011,43554,Coûts,NOM,coût,FR,lemmesAccessibilitéFR
w_FR_VD_2011_48228,FR_VD,VD,2011,48228,Coûts,NOM,coût,FR,lemmesAccessibilitéFR
w_FR_VD_2011_51306,FR_VD,VD,2011,51306,Coûts,NOM,coût,FR,lemmesAccessibilitéFR
w_FR_VD_2011_52640,FR_VD,VD,2011,52640,coût,NOM,coût,FR,lemmesAccessibilitéFR
w_FR_VD_2011_53963,FR_VD,VD,2011,53963,Coûts,NOM,coût,FR,lemmesAccessibilitéFR
w_FR_VD_2011_55505,FR_VD,VD,2011,55505,coût,NOM,coût,FR,lemmesAccessibilitéFR
w_FR_VD_2011_56368,FR_VD,VD,2011,56368,Coûts,NOM,coût,FR,lemmesAccessibilitéFR
w_FR_VD_2011_57833,FR_VD,VD,2011,57833,coût,NOM,coût,FR,lemmesAccessibilitéFR
w_FR_VD_2011_58714,FR_VD,VD,2011,58714,Coûts,NOM,coût,FR,lemmesAccessibilitéFR
w_FR_VD_2011_60999,FR_VD,VD,2011,60999,Coûts,NOM,coût,FR,lemmesAccessibilitéFR
w_FR_VD_2011_63518,FR_VD,VD,2011,63518,Coûts,NOM,coût,FR,lemmesAccessibilitéFR
w_FR_VD_2011_64817,FR_VD,VD,2011,64817,Coûts,NOM,coût,FR,lemmesAccessibilitéFR
w_FR_VD_2011_66087,FR_VD,VD,2011,66087,Coûts,NOM,coût,FR,lemmesAccessibilitéFR
w_FR_VD_2011_67941,FR_VD,VD,2011,67941,Coûts,NOM,coût,FR,lemmesAccessibilitéFR
w_FR_VD_2011_69157,FR_VD,VD,2011,69157,coût,NOM,coût,FR,lemmesAccessibilitéFR
w_FR_VD_2011_69459,FR_VD,VD,2011,69459,coûts,NOM,coût,FR,lemmesAccessibilitéFR
w_FR_VD_2011_69565,FR_VD,VD,2011,69565,coûts,NOM,coût,FR,lemmesAccessibilitéFR
w_FR_VD_2011_70701,FR_VD,VD,2011,70701,coût,NOM,coût,FR,lemmesAccessibilitéFR
w_FR_VD_2011_71438,FR_VD,VD,2011,71438,coût,NOM,coût,FR,lemmesAccessibilitéFR
w_FR_VD_2011_72096,FR_VD,VD,2011,72096,Coûts,NOM,coût,FR,lemmesAccessibilitéFR
w_FR_VD_2011_75608,FR_VD,VD,2011,75608,Coûts,NOM,coût,FR,lemmesAccessibilitéFR
w_FR_VD_2011_76153,FR_VD,VD,2011,76153,coûts,NOM,coût,FR,lemmesAccessibilitéFR
w_FR_VD_2011_78129,FR_VD,VD,2011,78129,Coûts,NOM,coût,FR,lemmesAccessibilitéFR
w_FR_VD_2011_78163,FR_VD,VD,2011,78163,Coûts,NOM,coût,FR,lemmesAccessibilitéFR
w_FR_VD_2011_79971,FR_VD,VD,2011,79971,Coûts,NOM,coût,FR,lemmesAccessibilitéFR
w_FR_VD_2011_82561,FR_VD,VD,2011,82561,Coûts,NOM,coût,FR,lemmesAccessibilitéFR
w_FR_VD_2011_84035,FR_VD,VD,2011,84035,coût,NOM,coût,FR,lemmesAccessibilitéFR
w_FR_VD_2011_85475,FR_VD,VD,2011,85475,Coûts,NOM,coût,FR,lemmesAccessibilitéFR
w_FR_VD_2011_87809,FR_VD,VD,2011,87809,Coûts,NOM,coût,FR,lemmesAccessibilitéFR
w_FR_VD_2011_90476,FR_VD,VD,2011,90476,coût,NOM,coût,FR,lemmesAccessibilitéFR
w_FR_VD_2011_91023,FR_VD,VD,2011,91023,coûts,NOM,coût,FR,lemmesAccessibilitéFR
w_FR_VD_2011_91885,FR_VD,VD,2011,91885,Coûts,NOM,coût,FR,lemmesAccessibilitéFR
w_FR_VD_2011_93982,FR_VD,VD,2011,93982,Coûts,NOM,coût,FR,lemmesAccessibilitéFR
w_FR_VD_2011_98222,FR_VD,VD,2011,98222,Coûts,NOM,coût,FR,lemmesAccessibilitéFR
w_FR_VD_2011_100261,FR_VD,VD,2011,100261,Coûts,NOM,coût,FR,lemmesAccessibilitéFR
w_FR_VD_2011_101237,FR_VD,VD,2011,101237,Coûts,NOM,coût,FR,lemmesAccessibilitéFR
w_FR_VD_2011_101243,FR_VD,VD,2011,101243,Coûts,NOM,coût,FR,lemmesAccessibilitéFR
w_FR_VD_2011_102027,FR_VD,VD,2011,102027,coûts,NOM,coût,FR,lemmesAccessibilitéFR
w_FR_VD_2011_102583,FR_VD,VD,2011,102583,coût,NOM,coût,FR,lemmesAccessibilitéFR
w_FR_VD_2011_103255,FR_VD,VD,2011,103255,coût,NOM,coût,FR,lemmesAccessibilitéFR
w_FR_VD_2011_104092,FR_VD,VD,2011,104092,Coûts,NOM,coût,FR,lemmesAccessibilitéFR
w_FR_VD_2011_105447,FR_VD,VD,2011,105447,Coûts,NOM,coût,FR,lemmesAccessibilitéFR
w_FR_VD_2011_107210,FR_VD,VD,2011,107210,Coûts,NOM,coût,FR,lemmesAccessibilitéFR
w_FR_VD_2011_108711,FR_VD,VD,2011,108711,Coûts,NOM,coût,FR,lemmesAccessibilitéFR
w_FR_VD_2011_110692,FR_VD,VD,2011,110692,Coûts,NOM,coût,FR,lemmesAccessibilitéFR
w_FR_VD_2011_111601,FR_VD,VD,2011,111601,coût,NOM,coût,FR,lemmesAccessibilitéFR
w_FR_VD_2011_112404,FR_VD,VD,2011,112404,Coûts,NOM,coût,FR,lemmesAccessibilitéFR
w_FR_VD_2011_115669,FR_VD,VD,2011,115669,Coûts,NOM,coût,FR,lemmesAccessibilitéFR
w_FR_VD_2011_116376,FR_VD,VD,2011,116376,coût,NOM,coût,FR,lemmesAccessibilitéFR
w_FR_VD_2011_116386,FR_VD,VD,2011,116386,coûts,NOM,coût,FR,lemmesAccessibilitéFR
w_FR_VD_2011_116392,FR_VD,VD,2011,116392,coût,NOM,coût,FR,lemmesAccessibilitéFR
w_FR_VD_2011_116849,FR_VD,VD,2011,116849,coût,NOM,coût,FR,lemmesAccessibilitéFR
w_FR_VD_2011_116937,FR_VD,VD,2011,116937,coût,NOM,coût,FR,lemmesAccessibilitéFR
w_FR_VD_2011_116969,FR_VD,VD,2011,116969,coût,NOM,coût,FR,lemmesAccessibilitéFR
w_FR_VD_2011_117008,FR_VD,VD,2011,117008,Coûts,NOM,coût,FR,lemmesAccessibilitéFR
w_FR_VD_2011_117725,FR_VD,VD,2011,117725,Coûts,NOM,coût,FR,lemmesAccessibilitéFR
w_FR_VD_2011_146897,FR_VD,VD,2011,146897,coûts,NOM,coût,FR,lemmesAccessibilitéFR
w_FR_VD_2011_148297,FR_VD,VD,2011,148297,Coûts,NOM,coût,FR,lemmesAccessibilitéFR
w_FR_VD_2011_150884,FR_VD,VD,2011,150884,coûts,NOM,coût,FR,lemmesAccessibilitéFR
w_FR_VD_2011_155365,FR_VD,VD,2011,155365,coût,NOM,coût,FR,lemmesAccessibilitéFR
w_FR_VD_2011_157449,FR_VD,VD,2011,157449,coût,NOM,coût,FR,lemmesAccessibilitéFR
w_FR_VD_2011_166631,FR_VD,VD,2011,166631,coûts,NOM,coût,FR,lemmesAccessibilitéFR
w_FR_VD_2011_166889,FR_VD,VD,2011,166889,coût,NOM,coût,FR,lemmesAccessibilitéFR
w_FR_VD_2011_171722,FR_VD,VD,2011,171722,coûts,NOM,coût,FR,lemmesAccessibilitéFR
w_FR_VD_2011_174203,FR_VD,VD,2011,174203,coût,NOM,coût,FR,lemmesAccessibilitéFR
w_FR_VD_2011_176634,FR_VD,VD,2011,176634,coût,NOM,coût,FR,lemmesAccessibilitéFR
w_FR_VD_2011_176638,FR_VD,VD,2011,176638,coût,NOM,coût,FR,lemmesAccessibilitéFR
w_FR_VD_2011_176649,FR_VD,VD,2011,176649,coût,NOM,coût,FR,lemmesAccessibilitéFR
w_FR_VD_2011_176668,FR_VD,VD,2011,176668,coût,NOM,coût,FR,lemmesAccessibilitéFR
w_FR_VD_2011_176685,FR_VD,VD,2011,176685,coût,NOM,coût,FR,lemmesAccessibilitéFR
w_FR_VD_2011_179773,FR_VD,VD,2011,179773,coûts,NOM,coût,FR,lemmesAccessibilitéFR
w_FR_BE_2012_2864,FR_BE,BE,2012,2864,coûts,NOM,coût,FR,lemmesAccessibilitéFR
w_FR_BE_2012_12304,FR_BE,BE,2012,12304,coûts,NOM,coût,FR,lemmesAccessibilitéFR
w_FR_BE_2012_12360,FR_BE,BE,2012,12360,coût,NOM,coût,FR,lemmesAccessibilitéFR
w_FR_BE_2012_12480,FR_BE,BE,2012,12480,coûts,NOM,coût,FR,lemmesAccessibilitéFR
w_FR_BE_2012_12568,FR_BE,BE,2012,12568,coûts,NOM,coût,FR,lemmesAccessibilitéFR
w_FR_BE_2012_12582,FR_BE,BE,2012,12582,coût,NOM,coût,FR,lemmesAccessibilitéFR
w_FR_BE_2012_12633,FR_BE,BE,2012,12633,coûts,NOM,coût,FR,lemmesAccessibilitéFR
w_FR_BE_2012_12638,FR_BE,BE,2012,12638,coûts,NOM,coût,FR,lemmesAccessibilitéFR
w_FR_BE_2012_18115,FR_BE,BE,2012,18115,coût,NOM,coût,FR,lemmesAccessibilitéFR
w_FR_BE_2012_18587,FR_BE,BE,2012,18587,coûts,NOM,coût,FR,lemmesAccessibilitéFR
w_FR_BE_2012_20247,FR_BE,BE,2012,20247,coûts,NOM,coût,FR,lemmesAccessibilitéFR
w_FR_BE_2012_22366,FR_BE,BE,2012,22366,coûts,NOM,coût,FR,lemmesAccessibilitéFR
w_FR_BE_2012_23204,FR_BE,BE,2012,23204,coût,NOM,coût,FR,lemmesAccessibilitéFR
w_FR_BE_2012_23238,FR_BE,BE,2012,23238,coût,NOM,coût,FR,lemmesAccessibilitéFR
w_FR_BE_2012_25558,FR_BE,BE,2012,25558,coûts,NOM,coût,FR,lemmesAccessibilitéFR
w_FR_BE_2012_27011,FR_BE,BE,2012,27011,coûts,NOM,coût,FR,lemmesAccessibilitéFR
w_FR_BE_2012_30098,FR_BE,BE,2012,30098,coûts,NOM,coût,FR,lemmesAccessibilitéFR
w_FR_BE_2012_31669,FR_BE,BE,2012,31669,coûts,NOM,coût,FR,lemmesAccessibilitéFR
w_FR_BE_2012_32228,FR_BE,BE,2012,32228,coûts,NOM,coût,FR,lemmesAccessibilitéFR
w_FR_BE_2012_32446,FR_BE,BE,2012,32446,coûts,NOM,coût,FR,lemmesAccessibilitéFR
w_FR_BE_2012_32448,FR_BE,BE,2012,32448,coûts,NOM,coût,FR,lemmesAccessibilitéFR
w_FR_BE_2012_32478,FR_BE,BE,2012,32478,coûts,NOM,coût,FR,lemmesAccessibilitéFR
w_FR_BE_2012_32512,FR_BE,BE,2012,32512,coûts,NOM,coût,FR,lemmesAccessibilitéFR
w_FR_BE_2012_32951,FR_BE,BE,2012,32951,coûts,NOM,coût,FR,lemmesAccessibilitéFR
w_FR_BE_2012_33197,FR_BE,BE,2012,33197,coûts,NOM,coût,FR,lemmesAccessibilitéFR
w_FR_BE_2012_33603,FR_BE,BE,2012,33603,coûts,NOM,coût,FR,lemmesAccessibilitéFR
w_FR_BE_2012_35706,FR_BE,BE,2012,35706,coûts,NOM,coût,FR,lemmesAccessibilitéFR
w_FR_BE_2012_37257,FR_BE,BE,2012,37257,coûts,NOM,coût,FR,lemmesAccessibilitéFR
w_FR_BE_2012_37340,FR_BE,BE,2012,37340,coût,NOM,coût,FR,lemmesAccessibilitéFR
w_FR_BE_2012_48951,FR_BE,BE,2012,48951,Coûts,NOM,coût,FR,lemmesAccessibilitéFR
w_FR_BE_2012_48955,FR_BE,BE,2012,48955,coûts,NOM,coût,FR,lemmesAccessibilitéFR
w_FR_BE_2012_48977,FR_BE,BE,2012,48977,coûts,NOM,coût,FR,lemmesAccessibilitéFR
w_FR_BE_2012_48988,FR_BE,BE,2012,48988,coût,NOM,coût,FR,lemmesAccessibilitéFR
w_FR_BE_2012_49039,FR_BE,BE,2012,49039,coûts,NOM,coût,FR,lemmesAccessibilitéFR
w_FR_BE_2012_56253,FR_BE,BE,2012,56253,coût,NOM,coût,FR,lemmesAccessibilitéFR
w_FR_BE_2012_59580,FR_BE,BE,2012,59580,Coûts,NOM,coût,FR,lemmesAccessibilitéFR
w_FR_BE_2012_61569,FR_BE,BE,2012,61569,coûts,NOM,coût,FR,lemmesAccessibilitéFR
w_FR_BE_2012_63021,FR_BE,BE,2012,63021,Coûts,NOM,coût,FR,lemmesAccessibilitéFR
w_FR_BE_2012_63393,FR_BE,BE,2012,63393,Coûts,NOM,coût,FR,lemmesAccessibilitéFR
w_FR_BE_2012_63488,FR_BE,BE,2012,63488,coûts,NOM,coût,FR,lemmesAccessibilitéFR
w_FR_BE_2012_63568,FR_BE,BE,2012,63568,coûts,NOM,coût,FR,lemmesAccessibilitéFR
w_FR_BE_2012_63699,FR_BE,BE,2012,63699,coût,NOM,coût,FR,lemmesAccessibilitéFR
w_FR_BE_2012_64396,FR_BE,BE,2012,64396,Coûts,NOM,coût,FR,lemmesAccessibilitéFR
w_FR_BE_2012_65299,FR_BE,BE,2012,65299,Coûts,NOM,coût,FR,lemmesAccessibilitéFR
w_FR_BE_2012_65388,FR_BE,BE,2012,65388,Coûts,NOM,coût,FR,lemmesAccessibilitéFR
w_FR_BE_2012_66343,FR_BE,BE,2012,66343,coûts,NOM,coût,FR,lemmesAccessibilitéFR
w_FR_BE_2012_68043,FR_BE,BE,2012,68043,coûts,NOM,coût,FR,lemmesAccessibilitéFR
w_FR_BE_2012_68056,FR_BE,BE,2012,68056,coûts,NOM,coût,FR,lemmesAccessibilitéFR
w_FR_BE_2012_68074,FR_BE,BE,2012,68074,coûts,NOM,coût,FR,lemmesAccessibilitéFR
w_FR_BE_2012_71523,FR_BE,BE,2012,71523,Coûts,NOM,coût,FR,lemmesAccessibilitéFR
w_FR_BE_2012_71602,FR_BE,BE,2012,71602,coûts,NOM,coût,FR,lemmesAccessibilitéFR
w_FR_BE_2012_72991,FR_BE,BE,2012,72991,Coûts,NOM,coût,FR,lemmesAccessibilitéFR
w_FR_BE_2012_73891,FR_BE,BE,2012,73891,Coûts,NOM,coût,FR,lemmesAccessibilitéFR
w_FR_BE_2012_74062,FR_BE,BE,2012,74062,coûts,NOM,coût,FR,lemmesAccessibilitéFR
w_FR_BE_2012_74084,FR_BE,BE,2012,74084,coûts,NOM,coût,FR,lemmesAccessibilitéFR
w_FR_BE_2012_75220,FR_BE,BE,2012,75220,Coûts,NOM,coût,FR,lemmesAccessibilitéFR
w_FR_BE_2012_75657,FR_BE,BE,2012,75657,Coûts,NOM,coût,FR,lemmesAccessibilitéFR
w_FR_BE_2012_75744,FR_BE,BE,2012,75744,coûts,NOM,coût,FR,lemmesAccessibilitéFR
w_FR_BE_2012_76202,FR_BE,BE,2012,76202,Coûts,NOM,coût,FR,lemmesAccessibilitéFR
w_FR_BE_2012_76290,FR_BE,BE,2012,76290,Coûts,NOM,coût,FR,lemmesAccessibilitéFR
w_FR_BE_2012_77507,FR_BE,BE,2012,77507,coût,NOM,coût,FR,lemmesAccessibilitéFR
w_FR_BE_2012_81082,FR_BE,BE,2012,81082,Coûts,NOM,coût,FR,lemmesAccessibilitéFR
w_FR_BE_2012_83891,FR_BE,BE,2012,83891,coût,NOM,coût,FR,lemmesAccessibilitéFR
w_FR_BE_2012_84448,FR_BE,BE,2012,84448,Coûts,NOM,coût,FR,lemmesAccessibilitéFR
w_FR_BE_2012_87181,FR_BE,BE,2012,87181,Coûts,NOM,coût,FR,lemmesAccessibilitéFR
w_FR_BE_2012_88367,FR_BE,BE,2012,88367,coûts,NOM,coût,FR,lemmesAccessibilitéFR
w_FR_BE_2012_88840,FR_BE,BE,2012,88840,Coûts,NOM,coût,FR,lemmesAccessibilitéFR
w_FR_BE_2012_89403,FR_BE,BE,2012,89403,Coûts,NOM,coût,FR,lemmesAccessibilitéFR
w_FR_BE_2012_91765,FR_BE,BE,2012,91765,Coûts,NOM,coût,FR,lemmesAccessibilitéFR
w_FR_BE_2012_91842,FR_BE,BE,2012,91842,Coûts,NOM,coût,FR,lemmesAccessibilitéFR
w_FR_BE_2012_92272,FR_BE,BE,2012,92272,Coûts,NOM,coût,FR,lemmesAccessibilitéFR
w_FR_BE_2012_93176,FR_BE,BE,2012,93176,Coûts,NOM,coût,FR,lemmesAccessibilitéFR
w_FR_BE_2012_93264,FR_BE,BE,2012,93264,Coûts,NOM,coût,FR,lemmesAccessibilitéFR
w_FR_BE_2012_93581,FR_BE,BE,2012,93581,Coûts,NOM,coût,FR,lemmesAccessibilitéFR
w_FR_BE_2012_93595,FR_BE,BE,2012,93595,Coûts,NOM,coût,FR,lemmesAccessibilitéFR
w_FR_BE_2012_93855,FR_BE,BE,2012,93855,coûts,NOM,coût,FR,lemmesAccessibilitéFR
w_FR_BE_2012_93959,FR_BE,BE,2012,93959,Coûts,NOM,coût,FR,lemmesAccessibilitéFR
w_FR_BE_2012_93975,FR_BE,BE,2012,93975,Coûts,NOM,coût,FR,lemmesAccessibilitéFR
w_FR_BE_2012_95127,FR_BE,BE,2012,95127,Coûts,NOM,coût,FR,lemmesAccessibilitéFR
w_FR_BE_2012_95221,FR_BE,BE,2012,95221,coûts,NOM,coût,FR,lemmesAccessibilitéFR
w_FR_BE_2012_95230,FR_BE,BE,2012,95230,coûts,NOM,coût,FR,lemmesAccessibilitéFR
w_FR_BE_2012_96674,FR_BE,BE,2012,96674,coûts,NOM,coût,FR,lemmesAccessibilitéFR
w_FR_BE_2012_96724,FR_BE,BE,2012,96724,Coûts,NOM,coût,FR,lemmesAccessibilitéFR
w_FR_BE_2012_96830,FR_BE,BE,2012,96830,coûts,NOM,coût,FR,lemmesAccessibilitéFR
w_FR_BE_2012_97544,FR_BE,BE,2012,97544,coûts,NOM,coût,FR,lemmesAccessibilitéFR
w_FR_BE_2012_97599,FR_BE,BE,2012,97599,coûts,NOM,coût,FR,lemmesAccessibilitéFR
w_FR_BE_2012_98839,FR_BE,BE,2012,98839,coûts,NOM,coût,FR,lemmesAccessibilitéFR
w_FR_BE_2012_98852,FR_BE,BE,2012,98852,Coûts,NOM,coût,FR,lemmesAccessibilitéFR
w_FR_BE_2012_98958,FR_BE,BE,2012,98958,coûts,NOM,coût,FR,lemmesAccessibilitéFR
w_FR_BE_2012_99586,FR_BE,BE,2012,99586,Coûts,NOM,coût,FR,lemmesAccessibilitéFR
w_FR_BE_2012_101199,FR_BE,BE,2012,101199,Coûts,NOM,coût,FR,lemmesAccessibilitéFR
w_FR_BE_2012_102121,FR_BE,BE,2012,102121,Coûts,NOM,coût,FR,lemmesAccessibilitéFR
w_FR_BE_2012_102198,FR_BE,BE,2012,102198,Coûts,NOM,coût,FR,lemmesAccessibilitéFR
w_FR_BE_2012_102663,FR_BE,BE,2012,102663,Coûts,NOM,coût,FR,lemmesAccessibilitéFR
w_FR_BE_2012_102741,FR_BE,BE,2012,102741,coûts,NOM,coût,FR,lemmesAccessibilitéFR
w_FR_BE_2012_103207,FR_BE,BE,2012,103207,Coûts,NOM,coût,FR,lemmesAccessibilitéFR
w_FR_BE_2012_103769,FR_BE,BE,2012,103769,Coûts,NOM,coût,FR,lemmesAccessibilitéFR
w_FR_BE_2012_104232,FR_BE,BE,2012,104232,Coûts,NOM,coût,FR,lemmesAccessibilitéFR
w_FR_BE_2012_104762,FR_BE,BE,2012,104762,Coûts,NOM,coût,FR,lemmesAccessibilitéFR
w_FR_BE_2012_105195,FR_BE,BE,2012,105195,Coûts,NOM,coût,FR,lemmesAccessibilitéFR
w_FR_BE_2012_105865,FR_BE,BE,2012,105865,Coûts,NOM,coût,FR,lemmesAccessibilitéFR
w_FR_BE_2012_105960,FR_BE,BE,2012,105960,coûts,NOM,coût,FR,lemmesAccessibilitéFR
w_FR_BE_2012_106527,FR_BE,BE,2012,106527,Coûts,NOM,coût,FR,lemmesAccessibilitéFR
w_FR_BE_2012_106617,FR_BE,BE,2012,106617,coûts,NOM,coût,FR,lemmesAccessibilitéFR
w_FR_BE_2012_107126,FR_BE,BE,2012,107126,Coûts,NOM,coût,FR,lemmesAccessibilitéFR
w_FR_BE_2012_107204,FR_BE,BE,2012,107204,coûts,NOM,coût,FR,lemmesAccessibilitéFR
w_FR_BE_2012_107267,FR_BE,BE,2012,107267,coûts,NOM,coût,FR,lemmesAccessibilitéFR
w_FR_BE_2012_107906,FR_BE,BE,2012,107906,Coûts,NOM,coût,FR,lemmesAccessibilitéFR
w_FR_BE_2012_107988,FR_BE,BE,2012,107988,coûts,NOM,coût,FR,lemmesAccessibilitéFR
w_FR_FR_2002_3371,FR_FR,FR,2002,3371,coût,NOM,coût,FR,lemmesAccessibilitéFR
w_FR_FR_2002_5530,FR_FR,FR,2002,5530,coûts,NOM,coût,FR,lemmesAccessibilitéFR
w_FR_FR_2002_6178,FR_FR,FR,2002,6178,coûts,NOM,coût,FR,lemmesAccessibilitéFR
w_FR_FR_2002_9283,FR_FR,FR,2002,9283,coûts,NOM,coût,FR,lemmesAccessibilitéFR
w_FR_FR_2002_12224,FR_FR,FR,2002,12224,coût,NOM,coût,FR,lemmesAccessibilitéFR
w_FR_FR_2002_38020,FR_FR,FR,2002,38020,coûts,NOM,coût,FR,lemmesAccessibilitéFR
w_FR_FR_2002_39381,FR_FR,FR,2002,39381,coûts,NOM,coût,FR,lemmesAccessibilitéFR
w_FR_FR_2002_44046,FR_FR,FR,2002,44046,coûts,NOM,coût,FR,lemmesAccessibilitéFR
w_FR_FR_2002_49445,FR_FR,FR,2002,49445,coûts,NOM,coût,FR,lemmesAccessibilitéFR
w_FR_FR_2002_50108,FR_FR,FR,2002,50108,coût,NOM,coût,FR,lemmesAccessibilitéFR
w_FR_FR_2002_54165,FR_FR,FR,2002,54165,coût,NOM,coût,FR,lemmesAccessibilitéFR
w_FR_FR_2002_111347,FR_FR,FR,2002,111347,Coûts,NOM,coût,FR,lemmesAccessibilitéFR
w_FR_FR_2002_120981,FR_FR,FR,2002,120981,coût,NOM,coût,FR,lemmesAccessibilitéFR
w_FR_FR_2002_121078,FR_FR,FR,2002,121078,coûts,NOM,coût,FR,lemmesAccessibilitéFR
w_FR_FR_2002_130367,FR_FR,FR,2002,130367,coûts,NOM,coût,FR,lemmesAccessibilitéFR
w_FR_FR_2002_136954,FR_FR,FR,2002,136954,coût,NOM,coût,FR,lemmesAccessibilitéFR
w_FR_FR_2002_149527,FR_FR,FR,2002,149527,coûts,NOM,coût,FR,lemmesAccessibilitéFR
w_FR_FR_2002_168944,FR_FR,FR,2002,168944,coûts,NOM,coût,FR,lemmesAccessibilitéFR
w_FR_FR_2002_173036,FR_FR,FR,2002,173036,coûts,NOM,coût,FR,lemmesAccessibilitéFR
w_FR_FR_2002_174799,FR_FR,FR,2002,174799,coûts,NOM,coût,FR,lemmesAccessibilitéFR
w_FR_FR_2002_178503,FR_FR,FR,2002,178503,coûts,NOM,coût,FR,lemmesAccessibilitéFR
w_FR_FR_2002_180026,FR_FR,FR,2002,180026,coûts,NOM,coût,FR,lemmesAccessibilitéFR
w_FR_FR_2002_184463,FR_FR,FR,2002,184463,coûts,NOM,coût,FR,lemmesAccessibilitéFR
w_FR_FR_2002_191907,FR_FR,FR,2002,191907,coûts,NOM,coût,FR,lemmesAccessibilitéFR
w_FR_FR_2002_205215,FR_FR,FR,2002,205215,coûts,NOM,coût,FR,lemmesAccessibilitéFR
w_FR_FR_2002_206359,FR_FR,FR,2002,206359,coût,NOM,coût,FR,lemmesAccessibilitéFR
w_FR_FR_2002_206433,FR_FR,FR,2002,206433,coûts,NOM,coût,FR,lemmesAccessibilitéFR
w_FR_FR_2002_206542,FR_FR,FR,2002,206542,coût,NOM,coût,FR,lemmesAccessibilitéFR
w_FR_FR_2002_206557,FR_FR,FR,2002,206557,coût,NOM,coût,FR,lemmesAccessibilitéFR
w_FR_VD_2022_10398,FR_VD,VD,2022,10398,coûts,NOM,coût,FR,lemmesAccessibilitéFR
w_FR_VD_2022_11786,FR_VD,VD,2022,11786,Coûts,NOM,coût,FR,lemmesAccessibilitéFR
w_FR_VD_2022_15205,FR_VD,VD,2022,15205,coûts,NOM,coût,FR,lemmesAccessibilitéFR
w_FR_VD_2022_19463,FR_VD,VD,2022,19463,coûts,NOM,coût,FR,lemmesAccessibilitéFR
w_FR_VD_2022_21314,FR_VD,VD,2022,21314,coût,NOM,coût,FR,lemmesAccessibilitéFR
w_FR_VD_2022_22781,FR_VD,VD,2022,22781,Coûts,NOM,coût,FR,lemmesAccessibilitéFR
w_FR_VD_2022_24483,FR_VD,VD,2022,24483,Coûts,NOM,coût,FR,lemmesAccessibilitéFR
w_FR_VD_2022_24786,FR_VD,VD,2022,24786,coûts,NOM,coût,FR,lemmesAccessibilitéFR
w_FR_VD_2022_24793,FR_VD,VD,2022,24793,coûts,NOM,coût,FR,lemmesAccessibilitéFR
w_FR_VD_2022_25337,FR_VD,VD,2022,25337,Coûts,NOM,coût,FR,lemmesAccessibilitéFR
w_FR_VD_2022_26245,FR_VD,VD,2022,26245,coût,NOM,coût,FR,lemmesAccessibilitéFR
w_FR_VD_2022_30579,FR_VD,VD,2022,30579,coûts,NOM,coût,FR,lemmesAccessibilitéFR
w_FR_VD_2022_30643,FR_VD,VD,2022,30643,coûts,NOM,coût,FR,lemmesAccessibilitéFR
w_FR_VD_2022_30718,FR_VD,VD,2022,30718,coûts,NOM,coût,FR,lemmesAccessibilitéFR
w_FR_VD_2022_30916,FR_VD,VD,2022,30916,coûts,NOM,coût,FR,lemmesAccessibilitéFR
w_FR_VD_2022_31019,FR_VD,VD,2022,31019,coûts,NOM,coût,FR,lemmesAccessibilitéFR
w_FR_VD_2022_31155,FR_VD,VD,2022,31155,Coûts,NOM,coût,FR,lemmesAccessibilitéFR
w_FR_VD_2022_36323,FR_VD,VD,2022,36323,Coûts,NOM,coût,FR,lemmesAccessibilitéFR
w_FR_VD_2022_36734,FR_VD,VD,2022,36734,coût,NOM,coût,FR,lemmesAccessibilitéFR
w_FR_VD_2022_37180,FR_VD,VD,2022,37180,coûts,NOM,coût,FR,lemmesAccessibilitéFR
w_FR_VD_2022_39366,FR_VD,VD,2022,39366,Coûts,NOM,coût,FR,lemmesAccessibilitéFR
w_FR_VD_2022_41369,FR_VD,VD,2022,41369,Coûts,NOM,coût,FR,lemmesAccessibilitéFR
w_FR_VD_2022_42134,FR_VD,VD,2022,42134,coût,NOM,coût,FR,lemmesAccessibilitéFR
w_FR_VD_2022_42653,FR_VD,VD,2022,42653,Coûts,NOM,coût,FR,lemmesAccessibilitéFR
w_FR_VD_2022_44342,FR_VD,VD,2022,44342,Coûts,NOM,coût,FR,lemmesAccessibilitéFR
w_FR_VD_2022_45080,FR_VD,VD,2022,45080,coût,NOM,coût,FR,lemmesAccessibilitéFR
w_FR_VD_2022_45978,FR_VD,VD,2022,45978,Coûts,NOM,coût,FR,lemmesAccessibilitéFR
w_FR_VD_2022_47185,FR_VD,VD,2022,47185,Coûts,NOM,coût,FR,lemmesAccessibilitéFR
w_FR_VD_2022_52094,FR_VD,VD,2022,52094,Coûts,NOM,coût,FR,lemmesAccessibilitéFR
w_FR_VD_2022_52100,FR_VD,VD,2022,52100,Coûts,NOM,coût,FR,lemmesAccessibilitéFR
w_FR_VD_2022_53386,FR_VD,VD,2022,53386,Coûts,NOM,coût,FR,lemmesAccessibilitéFR
w_FR_VD_2022_56698,FR_VD,VD,2022,56698,Coûts,NOM,coût,FR,lemmesAccessibilitéFR
w_FR_VD_2022_57180,FR_VD,VD,2022,57180,coûts,NOM,coût,FR,lemmesAccessibilitéFR
w_FR_VD_2022_57977,FR_VD,VD,2022,57977,Coûts,NOM,coût,FR,lemmesAccessibilitéFR
w_FR_VD_2022_59061,FR_VD,VD,2022,59061,Coûts,NOM,coût,FR,lemmesAccessibilitéFR
w_FR_VD_2022_60768,FR_VD,VD,2022,60768,Coûts,NOM,coût,FR,lemmesAccessibilitéFR
w_FR_VD_2022_61404,FR_VD,VD,2022,61404,coûts,NOM,coût,FR,lemmesAccessibilitéFR
w_FR_VD_2022_61417,FR_VD,VD,2022,61417,coûts,NOM,coût,FR,lemmesAccessibilitéFR
w_FR_VD_2022_61540,FR_VD,VD,2022,61540,coûts,NOM,coût,FR,lemmesAccessibilitéFR
w_FR_VD_2022_62540,FR_VD,VD,2022,62540,Coûts,NOM,coût,FR,lemmesAccessibilitéFR
w_FR_VD_2022_63545,FR_VD,VD,2022,63545,coût,NOM,coût,FR,lemmesAccessibilitéFR
w_FR_VD_2022_63726,FR_VD,VD,2022,63726,coûts,NOM,coût,FR,lemmesAccessibilitéFR
w_FR_VD_2022_64759,FR_VD,VD,2022,64759,coûts,NOM,coût,FR,lemmesAccessibilitéFR
w_FR_VD_2022_64781,FR_VD,VD,2022,64781,Coûts,NOM,coût,FR,lemmesAccessibilitéFR
w_FR_VD_2022_66194,FR_VD,VD,2022,66194,Coûts,NOM,coût,FR,lemmesAccessibilitéFR
w_FR_VD_2022_67395,FR_VD,VD,2022,67395,coûts,NOM,coût,FR,lemmesAccessibilitéFR
w_FR_VD_2022_67485,FR_VD,VD,2022,67485,Coûts,NOM,coût,FR,lemmesAccessibilitéFR
w_FR_VD_2022_75108,FR_VD,VD,2022,75108,Coûts,NOM,coût,FR,lemmesAccessibilitéFR
w_FR_VD_2022_77982,FR_VD,VD,2022,77982,Coûts,NOM,coût,FR,lemmesAccessibilitéFR
w_FR_VD_2022_79834,FR_VD,VD,2022,79834,coût,NOM,coût,FR,lemmesAccessibilitéFR
w_FR_VD_2022_81218,FR_VD,VD,2022,81218,Coûts,NOM,coût,FR,lemmesAccessibilitéFR
w_FR_VD_2022_82693,FR_VD,VD,2022,82693,coût,NOM,coût,FR,lemmesAccessibilitéFR
w_FR_VD_2022_83567,FR_VD,VD,2022,83567,Coûts,NOM,coût,FR,lemmesAccessibilitéFR
w_FR_VD_2022_84922,FR_VD,VD,2022,84922,coût,NOM,coût,FR,lemmesAccessibilitéFR
w_FR_VD_2022_85839,FR_VD,VD,2022,85839,Coûts,NOM,coût,FR,lemmesAccessibilitéFR
w_FR_VD_2022_88025,FR_VD,VD,2022,88025,Coûts,NOM,coût,FR,lemmesAccessibilitéFR
w_FR_VD_2022_92295,FR_VD,VD,2022,92295,Coûts,NOM,coût,FR,lemmesAccessibilitéFR
w_FR_VD_2022_92371,FR_VD,VD,2022,92371,coût,NOM,coût,FR,lemmesAccessibilitéFR
w_FR_VD_2022_92396,FR_VD,VD,2022,92396,coûts,NOM,coût,FR,lemmesAccessibilitéFR
w_FR_VD_2022_94311,FR_VD,VD,2022,94311,Coûts,NOM,coût,FR,lemmesAccessibilitéFR
w_FR_VD_2022_97814,FR_VD,VD,2022,97814,Coûts,NOM,coût,FR,lemmesAccessibilitéFR
w_FR_VD_2022_101179,FR_VD,VD,2022,101179,Coûts,NOM,coût,FR,lemmesAccessibilitéFR
w_FR_VD_2022_102318,FR_VD,VD,2022,102318,coûts,NOM,coût,FR,lemmesAccessibilitéFR
w_FR_VD_2022_102521,FR_VD,VD,2022,102521,coût,NOM,coût,FR,lemmesAccessibilitéFR
w_FR_VD_2022_103327,FR_VD,VD,2022,103327,coût,NOM,coût,FR,lemmesAccessibilitéFR
w_FR_VD_2022_103631,FR_VD,VD,2022,103631,coûts,NOM,coût,FR,lemmesAccessibilitéFR
w_FR_VD_2022_103736,FR_VD,VD,2022,103736,coûts,NOM,coût,FR,lemmesAccessibilitéFR
w_FR_VD_2022_106095,FR_VD,VD,2022,106095,coût,NOM,coût,FR,lemmesAccessibilitéFR
w_FR_VD_2022_106852,FR_VD,VD,2022,106852,coût,NOM,coût,FR,lemmesAccessibilitéFR
w_FR_VD_2022_107543,FR_VD,VD,2022,107543,Coûts,NOM,coût,FR,lemmesAccessibilitéFR
w_FR_VD_2022_109819,FR_VD,VD,2022,109819,coûts,NOM,coût,FR,lemmesAccessibilitéFR
w_FR_VD_2022_110261,FR_VD,VD,2022,110261,Coûts,NOM,coût,FR,lemmesAccessibilitéFR
w_FR_VD_2022_110803,FR_VD,VD,2022,110803,coûts,NOM,coût,FR,lemmesAccessibilitéFR
w_FR_VD_2022_112758,FR_VD,VD,2022,112758,Coûts,NOM,coût,FR,lemmesAccessibilitéFR
w_FR_VD_2022_112794,FR_VD,VD,2022,112794,Coûts,NOM,coût,FR,lemmesAccessibilitéFR
w_FR_VD_2022_115405,FR_VD,VD,2022,115405,Coûts,NOM,coût,FR,lemmesAccessibilitéFR
w_FR_VD_2022_119231,FR_VD,VD,2022,119231,Coûts,NOM,coût,FR,lemmesAccessibilitéFR
w_FR_VD_2022_120903,FR_VD,VD,2022,120903,coût,NOM,coût,FR,lemmesAccessibilitéFR
w_FR_VD_2022_122765,FR_VD,VD,2022,122765,Coûts,NOM,coût,FR,lemmesAccessibilitéFR
w_FR_VD_2022_125358,FR_VD,VD,2022,125358,Coûts,NOM,coût,FR,lemmesAccessibilitéFR
w_FR_VD_2022_127238,FR_VD,VD,2022,127238,Coûts,NOM,coût,FR,lemmesAccessibilitéFR
w_FR_VD_2022_130500,FR_VD,VD,2022,130500,Coûts,NOM,coût,FR,lemmesAccessibilitéFR
w_FR_VD_2022_130537,FR_VD,VD,2022,130537,coût,NOM,coût,FR,lemmesAccessibilitéFR
w_FR_VD_2022_133343,FR_VD,VD,2022,133343,Coûts,NOM,coût,FR,lemmesAccessibilitéFR
w_FR_VD_2022_137621,FR_VD,VD,2022,137621,Coûts,NOM,coût,FR,lemmesAccessibilitéFR
w_FR_VD_2022_137641,FR_VD,VD,2022,137641,coûts,NOM,coût,FR,lemmesAccessibilitéFR
w_FR_VD_2022_140381,FR_VD,VD,2022,140381,Coûts,NOM,coût,FR,lemmesAccessibilitéFR
w_FR_VD_2022_141304,FR_VD,VD,2022,141304,Coûts,NOM,coût,FR,lemmesAccessibilitéFR
w_FR_VD_2022_141310,FR_VD,VD,2022,141310,Coûts,NOM,coût,FR,lemmesAccessibilitéFR
w_FR_VD_2022_141546,FR_VD,VD,2022,141546,coûts,NOM,coût,FR,lemmesAccessibilitéFR
w_FR_VD_2022_142717,FR_VD,VD,2022,142717,coûts,NOM,coût,FR,lemmesAccessibilitéFR
w_FR_VD_2022_143278,FR_VD,VD,2022,143278,coût,NOM,coût,FR,lemmesAccessibilitéFR
w_FR_VD_2022_144167,FR_VD,VD,2022,144167,coût,NOM,coût,FR,lemmesAccessibilitéFR
w_FR_VD_2022_145131,FR_VD,VD,2022,145131,Coûts,NOM,coût,FR,lemmesAccessibilitéFR
w_FR_VD_2022_146752,FR_VD,VD,2022,146752,Coûts,NOM,coût,FR,lemmesAccessibilitéFR
w_FR_VD_2022_148774,FR_VD,VD,2022,148774,coûts,NOM,coût,FR,lemmesAccessibilitéFR
w_FR_VD_2022_148889,FR_VD,VD,2022,148889,Coûts,NOM,coût,FR,lemmesAccessibilitéFR
w_FR_VD_2022_150570,FR_VD,VD,2022,150570,Coûts,NOM,coût,FR,lemmesAccessibilitéFR
w_FR_VD_2022_152671,FR_VD,VD,2022,152671,Coûts,NOM,coût,FR,lemmesAccessibilitéFR
w_FR_VD_2022_153626,FR_VD,VD,2022,153626,coûts,NOM,coût,FR,lemmesAccessibilitéFR
w_FR_VD_2022_154385,FR_VD,VD,2022,154385,Coûts,NOM,coût,FR,lemmesAccessibilitéFR
w_FR_VD_2022_158240,FR_VD,VD,2022,158240,Coûts,NOM,coût,FR,lemmesAccessibilitéFR
w_FR_VD_2022_158976,FR_VD,VD,2022,158976,coût,NOM,coût,FR,lemmesAccessibilitéFR
w_FR_VD_2022_158986,FR_VD,VD,2022,158986,coûts,NOM,coût,FR,lemmesAccessibilitéFR
w_FR_VD_2022_158992,FR_VD,VD,2022,158992,coût,NOM,coût,FR,lemmesAccessibilitéFR
w_FR_VD_2022_159516,FR_VD,VD,2022,159516,coût,NOM,coût,FR,lemmesAccessibilitéFR
w_FR_VD_2022_159606,FR_VD,VD,2022,159606,coût,NOM,coût,FR,lemmesAccessibilitéFR
w_FR_VD_2022_159647,FR_VD,VD,2022,159647,coût,NOM,coût,FR,lemmesAccessibilitéFR
w_FR_VD_2022_159684,FR_VD,VD,2022,159684,Coûts,NOM,coût,FR,lemmesAccessibilitéFR
w_FR_VD_2022_160405,FR_VD,VD,2022,160405,coûts,NOM,coût,FR,lemmesAccessibilitéFR
w_FR_VD_2022_175168,FR_VD,VD,2022,175168,coût,NOM,coût,FR,lemmesAccessibilitéFR
w_FR_VD_2022_184408,FR_VD,VD,2022,184408,coût,NOM,coût,FR,lemmesAccessibilitéFR
w_FR_VD_2022_184412,FR_VD,VD,2022,184412,coût,NOM,coût,FR,lemmesAccessibilitéFR
w_FR_VD_2022_184423,FR_VD,VD,2022,184423,coût,NOM,coût,FR,lemmesAccessibilitéFR
w_FR_VD_2022_184442,FR_VD,VD,2022,184442,coût,NOM,coût,FR,lemmesAccessibilitéFR
w_FR_VD_2022_184459,FR_VD,VD,2022,184459,coût,NOM,coût,FR,lemmesAccessibilitéFR
w_FR_VD_2022_187660,FR_VD,VD,2022,187660,coûts,NOM,coût,FR,lemmesAccessibilitéFR
w_FR_VS_2019_22070,FR_VS,VS,2019,22070,coûts,NOM,coût,FR,lemmesAccessibilitéFR
w_FR_VS_2019_22133,FR_VS,VS,2019,22133,coûts,NOM,coût,FR,lemmesAccessibilitéFR
w_FR_VS_2019_24022,FR_VS,VS,2019,24022,coûts,NOM,coût,FR,lemmesAccessibilitéFR
w_FR_VS_2019_31152,FR_VS,VS,2019,31152,coûts,NOM,coût,FR,lemmesAccessibilitéFR
w_FR_VS_2019_40657,FR_VS,VS,2019,40657,coûts,NOM,coût,FR,lemmesAccessibilitéFR
w_FR_VS_2019_41327,FR_VS,VS,2019,41327,coûts,NOM,coût,FR,lemmesAccessibilitéFR
w_FR_VS_2019_55182,FR_VS,VS,2019,55182,coûts,NOM,coût,FR,lemmesAccessibilitéFR
w_FR_VS_2019_63504,FR_VS,VS,2019,63504,coûts,NOM,coût,FR,lemmesAccessibilitéFR
w_FR_VS_2019_70740,FR_VS,VS,2019,70740,coûts,NOM,coût,FR,lemmesAccessibilitéFR
w_FR_VS_2019_71123,FR_VS,VS,2019,71123,coûts,NOM,coût,FR,lemmesAccessibilitéFR
w_FR_VS_2019_78624,FR_VS,VS,2019,78624,coût,NOM,coût,FR,lemmesAccessibilitéFR
w_FR_VS_2019_91269,FR_VS,VS,2019,91269,coûts,NOM,coût,FR,lemmesAccessibilitéFR
w_FR_VS_2019_102219,FR_VS,VS,2019,102219,coûts,NOM,coût,FR,lemmesAccessibilitéFR
w_FR_VS_2019_105738,FR_VS,VS,2019,105738,coûts,NOM,coût,FR,lemmesAccessibilitéFR
w_FR_VS_2019_111152,FR_VS,VS,2019,111152,coût,NOM,coût,FR,lemmesAccessibilitéFR
w_FR_VS_2019_111200,FR_VS,VS,2019,111200,coûts,NOM,coût,FR,lemmesAccessibilitéFR
w_FR_VS_2019_118013,FR_VS,VS,2019,118013,coûts,NOM,coût,FR,lemmesAccessibilitéFR
w_FR_BE_2008_2854,FR_BE,BE,2008,2854,coûts,NOM,coût,FR,lemmesAccessibilitéFR
w_FR_BE_2008_12175,FR_BE,BE,2008,12175,coûts,NOM,coût,FR,lemmesAccessibilitéFR
w_FR_BE_2008_12231,FR_BE,BE,2008,12231,coût,NOM,coût,FR,lemmesAccessibilitéFR
w_FR_BE_2008_12351,FR_BE,BE,2008,12351,coûts,NOM,coût,FR,lemmesAccessibilitéFR
w_FR_BE_2008_12439,FR_BE,BE,2008,12439,coûts,NOM,coût,FR,lemmesAccessibilitéFR
w_FR_BE_2008_12453,FR_BE,BE,2008,12453,coût,NOM,coût,FR,lemmesAccessibilitéFR
w_FR_BE_2008_12504,FR_BE,BE,2008,12504,coûts,NOM,coût,FR,lemmesAccessibilitéFR
w_FR_BE_2008_12509,FR_BE,BE,2008,12509,coûts,NOM,coût,FR,lemmesAccessibilitéFR
w_FR_BE_2008_17965,FR_BE,BE,2008,17965,coûts,NOM,coût,FR,lemmesAccessibilitéFR
w_FR_BE_2008_19680,FR_BE,BE,2008,19680,coûts,NOM,coût,FR,lemmesAccessibilitéFR
w_FR_BE_2008_20956,FR_BE,BE,2008,20956,coût,NOM,coût,FR,lemmesAccessibilitéFR
w_FR_BE_2008_20967,FR_BE,BE,2008,20967,coût,NOM,coût,FR,lemmesAccessibilitéFR
w_FR_BE_2008_21057,FR_BE,BE,2008,21057,coûts,NOM,coût,FR,lemmesAccessibilitéFR
w_FR_BE_2008_24202,FR_BE,BE,2008,24202,coûts,NOM,coût,FR,lemmesAccessibilitéFR
w_FR_BE_2008_27289,FR_BE,BE,2008,27289,coûts,NOM,coût,FR,lemmesAccessibilitéFR
w_FR_BE_2008_29363,FR_BE,BE,2008,29363,coûts,NOM,coût,FR,lemmesAccessibilitéFR
w_FR_BE_2008_29581,FR_BE,BE,2008,29581,coûts,NOM,coût,FR,lemmesAccessibilitéFR
w_FR_BE_2008_29583,FR_BE,BE,2008,29583,coûts,NOM,coût,FR,lemmesAccessibilitéFR
w_FR_BE_2008_29613,FR_BE,BE,2008,29613,coûts,NOM,coût,FR,lemmesAccessibilitéFR
w_FR_BE_2008_29647,FR_BE,BE,2008,29647,coûts,NOM,coût,FR,lemmesAccessibilitéFR
w_FR_BE_2008_30077,FR_BE,BE,2008,30077,coûts,NOM,coût,FR,lemmesAccessibilitéFR
w_FR_BE_2008_30695,FR_BE,BE,2008,30695,coûts,NOM,coût,FR,lemmesAccessibilitéFR
w_FR_BE_2008_32581,FR_BE,BE,2008,32581,coûts,NOM,coût,FR,lemmesAccessibilitéFR
w_FR_BE_2008_34138,FR_BE,BE,2008,34138,coûts,NOM,coût,FR,lemmesAccessibilitéFR
w_FR_BE_2008_34221,FR_BE,BE,2008,34221,coût,NOM,coût,FR,lemmesAccessibilitéFR
w_FR_BE_2008_45671,FR_BE,BE,2008,45671,Coûts,NOM,coût,FR,lemmesAccessibilitéFR
w_FR_BE_2008_45675,FR_BE,BE,2008,45675,coûts,NOM,coût,FR,lemmesAccessibilitéFR
w_FR_BE_2008_45697,FR_BE,BE,2008,45697,coûts,NOM,coût,FR,lemmesAccessibilitéFR
w_FR_BE_2008_45708,FR_BE,BE,2008,45708,coût,NOM,coût,FR,lemmesAccessibilitéFR
w_FR_BE_2008_45759,FR_BE,BE,2008,45759,coûts,NOM,coût,FR,lemmesAccessibilitéFR
w_FR_BE_2008_52912,FR_BE,BE,2008,52912,coût,NOM,coût,FR,lemmesAccessibilitéFR
w_FR_BE_2008_57651,FR_BE,BE,2008,57651,coûts,NOM,coût,FR,lemmesAccessibilitéFR
w_FR_BE_2008_58854,FR_BE,BE,2008,58854,Coûts,NOM,coût,FR,lemmesAccessibilitéFR
w_FR_BE_2008_59059,FR_BE,BE,2008,59059,coûts,NOM,coût,FR,lemmesAccessibilitéFR
w_FR_BE_2008_59766,FR_BE,BE,2008,59766,Coûts,NOM,coût,FR,lemmesAccessibilitéFR
w_FR_BE_2008_59861,FR_BE,BE,2008,59861,coûts,NOM,coût,FR,lemmesAccessibilitéFR
w_FR_BE_2008_60032,FR_BE,BE,2008,60032,coût,NOM,coût,FR,lemmesAccessibilitéFR
w_FR_BE_2008_60618,FR_BE,BE,2008,60618,Coûts,NOM,coût,FR,lemmesAccessibilitéFR
w_FR_BE_2008_61545,FR_BE,BE,2008,61545,Coûts,NOM,coût,FR,lemmesAccessibilitéFR
w_FR_BE_2008_61634,FR_BE,BE,2008,61634,Coûts,NOM,coût,FR,lemmesAccessibilitéFR
w_FR_BE_2008_61707,FR_BE,BE,2008,61707,coûts,NOM,coût,FR,lemmesAccessibilitéFR
w_FR_BE_2008_62612,FR_BE,BE,2008,62612,coûts,NOM,coût,FR,lemmesAccessibilitéFR
w_FR_BE_2008_64290,FR_BE,BE,2008,64290,coûts,NOM,coût,FR,lemmesAccessibilitéFR
w_FR_BE_2008_64303,FR_BE,BE,2008,64303,coûts,NOM,coût,FR,lemmesAccessibilitéFR
w_FR_BE_2008_64321,FR_BE,BE,2008,64321,coûts,NOM,coût,FR,lemmesAccessibilitéFR
w_FR_BE_2008_66695,FR_BE,BE,2008,66695,Coûts,NOM,coût,FR,lemmesAccessibilitéFR
w_FR_BE_2008_66783,FR_BE,BE,2008,66783,coûts,NOM,coût,FR,lemmesAccessibilitéFR
w_FR_BE_2008_68232,FR_BE,BE,2008,68232,Coûts,NOM,coût,FR,lemmesAccessibilitéFR
w_FR_BE_2008_69124,FR_BE,BE,2008,69124,Coûts,NOM,coût,FR,lemmesAccessibilitéFR
w_FR_BE_2008_69295,FR_BE,BE,2008,69295,coûts,NOM,coût,FR,lemmesAccessibilitéFR
w_FR_BE_2008_69317,FR_BE,BE,2008,69317,coûts,NOM,coût,FR,lemmesAccessibilitéFR
w_FR_BE_2008_70661,FR_BE,BE,2008,70661,Coûts,NOM,coût,FR,lemmesAccessibilitéFR
w_FR_BE_2008_70873,FR_BE,BE,2008,70873,coûts,NOM,coût,FR,lemmesAccessibilitéFR
w_FR_BE_2008_70993,FR_BE,BE,2008,70993,coûts,NOM,coût,FR,lemmesAccessibilitéFR
w_FR_BE_2008_71117,FR_BE,BE,2008,71117,coûts,NOM,coût,FR,lemmesAccessibilitéFR
w_FR_BE_2008_71305,FR_BE,BE,2008,71305,Coûts,NOM,coût,FR,lemmesAccessibilitéFR
w_FR_BE_2008_71412,FR_BE,BE,2008,71412,coûts,NOM,coût,FR,lemmesAccessibilitéFR
w_FR_BE_2008_71449,FR_BE,BE,2008,71449,coûts,NOM,coût,FR,lemmesAccessibilitéFR
w_FR_BE_2008_71829,FR_BE,BE,2008,71829,Coûts,NOM,coût,FR,lemmesAccessibilitéFR
w_FR_BE_2008_72287,FR_BE,BE,2008,72287,Coûts,NOM,coût,FR,lemmesAccessibilitéFR
w_FR_BE_2008_73180,FR_BE,BE,2008,73180,coût,NOM,coût,FR,lemmesAccessibilitéFR
w_FR_BE_2008_76620,FR_BE,BE,2008,76620,Coûts,NOM,coût,FR,lemmesAccessibilitéFR
w_FR_BE_2008_76718,FR_BE,BE,2008,76718,coûts,NOM,coût,FR,lemmesAccessibilitéFR
w_FR_BE_2008_76897,FR_BE,BE,2008,76897,coût,NOM,coût,FR,lemmesAccessibilitéFR
w_FR_BE_2008_77276,FR_BE,BE,2008,77276,Coûts,NOM,coût,FR,lemmesAccessibilitéFR
w_FR_BE_2008_79387,FR_BE,BE,2008,79387,Coûts,NOM,coût,FR,lemmesAccessibilitéFR
w_FR_BE_2008_80573,FR_BE,BE,2008,80573,coûts,NOM,coût,FR,lemmesAccessibilitéFR
w_FR_BE_2008_81016,FR_BE,BE,2008,81016,Coûts,NOM,coût,FR,lemmesAccessibilitéFR
w_FR_BE_2008_81824,FR_BE,BE,2008,81824,Coûts,NOM,coût,FR,lemmesAccessibilitéFR
w_FR_BE_2008_81912,FR_BE,BE,2008,81912,Coûts,NOM,coût,FR,lemmesAccessibilitéFR
w_FR_BE_2008_82243,FR_BE,BE,2008,82243,Coûts,NOM,coût,FR,lemmesAccessibilitéFR
w_FR_BE_2008_82257,FR_BE,BE,2008,82257,Coûts,NOM,coût,FR,lemmesAccessibilitéFR
w_FR_BE_2008_82426,FR_BE,BE,2008,82426,coûts,NOM,coût,FR,lemmesAccessibilitéFR
w_FR_BE_2008_82480,FR_BE,BE,2008,82480,coûts,NOM,coût,FR,lemmesAccessibilitéFR
w_FR_BE_2008_82495,FR_BE,BE,2008,82495,Coûts,NOM,coût,FR,lemmesAccessibilitéFR
w_FR_BE_2008_82513,FR_BE,BE,2008,82513,Coûts,NOM,coût,FR,lemmesAccessibilitéFR
w_FR_BE_2008_83598,FR_BE,BE,2008,83598,Coûts,NOM,coût,FR,lemmesAccessibilitéFR
w_FR_BE_2008_83687,FR_BE,BE,2008,83687,Coûts,NOM,coût,FR,lemmesAccessibilitéFR
w_FR_BE_2008_84459,FR_BE,BE,2008,84459,Coûts,NOM,coût,FR,lemmesAccessibilitéFR
w_FR_BE_2008_86043,FR_BE,BE,2008,86043,Coûts,NOM,coût,FR,lemmesAccessibilitéFR
w_FR_BE_2008_86136,FR_BE,BE,2008,86136,Coûts,NOM,coût,FR,lemmesAccessibilitéFR
w_FR_BE_2008_86571,FR_BE,BE,2008,86571,Coûts,NOM,coût,FR,lemmesAccessibilitéFR
w_FR_BE_2008_86649,FR_BE,BE,2008,86649,coûts,NOM,coût,FR,lemmesAccessibilitéFR
w_FR_BE_2008_87426,FR_BE,BE,2008,87426,Coûts,NOM,coût,FR,lemmesAccessibilitéFR
w_FR_BE_2008_87903,FR_BE,BE,2008,87903,Coûts,NOM,coût,FR,lemmesAccessibilitéFR
w_FR_BE_2008_88440,FR_BE,BE,2008,88440,Coûts,NOM,coût,FR,lemmesAccessibilitéFR
w_FR_BE_2008_88873,FR_BE,BE,2008,88873,Coûts,NOM,coût,FR,lemmesAccessibilitéFR
w_FR_BE_2008_89543,FR_BE,BE,2008,89543,Coûts,NOM,coût,FR,lemmesAccessibilitéFR
w_FR_BE_2008_89638,FR_BE,BE,2008,89638,coûts,NOM,coût,FR,lemmesAccessibilitéFR
w_FR_BE_2008_90181,FR_BE,BE,2008,90181,Coûts,NOM,coût,FR,lemmesAccessibilitéFR
w_FR_BE_2008_90271,FR_BE,BE,2008,90271,coûts,NOM,coût,FR,lemmesAccessibilitéFR
w_FR_BE_2008_90749,FR_BE,BE,2008,90749,Coûts,NOM,coût,FR,lemmesAccessibilitéFR
w_FR_BE_2008_91288,FR_BE,BE,2008,91288,Coûts,NOM,coût,FR,lemmesAccessibilitéFR
w_FR_BE_2008_91366,FR_BE,BE,2008,91366,coûts,NOM,coût,FR,lemmesAccessibilitéFR
w_FR_BE_2008_91429,FR_BE,BE,2008,91429,coûts,NOM,coût,FR,lemmesAccessibilitéFR
w_FR_BE_2008_92068,FR_BE,BE,2008,92068,Coûts,NOM,coût,FR,lemmesAccessibilitéFR
w_FR_BE_2008_92150,FR_BE,BE,2008,92150,coûts,NOM,coût,FR,lemmesAccessibilitéFR
w_FR_VD_2008_1851,FR_VD,VD,2008,1851,Coûts,NOM,coût,FR,lemmesAccessibilitéFR
w_FR_VD_2008_1871,FR_VD,VD,2008,1871,coût,NOM,coût,FR,lemmesAccessibilitéFR
w_FR_VD_2008_1895,FR_VD,VD,2008,1895,coût,NOM,coût,FR,lemmesAccessibilitéFR
w_FR_VD_2008_1913,FR_VD,VD,2008,1913,coût,NOM,coût,FR,lemmesAccessibilitéFR
w_FR_VD_2008_2890,FR_VD,VD,2008,2890,coûts,NOM,coût,FR,lemmesAccessibilitéFR
w_FR_VD_2008_2895,FR_VD,VD,2008,2895,coûts,NOM,coût,FR,lemmesAccessibilitéFR
w_FR_VD_2008_4378,FR_VD,VD,2008,4378,Coûts,NOM,coût,FR,lemmesAccessibilitéFR
w_FR_VD_2008_4760,FR_VD,VD,2008,4760,coûts,NOM,coût,FR,lemmesAccessibilitéFR
w_FR_VD_2008_5638,FR_VD,VD,2008,5638,Coûts,NOM,coût,FR,lemmesAccessibilitéFR
w_FR_VD_2008_5651,FR_VD,VD,2008,5651,coûts,NOM,coût,FR,lemmesAccessibilitéFR
w_FR_VD_2008_5665,FR_VD,VD,2008,5665,coûts,NOM,coût,FR,lemmesAccessibilitéFR
w_FR_VD_2008_7268,FR_VD,VD,2008,7268,Coûts,NOM,coût,FR,lemmesAccessibilitéFR
w_FR_VD_2008_7633,FR_VD,VD,2008,7633,coûts,NOM,coût,FR,lemmesAccessibilitéFR
w_FR_VD_2008_7639,FR_VD,VD,2008,7639,coûts,NOM,coût,FR,lemmesAccessibilitéFR
w_FR_VD_2008_8163,FR_VD,VD,2008,8163,Coûts,NOM,coût,FR,lemmesAccessibilitéFR
w_FR_VD_2008_10405,FR_VD,VD,2008,10405,coûts,NOM,coût,FR,lemmesAccessibilitéFR
w_FR_VD_2008_10467,FR_VD,VD,2008,10467,coûts,NOM,coût,FR,lemmesAccessibilitéFR
w_FR_VD_2008_10517,FR_VD,VD,2008,10517,coûts,NOM,coût,FR,lemmesAccessibilitéFR
w_FR_VD_2008_10704,FR_VD,VD,2008,10704,coûts,NOM,coût,FR,lemmesAccessibilitéFR
w_FR_VD_2008_10817,FR_VD,VD,2008,10817,coûts,NOM,coût,FR,lemmesAccessibilitéFR
w_FR_VD_2008_10926,FR_VD,VD,2008,10926,Coûts,NOM,coût,FR,lemmesAccessibilitéFR
w_FR_VD_2008_10942,FR_VD,VD,2008,10942,Coûts,NOM,coût,FR,lemmesAccessibilitéFR
w_FR_VD_2008_12211,FR_VD,VD,2008,12211,Coûts,NOM,coût,FR,lemmesAccessibilitéFR
w_FR_VD_2008_13705,FR_VD,VD,2008,13705,Coûts,NOM,coût,FR,lemmesAccessibilitéFR
w_FR_VD_2008_14065,FR_VD,VD,2008,14065,coût,NOM,coût,FR,lemmesAccessibilitéFR
w_FR_VD_2008_15217,FR_VD,VD,2008,15217,Coûts,NOM,coût,FR,lemmesAccessibilitéFR
w_FR_VD_2008_16107,FR_VD,VD,2008,16107,Coûts,NOM,coût,FR,lemmesAccessibilitéFR
w_FR_VD_2008_17197,FR_VD,VD,2008,17197,Coûts,NOM,coût,FR,lemmesAccessibilitéFR
w_FR_VD_2008_17961,FR_VD,VD,2008,17961,coût,NOM,coût,FR,lemmesAccessibilitéFR
w_FR_VD_2008_18391,FR_VD,VD,2008,18391,Coûts,NOM,coût,FR,lemmesAccessibilitéFR
w_FR_VD_2008_20085,FR_VD,VD,2008,20085,Coûts,NOM,coût,FR,lemmesAccessibilitéFR
w_FR_VD_2008_21516,FR_VD,VD,2008,21516,Coûts,NOM,coût,FR,lemmesAccessibilitéFR
w_FR_VD_2008_22709,FR_VD,VD,2008,22709,Coûts,NOM,coût,FR,lemmesAccessibilitéFR
w_FR_VD_2008_26556,FR_VD,VD,2008,26556,Coûts,NOM,coût,FR,lemmesAccessibilitéFR
w_FR_VD_2008_26561,FR_VD,VD,2008,26561,Coûts,NOM,coût,FR,lemmesAccessibilitéFR
w_FR_VD_2008_27725,FR_VD,VD,2008,27725,Coûts,NOM,coût,FR,lemmesAccessibilitéFR
w_FR_VD_2008_28317,FR_VD,VD,2008,28317,coûts,NOM,coût,FR,lemmesAccessibilitéFR
w_FR_VD_2008_29355,FR_VD,VD,2008,29355,Coûts,NOM,coût,FR,lemmesAccessibilitéFR
w_FR_VD_2008_29801,FR_VD,VD,2008,29801,coûts,NOM,coût,FR,lemmesAccessibilitéFR
w_FR_VD_2008_30457,FR_VD,VD,2008,30457,Coûts,NOM,coût,FR,lemmesAccessibilitéFR
w_FR_VD_2008_31567,FR_VD,VD,2008,31567,Coûts,NOM,coût,FR,lemmesAccessibilitéFR
w_FR_VD_2008_33141,FR_VD,VD,2008,33141,Coûts,NOM,coût,FR,lemmesAccessibilitéFR
w_FR_VD_2008_33507,FR_VD,VD,2008,33507,coût,NOM,coût,FR,lemmesAccessibilitéFR
w_FR_VD_2008_34135,FR_VD,VD,2008,34135,Coûts,NOM,coût,FR,lemmesAccessibilitéFR
w_FR_VD_2008_34849,FR_VD,VD,2008,34849,coûts,NOM,coût,FR,lemmesAccessibilitéFR
w_FR_VD_2008_34862,FR_VD,VD,2008,34862,coûts,NOM,coût,FR,lemmesAccessibilitéFR
w_FR_VD_2008_34985,FR_VD,VD,2008,34985,coûts,NOM,coût,FR,lemmesAccessibilitéFR
w_FR_VD_2008_35971,FR_VD,VD,2008,35971,Coûts,NOM,coût,FR,lemmesAccessibilitéFR
w_FR_VD_2008_36559,FR_VD,VD,2008,36559,coût,NOM,coût,FR,lemmesAccessibilitéFR
w_FR_VD_2008_36720,FR_VD,VD,2008,36720,coûts,NOM,coût,FR,lemmesAccessibilitéFR
w_FR_VD_2008_37665,FR_VD,VD,2008,37665,coûts,NOM,coût,FR,lemmesAccessibilitéFR
w_FR_VD_2008_37701,FR_VD,VD,2008,37701,Coûts,NOM,coût,FR,lemmesAccessibilitéFR
w_FR_VD_2008_38932,FR_VD,VD,2008,38932,Coûts,NOM,coût,FR,lemmesAccessibilitéFR
w_FR_VD_2008_40106,FR_VD,VD,2008,40106,coûts,NOM,coût,FR,lemmesAccessibilitéFR
w_FR_VD_2008_40194,FR_VD,VD,2008,40194,Coûts,NOM,coût,FR,lemmesAccessibilitéFR
w_FR_VD_2008_40200,FR_VD,VD,2008,40200,Coûts,NOM,coût,FR,lemmesAccessibilitéFR
w_FR_VD_2008_44630,FR_VD,VD,2008,44630,Coûts,NOM,coût,FR,lemmesAccessibilitéFR
w_FR_VD_2008_47517,FR_VD,VD,2008,47517,Coûts,NOM,coût,FR,lemmesAccessibilitéFR
w_FR_VD_2008_48824,FR_VD,VD,2008,48824,coût,NOM,coût,FR,lemmesAccessibilitéFR
w_FR_VD_2008_50127,FR_VD,VD,2008,50127,Coûts,NOM,coût,FR,lemmesAccessibilitéFR
w_FR_VD_2008_51639,FR_VD,VD,2008,51639,coût,NOM,coût,FR,lemmesAccessibilitéFR
w_FR_VD_2008_52482,FR_VD,VD,2008,52482,Coûts,NOM,coût,FR,lemmesAccessibilitéFR
w_FR_VD_2008_53910,FR_VD,VD,2008,53910,coût,NOM,coût,FR,lemmesAccessibilitéFR
w_FR_VD_2008_54773,FR_VD,VD,2008,54773,Coûts,NOM,coût,FR,lemmesAccessibilitéFR
w_FR_VD_2008_56070,FR_VD,VD,2008,56070,coût,NOM,coût,FR,lemmesAccessibilitéFR
w_FR_VD_2008_57308,FR_VD,VD,2008,57308,Coûts,NOM,coût,FR,lemmesAccessibilitéFR
w_FR_VD_2008_60057,FR_VD,VD,2008,60057,Coûts,NOM,coût,FR,lemmesAccessibilitéFR
w_FR_VD_2008_61306,FR_VD,VD,2008,61306,Coûts,NOM,coût,FR,lemmesAccessibilitéFR
w_FR_VD_2008_62553,FR_VD,VD,2008,62553,Coûts,NOM,coût,FR,lemmesAccessibilitéFR
w_FR_VD_2008_64162,FR_VD,VD,2008,64162,Coûts,NOM,coût,FR,lemmesAccessibilitéFR
w_FR_VD_2008_65353,FR_VD,VD,2008,65353,coût,NOM,coût,FR,lemmesAccessibilitéFR
w_FR_VD_2008_65648,FR_VD,VD,2008,65648,coût,NOM,coût,FR,lemmesAccessibilitéFR
w_FR_VD_2008_65656,FR_VD,VD,2008,65656,coûts,NOM,coût,FR,lemmesAccessibilitéFR
w_FR_VD_2008_65762,FR_VD,VD,2008,65762,coûts,NOM,coût,FR,lemmesAccessibilitéFR
w_FR_VD_2008_66664,FR_VD,VD,2008,66664,coût,NOM,coût,FR,lemmesAccessibilitéFR
w_FR_VD_2008_67329,FR_VD,VD,2008,67329,coût,NOM,coût,FR,lemmesAccessibilitéFR
w_FR_VD_2008_67927,FR_VD,VD,2008,67927,Coûts,NOM,coût,FR,lemmesAccessibilitéFR
w_FR_VD_2008_71443,FR_VD,VD,2008,71443,Coûts,NOM,coût,FR,lemmesAccessibilitéFR
w_FR_VD_2008_71873,FR_VD,VD,2008,71873,coûts,NOM,coût,FR,lemmesAccessibilitéFR
w_FR_VD_2008_73819,FR_VD,VD,2008,73819,Coûts,NOM,coût,FR,lemmesAccessibilitéFR
w_FR_VD_2008_73853,FR_VD,VD,2008,73853,Coûts,NOM,coût,FR,lemmesAccessibilitéFR
w_FR_VD_2008_75631,FR_VD,VD,2008,75631,Coûts,NOM,coût,FR,lemmesAccessibilitéFR
w_FR_VD_2008_78178,FR_VD,VD,2008,78178,Coûts,NOM,coût,FR,lemmesAccessibilitéFR
w_FR_VD_2008_79619,FR_VD,VD,2008,79619,coût,NOM,coût,FR,lemmesAccessibilitéFR
w_FR_VD_2008_81020,FR_VD,VD,2008,81020,Coûts,NOM,coût,FR,lemmesAccessibilitéFR
w_FR_VD_2008_83317,FR_VD,VD,2008,83317,Coûts,NOM,coût,FR,lemmesAccessibilitéFR
w_FR_VD_2008_85103,FR_VD,VD,2008,85103,Coûts,NOM,coût,FR,lemmesAccessibilitéFR
w_FR_VD_2008_87548,FR_VD,VD,2008,87548,Coûts,NOM,coût,FR,lemmesAccessibilitéFR
w_FR_VD_2008_89542,FR_VD,VD,2008,89542,Coûts,NOM,coût,FR,lemmesAccessibilitéFR
w_FR_VD_2008_90497,FR_VD,VD,2008,90497,Coûts,NOM,coût,FR,lemmesAccessibilitéFR
w_FR_VD_2008_90503,FR_VD,VD,2008,90503,Coûts,NOM,coût,FR,lemmesAccessibilitéFR
w_FR_VD_2008_91265,FR_VD,VD,2008,91265,coûts,NOM,coût,FR,lemmesAccessibilitéFR
w_FR_VD_2008_91815,FR_VD,VD,2008,91815,coût,NOM,coût,FR,lemmesAccessibilitéFR
w_FR_VD_2008_92481,FR_VD,VD,2008,92481,coût,NOM,coût,FR,lemmesAccessibilitéFR
w_FR_VD_2008_93306,FR_VD,VD,2008,93306,Coûts,NOM,coût,FR,lemmesAccessibilitéFR
w_FR_VD_2008_94497,FR_VD,VD,2008,94497,Coûts,NOM,coût,FR,lemmesAccessibilitéFR
w_FR_VD_2008_96138,FR_VD,VD,2008,96138,Coûts,NOM,coût,FR,lemmesAccessibilitéFR
w_FR_VD_2008_97608,FR_VD,VD,2008,97608,Coûts,NOM,coût,FR,lemmesAccessibilitéFR
w_FR_VD_2008_99574,FR_VD,VD,2008,99574,Coûts,NOM,coût,FR,lemmesAccessibilitéFR
w_FR_VD_2008_100472,FR_VD,VD,2008,100472,coût,NOM,coût,FR,lemmesAccessibilitéFR
w_FR_VD_2008_101257,FR_VD,VD,2008,101257,Coûts,NOM,coût,FR,lemmesAccessibilitéFR
w_FR_VD_2008_102847,FR_VD,VD,2008,102847,Coûts,NOM,coût,FR,lemmesAccessibilitéFR
w_FR_VD_2008_103439,FR_VD,VD,2008,103439,coût,NOM,coût,FR,lemmesAccessibilitéFR
w_FR_VD_2008_103449,FR_VD,VD,2008,103449,coûts,NOM,coût,FR,lemmesAccessibilitéFR
w_FR_VD_2008_103455,FR_VD,VD,2008,103455,coût,NOM,coût,FR,lemmesAccessibilitéFR
w_FR_VD_2008_103906,FR_VD,VD,2008,103906,coût,NOM,coût,FR,lemmesAccessibilitéFR
w_FR_VD_2008_103994,FR_VD,VD,2008,103994,coût,NOM,coût,FR,lemmesAccessibilitéFR
w_FR_VD_2008_104026,FR_VD,VD,2008,104026,coût,NOM,coût,FR,lemmesAccessibilitéFR
w_FR_VD_2008_104065,FR_VD,VD,2008,104065,Coûts,NOM,coût,FR,lemmesAccessibilitéFR
w_FR_VD_2008_104749,FR_VD,VD,2008,104749,Coûts,NOM,coût,FR,lemmesAccessibilitéFR
w_FR_VD_2008_122806,FR_VD,VD,2008,122806,coûts,NOM,coût,FR,lemmesAccessibilitéFR
w_FR_VD_2008_124206,FR_VD,VD,2008,124206,Coûts,NOM,coût,FR,lemmesAccessibilitéFR
w_FR_VD_2008_126793,FR_VD,VD,2008,126793,coûts,NOM,coût,FR,lemmesAccessibilitéFR
w_FR_VD_2008_131275,FR_VD,VD,2008,131275,coût,NOM,coût,FR,lemmesAccessibilitéFR
w_FR_VD_2008_133358,FR_VD,VD,2008,133358,coût,NOM,coût,FR,lemmesAccessibilitéFR
w_FR_VD_2008_142541,FR_VD,VD,2008,142541,coûts,NOM,coût,FR,lemmesAccessibilitéFR
w_FR_VD_2008_142799,FR_VD,VD,2008,142799,coût,NOM,coût,FR,lemmesAccessibilitéFR
w_FR_VD_2008_147237,FR_VD,VD,2008,147237,coûts,NOM,coût,FR,lemmesAccessibilitéFR
w_FR_VD_2008_149728,FR_VD,VD,2008,149728,coût,NOM,coût,FR,lemmesAccessibilitéFR
w_FR_VD_2008_155038,FR_VD,VD,2008,155038,coût,NOM,coût,FR,lemmesAccessibilitéFR
w_FR_VD_2008_155042,FR_VD,VD,2008,155042,coût,NOM,coût,FR,lemmesAccessibilitéFR
w_FR_VD_2008_155053,FR_VD,VD,2008,155053,coût,NOM,coût,FR,lemmesAccessibilitéFR
w_FR_VD_2008_155072,FR_VD,VD,2008,155072,coût,NOM,coût,FR,lemmesAccessibilitéFR
w_FR_VD_2008_155089,FR_VD,VD,2008,155089,coût,NOM,coût,FR,lemmesAccessibilitéFR
w_FR_VD_2008_158177,FR_VD,VD,2008,158177,coûts,NOM,coût,FR,lemmesAccessibilitéFR
w_FR_NE_2011_20936,FR_NE,NE,2011,20936,coût,NOM,coût,FR,lemmesAccessibilitéFR
w_FR_NE_2011_22337,FR_NE,NE,2011,22337,coût,NOM,coût,FR,lemmesAccessibilitéFR
w_FR_NE_2011_22517,FR_NE,NE,2011,22517,coût,NOM,coût,FR,lemmesAccessibilitéFR
w_FR_NE_2011_22626,FR_NE,NE,2011,22626,coût,NOM,coût,FR,lemmesAccessibilitéFR
w_FR_NE_2011_44574,FR_NE,NE,2011,44574,coût,NOM,coût,FR,lemmesAccessibilitéFR
w_FR_NE_2011_47290,FR_NE,NE,2011,47290,coût,NOM,coût,FR,lemmesAccessibilitéFR
w_FR_NE_2011_49777,FR_NE,NE,2011,49777,coût,NOM,coût,FR,lemmesAccessibilitéFR
w_FR_NE_2011_51256,FR_NE,NE,2011,51256,coût,NOM,coût,FR,lemmesAccessibilitéFR
w_FR_NE_2011_66478,FR_NE,NE,2011,66478,coût,NOM,coût,FR,lemmesAccessibilitéFR
w_FR_NE_2011_73049,FR_NE,NE,2011,73049,coût,NOM,coût,FR,lemmesAccessibilitéFR
w_FR_NE_2011_75658,FR_NE,NE,2011,75658,coût,NOM,coût,FR,lemmesAccessibilitéFR
w_FR_NE_2011_78100,FR_NE,NE,2011,78100,coût,NOM,coût,FR,lemmesAccessibilitéFR
w_FR_NE_2011_90792,FR_NE,NE,2011,90792,coût,NOM,coût,FR,lemmesAccessibilitéFR
w_FR_NE_2011_93815,FR_NE,NE,2011,93815,coût,NOM,coût,FR,lemmesAccessibilitéFR
w_FR_NE_2011_108210,FR_NE,NE,2011,108210,coût,NOM,coût,FR,lemmesAccessibilitéFR
w_FR_NE_2011_111229,FR_NE,NE,2011,111229,coût,NOM,coût,FR,lemmesAccessibilitéFR
w_FR_NE_2011_137071,FR_NE,NE,2011,137071,coût,NOM,coût,FR,lemmesAccessibilitéFR
w_FR_NE_2011_151680,FR_NE,NE,2011,151680,coût,NOM,coût,FR,lemmesAccessibilitéFR
w_FR_NE_2011_154392,FR_NE,NE,2011,154392,coût,NOM,coût,FR,lemmesAccessibilitéFR
w_FR_NE_2011_167384,FR_NE,NE,2011,167384,coût,NOM,coût,FR,lemmesAccessibilitéFR
w_FR_NE_2011_169641,FR_NE,NE,2011,169641,coût,NOM,coût,FR,lemmesAccessibilitéFR
w_FR_NE_2011_170305,FR_NE,NE,2011,170305,coût,NOM,coût,FR,lemmesAccessibilitéFR
w_FR_NE_2011_172525,FR_NE,NE,2011,172525,coût,NOM,coût,FR,lemmesAccessibilitéFR
w_FR_NE_2011_186826,FR_NE,NE,2011,186826,coût,NOM,coût,FR,lemmesAccessibilitéFR
w_FR_NE_2011_195254,FR_NE,NE,2011,195254,coût,NOM,coût,FR,lemmesAccessibilitéFR
w_FR_NE_2011_204740,FR_NE,NE,2011,204740,coût,NOM,coût,FR,lemmesAccessibilitéFR
w_FR_NE_2011_233185,FR_NE,NE,2011,233185,coût,NOM,coût,FR,lemmesAccessibilitéFR
w_FR_NE_2011_233273,FR_NE,NE,2011,233273,coût,NOM,coût,FR,lemmesAccessibilitéFR
w_FR_NE_2011_254346,FR_NE,NE,2011,254346,coûts,NOM,coût,FR,lemmesAccessibilitéFR
w_FR_NE_2011_271682,FR_NE,NE,2011,271682,coûts,NOM,coût,FR,lemmesAccessibilitéFR
w_FR_NE_2011_277287,FR_NE,NE,2011,277287,coûts,NOM,coût,FR,lemmesAccessibilitéFR
w_FR_NE_2011_282039,FR_NE,NE,2011,282039,coûts,NOM,coût,FR,lemmesAccessibilitéFR
w_FR_NE_2011_287321,FR_NE,NE,2011,287321,coûts,NOM,coût,FR,lemmesAccessibilitéFR
w_FR_BE_2002_2799,FR_BE,BE,2002,2799,coûts,NOM,coût,FR,lemmesAccessibilitéFR
w_FR_BE_2002_12120,FR_BE,BE,2002,12120,coûts,NOM,coût,FR,lemmesAccessibilitéFR
w_FR_BE_2002_12176,FR_BE,BE,2002,12176,coût,NOM,coût,FR,lemmesAccessibilitéFR
w_FR_BE_2002_12296,FR_BE,BE,2002,12296,coûts,NOM,coût,FR,lemmesAccessibilitéFR
w_FR_BE_2002_12384,FR_BE,BE,2002,12384,coûts,NOM,coût,FR,lemmesAccessibilitéFR
w_FR_BE_2002_12398,FR_BE,BE,2002,12398,coût,NOM,coût,FR,lemmesAccessibilitéFR
w_FR_BE_2002_12449,FR_BE,BE,2002,12449,coûts,NOM,coût,FR,lemmesAccessibilitéFR
w_FR_BE_2002_12454,FR_BE,BE,2002,12454,coûts,NOM,coût,FR,lemmesAccessibilitéFR
w_FR_BE_2002_17259,FR_BE,BE,2002,17259,coûts,NOM,coût,FR,lemmesAccessibilitéFR
w_FR_BE_2002_18696,FR_BE,BE,2002,18696,coûts,NOM,coût,FR,lemmesAccessibilitéFR
w_FR_BE_2002_19364,FR_BE,BE,2002,19364,coûts,NOM,coût,FR,lemmesAccessibilitéFR
w_FR_BE_2002_20066,FR_BE,BE,2002,20066,coût,NOM,coût,FR,lemmesAccessibilitéFR
w_FR_BE_2002_20146,FR_BE,BE,2002,20146,coûts,NOM,coût,FR,lemmesAccessibilitéFR
w_FR_BE_2002_22954,FR_BE,BE,2002,22954,coûts,NOM,coût,FR,lemmesAccessibilitéFR
w_FR_BE_2002_25999,FR_BE,BE,2002,25999,coûts,NOM,coût,FR,lemmesAccessibilitéFR
w_FR_BE_2002_27843,FR_BE,BE,2002,27843,coûts,NOM,coût,FR,lemmesAccessibilitéFR
w_FR_BE_2002_28063,FR_BE,BE,2002,28063,coûts,NOM,coût,FR,lemmesAccessibilitéFR
w_FR_BE_2002_28065,FR_BE,BE,2002,28065,coûts,NOM,coût,FR,lemmesAccessibilitéFR
w_FR_BE_2002_28095,FR_BE,BE,2002,28095,coûts,NOM,coût,FR,lemmesAccessibilitéFR
w_FR_BE_2002_28129,FR_BE,BE,2002,28129,coûts,NOM,coût,FR,lemmesAccessibilitéFR
w_FR_BE_2002_28549,FR_BE,BE,2002,28549,coûts,NOM,coût,FR,lemmesAccessibilitéFR
w_FR_BE_2002_29159,FR_BE,BE,2002,29159,coûts,NOM,coût,FR,lemmesAccessibilitéFR
w_FR_BE_2002_31247,FR_BE,BE,2002,31247,coûts,NOM,coût,FR,lemmesAccessibilitéFR
w_FR_BE_2002_31330,FR_BE,BE,2002,31330,coût,NOM,coût,FR,lemmesAccessibilitéFR
w_FR_BE_2002_42808,FR_BE,BE,2002,42808,Coûts,NOM,coût,FR,lemmesAccessibilitéFR
w_FR_BE_2002_42812,FR_BE,BE,2002,42812,coûts,NOM,coût,FR,lemmesAccessibilitéFR
w_FR_BE_2002_42834,FR_BE,BE,2002,42834,coûts,NOM,coût,FR,lemmesAccessibilitéFR
w_FR_BE_2002_42845,FR_BE,BE,2002,42845,coût,NOM,coût,FR,lemmesAccessibilitéFR
w_FR_BE_2002_42896,FR_BE,BE,2002,42896,coûts,NOM,coût,FR,lemmesAccessibilitéFR
w_FR_BE_2002_48967,FR_BE,BE,2002,48967,Coûts,NOM,coût,FR,lemmesAccessibilitéFR
w_FR_BE_2002_50344,FR_BE,BE,2002,50344,Coûts,NOM,coût,FR,lemmesAccessibilitéFR
w_FR_BE_2002_52380,FR_BE,BE,2002,52380,coûts,NOM,coût,FR,lemmesAccessibilitéFR
w_FR_BE_2002_53557,FR_BE,BE,2002,53557,Coûts,NOM,coût,FR,lemmesAccessibilitéFR
w_FR_BE_2002_53765,FR_BE,BE,2002,53765,coûts,NOM,coût,FR,lemmesAccessibilitéFR
w_FR_BE_2002_54397,FR_BE,BE,2002,54397,Coûts,NOM,coût,FR,lemmesAccessibilitéFR
w_FR_BE_2002_54495,FR_BE,BE,2002,54495,coûts,NOM,coût,FR,lemmesAccessibilitéFR
w_FR_BE_2002_54740,FR_BE,BE,2002,54740,coût,NOM,coût,FR,lemmesAccessibilitéFR
w_FR_BE_2002_55405,FR_BE,BE,2002,55405,Coûts,NOM,coût,FR,lemmesAccessibilitéFR
w_FR_BE_2002_56216,FR_BE,BE,2002,56216,Coûts,NOM,coût,FR,lemmesAccessibilitéFR
w_FR_BE_2002_56266,FR_BE,BE,2002,56266,coûts,NOM,coût,FR,lemmesAccessibilitéFR
w_FR_BE_2002_56331,FR_BE,BE,2002,56331,coûts,NOM,coût,FR,lemmesAccessibilitéFR
w_FR_BE_2002_58127,FR_BE,BE,2002,58127,Coûts,NOM,coût,FR,lemmesAccessibilitéFR
w_FR_BE_2002_58620,FR_BE,BE,2002,58620,Coûts,NOM,coût,FR,lemmesAccessibilitéFR
w_FR_BE_2002_59389,FR_BE,BE,2002,59389,Coûts,NOM,coût,FR,lemmesAccessibilitéFR
w_FR_BE_2002_59471,FR_BE,BE,2002,59471,coûts,NOM,coût,FR,lemmesAccessibilitéFR
w_FR_BE_2002_60330,FR_BE,BE,2002,60330,Coûts,NOM,coût,FR,lemmesAccessibilitéFR
w_FR_BE_2002_60410,FR_BE,BE,2002,60410,Coûts,NOM,coût,FR,lemmesAccessibilitéFR
w_FR_BE_2002_60898,FR_BE,BE,2002,60898,Coûts,NOM,coût,FR,lemmesAccessibilitéFR
w_FR_BE_2002_60979,FR_BE,BE,2002,60979,coûts,NOM,coût,FR,lemmesAccessibilitéFR
w_FR_BE_2002_62246,FR_BE,BE,2002,62246,Coûts,NOM,coût,FR,lemmesAccessibilitéFR
w_FR_BE_2002_62282,FR_BE,BE,2002,62282,Coûts,NOM,coût,FR,lemmesAccessibilitéFR
w_FR_BE_2002_63004,FR_BE,BE,2002,63004,Coûts,NOM,coût,FR,lemmesAccessibilitéFR
w_FR_BE_2002_63178,FR_BE,BE,2002,63178,coûts,NOM,coût,FR,lemmesAccessibilitéFR
w_FR_BE_2002_63200,FR_BE,BE,2002,63200,coûts,NOM,coût,FR,lemmesAccessibilitéFR
w_FR_BE_2002_64352,FR_BE,BE,2002,64352,Coûts,NOM,coût,FR,lemmesAccessibilitéFR
w_FR_BE_2002_64613,FR_BE,BE,2002,64613,coûts,NOM,coût,FR,lemmesAccessibilitéFR
w_FR_BE_2002_64739,FR_BE,BE,2002,64739,coûts,NOM,coût,FR,lemmesAccessibilitéFR
w_FR_BE_2002_64863,FR_BE,BE,2002,64863,coûts,NOM,coût,FR,lemmesAccessibilitéFR
w_FR_BE_2002_65051,FR_BE,BE,2002,65051,Coûts,NOM,coût,FR,lemmesAccessibilitéFR
w_FR_BE_2002_65161,FR_BE,BE,2002,65161,coûts,NOM,coût,FR,lemmesAccessibilitéFR
w_FR_BE_2002_65198,FR_BE,BE,2002,65198,coûts,NOM,coût,FR,lemmesAccessibilitéFR
w_FR_BE_2002_65585,FR_BE,BE,2002,65585,Coûts,NOM,coût,FR,lemmesAccessibilitéFR
w_FR_BE_2002_66107,FR_BE,BE,2002,66107,Coûts,NOM,coût,FR,lemmesAccessibilitéFR
w_FR_BE_2002_66150,FR_BE,BE,2002,66150,Coûts,NOM,coût,FR,lemmesAccessibilitéFR
w_FR_BE_2002_66697,FR_BE,BE,2002,66697,Coûts,NOM,coût,FR,lemmesAccessibilitéFR
w_FR_BE_2002_67115,FR_BE,BE,2002,67115,Coûts,NOM,coût,FR,lemmesAccessibilitéFR
w_FR_BE_2002_67772,FR_BE,BE,2002,67772,Coûts,NOM,coût,FR,lemmesAccessibilitéFR
w_FR_BE_2002_69206,FR_BE,BE,2002,69206,Coûts,NOM,coût,FR,lemmesAccessibilitéFR
w_FR_BE_2002_69800,FR_BE,BE,2002,69800,Coûts,NOM,coût,FR,lemmesAccessibilitéFR
w_FR_BE_2002_69839,FR_BE,BE,2002,69839,Coûts,NOM,coût,FR,lemmesAccessibilitéFR
w_FR_BE_2002_70546,FR_BE,BE,2002,70546,Coûts,NOM,coût,FR,lemmesAccessibilitéFR
w_FR_BE_2002_70582,FR_BE,BE,2002,70582,Coûts,NOM,coût,FR,lemmesAccessibilitéFR
w_FR_BE_2002_70813,FR_BE,BE,2002,70813,Coûts,NOM,coût,FR,lemmesAccessibilitéFR
w_FR_BE_2002_70829,FR_BE,BE,2002,70829,Coûts,NOM,coût,FR,lemmesAccessibilitéFR
w_FR_BE_2002_70964,FR_BE,BE,2002,70964,coûts,NOM,coût,FR,lemmesAccessibilitéFR
w_FR_BE_2002_71020,FR_BE,BE,2002,71020,coûts,NOM,coût,FR,lemmesAccessibilitéFR
w_FR_BE_2002_71022,FR_BE,BE,2002,71022,Coûts,NOM,coût,FR,lemmesAccessibilitéFR
w_FR_BE_2002_71047,FR_BE,BE,2002,71047,Coûts,NOM,coût,FR,lemmesAccessibilitéFR
w_FR_BE_2002_71392,FR_BE,BE,2002,71392,Coûts,NOM,coût,FR,lemmesAccessibilitéFR
w_FR_BE_2002_71929,FR_BE,BE,2002,71929,Coûts,NOM,coût,FR,lemmesAccessibilitéFR
w_FR_BE_2002_71990,FR_BE,BE,2002,71990,Coûts,NOM,coût,FR,lemmesAccessibilitéFR
w_FR_BE_2002_72825,FR_BE,BE,2002,72825,Coûts,NOM,coût,FR,lemmesAccessibilitéFR
w_FR_BE_2002_74399,FR_BE,BE,2002,74399,Coûts,NOM,coût,FR,lemmesAccessibilitéFR
w_FR_BE_2002_74882,FR_BE,BE,2002,74882,Coûts,NOM,coût,FR,lemmesAccessibilitéFR
w_FR_BE_2002_75402,FR_BE,BE,2002,75402,Coûts,NOM,coût,FR,lemmesAccessibilitéFR
w_FR_BE_2002_75832,FR_BE,BE,2002,75832,Coûts,NOM,coût,FR,lemmesAccessibilitéFR
w_FR_BE_2002_75874,FR_BE,BE,2002,75874,coûts,NOM,coût,FR,lemmesAccessibilitéFR
w_FR_BE_2002_76358,FR_BE,BE,2002,76358,Coûts,NOM,coût,FR,lemmesAccessibilitéFR
w_FR_BE_2002_76440,FR_BE,BE,2002,76440,coûts,NOM,coût,FR,lemmesAccessibilitéFR
w_FR_BE_2002_76771,FR_BE,BE,2002,76771,Coûts,NOM,coût,FR,lemmesAccessibilitéFR
w_FR_BE_2002_77276,FR_BE,BE,2002,77276,Coûts,NOM,coût,FR,lemmesAccessibilitéFR
w_FR_BE_2002_77671,FR_BE,BE,2002,77671,Coûts,NOM,coût,FR,lemmesAccessibilitéFR
w_FR_BE_2002_78074,FR_BE,BE,2002,78074,Coûts,NOM,coût,FR,lemmesAccessibilitéFR
w_FR_BE_2002_78587,FR_BE,BE,2002,78587,Coûts,NOM,coût,FR,lemmesAccessibilitéFR
w_FR_BE_2002_79067,FR_BE,BE,2002,79067,Coûts,NOM,coût,FR,lemmesAccessibilitéFR
w_FR_BE_2002_79165,FR_BE,BE,2002,79165,coûts,NOM,coût,FR,lemmesAccessibilitéFR
w_FR_BE_2002_80053,FR_BE,BE,2002,80053,Coûts,NOM,coût,FR,lemmesAccessibilitéFR
w_FR_BE_2002_80146,FR_BE,BE,2002,80146,coûts,NOM,coût,FR,lemmesAccessibilitéFR
w_FR_BE_2002_80621,FR_BE,BE,2002,80621,Coûts,NOM,coût,FR,lemmesAccessibilitéFR
w_FR_BE_2002_81052,FR_BE,BE,2002,81052,Coûts,NOM,coût,FR,lemmesAccessibilitéFR
w_FR_BE_2002_81124,FR_BE,BE,2002,81124,coûts,NOM,coût,FR,lemmesAccessibilitéFR
w_FR_FR_2024_38634,FR_FR,FR,2024,38634,Coûts,NOM,coût,FR,lemmesAccessibilitéFR
w_FR_FR_2024_38672,FR_FR,FR,2024,38672,coûts,NOM,coût,FR,lemmesAccessibilitéFR
w_FR_FR_2024_56155,FR_FR,FR,2024,56155,coûts,NOM,coût,FR,lemmesAccessibilitéFR
w_FR_FR_2024_56199,FR_FR,FR,2024,56199,coûts,NOM,coût,FR,lemmesAccessibilitéFR
w_FR_FR_2024_56556,FR_FR,FR,2024,56556,coûts,NOM,coût,FR,lemmesAccessibilitéFR
w_FR_FR_2024_59427,FR_FR,FR,2024,59427,coût,NOM,coût,FR,lemmesAccessibilitéFR
w_FR_FR_2024_61273,FR_FR,FR,2024,61273,coût,NOM,coût,FR,lemmesAccessibilitéFR
w_FR_FR_2024_65935,FR_FR,FR,2024,65935,coûts,NOM,coût,FR,lemmesAccessibilitéFR
w_FR_FR_2024_66192,FR_FR,FR,2024,66192,coûts,NOM,coût,FR,lemmesAccessibilitéFR
w_FR_FR_2024_89386,FR_FR,FR,2024,89386,coûts,NOM,coût,FR,lemmesAccessibilitéFR
w_FR_FR_2024_95185,FR_FR,FR,2024,95185,coûts,NOM,coût,FR,lemmesAccessibilitéFR
w_FR_FR_2024_102496,FR_FR,FR,2024,102496,coûts,NOM,coût,FR,lemmesAccessibilitéFR
w_FR_FR_2024_113054,FR_FR,FR,2024,113054,coûts,NOM,coût,FR,lemmesAccessibilitéFR
w_FR_FR_2024_115774,FR_FR,FR,2024,115774,coûts,NOM,coût,FR,lemmesAccessibilitéFR
w_FR_FR_2024_117897,FR_FR,FR,2024,117897,coûts,NOM,coût,FR,lemmesAccessibilitéFR
w_FR_FR_2024_118417,FR_FR,FR,2024,118417,coûts,NOM,coût,FR,lemmesAccessibilitéFR
w_FR_FR_2024_120353,FR_FR,FR,2024,120353,coûts,NOM,coût,FR,lemmesAccessibilitéFR
w_FR_FR_2024_120957,FR_FR,FR,2024,120957,coût,NOM,coût,FR,lemmesAccessibilitéFR
w_FR_FR_2024_121582,FR_FR,FR,2024,121582,coûts,NOM,coût,FR,lemmesAccessibilitéFR
w_FR_FR_2024_126500,FR_FR,FR,2024,126500,coûts,NOM,coût,FR,lemmesAccessibilitéFR
w_FR_FR_2024_126871,FR_FR,FR,2024,126871,coûts,NOM,coût,FR,lemmesAccessibilitéFR
w_FR_VD_2018_10107,FR_VD,VD,2018,10107,coûts,NOM,coût,FR,lemmesAccessibilitéFR
w_FR_VD_2018_11486,FR_VD,VD,2018,11486,Coûts,NOM,coût,FR,lemmesAccessibilitéFR
w_FR_VD_2018_14889,FR_VD,VD,2018,14889,coûts,NOM,coût,FR,lemmesAccessibilitéFR
w_FR_VD_2018_19061,FR_VD,VD,2018,19061,coûts,NOM,coût,FR,lemmesAccessibilitéFR
w_FR_VD_2018_20909,FR_VD,VD,2018,20909,coût,NOM,coût,FR,lemmesAccessibilitéFR
w_FR_VD_2018_22355,FR_VD,VD,2018,22355,Coûts,NOM,coût,FR,lemmesAccessibilitéFR
w_FR_VD_2018_24041,FR_VD,VD,2018,24041,Coûts,NOM,coût,FR,lemmesAccessibilitéFR
w_FR_VD_2018_24343,FR_VD,VD,2018,24343,coûts,NOM,coût,FR,lemmesAccessibilitéFR
w_FR_VD_2018_24349,FR_VD,VD,2018,24349,coûts,NOM,coût,FR,lemmesAccessibilitéFR
w_FR_VD_2018_24882,FR_VD,VD,2018,24882,Coûts,NOM,coût,FR,lemmesAccessibilitéFR
w_FR_VD_2018_25785,FR_VD,VD,2018,25785,coût,NOM,coût,FR,lemmesAccessibilitéFR
w_FR_VD_2018_30061,FR_VD,VD,2018,30061,coûts,NOM,coût,FR,lemmesAccessibilitéFR
w_FR_VD_2018_30123,FR_VD,VD,2018,30123,coûts,NOM,coût,FR,lemmesAccessibilitéFR
w_FR_VD_2018_30196,FR_VD,VD,2018,30196,coûts,NOM,coût,FR,lemmesAccessibilitéFR
w_FR_VD_2018_30389,FR_VD,VD,2018,30389,coûts,NOM,coût,FR,lemmesAccessibilitéFR
w_FR_VD_2018_30489,FR_VD,VD,2018,30489,coûts,NOM,coût,FR,lemmesAccessibilitéFR
w_FR_VD_2018_30622,FR_VD,VD,2018,30622,Coûts,NOM,coût,FR,lemmesAccessibilitéFR
w_FR_VD_2018_35716,FR_VD,VD,2018,35716,Coûts,NOM,coût,FR,lemmesAccessibilitéFR
w_FR_VD_2018_36125,FR_VD,VD,2018,36125,coût,NOM,coût,FR,lemmesAccessibilitéFR
w_FR_VD_2018_36570,FR_VD,VD,2018,36570,coûts,NOM,coût,FR,lemmesAccessibilitéFR
w_FR_VD_2018_38723,FR_VD,VD,2018,38723,Coûts,NOM,coût,FR,lemmesAccessibilitéFR
w_FR_VD_2018_40717,FR_VD,VD,2018,40717,Coûts,NOM,coût,FR,lemmesAccessibilitéFR
w_FR_VD_2018_41480,FR_VD,VD,2018,41480,coût,NOM,coût,FR,lemmesAccessibilitéFR
w_FR_VD_2018_41986,FR_VD,VD,2018,41986,Coûts,NOM,coût,FR,lemmesAccessibilitéFR
w_FR_VD_2018_43657,FR_VD,VD,2018,43657,Coûts,NOM,coût,FR,lemmesAccessibilitéFR
w_FR_VD_2018_44383,FR_VD,VD,2018,44383,coût,NOM,coût,FR,lemmesAccessibilitéFR
w_FR_VD_2018_45266,FR_VD,VD,2018,45266,Coûts,NOM,coût,FR,lemmesAccessibilitéFR
w_FR_VD_2018_46459,FR_VD,VD,2018,46459,Coûts,NOM,coût,FR,lemmesAccessibilitéFR
w_FR_VD_2018_51308,FR_VD,VD,2018,51308,Coûts,NOM,coût,FR,lemmesAccessibilitéFR
w_FR_VD_2018_51314,FR_VD,VD,2018,51314,Coûts,NOM,coût,FR,lemmesAccessibilitéFR
w_FR_VD_2018_52585,FR_VD,VD,2018,52585,Coûts,NOM,coût,FR,lemmesAccessibilitéFR
w_FR_VD_2018_55864,FR_VD,VD,2018,55864,Coûts,NOM,coût,FR,lemmesAccessibilitéFR
w_FR_VD_2018_56344,FR_VD,VD,2018,56344,coûts,NOM,coût,FR,lemmesAccessibilitéFR
w_FR_VD_2018_57126,FR_VD,VD,2018,57126,Coûts,NOM,coût,FR,lemmesAccessibilitéFR
w_FR_VD_2018_58199,FR_VD,VD,2018,58199,Coûts,NOM,coût,FR,lemmesAccessibilitéFR
w_FR_VD_2018_59883,FR_VD,VD,2018,59883,Coûts,NOM,coût,FR,lemmesAccessibilitéFR
w_FR_VD_2018_60517,FR_VD,VD,2018,60517,coûts,NOM,coût,FR,lemmesAccessibilitéFR
w_FR_VD_2018_60530,FR_VD,VD,2018,60530,coûts,NOM,coût,FR,lemmesAccessibilitéFR
w_FR_VD_2018_60653,FR_VD,VD,2018,60653,coûts,NOM,coût,FR,lemmesAccessibilitéFR
w_FR_VD_2018_61646,FR_VD,VD,2018,61646,Coûts,NOM,coût,FR,lemmesAccessibilitéFR
w_FR_VD_2018_62643,FR_VD,VD,2018,62643,coût,NOM,coût,FR,lemmesAccessibilitéFR
w_FR_VD_2018_62823,FR_VD,VD,2018,62823,coûts,NOM,coût,FR,lemmesAccessibilitéFR
w_FR_VD_2018_63839,FR_VD,VD,2018,63839,coûts,NOM,coût,FR,lemmesAccessibilitéFR
w_FR_VD_2018_63861,FR_VD,VD,2018,63861,Coûts,NOM,coût,FR,lemmesAccessibilitéFR
w_FR_VD_2018_65254,FR_VD,VD,2018,65254,Coûts,NOM,coût,FR,lemmesAccessibilitéFR
w_FR_VD_2018_66446,FR_VD,VD,2018,66446,coûts,NOM,coût,FR,lemmesAccessibilitéFR
w_FR_VD_2018_66534,FR_VD,VD,2018,66534,Coûts,NOM,coût,FR,lemmesAccessibilitéFR
w_FR_VD_2018_74049,FR_VD,VD,2018,74049,Coûts,NOM,coût,FR,lemmesAccessibilitéFR
w_FR_VD_2018_76901,FR_VD,VD,2018,76901,Coûts,NOM,coût,FR,lemmesAccessibilitéFR
w_FR_VD_2018_78744,FR_VD,VD,2018,78744,coût,NOM,coût,FR,lemmesAccessibilitéFR
w_FR_VD_2018_80101,FR_VD,VD,2018,80101,Coûts,NOM,coût,FR,lemmesAccessibilitéFR
w_FR_VD_2018_81568,FR_VD,VD,2018,81568,coût,NOM,coût,FR,lemmesAccessibilitéFR
w_FR_VD_2018_82415,FR_VD,VD,2018,82415,Coûts,NOM,coût,FR,lemmesAccessibilitéFR
w_FR_VD_2018_83766,FR_VD,VD,2018,83766,coût,NOM,coût,FR,lemmesAccessibilitéFR
w_FR_VD_2018_84659,FR_VD,VD,2018,84659,Coûts,NOM,coût,FR,lemmesAccessibilitéFR
w_FR_VD_2018_86820,FR_VD,VD,2018,86820,Coûts,NOM,coût,FR,lemmesAccessibilitéFR
w_FR_VD_2018_91218,FR_VD,VD,2018,91218,Coûts,NOM,coût,FR,lemmesAccessibilitéFR
w_FR_VD_2018_92874,FR_VD,VD,2018,92874,Coûts,NOM,coût,FR,lemmesAccessibilitéFR
w_FR_VD_2018_96258,FR_VD,VD,2018,96258,Coûts,NOM,coût,FR,lemmesAccessibilitéFR
w_FR_VD_2018_99584,FR_VD,VD,2018,99584,Coûts,NOM,coût,FR,lemmesAccessibilitéFR
w_FR_VD_2018_100720,FR_VD,VD,2018,100720,coûts,NOM,coût,FR,lemmesAccessibilitéFR
w_FR_VD_2018_100923,FR_VD,VD,2018,100923,coût,NOM,coût,FR,lemmesAccessibilitéFR
w_FR_VD_2018_101729,FR_VD,VD,2018,101729,coût,NOM,coût,FR,lemmesAccessibilitéFR
w_FR_VD_2018_102032,FR_VD,VD,2018,102032,coûts,NOM,coût,FR,lemmesAccessibilitéFR
w_FR_VD_2018_102138,FR_VD,VD,2018,102138,coûts,NOM,coût,FR,lemmesAccessibilitéFR
w_FR_VD_2018_104458,FR_VD,VD,2018,104458,coût,NOM,coût,FR,lemmesAccessibilitéFR
w_FR_VD_2018_105207,FR_VD,VD,2018,105207,coût,NOM,coût,FR,lemmesAccessibilitéFR
w_FR_VD_2018_105866,FR_VD,VD,2018,105866,Coûts,NOM,coût,FR,lemmesAccessibilitéFR
w_FR_VD_2018_109306,FR_VD,VD,2018,109306,Coûts,NOM,coût,FR,lemmesAccessibilitéFR
w_FR_VD_2018_109608,FR_VD,VD,2018,109608,coûts,NOM,coût,FR,lemmesAccessibilitéFR
w_FR_VD_2018_111542,FR_VD,VD,2018,111542,Coûts,NOM,coût,FR,lemmesAccessibilitéFR
w_FR_VD_2018_111578,FR_VD,VD,2018,111578,Coûts,NOM,coût,FR,lemmesAccessibilitéFR
w_FR_VD_2018_114155,FR_VD,VD,2018,114155,Coûts,NOM,coût,FR,lemmesAccessibilitéFR
w_FR_VD_2018_117904,FR_VD,VD,2018,117904,Coûts,NOM,coût,FR,lemmesAccessibilitéFR
w_FR_VD_2018_119568,FR_VD,VD,2018,119568,coût,NOM,coût,FR,lemmesAccessibilitéFR
w_FR_VD_2018_121375,FR_VD,VD,2018,121375,Coûts,NOM,coût,FR,lemmesAccessibilitéFR
w_FR_VD_2018_123925,FR_VD,VD,2018,123925,Coûts,NOM,coût,FR,lemmesAccessibilitéFR
w_FR_VD_2018_126622,FR_VD,VD,2018,126622,coût,NOM,coût,FR,lemmesAccessibilitéFR
w_FR_VD_2018_127167,FR_VD,VD,2018,127167,coûts,NOM,coût,FR,lemmesAccessibilitéFR
w_FR_VD_2018_128050,FR_VD,VD,2018,128050,Coûts,NOM,coût,FR,lemmesAccessibilitéFR
w_FR_VD_2018_131112,FR_VD,VD,2018,131112,Coûts,NOM,coût,FR,lemmesAccessibilitéFR
w_FR_VD_2018_131149,FR_VD,VD,2018,131149,coût,NOM,coût,FR,lemmesAccessibilitéFR
w_FR_VD_2018_133940,FR_VD,VD,2018,133940,Coûts,NOM,coût,FR,lemmesAccessibilitéFR
w_FR_VD_2018_138087,FR_VD,VD,2018,138087,Coûts,NOM,coût,FR,lemmesAccessibilitéFR
w_FR_VD_2018_138107,FR_VD,VD,2018,138107,coûts,NOM,coût,FR,lemmesAccessibilitéFR
w_FR_VD_2018_140740,FR_VD,VD,2018,140740,Coûts,NOM,coût,FR,lemmesAccessibilitéFR
w_FR_VD_2018_141652,FR_VD,VD,2018,141652,Coûts,NOM,coût,FR,lemmesAccessibilitéFR
w_FR_VD_2018_141658,FR_VD,VD,2018,141658,Coûts,NOM,coût,FR,lemmesAccessibilitéFR
w_FR_VD_2018_141893,FR_VD,VD,2018,141893,coûts,NOM,coût,FR,lemmesAccessibilitéFR
w_FR_VD_2018_143054,FR_VD,VD,2018,143054,coûts,NOM,coût,FR,lemmesAccessibilitéFR
w_FR_VD_2018_143614,FR_VD,VD,2018,143614,coût,NOM,coût,FR,lemmesAccessibilitéFR
w_FR_VD_2018_144501,FR_VD,VD,2018,144501,coût,NOM,coût,FR,lemmesAccessibilitéFR
w_FR_VD_2018_145438,FR_VD,VD,2018,145438,Coûts,NOM,coût,FR,lemmesAccessibilitéFR
w_FR_VD_2018_147044,FR_VD,VD,2018,147044,Coûts,NOM,coût,FR,lemmesAccessibilitéFR
w_FR_VD_2018_148889,FR_VD,VD,2018,148889,Coûts,NOM,coût,FR,lemmesAccessibilitéFR
w_FR_VD_2018_150519,FR_VD,VD,2018,150519,Coûts,NOM,coût,FR,lemmesAccessibilitéFR
w_FR_VD_2018_152589,FR_VD,VD,2018,152589,Coûts,NOM,coût,FR,lemmesAccessibilitéFR
w_FR_VD_2018_153466,FR_VD,VD,2018,153466,coût,NOM,coût,FR,lemmesAccessibilitéFR
w_FR_VD_2018_154568,FR_VD,VD,2018,154568,Coûts,NOM,coût,FR,lemmesAccessibilitéFR
w_FR_VD_2018_158141,FR_VD,VD,2018,158141,Coûts,NOM,coût,FR,lemmesAccessibilitéFR
w_FR_VD_2018_158873,FR_VD,VD,2018,158873,coût,NOM,coût,FR,lemmesAccessibilitéFR
w_FR_VD_2018_158883,FR_VD,VD,2018,158883,coûts,NOM,coût,FR,lemmesAccessibilitéFR
w_FR_VD_2018_158889,FR_VD,VD,2018,158889,coût,NOM,coût,FR,lemmesAccessibilitéFR
w_FR_VD_2018_159410,FR_VD,VD,2018,159410,coût,NOM,coût,FR,lemmesAccessibilitéFR
w_FR_VD_2018_159498,FR_VD,VD,2018,159498,coût,NOM,coût,FR,lemmesAccessibilitéFR
w_FR_VD_2018_159537,FR_VD,VD,2018,159537,coût,NOM,coût,FR,lemmesAccessibilitéFR
w_FR_VD_2018_159573,FR_VD,VD,2018,159573,Coûts,NOM,coût,FR,lemmesAccessibilitéFR
w_FR_VD_2018_160284,FR_VD,VD,2018,160284,coûts,NOM,coût,FR,lemmesAccessibilitéFR
w_FR_VD_2018_175826,FR_VD,VD,2018,175826,coût,NOM,coût,FR,lemmesAccessibilitéFR
w_FR_VD_2018_186118,FR_VD,VD,2018,186118,coût,NOM,coût,FR,lemmesAccessibilitéFR
w_FR_VD_2018_186122,FR_VD,VD,2018,186122,coût,NOM,coût,FR,lemmesAccessibilitéFR
w_FR_VD_2018_186133,FR_VD,VD,2018,186133,coût,NOM,coût,FR,lemmesAccessibilitéFR
w_FR_VD_2018_186152,FR_VD,VD,2018,186152,coût,NOM,coût,FR,lemmesAccessibilitéFR
w_FR_VD_2018_186169,FR_VD,VD,2018,186169,coût,NOM,coût,FR,lemmesAccessibilitéFR
w_FR_VD_2018_189364,FR_VD,VD,2018,189364,coûts,NOM,coût,FR,lemmesAccessibilitéFR
w_FR_BE_2006_2852,FR_BE,BE,2006,2852,coûts,NOM,coût,FR,lemmesAccessibilitéFR
w_FR_BE_2006_12173,FR_BE,BE,2006,12173,coûts,NOM,coût,FR,lemmesAccessibilitéFR
w_FR_BE_2006_12229,FR_BE,BE,2006,12229,coût,NOM,coût,FR,lemmesAccessibilitéFR
w_FR_BE_2006_12349,FR_BE,BE,2006,12349,coûts,NOM,coût,FR,lemmesAccessibilitéFR
w_FR_BE_2006_12437,FR_BE,BE,2006,12437,coûts,NOM,coût,FR,lemmesAccessibilitéFR
w_FR_BE_2006_12451,FR_BE,BE,2006,12451,coût,NOM,coût,FR,lemmesAccessibilitéFR
w_FR_BE_2006_12502,FR_BE,BE,2006,12502,coûts,NOM,coût,FR,lemmesAccessibilitéFR
w_FR_BE_2006_12507,FR_BE,BE,2006,12507,coûts,NOM,coût,FR,lemmesAccessibilitéFR
w_FR_BE_2006_17963,FR_BE,BE,2006,17963,coûts,NOM,coût,FR,lemmesAccessibilitéFR
w_FR_BE_2006_19678,FR_BE,BE,2006,19678,coûts,NOM,coût,FR,lemmesAccessibilitéFR
w_FR_BE_2006_20954,FR_BE,BE,2006,20954,coût,NOM,coût,FR,lemmesAccessibilitéFR
w_FR_BE_2006_20965,FR_BE,BE,2006,20965,coût,NOM,coût,FR,lemmesAccessibilitéFR
w_FR_BE_2006_21055,FR_BE,BE,2006,21055,coûts,NOM,coût,FR,lemmesAccessibilitéFR
w_FR_BE_2006_24200,FR_BE,BE,2006,24200,coûts,NOM,coût,FR,lemmesAccessibilitéFR
w_FR_BE_2006_27287,FR_BE,BE,2006,27287,coûts,NOM,coût,FR,lemmesAccessibilitéFR
w_FR_BE_2006_29361,FR_BE,BE,2006,29361,coûts,NOM,coût,FR,lemmesAccessibilitéFR
w_FR_BE_2006_29579,FR_BE,BE,2006,29579,coûts,NOM,coût,FR,lemmesAccessibilitéFR
w_FR_BE_2006_29581,FR_BE,BE,2006,29581,coûts,NOM,coût,FR,lemmesAccessibilitéFR
w_FR_BE_2006_29611,FR_BE,BE,2006,29611,coûts,NOM,coût,FR,lemmesAccessibilitéFR
w_FR_BE_2006_29645,FR_BE,BE,2006,29645,coûts,NOM,coût,FR,lemmesAccessibilitéFR
w_FR_BE_2006_30075,FR_BE,BE,2006,30075,coûts,NOM,coût,FR,lemmesAccessibilitéFR
w_FR_BE_2006_30693,FR_BE,BE,2006,30693,coûts,NOM,coût,FR,lemmesAccessibilitéFR
w_FR_BE_2006_32579,FR_BE,BE,2006,32579,coûts,NOM,coût,FR,lemmesAccessibilitéFR
w_FR_BE_2006_34136,FR_BE,BE,2006,34136,coûts,NOM,coût,FR,lemmesAccessibilitéFR
w_FR_BE_2006_34219,FR_BE,BE,2006,34219,coût,NOM,coût,FR,lemmesAccessibilitéFR
w_FR_BE_2006_45669,FR_BE,BE,2006,45669,Coûts,NOM,coût,FR,lemmesAccessibilitéFR
w_FR_BE_2006_45673,FR_BE,BE,2006,45673,coûts,NOM,coût,FR,lemmesAccessibilitéFR
w_FR_BE_2006_45695,FR_BE,BE,2006,45695,coûts,NOM,coût,FR,lemmesAccessibilitéFR
w_FR_BE_2006_45706,FR_BE,BE,2006,45706,coût,NOM,coût,FR,lemmesAccessibilitéFR
w_FR_BE_2006_45757,FR_BE,BE,2006,45757,coûts,NOM,coût,FR,lemmesAccessibilitéFR
w_FR_BE_2006_52910,FR_BE,BE,2006,52910,coût,NOM,coût,FR,lemmesAccessibilitéFR
w_FR_BE_2006_54620,FR_BE,BE,2006,54620,Coûts,NOM,coût,FR,lemmesAccessibilitéFR
w_FR_BE_2006_56227,FR_BE,BE,2006,56227,Coûts,NOM,coût,FR,lemmesAccessibilitéFR
w_FR_BE_2006_57879,FR_BE,BE,2006,57879,coûts,NOM,coût,FR,lemmesAccessibilitéFR
w_FR_BE_2006_59239,FR_BE,BE,2006,59239,Coûts,NOM,coût,FR,lemmesAccessibilitéFR
w_FR_BE_2006_59444,FR_BE,BE,2006,59444,coûts,NOM,coût,FR,lemmesAccessibilitéFR
w_FR_BE_2006_60151,FR_BE,BE,2006,60151,Coûts,NOM,coût,FR,lemmesAccessibilitéFR
w_FR_BE_2006_60253,FR_BE,BE,2006,60253,coûts,NOM,coût,FR,lemmesAccessibilitéFR
w_FR_BE_2006_60437,FR_BE,BE,2006,60437,coût,NOM,coût,FR,lemmesAccessibilitéFR
w_FR_BE_2006_61090,FR_BE,BE,2006,61090,Coûts,NOM,coût,FR,lemmesAccessibilitéFR
w_FR_BE_2006_61921,FR_BE,BE,2006,61921,Coûts,NOM,coût,FR,lemmesAccessibilitéFR
w_FR_BE_2006_62017,FR_BE,BE,2006,62017,Coûts,NOM,coût,FR,lemmesAccessibilitéFR
w_FR_BE_2006_62047,FR_BE,BE,2006,62047,coûts,NOM,coût,FR,lemmesAccessibilitéFR
w_FR_BE_2006_62090,FR_BE,BE,2006,62090,coûts,NOM,coût,FR,lemmesAccessibilitéFR
w_FR_BE_2006_62989,FR_BE,BE,2006,62989,coûts,NOM,coût,FR,lemmesAccessibilitéFR
w_FR_BE_2006_64615,FR_BE,BE,2006,64615,coûts,NOM,coût,FR,lemmesAccessibilitéFR
w_FR_BE_2006_64628,FR_BE,BE,2006,64628,coûts,NOM,coût,FR,lemmesAccessibilitéFR
w_FR_BE_2006_64646,FR_BE,BE,2006,64646,coûts,NOM,coût,FR,lemmesAccessibilitéFR
w_FR_BE_2006_67031,FR_BE,BE,2006,67031,Coûts,NOM,coût,FR,lemmesAccessibilitéFR
w_FR_BE_2006_67110,FR_BE,BE,2006,67110,coûts,NOM,coût,FR,lemmesAccessibilitéFR
w_FR_BE_2006_68342,FR_BE,BE,2006,68342,Coûts,NOM,coût,FR,lemmesAccessibilitéFR
w_FR_BE_2006_69198,FR_BE,BE,2006,69198,Coûts,NOM,coût,FR,lemmesAccessibilitéFR
w_FR_BE_2006_69369,FR_BE,BE,2006,69369,coûts,NOM,coût,FR,lemmesAccessibilitéFR
w_FR_BE_2006_69391,FR_BE,BE,2006,69391,coûts,NOM,coût,FR,lemmesAccessibilitéFR
w_FR_BE_2006_70735,FR_BE,BE,2006,70735,Coûts,NOM,coût,FR,lemmesAccessibilitéFR
w_FR_BE_2006_70947,FR_BE,BE,2006,70947,coûts,NOM,coût,FR,lemmesAccessibilitéFR
w_FR_BE_2006_71067,FR_BE,BE,2006,71067,coûts,NOM,coût,FR,lemmesAccessibilitéFR
w_FR_BE_2006_71191,FR_BE,BE,2006,71191,coûts,NOM,coût,FR,lemmesAccessibilitéFR
w_FR_BE_2006_71443,FR_BE,BE,2006,71443,Coûts,NOM,coût,FR,lemmesAccessibilitéFR
w_FR_BE_2006_71486,FR_BE,BE,2006,71486,coûts,NOM,coût,FR,lemmesAccessibilitéFR
w_FR_BE_2006_71523,FR_BE,BE,2006,71523,coûts,NOM,coût,FR,lemmesAccessibilitéFR
w_FR_BE_2006_71953,FR_BE,BE,2006,71953,Coûts,NOM,coût,FR,lemmesAccessibilitéFR
w_FR_BE_2006_72358,FR_BE,BE,2006,72358,Coûts,NOM,coût,FR,lemmesAccessibilitéFR
w_FR_BE_2006_72451,FR_BE,BE,2006,72451,Coûts,NOM,coût,FR,lemmesAccessibilitéFR
w_FR_BE_2006_73257,FR_BE,BE,2006,73257,coût,NOM,coût,FR,lemmesAccessibilitéFR
w_FR_BE_2006_74831,FR_BE,BE,2006,74831,Coûts,NOM,coût,FR,lemmesAccessibilitéFR
w_FR_BE_2006_76240,FR_BE,BE,2006,76240,Coûts,NOM,coût,FR,lemmesAccessibilitéFR
w_FR_BE_2006_76274,FR_BE,BE,2006,76274,coûts,NOM,coût,FR,lemmesAccessibilitéFR
w_FR_BE_2006_76453,FR_BE,BE,2006,76453,coût,NOM,coût,FR,lemmesAccessibilitéFR
w_FR_BE_2006_76893,FR_BE,BE,2006,76893,Coûts,NOM,coût,FR,lemmesAccessibilitéFR
w_FR_BE_2006_78943,FR_BE,BE,2006,78943,Coûts,NOM,coût,FR,lemmesAccessibilitéFR
w_FR_BE_2006_80129,FR_BE,BE,2006,80129,coûts,NOM,coût,FR,lemmesAccessibilitéFR
w_FR_BE_2006_80636,FR_BE,BE,2006,80636,Coûts,NOM,coût,FR,lemmesAccessibilitéFR
w_FR_BE_2006_81380,FR_BE,BE,2006,81380,Coûts,NOM,coût,FR,lemmesAccessibilitéFR
w_FR_BE_2006_81468,FR_BE,BE,2006,81468,Coûts,NOM,coût,FR,lemmesAccessibilitéFR
w_FR_BE_2006_81803,FR_BE,BE,2006,81803,Coûts,NOM,coût,FR,lemmesAccessibilitéFR
w_FR_BE_2006_81814,FR_BE,BE,2006,81814,Coûts,NOM,coût,FR,lemmesAccessibilitéFR
w_FR_BE_2006_81982,FR_BE,BE,2006,81982,coûts,NOM,coût,FR,lemmesAccessibilitéFR
w_FR_BE_2006_82037,FR_BE,BE,2006,82037,coûts,NOM,coût,FR,lemmesAccessibilitéFR
w_FR_BE_2006_82052,FR_BE,BE,2006,82052,Coûts,NOM,coût,FR,lemmesAccessibilitéFR
w_FR_BE_2006_82070,FR_BE,BE,2006,82070,Coûts,NOM,coût,FR,lemmesAccessibilitéFR
w_FR_BE_2006_83153,FR_BE,BE,2006,83153,Coûts,NOM,coût,FR,lemmesAccessibilitéFR
w_FR_BE_2006_83242,FR_BE,BE,2006,83242,Coûts,NOM,coût,FR,lemmesAccessibilitéFR
w_FR_BE_2006_84021,FR_BE,BE,2006,84021,Coûts,NOM,coût,FR,lemmesAccessibilitéFR
w_FR_BE_2006_85605,FR_BE,BE,2006,85605,Coûts,NOM,coût,FR,lemmesAccessibilitéFR
w_FR_BE_2006_85698,FR_BE,BE,2006,85698,Coûts,NOM,coût,FR,lemmesAccessibilitéFR
w_FR_BE_2006_86190,FR_BE,BE,2006,86190,Coûts,NOM,coût,FR,lemmesAccessibilitéFR
w_FR_BE_2006_86211,FR_BE,BE,2006,86211,coûts,NOM,coût,FR,lemmesAccessibilitéFR
w_FR_BE_2006_87069,FR_BE,BE,2006,87069,Coûts,NOM,coût,FR,lemmesAccessibilitéFR
w_FR_BE_2006_87482,FR_BE,BE,2006,87482,Coûts,NOM,coût,FR,lemmesAccessibilitéFR
w_FR_BE_2006_88019,FR_BE,BE,2006,88019,Coûts,NOM,coût,FR,lemmesAccessibilitéFR
w_FR_BE_2006_88452,FR_BE,BE,2006,88452,Coûts,NOM,coût,FR,lemmesAccessibilitéFR
w_FR_BE_2006_89122,FR_BE,BE,2006,89122,Coûts,NOM,coût,FR,lemmesAccessibilitéFR
w_FR_BE_2006_89217,FR_BE,BE,2006,89217,coûts,NOM,coût,FR,lemmesAccessibilitéFR
w_FR_BE_2006_89760,FR_BE,BE,2006,89760,Coûts,NOM,coût,FR,lemmesAccessibilitéFR
w_FR_BE_2006_89850,FR_BE,BE,2006,89850,coûts,NOM,coût,FR,lemmesAccessibilitéFR
w_FR_BE_2006_90377,FR_BE,BE,2006,90377,Coûts,NOM,coût,FR,lemmesAccessibilitéFR
w_FR_BE_2006_90898,FR_BE,BE,2006,90898,Coûts,NOM,coût,FR,lemmesAccessibilitéFR
w_FR_BE_2006_90919,FR_BE,BE,2006,90919,coûts,NOM,coût,FR,lemmesAccessibilitéFR
w_FR_BE_2006_90982,FR_BE,BE,2006,90982,coûts,NOM,coût,FR,lemmesAccessibilitéFR
w_FR_BE_2006_91619,FR_BE,BE,2006,91619,Coûts,NOM,coût,FR,lemmesAccessibilitéFR
w_FR_BE_2006_91701,FR_BE,BE,2006,91701,coûts,NOM,coût,FR,lemmesAccessibilitéFR
w_FR_BE_2010_2853,FR_BE,BE,2010,2853,coûts,NOM,coût,FR,lemmesAccessibilitéFR
w_FR_BE_2010_12293,FR_BE,BE,2010,12293,coûts,NOM,coût,FR,lemmesAccessibilitéFR
w_FR_BE_2010_12349,FR_BE,BE,2010,12349,coût,NOM,coût,FR,lemmesAccessibilitéFR
w_FR_BE_2010_12469,FR_BE,BE,2010,12469,coûts,NOM,coût,FR,lemmesAccessibilitéFR
w_FR_BE_2010_12557,FR_BE,BE,2010,12557,coûts,NOM,coût,FR,lemmesAccessibilitéFR
w_FR_BE_2010_12571,FR_BE,BE,2010,12571,coût,NOM,coût,FR,lemmesAccessibilitéFR
w_FR_BE_2010_12622,FR_BE,BE,2010,12622,coûts,NOM,coût,FR,lemmesAccessibilitéFR
w_FR_BE_2010_12627,FR_BE,BE,2010,12627,coûts,NOM,coût,FR,lemmesAccessibilitéFR
w_FR_BE_2010_18104,FR_BE,BE,2010,18104,coût,NOM,coût,FR,lemmesAccessibilitéFR
w_FR_BE_2010_18576,FR_BE,BE,2010,18576,coûts,NOM,coût,FR,lemmesAccessibilitéFR
w_FR_BE_2010_20236,FR_BE,BE,2010,20236,coûts,NOM,coût,FR,lemmesAccessibilitéFR
w_FR_BE_2010_22355,FR_BE,BE,2010,22355,coûts,NOM,coût,FR,lemmesAccessibilitéFR
w_FR_BE_2010_23193,FR_BE,BE,2010,23193,coût,NOM,coût,FR,lemmesAccessibilitéFR
w_FR_BE_2010_23227,FR_BE,BE,2010,23227,coût,NOM,coût,FR,lemmesAccessibilitéFR
w_FR_BE_2010_25547,FR_BE,BE,2010,25547,coûts,NOM,coût,FR,lemmesAccessibilitéFR
w_FR_BE_2010_27000,FR_BE,BE,2010,27000,coûts,NOM,coût,FR,lemmesAccessibilitéFR
w_FR_BE_2010_30087,FR_BE,BE,2010,30087,coûts,NOM,coût,FR,lemmesAccessibilitéFR
w_FR_BE_2010_31658,FR_BE,BE,2010,31658,coûts,NOM,coût,FR,lemmesAccessibilitéFR
w_FR_BE_2010_32217,FR_BE,BE,2010,32217,coûts,NOM,coût,FR,lemmesAccessibilitéFR
w_FR_BE_2010_32435,FR_BE,BE,2010,32435,coûts,NOM,coût,FR,lemmesAccessibilitéFR
w_FR_BE_2010_32437,FR_BE,BE,2010,32437,coûts,NOM,coût,FR,lemmesAccessibilitéFR
w_FR_BE_2010_32467,FR_BE,BE,2010,32467,coûts,NOM,coût,FR,lemmesAccessibilitéFR
w_FR_BE_2010_32501,FR_BE,BE,2010,32501,coûts,NOM,coût,FR,lemmesAccessibilitéFR
w_FR_BE_2010_32940,FR_BE,BE,2010,32940,coûts,NOM,coût,FR,lemmesAccessibilitéFR
w_FR_BE_2010_33186,FR_BE,BE,2010,33186,coûts,NOM,coût,FR,lemmesAccessibilitéFR
w_FR_BE_2010_33592,FR_BE,BE,2010,33592,coûts,NOM,coût,FR,lemmesAccessibilitéFR
w_FR_BE_2010_35695,FR_BE,BE,2010,35695,coûts,NOM,coût,FR,lemmesAccessibilitéFR
w_FR_BE_2010_37246,FR_BE,BE,2010,37246,coûts,NOM,coût,FR,lemmesAccessibilitéFR
w_FR_BE_2010_37329,FR_BE,BE,2010,37329,coût,NOM,coût,FR,lemmesAccessibilitéFR
w_FR_BE_2010_48961,FR_BE,BE,2010,48961,Coûts,NOM,coût,FR,lemmesAccessibilitéFR
w_FR_BE_2010_48965,FR_BE,BE,2010,48965,coûts,NOM,coût,FR,lemmesAccessibilitéFR
w_FR_BE_2010_48987,FR_BE,BE,2010,48987,coûts,NOM,coût,FR,lemmesAccessibilitéFR
w_FR_BE_2010_48998,FR_BE,BE,2010,48998,coût,NOM,coût,FR,lemmesAccessibilitéFR
w_FR_BE_2010_49049,FR_BE,BE,2010,49049,coûts,NOM,coût,FR,lemmesAccessibilitéFR
w_FR_BE_2010_56263,FR_BE,BE,2010,56263,coût,NOM,coût,FR,lemmesAccessibilitéFR
w_FR_BE_2010_59590,FR_BE,BE,2010,59590,Coûts,NOM,coût,FR,lemmesAccessibilitéFR
w_FR_BE_2010_61579,FR_BE,BE,2010,61579,coûts,NOM,coût,FR,lemmesAccessibilitéFR
w_FR_BE_2010_63031,FR_BE,BE,2010,63031,Coûts,NOM,coût,FR,lemmesAccessibilitéFR
w_FR_BE_2010_63403,FR_BE,BE,2010,63403,Coûts,NOM,coût,FR,lemmesAccessibilitéFR
w_FR_BE_2010_63498,FR_BE,BE,2010,63498,coûts,NOM,coût,FR,lemmesAccessibilitéFR
w_FR_BE_2010_63578,FR_BE,BE,2010,63578,coûts,NOM,coût,FR,lemmesAccessibilitéFR
w_FR_BE_2010_63709,FR_BE,BE,2010,63709,coût,NOM,coût,FR,lemmesAccessibilitéFR
w_FR_BE_2010_64406,FR_BE,BE,2010,64406,Coûts,NOM,coût,FR,lemmesAccessibilitéFR
w_FR_BE_2010_65309,FR_BE,BE,2010,65309,Coûts,NOM,coût,FR,lemmesAccessibilitéFR
w_FR_BE_2010_65398,FR_BE,BE,2010,65398,Coûts,NOM,coût,FR,lemmesAccessibilitéFR
w_FR_BE_2010_66353,FR_BE,BE,2010,66353,coûts,NOM,coût,FR,lemmesAccessibilitéFR
w_FR_BE_2010_68053,FR_BE,BE,2010,68053,coûts,NOM,coût,FR,lemmesAccessibilitéFR
w_FR_BE_2010_68066,FR_BE,BE,2010,68066,coûts,NOM,coût,FR,lemmesAccessibilitéFR
w_FR_BE_2010_68084,FR_BE,BE,2010,68084,coûts,NOM,coût,FR,lemmesAccessibilitéFR
w_FR_BE_2010_71533,FR_BE,BE,2010,71533,Coûts,NOM,coût,FR,lemmesAccessibilitéFR
w_FR_BE_2010_71612,FR_BE,BE,2010,71612,coûts,NOM,coût,FR,lemmesAccessibilitéFR
w_FR_BE_2010_73001,FR_BE,BE,2010,73001,Coûts,NOM,coût,FR,lemmesAccessibilitéFR
w_FR_BE_2010_73901,FR_BE,BE,2010,73901,Coûts,NOM,coût,FR,lemmesAccessibilitéFR
w_FR_BE_2010_74072,FR_BE,BE,2010,74072,coûts,NOM,coût,FR,lemmesAccessibilitéFR
w_FR_BE_2010_74094,FR_BE,BE,2010,74094,coûts,NOM,coût,FR,lemmesAccessibilitéFR
w_FR_BE_2010_75230,FR_BE,BE,2010,75230,Coûts,NOM,coût,FR,lemmesAccessibilitéFR
w_FR_BE_2010_75667,FR_BE,BE,2010,75667,Coûts,NOM,coût,FR,lemmesAccessibilitéFR
w_FR_BE_2010_75754,FR_BE,BE,2010,75754,coûts,NOM,coût,FR,lemmesAccessibilitéFR
w_FR_BE_2010_76212,FR_BE,BE,2010,76212,Coûts,NOM,coût,FR,lemmesAccessibilitéFR
w_FR_BE_2010_76300,FR_BE,BE,2010,76300,Coûts,NOM,coût,FR,lemmesAccessibilitéFR
w_FR_BE_2010_77516,FR_BE,BE,2010,77516,coût,NOM,coût,FR,lemmesAccessibilitéFR
w_FR_BE_2010_81091,FR_BE,BE,2010,81091,Coûts,NOM,coût,FR,lemmesAccessibilitéFR
w_FR_BE_2010_83900,FR_BE,BE,2010,83900,coût,NOM,coût,FR,lemmesAccessibilitéFR
w_FR_BE_2010_84457,FR_BE,BE,2010,84457,Coûts,NOM,coût,FR,lemmesAccessibilitéFR
w_FR_BE_2010_87190,FR_BE,BE,2010,87190,Coûts,NOM,coût,FR,lemmesAccessibilitéFR
w_FR_BE_2010_88376,FR_BE,BE,2010,88376,coûts,NOM,coût,FR,lemmesAccessibilitéFR
w_FR_BE_2010_88849,FR_BE,BE,2010,88849,Coûts,NOM,coût,FR,lemmesAccessibilitéFR
w_FR_BE_2010_89412,FR_BE,BE,2010,89412,Coûts,NOM,coût,FR,lemmesAccessibilitéFR
w_FR_BE_2010_91742,FR_BE,BE,2010,91742,Coûts,NOM,coût,FR,lemmesAccessibilitéFR
w_FR_BE_2010_91819,FR_BE,BE,2010,91819,Coûts,NOM,coût,FR,lemmesAccessibilitéFR
w_FR_BE_2010_92249,FR_BE,BE,2010,92249,Coûts,NOM,coût,FR,lemmesAccessibilitéFR
w_FR_BE_2010_93153,FR_BE,BE,2010,93153,Coûts,NOM,coût,FR,lemmesAccessibilitéFR
w_FR_BE_2010_93241,FR_BE,BE,2010,93241,Coûts,NOM,coût,FR,lemmesAccessibilitéFR
w_FR_BE_2010_93558,FR_BE,BE,2010,93558,Coûts,NOM,coût,FR,lemmesAccessibilitéFR
w_FR_BE_2010_93572,FR_BE,BE,2010,93572,Coûts,NOM,coût,FR,lemmesAccessibilitéFR
w_FR_BE_2010_93832,FR_BE,BE,2010,93832,coûts,NOM,coût,FR,lemmesAccessibilitéFR
w_FR_BE_2010_93936,FR_BE,BE,2010,93936,Coûts,NOM,coût,FR,lemmesAccessibilitéFR
w_FR_BE_2010_93952,FR_BE,BE,2010,93952,Coûts,NOM,coût,FR,lemmesAccessibilitéFR
w_FR_BE_2010_95104,FR_BE,BE,2010,95104,Coûts,NOM,coût,FR,lemmesAccessibilitéFR
w_FR_BE_2010_95198,FR_BE,BE,2010,95198,coûts,NOM,coût,FR,lemmesAccessibilitéFR
w_FR_BE_2010_95207,FR_BE,BE,2010,95207,coûts,NOM,coût,FR,lemmesAccessibilitéFR
w_FR_BE_2010_96651,FR_BE,BE,2010,96651,coûts,NOM,coût,FR,lemmesAccessibilitéFR
w_FR_BE_2010_96701,FR_BE,BE,2010,96701,Coûts,NOM,coût,FR,lemmesAccessibilitéFR
w_FR_BE_2010_96807,FR_BE,BE,2010,96807,coûts,NOM,coût,FR,lemmesAccessibilitéFR
w_FR_BE_2010_97521,FR_BE,BE,2010,97521,coûts,NOM,coût,FR,lemmesAccessibilitéFR
w_FR_BE_2010_97576,FR_BE,BE,2010,97576,coûts,NOM,coût,FR,lemmesAccessibilitéFR
w_FR_BE_2010_98816,FR_BE,BE,2010,98816,coûts,NOM,coût,FR,lemmesAccessibilitéFR
w_FR_BE_2010_98829,FR_BE,BE,2010,98829,Coûts,NOM,coût,FR,lemmesAccessibilitéFR
w_FR_BE_2010_98935,FR_BE,BE,2010,98935,coûts,NOM,coût,FR,lemmesAccessibilitéFR
w_FR_BE_2010_99563,FR_BE,BE,2010,99563,Coûts,NOM,coût,FR,lemmesAccessibilitéFR
w_FR_BE_2010_101176,FR_BE,BE,2010,101176,Coûts,NOM,coût,FR,lemmesAccessibilitéFR
w_FR_BE_2010_102098,FR_BE,BE,2010,102098,Coûts,NOM,coût,FR,lemmesAccessibilitéFR
w_FR_BE_2010_102175,FR_BE,BE,2010,102175,Coûts,NOM,coût,FR,lemmesAccessibilitéFR
w_FR_BE_2010_102640,FR_BE,BE,2010,102640,Coûts,NOM,coût,FR,lemmesAccessibilitéFR
w_FR_BE_2010_102718,FR_BE,BE,2010,102718,coûts,NOM,coût,FR,lemmesAccessibilitéFR
w_FR_BE_2010_103184,FR_BE,BE,2010,103184,Coûts,NOM,coût,FR,lemmesAccessibilitéFR
w_FR_BE_2010_103746,FR_BE,BE,2010,103746,Coûts,NOM,coût,FR,lemmesAccessibilitéFR
w_FR_BE_2010_104209,FR_BE,BE,2010,104209,Coûts,NOM,coût,FR,lemmesAccessibilitéFR
w_FR_BE_2010_104739,FR_BE,BE,2010,104739,Coûts,NOM,coût,FR,lemmesAccessibilitéFR
w_FR_BE_2010_105172,FR_BE,BE,2010,105172,Coûts,NOM,coût,FR,lemmesAccessibilitéFR
w_FR_BE_2010_105842,FR_BE,BE,2010,105842,Coûts,NOM,coût,FR,lemmesAccessibilitéFR
w_FR_BE_2010_105937,FR_BE,BE,2010,105937,coûts,NOM,coût,FR,lemmesAccessibilitéFR
w_FR_BE_2010_106504,FR_BE,BE,2010,106504,Coûts,NOM,coût,FR,lemmesAccessibilitéFR
w_FR_BE_2010_106594,FR_BE,BE,2010,106594,coûts,NOM,coût,FR,lemmesAccessibilitéFR
w_FR_BE_2010_107103,FR_BE,BE,2010,107103,Coûts,NOM,coût,FR,lemmesAccessibilitéFR
w_FR_BE_2010_107181,FR_BE,BE,2010,107181,coûts,NOM,coût,FR,lemmesAccessibilitéFR
w_FR_BE_2010_107244,FR_BE,BE,2010,107244,coûts,NOM,coût,FR,lemmesAccessibilitéFR
w_FR_BE_2010_107883,FR_BE,BE,2010,107883,Coûts,NOM,coût,FR,lemmesAccessibilitéFR
w_FR_BE_2010_107965,FR_BE,BE,2010,107965,coûts,NOM,coût,FR,lemmesAccessibilitéFR
w_FR_VD_2016_10323,FR_VD,VD,2016,10323,coûts,NOM,coût,FR,lemmesAccessibilitéFR
w_FR_VD_2016_11720,FR_VD,VD,2016,11720,Coûts,NOM,coût,FR,lemmesAccessibilitéFR
w_FR_VD_2016_15008,FR_VD,VD,2016,15008,coûts,NOM,coût,FR,lemmesAccessibilitéFR
w_FR_VD_2016_20182,FR_VD,VD,2016,20182,coûts,NOM,coût,FR,lemmesAccessibilitéFR
w_FR_VD_2016_20187,FR_VD,VD,2016,20187,coûts,NOM,coût,FR,lemmesAccessibilitéFR
w_FR_VD_2016_21804,FR_VD,VD,2016,21804,Coûts,NOM,coût,FR,lemmesAccessibilitéFR
w_FR_VD_2016_22178,FR_VD,VD,2016,22178,coûts,NOM,coût,FR,lemmesAccessibilitéFR
w_FR_VD_2016_23100,FR_VD,VD,2016,23100,Coûts,NOM,coût,FR,lemmesAccessibilitéFR
w_FR_VD_2016_23113,FR_VD,VD,2016,23113,coûts,NOM,coût,FR,lemmesAccessibilitéFR
w_FR_VD_2016_23127,FR_VD,VD,2016,23127,coûts,NOM,coût,FR,lemmesAccessibilitéFR
w_FR_VD_2016_24783,FR_VD,VD,2016,24783,Coûts,NOM,coût,FR,lemmesAccessibilitéFR
w_FR_VD_2016_25076,FR_VD,VD,2016,25076,coûts,NOM,coût,FR,lemmesAccessibilitéFR
w_FR_VD_2016_25082,FR_VD,VD,2016,25082,coûts,NOM,coût,FR,lemmesAccessibilitéFR
w_FR_VD_2016_25620,FR_VD,VD,2016,25620,Coûts,NOM,coût,FR,lemmesAccessibilitéFR
w_FR_VD_2016_26533,FR_VD,VD,2016,26533,coût,NOM,coût,FR,lemmesAccessibilitéFR
w_FR_VD_2016_30733,FR_VD,VD,2016,30733,coûts,NOM,coût,FR,lemmesAccessibilitéFR
w_FR_VD_2016_30795,FR_VD,VD,2016,30795,coûts,NOM,coût,FR,lemmesAccessibilitéFR
w_FR_VD_2016_30873,FR_VD,VD,2016,30873,coûts,NOM,coût,FR,lemmesAccessibilitéFR
w_FR_VD_2016_31066,FR_VD,VD,2016,31066,coûts,NOM,coût,FR,lemmesAccessibilitéFR
w_FR_VD_2016_31166,FR_VD,VD,2016,31166,coûts,NOM,coût,FR,lemmesAccessibilitéFR
w_FR_VD_2016_31299,FR_VD,VD,2016,31299,Coûts,NOM,coût,FR,lemmesAccessibilitéFR
w_FR_VD_2016_34367,FR_VD,VD,2016,34367,Coûts,NOM,coût,FR,lemmesAccessibilitéFR
w_FR_VD_2016_34786,FR_VD,VD,2016,34786,coût,NOM,coût,FR,lemmesAccessibilitéFR
w_FR_VD_2016_35235,FR_VD,VD,2016,35235,coûts,NOM,coût,FR,lemmesAccessibilitéFR
w_FR_VD_2016_37380,FR_VD,VD,2016,37380,Coûts,NOM,coût,FR,lemmesAccessibilitéFR
w_FR_VD_2016_39390,FR_VD,VD,2016,39390,Coûts,NOM,coût,FR,lemmesAccessibilitéFR
w_FR_VD_2016_40165,FR_VD,VD,2016,40165,coût,NOM,coût,FR,lemmesAccessibilitéFR
w_FR_VD_2016_40675,FR_VD,VD,2016,40675,Coûts,NOM,coût,FR,lemmesAccessibilitéFR
w_FR_VD_2016_42358,FR_VD,VD,2016,42358,Coûts,NOM,coût,FR,lemmesAccessibilitéFR
w_FR_VD_2016_43094,FR_VD,VD,2016,43094,coût,NOM,coût,FR,lemmesAccessibilitéFR
w_FR_VD_2016_43992,FR_VD,VD,2016,43992,Coûts,NOM,coût,FR,lemmesAccessibilitéFR
w_FR_VD_2016_45206,FR_VD,VD,2016,45206,Coûts,NOM,coût,FR,lemmesAccessibilitéFR
w_FR_VD_2016_50121,FR_VD,VD,2016,50121,Coûts,NOM,coût,FR,lemmesAccessibilitéFR
w_FR_VD_2016_50127,FR_VD,VD,2016,50127,Coûts,NOM,coût,FR,lemmesAccessibilitéFR
w_FR_VD_2016_51416,FR_VD,VD,2016,51416,Coûts,NOM,coût,FR,lemmesAccessibilitéFR
w_FR_VD_2016_54382,FR_VD,VD,2016,54382,Coûts,NOM,coût,FR,lemmesAccessibilitéFR
w_FR_VD_2016_54853,FR_VD,VD,2016,54853,coûts,NOM,coût,FR,lemmesAccessibilitéFR
w_FR_VD_2016_55686,FR_VD,VD,2016,55686,Coûts,NOM,coût,FR,lemmesAccessibilitéFR
w_FR_VD_2016_56769,FR_VD,VD,2016,56769,Coûts,NOM,coût,FR,lemmesAccessibilitéFR
w_FR_VD_2016_58472,FR_VD,VD,2016,58472,Coûts,NOM,coût,FR,lemmesAccessibilitéFR
w_FR_VD_2016_59116,FR_VD,VD,2016,59116,coûts,NOM,coût,FR,lemmesAccessibilitéFR
w_FR_VD_2016_59129,FR_VD,VD,2016,59129,coûts,NOM,coût,FR,lemmesAccessibilitéFR
w_FR_VD_2016_59252,FR_VD,VD,2016,59252,coûts,NOM,coût,FR,lemmesAccessibilitéFR
w_FR_VD_2016_60255,FR_VD,VD,2016,60255,Coûts,NOM,coût,FR,lemmesAccessibilitéFR
w_FR_VD_2016_61245,FR_VD,VD,2016,61245,coût,NOM,coût,FR,lemmesAccessibilitéFR
w_FR_VD_2016_61430,FR_VD,VD,2016,61430,coûts,NOM,coût,FR,lemmesAccessibilitéFR
w_FR_VD_2016_62456,FR_VD,VD,2016,62456,coûts,NOM,coût,FR,lemmesAccessibilitéFR
w_FR_VD_2016_62478,FR_VD,VD,2016,62478,Coûts,NOM,coût,FR,lemmesAccessibilitéFR
w_FR_VD_2016_63893,FR_VD,VD,2016,63893,Coûts,NOM,coût,FR,lemmesAccessibilitéFR
w_FR_VD_2016_65059,FR_VD,VD,2016,65059,coûts,NOM,coût,FR,lemmesAccessibilitéFR
w_FR_VD_2016_65147,FR_VD,VD,2016,65147,Coûts,NOM,coût,FR,lemmesAccessibilitéFR
w_FR_VD_2016_71036,FR_VD,VD,2016,71036,Coûts,NOM,coût,FR,lemmesAccessibilitéFR
w_FR_VD_2016_73882,FR_VD,VD,2016,73882,Coûts,NOM,coût,FR,lemmesAccessibilitéFR
w_FR_VD_2016_75706,FR_VD,VD,2016,75706,coût,NOM,coût,FR,lemmesAccessibilitéFR
w_FR_VD_2016_77079,FR_VD,VD,2016,77079,Coûts,NOM,coût,FR,lemmesAccessibilitéFR
w_FR_VD_2016_78561,FR_VD,VD,2016,78561,coût,NOM,coût,FR,lemmesAccessibilitéFR
w_FR_VD_2016_79412,FR_VD,VD,2016,79412,Coûts,NOM,coût,FR,lemmesAccessibilitéFR
w_FR_VD_2016_80768,FR_VD,VD,2016,80768,coût,NOM,coût,FR,lemmesAccessibilitéFR
w_FR_VD_2016_81670,FR_VD,VD,2016,81670,Coûts,NOM,coût,FR,lemmesAccessibilitéFR
w_FR_VD_2016_83850,FR_VD,VD,2016,83850,Coûts,NOM,coût,FR,lemmesAccessibilitéFR
w_FR_VD_2016_86604,FR_VD,VD,2016,86604,coûts,NOM,coût,FR,lemmesAccessibilitéFR
w_FR_VD_2016_87461,FR_VD,VD,2016,87461,Coûts,NOM,coût,FR,lemmesAccessibilitéFR
w_FR_VD_2016_88911,FR_VD,VD,2016,88911,Coûts,NOM,coût,FR,lemmesAccessibilitéFR
w_FR_VD_2016_92355,FR_VD,VD,2016,92355,Coûts,NOM,coût,FR,lemmesAccessibilitéFR
w_FR_VD_2016_95667,FR_VD,VD,2016,95667,Coûts,NOM,coût,FR,lemmesAccessibilitéFR
w_FR_VD_2016_96815,FR_VD,VD,2016,96815,coûts,NOM,coût,FR,lemmesAccessibilitéFR
w_FR_VD_2016_97012,FR_VD,VD,2016,97012,coût,NOM,coût,FR,lemmesAccessibilitéFR
w_FR_VD_2016_97826,FR_VD,VD,2016,97826,coût,NOM,coût,FR,lemmesAccessibilitéFR
w_FR_VD_2016_98134,FR_VD,VD,2016,98134,coûts,NOM,coût,FR,lemmesAccessibilitéFR
w_FR_VD_2016_98240,FR_VD,VD,2016,98240,coûts,NOM,coût,FR,lemmesAccessibilitéFR
w_FR_VD_2016_100582,FR_VD,VD,2016,100582,coût,NOM,coût,FR,lemmesAccessibilitéFR
w_FR_VD_2016_101336,FR_VD,VD,2016,101336,coût,NOM,coût,FR,lemmesAccessibilitéFR
w_FR_VD_2016_102000,FR_VD,VD,2016,102000,Coûts,NOM,coût,FR,lemmesAccessibilitéFR
w_FR_VD_2016_105463,FR_VD,VD,2016,105463,Coûts,NOM,coût,FR,lemmesAccessibilitéFR
w_FR_VD_2016_105774,FR_VD,VD,2016,105774,coûts,NOM,coût,FR,lemmesAccessibilitéFR
w_FR_VD_2016_107723,FR_VD,VD,2016,107723,Coûts,NOM,coût,FR,lemmesAccessibilitéFR
w_FR_VD_2016_107759,FR_VD,VD,2016,107759,Coûts,NOM,coût,FR,lemmesAccessibilitéFR
w_FR_VD_2016_110330,FR_VD,VD,2016,110330,Coûts,NOM,coût,FR,lemmesAccessibilitéFR
w_FR_VD_2016_114069,FR_VD,VD,2016,114069,Coûts,NOM,coût,FR,lemmesAccessibilitéFR
w_FR_VD_2016_115745,FR_VD,VD,2016,115745,coût,NOM,coût,FR,lemmesAccessibilitéFR
w_FR_VD_2016_117529,FR_VD,VD,2016,117529,Coûts,NOM,coût,FR,lemmesAccessibilitéFR
w_FR_VD_2016_120088,FR_VD,VD,2016,120088,Coûts,NOM,coût,FR,lemmesAccessibilitéFR
w_FR_VD_2016_122806,FR_VD,VD,2016,122806,coût,NOM,coût,FR,lemmesAccessibilitéFR
w_FR_VD_2016_123357,FR_VD,VD,2016,123357,coûts,NOM,coût,FR,lemmesAccessibilitéFR
w_FR_VD_2016_124250,FR_VD,VD,2016,124250,Coûts,NOM,coût,FR,lemmesAccessibilitéFR
w_FR_VD_2016_127284,FR_VD,VD,2016,127284,Coûts,NOM,coût,FR,lemmesAccessibilitéFR
w_FR_VD_2016_127322,FR_VD,VD,2016,127322,coût,NOM,coût,FR,lemmesAccessibilitéFR
w_FR_VD_2016_130115,FR_VD,VD,2016,130115,Coûts,NOM,coût,FR,lemmesAccessibilitéFR
w_FR_VD_2016_134248,FR_VD,VD,2016,134248,Coûts,NOM,coût,FR,lemmesAccessibilitéFR
w_FR_VD_2016_136781,FR_VD,VD,2016,136781,Coûts,NOM,coût,FR,lemmesAccessibilitéFR
w_FR_VD_2016_137708,FR_VD,VD,2016,137708,Coûts,NOM,coût,FR,lemmesAccessibilitéFR
w_FR_VD_2016_137714,FR_VD,VD,2016,137714,Coûts,NOM,coût,FR,lemmesAccessibilitéFR
w_FR_VD_2016_137954,FR_VD,VD,2016,137954,coûts,NOM,coût,FR,lemmesAccessibilitéFR
w_FR_VD_2016_139124,FR_VD,VD,2016,139124,coûts,NOM,coût,FR,lemmesAccessibilitéFR
w_FR_VD_2016_139689,FR_VD,VD,2016,139689,coût,NOM,coût,FR,lemmesAccessibilitéFR
w_FR_VD_2016_140587,FR_VD,VD,2016,140587,coût,NOM,coût,FR,lemmesAccessibilitéFR
w_FR_VD_2016_141534,FR_VD,VD,2016,141534,Coûts,NOM,coût,FR,lemmesAccessibilitéFR
w_FR_VD_2016_143121,FR_VD,VD,2016,143121,Coûts,NOM,coût,FR,lemmesAccessibilitéFR
w_FR_VD_2016_144954,FR_VD,VD,2016,144954,Coûts,NOM,coût,FR,lemmesAccessibilitéFR
w_FR_VD_2016_146611,FR_VD,VD,2016,146611,Coûts,NOM,coût,FR,lemmesAccessibilitéFR
w_FR_VD_2016_148694,FR_VD,VD,2016,148694,Coûts,NOM,coût,FR,lemmesAccessibilitéFR
w_FR_VD_2016_149588,FR_VD,VD,2016,149588,coût,NOM,coût,FR,lemmesAccessibilitéFR
w_FR_VD_2016_150700,FR_VD,VD,2016,150700,Coûts,NOM,coût,FR,lemmesAccessibilitéFR
w_FR_VD_2016_154225,FR_VD,VD,2016,154225,Coûts,NOM,coût,FR,lemmesAccessibilitéFR
w_FR_VD_2016_154905,FR_VD,VD,2016,154905,coût,NOM,coût,FR,lemmesAccessibilitéFR
w_FR_VD_2016_154915,FR_VD,VD,2016,154915,coûts,NOM,coût,FR,lemmesAccessibilitéFR
w_FR_VD_2016_154921,FR_VD,VD,2016,154921,coût,NOM,coût,FR,lemmesAccessibilitéFR
w_FR_VD_2016_155447,FR_VD,VD,2016,155447,coût,NOM,coût,FR,lemmesAccessibilitéFR
w_FR_VD_2016_155535,FR_VD,VD,2016,155535,coût,NOM,coût,FR,lemmesAccessibilitéFR
w_FR_VD_2016_155574,FR_VD,VD,2016,155574,coût,NOM,coût,FR,lemmesAccessibilitéFR
w_FR_VD_2016_155610,FR_VD,VD,2016,155610,Coûts,NOM,coût,FR,lemmesAccessibilitéFR
w_FR_VD_2016_156337,FR_VD,VD,2016,156337,coûts,NOM,coût,FR,lemmesAccessibilitéFR
w_FR_VD_2016_172115,FR_VD,VD,2016,172115,coût,NOM,coût,FR,lemmesAccessibilitéFR
w_FR_VD_2016_182352,FR_VD,VD,2016,182352,coût,NOM,coût,FR,lemmesAccessibilitéFR
w_FR_VD_2016_182356,FR_VD,VD,2016,182356,coût,NOM,coût,FR,lemmesAccessibilitéFR
w_FR_VD_2016_182367,FR_VD,VD,2016,182367,coût,NOM,coût,FR,lemmesAccessibilitéFR
w_FR_VD_2016_182386,FR_VD,VD,2016,182386,coût,NOM,coût,FR,lemmesAccessibilitéFR
w_FR_VD_2016_182403,FR_VD,VD,2016,182403,coût,NOM,coût,FR,lemmesAccessibilitéFR
w_FR_VD_2016_185564,FR_VD,VD,2016,185564,coûts,NOM,coût,FR,lemmesAccessibilitéFR
w_FR_BE_2024_545,FR_BE,BE,2024,545,coûts,NOM,coût,FR,lemmesAccessibilitéFR
w_FR_BE_2024_6442,FR_BE,BE,2024,6442,coût,NOM,coût,FR,lemmesAccessibilitéFR
w_FR_BE_2024_7008,FR_BE,BE,2024,7008,coûts,NOM,coût,FR,lemmesAccessibilitéFR
w_FR_BE_2024_8570,FR_BE,BE,2024,8570,coûts,NOM,coût,FR,lemmesAccessibilitéFR
w_FR_BE_2024_8698,FR_BE,BE,2024,8698,coûts,NOM,coût,FR,lemmesAccessibilitéFR
w_FR_BE_2024_9504,FR_BE,BE,2024,9504,coûts,NOM,coût,FR,lemmesAccessibilitéFR
w_FR_BE_2024_9619,FR_BE,BE,2024,9619,coût,NOM,coût,FR,lemmesAccessibilitéFR
w_FR_BE_2024_9727,FR_BE,BE,2024,9727,coûts,NOM,coût,FR,lemmesAccessibilitéFR
w_FR_BE_2024_9883,FR_BE,BE,2024,9883,coût,NOM,coût,FR,lemmesAccessibilitéFR
w_FR_BE_2024_15421,FR_BE,BE,2024,15421,coûts,NOM,coût,FR,lemmesAccessibilitéFR
w_FR_BE_2024_18378,FR_BE,BE,2024,18378,coûts,NOM,coût,FR,lemmesAccessibilitéFR
w_FR_BE_2024_40867,FR_BE,BE,2024,40867,coût,NOM,coût,FR,lemmesAccessibilitéFR
w_FR_BE_2024_41707,FR_BE,BE,2024,41707,coûts,NOM,coût,FR,lemmesAccessibilitéFR
w_FR_BE_2024_53528,FR_BE,BE,2024,53528,coût,NOM,coût,FR,lemmesAccessibilitéFR
w_FR_BE_2024_55399,FR_BE,BE,2024,55399,coûts,NOM,coût,FR,lemmesAccessibilitéFR
w_FR_BE_2024_60007,FR_BE,BE,2024,60007,Coûts,NOM,coût,FR,lemmesAccessibilitéFR
w_FR_BE_2024_60089,FR_BE,BE,2024,60089,coûts,NOM,coût,FR,lemmesAccessibilitéFR
w_FR_BE_2024_62487,FR_BE,BE,2024,62487,Coûts,NOM,coût,FR,lemmesAccessibilitéFR
w_FR_BE_2024_62701,FR_BE,BE,2024,62701,coûts,NOM,coût,FR,lemmesAccessibilitéFR
w_FR_BE_2024_62723,FR_BE,BE,2024,62723,coûts,NOM,coût,FR,lemmesAccessibilitéFR
w_FR_BE_2024_63544,FR_BE,BE,2024,63544,Coûts,NOM,coût,FR,lemmesAccessibilitéFR
w_FR_BE_2024_63637,FR_BE,BE,2024,63637,coûts,NOM,coût,FR,lemmesAccessibilitéFR
w_FR_BE_2024_63642,FR_BE,BE,2024,63642,coûts,NOM,coût,FR,lemmesAccessibilitéFR
w_FR_BE_2024_64094,FR_BE,BE,2024,64094,Coûts,NOM,coût,FR,lemmesAccessibilitéFR
w_FR_BE_2024_64185,FR_BE,BE,2024,64185,Coûts,NOM,coût,FR,lemmesAccessibilitéFR
w_FR_BE_2024_64230,FR_BE,BE,2024,64230,coûts,NOM,coût,FR,lemmesAccessibilitéFR
w_FR_BE_2024_70330,FR_BE,BE,2024,70330,Coûts,NOM,coût,FR,lemmesAccessibilitéFR
w_FR_BE_2024_70432,FR_BE,BE,2024,70432,coûts,NOM,coût,FR,lemmesAccessibilitéFR
w_FR_BE_2024_77682,FR_BE,BE,2024,77682,coûts,NOM,coût,FR,lemmesAccessibilitéFR
w_FR_BE_2024_77697,FR_BE,BE,2024,77697,Coûts,NOM,coût,FR,lemmesAccessibilitéFR
w_FR_BE_2024_77784,FR_BE,BE,2024,77784,coûts,NOM,coût,FR,lemmesAccessibilitéFR
w_FR_BE_2024_80668,FR_BE,BE,2024,80668,Coûts,NOM,coût,FR,lemmesAccessibilitéFR
w_FR_BE_2024_80760,FR_BE,BE,2024,80760,coûts,NOM,coût,FR,lemmesAccessibilitéFR
w_FR_BE_2024_82694,FR_BE,BE,2024,82694,Coûts,NOM,coût,FR,lemmesAccessibilitéFR
w_FR_BE_2024_82785,FR_BE,BE,2024,82785,Coûts,NOM,coût,FR,lemmesAccessibilitéFR
w_FR_BE_2024_84335,FR_BE,BE,2024,84335,Coûts,NOM,coût,FR,lemmesAccessibilitéFR
w_FR_BE_2024_84415,FR_BE,BE,2024,84415,Coûts,NOM,coût,FR,lemmesAccessibilitéFR
w_FR_BE_2024_84966,FR_BE,BE,2024,84966,Coûts,NOM,coût,FR,lemmesAccessibilitéFR
w_FR_BE_2024_85056,FR_BE,BE,2024,85056,coûts,NOM,coût,FR,lemmesAccessibilitéFR
w_FR_BE_2024_85859,FR_BE,BE,2024,85859,Coûts,NOM,coût,FR,lemmesAccessibilitéFR
w_FR_BE_2024_85934,FR_BE,BE,2024,85934,coûts,NOM,coût,FR,lemmesAccessibilitéFR
w_FR_BE_2024_85942,FR_BE,BE,2024,85942,coûts,NOM,coût,FR,lemmesAccessibilitéFR
w_FR_BE_2024_85976,FR_BE,BE,2024,85976,coûts,NOM,coût,FR,lemmesAccessibilitéFR
w_FR_BE_2024_86463,FR_BE,BE,2024,86463,Coûts,NOM,coût,FR,lemmesAccessibilitéFR
w_FR_BE_2024_86959,FR_BE,BE,2024,86959,Coûts,NOM,coût,FR,lemmesAccessibilitéFR
w_FR_BE_2024_87886,FR_BE,BE,2024,87886,Coûts,NOM,coût,FR,lemmesAccessibilitéFR
w_FR_BE_2024_89120,FR_BE,BE,2024,89120,coûts,NOM,coût,FR,lemmesAccessibilitéFR
w_FR_BE_2024_89759,FR_BE,BE,2024,89759,Coûts,NOM,coût,FR,lemmesAccessibilitéFR
w_FR_BE_2024_89844,FR_BE,BE,2024,89844,coûts,NOM,coût,FR,lemmesAccessibilitéFR
w_FR_VD_2013_10178,FR_VD,VD,2013,10178,coûts,NOM,coût,FR,lemmesAccessibilitéFR
w_FR_VD_2013_11581,FR_VD,VD,2013,11581,Coûts,NOM,coût,FR,lemmesAccessibilitéFR
w_FR_VD_2013_14822,FR_VD,VD,2013,14822,coûts,NOM,coût,FR,lemmesAccessibilitéFR
w_FR_VD_2013_19930,FR_VD,VD,2013,19930,coûts,NOM,coût,FR,lemmesAccessibilitéFR
w_FR_VD_2013_19935,FR_VD,VD,2013,19935,coûts,NOM,coût,FR,lemmesAccessibilitéFR
w_FR_VD_2013_21537,FR_VD,VD,2013,21537,Coûts,NOM,coût,FR,lemmesAccessibilitéFR
w_FR_VD_2013_21877,FR_VD,VD,2013,21877,coûts,NOM,coût,FR,lemmesAccessibilitéFR
w_FR_VD_2013_22818,FR_VD,VD,2013,22818,Coûts,NOM,coût,FR,lemmesAccessibilitéFR
w_FR_VD_2013_22831,FR_VD,VD,2013,22831,coûts,NOM,coût,FR,lemmesAccessibilitéFR
w_FR_VD_2013_22845,FR_VD,VD,2013,22845,coûts,NOM,coût,FR,lemmesAccessibilitéFR
w_FR_VD_2013_24427,FR_VD,VD,2013,24427,Coûts,NOM,coût,FR,lemmesAccessibilitéFR
w_FR_VD_2013_24716,FR_VD,VD,2013,24716,coûts,NOM,coût,FR,lemmesAccessibilitéFR
w_FR_VD_2013_24722,FR_VD,VD,2013,24722,coûts,NOM,coût,FR,lemmesAccessibilitéFR
w_FR_VD_2013_25255,FR_VD,VD,2013,25255,Coûts,NOM,coût,FR,lemmesAccessibilitéFR
w_FR_VD_2013_26159,FR_VD,VD,2013,26159,coût,NOM,coût,FR,lemmesAccessibilitéFR
w_FR_VD_2013_29276,FR_VD,VD,2013,29276,coûts,NOM,coût,FR,lemmesAccessibilitéFR
w_FR_VD_2013_29338,FR_VD,VD,2013,29338,coûts,NOM,coût,FR,lemmesAccessibilitéFR
w_FR_VD_2013_29411,FR_VD,VD,2013,29411,coûts,NOM,coût,FR,lemmesAccessibilitéFR
w_FR_VD_2013_29599,FR_VD,VD,2013,29599,coûts,NOM,coût,FR,lemmesAccessibilitéFR
w_FR_VD_2013_29699,FR_VD,VD,2013,29699,coûts,NOM,coût,FR,lemmesAccessibilitéFR
w_FR_VD_2013_29832,FR_VD,VD,2013,29832,Coûts,NOM,coût,FR,lemmesAccessibilitéFR
w_FR_VD_2013_29871,FR_VD,VD,2013,29871,Coûts,NOM,coût,FR,lemmesAccessibilitéFR
w_FR_VD_2013_33623,FR_VD,VD,2013,33623,Coûts,NOM,coût,FR,lemmesAccessibilitéFR
w_FR_VD_2013_33929,FR_VD,VD,2013,33929,coût,NOM,coût,FR,lemmesAccessibilitéFR
w_FR_VD_2013_35248,FR_VD,VD,2013,35248,Coûts,NOM,coût,FR,lemmesAccessibilitéFR
w_FR_VD_2013_36111,FR_VD,VD,2013,36111,Coûts,NOM,coût,FR,lemmesAccessibilitéFR
w_FR_VD_2013_38095,FR_VD,VD,2013,38095,Coûts,NOM,coût,FR,lemmesAccessibilitéFR
w_FR_VD_2013_38864,FR_VD,VD,2013,38864,coût,NOM,coût,FR,lemmesAccessibilitéFR
w_FR_VD_2013_39373,FR_VD,VD,2013,39373,Coûts,NOM,coût,FR,lemmesAccessibilitéFR
w_FR_VD_2013_41040,FR_VD,VD,2013,41040,Coûts,NOM,coût,FR,lemmesAccessibilitéFR
w_FR_VD_2013_41765,FR_VD,VD,2013,41765,coût,NOM,coût,FR,lemmesAccessibilitéFR
w_FR_VD_2013_42653,FR_VD,VD,2013,42653,Coûts,NOM,coût,FR,lemmesAccessibilitéFR
w_FR_VD_2013_43873,FR_VD,VD,2013,43873,Coûts,NOM,coût,FR,lemmesAccessibilitéFR
w_FR_VD_2013_48471,FR_VD,VD,2013,48471,Coûts,NOM,coût,FR,lemmesAccessibilitéFR
w_FR_VD_2013_48477,FR_VD,VD,2013,48477,Coûts,NOM,coût,FR,lemmesAccessibilitéFR
w_FR_VD_2013_49663,FR_VD,VD,2013,49663,Coûts,NOM,coût,FR,lemmesAccessibilitéFR
w_FR_VD_2013_51076,FR_VD,VD,2013,51076,coûts,NOM,coût,FR,lemmesAccessibilitéFR
w_FR_VD_2013_52128,FR_VD,VD,2013,52128,Coûts,NOM,coût,FR,lemmesAccessibilitéFR
w_FR_VD_2013_52532,FR_VD,VD,2013,52532,coûts,NOM,coût,FR,lemmesAccessibilitéFR
w_FR_VD_2013_53307,FR_VD,VD,2013,53307,Coûts,NOM,coût,FR,lemmesAccessibilitéFR
w_FR_VD_2013_54379,FR_VD,VD,2013,54379,Coûts,NOM,coût,FR,lemmesAccessibilitéFR
w_FR_VD_2013_56263,FR_VD,VD,2013,56263,Coûts,NOM,coût,FR,lemmesAccessibilitéFR
w_FR_VD_2013_56557,FR_VD,VD,2013,56557,coût,NOM,coût,FR,lemmesAccessibilitéFR
w_FR_VD_2013_57230,FR_VD,VD,2013,57230,Coûts,NOM,coût,FR,lemmesAccessibilitéFR
w_FR_VD_2013_57861,FR_VD,VD,2013,57861,coûts,NOM,coût,FR,lemmesAccessibilitéFR
w_FR_VD_2013_57874,FR_VD,VD,2013,57874,coûts,NOM,coût,FR,lemmesAccessibilitéFR
w_FR_VD_2013_57997,FR_VD,VD,2013,57997,coûts,NOM,coût,FR,lemmesAccessibilitéFR
w_FR_VD_2013_58990,FR_VD,VD,2013,58990,Coûts,NOM,coût,FR,lemmesAccessibilitéFR
w_FR_VD_2013_59989,FR_VD,VD,2013,59989,coût,NOM,coût,FR,lemmesAccessibilitéFR
w_FR_VD_2013_60169,FR_VD,VD,2013,60169,coûts,NOM,coût,FR,lemmesAccessibilitéFR
w_FR_VD_2013_61185,FR_VD,VD,2013,61185,coûts,NOM,coût,FR,lemmesAccessibilitéFR
w_FR_VD_2013_61207,FR_VD,VD,2013,61207,Coûts,NOM,coût,FR,lemmesAccessibilitéFR
w_FR_VD_2013_62603,FR_VD,VD,2013,62603,Coûts,NOM,coût,FR,lemmesAccessibilitéFR
w_FR_VD_2013_63754,FR_VD,VD,2013,63754,coûts,NOM,coût,FR,lemmesAccessibilitéFR
w_FR_VD_2013_63842,FR_VD,VD,2013,63842,Coûts,NOM,coût,FR,lemmesAccessibilitéFR
w_FR_VD_2013_70412,FR_VD,VD,2013,70412,Coûts,NOM,coût,FR,lemmesAccessibilitéFR
w_FR_VD_2013_73231,FR_VD,VD,2013,73231,Coûts,NOM,coût,FR,lemmesAccessibilitéFR
w_FR_VD_2013_75035,FR_VD,VD,2013,75035,coût,NOM,coût,FR,lemmesAccessibilitéFR
w_FR_VD_2013_76393,FR_VD,VD,2013,76393,Coûts,NOM,coût,FR,lemmesAccessibilitéFR
w_FR_VD_2013_77861,FR_VD,VD,2013,77861,coût,NOM,coût,FR,lemmesAccessibilitéFR
w_FR_VD_2013_78707,FR_VD,VD,2013,78707,Coûts,NOM,coût,FR,lemmesAccessibilitéFR
w_FR_VD_2013_80043,FR_VD,VD,2013,80043,coût,NOM,coût,FR,lemmesAccessibilitéFR
w_FR_VD_2013_80935,FR_VD,VD,2013,80935,Coûts,NOM,coût,FR,lemmesAccessibilitéFR
w_FR_VD_2013_83094,FR_VD,VD,2013,83094,Coûts,NOM,coût,FR,lemmesAccessibilitéFR
w_FR_VD_2013_86082,FR_VD,VD,2013,86082,Coûts,NOM,coût,FR,lemmesAccessibilitéFR
w_FR_VD_2013_87298,FR_VD,VD,2013,87298,Coûts,NOM,coût,FR,lemmesAccessibilitéFR
w_FR_VD_2013_88518,FR_VD,VD,2013,88518,Coûts,NOM,coût,FR,lemmesAccessibilitéFR
w_FR_VD_2013_91130,FR_VD,VD,2013,91130,Coûts,NOM,coût,FR,lemmesAccessibilitéFR
w_FR_VD_2013_92142,FR_VD,VD,2013,92142,coûts,NOM,coût,FR,lemmesAccessibilitéFR
w_FR_VD_2013_92339,FR_VD,VD,2013,92339,coût,NOM,coût,FR,lemmesAccessibilitéFR
w_FR_VD_2013_93125,FR_VD,VD,2013,93125,coût,NOM,coût,FR,lemmesAccessibilitéFR
w_FR_VD_2013_93427,FR_VD,VD,2013,93427,coûts,NOM,coût,FR,lemmesAccessibilitéFR
w_FR_VD_2013_93533,FR_VD,VD,2013,93533,coûts,NOM,coût,FR,lemmesAccessibilitéFR
w_FR_VD_2013_95748,FR_VD,VD,2013,95748,coût,NOM,coût,FR,lemmesAccessibilitéFR
w_FR_VD_2013_96521,FR_VD,VD,2013,96521,coût,NOM,coût,FR,lemmesAccessibilitéFR
w_FR_VD_2013_97180,FR_VD,VD,2013,97180,Coûts,NOM,coût,FR,lemmesAccessibilitéFR
w_FR_VD_2013_100610,FR_VD,VD,2013,100610,Coûts,NOM,coût,FR,lemmesAccessibilitéFR
w_FR_VD_2013_100914,FR_VD,VD,2013,100914,coûts,NOM,coût,FR,lemmesAccessibilitéFR
w_FR_VD_2013_102845,FR_VD,VD,2013,102845,Coûts,NOM,coût,FR,lemmesAccessibilitéFR
w_FR_VD_2013_102881,FR_VD,VD,2013,102881,Coûts,NOM,coût,FR,lemmesAccessibilitéFR
w_FR_VD_2013_105416,FR_VD,VD,2013,105416,Coûts,NOM,coût,FR,lemmesAccessibilitéFR
w_FR_VD_2013_107848,FR_VD,VD,2013,107848,Coûts,NOM,coût,FR,lemmesAccessibilitéFR
w_FR_VD_2013_109316,FR_VD,VD,2013,109316,coût,NOM,coût,FR,lemmesAccessibilitéFR
w_FR_VD_2013_110995,FR_VD,VD,2013,110995,Coûts,NOM,coût,FR,lemmesAccessibilitéFR
w_FR_VD_2013_113409,FR_VD,VD,2013,113409,Coûts,NOM,coût,FR,lemmesAccessibilitéFR
w_FR_VD_2013_116023,FR_VD,VD,2013,116023,coût,NOM,coût,FR,lemmesAccessibilitéFR
w_FR_VD_2013_116569,FR_VD,VD,2013,116569,coûts,NOM,coût,FR,lemmesAccessibilitéFR
w_FR_VD_2013_117452,FR_VD,VD,2013,117452,Coûts,NOM,coût,FR,lemmesAccessibilitéFR
w_FR_VD_2013_120189,FR_VD,VD,2013,120189,Coûts,NOM,coût,FR,lemmesAccessibilitéFR
w_FR_VD_2013_124284,FR_VD,VD,2013,124284,Coûts,NOM,coût,FR,lemmesAccessibilitéFR
w_FR_VD_2013_126812,FR_VD,VD,2013,126812,Coûts,NOM,coût,FR,lemmesAccessibilitéFR
w_FR_VD_2013_127725,FR_VD,VD,2013,127725,Coûts,NOM,coût,FR,lemmesAccessibilitéFR
w_FR_VD_2013_127731,FR_VD,VD,2013,127731,Coûts,NOM,coût,FR,lemmesAccessibilitéFR
w_FR_VD_2013_127971,FR_VD,VD,2013,127971,coûts,NOM,coût,FR,lemmesAccessibilitéFR
w_FR_VD_2013_129128,FR_VD,VD,2013,129128,coûts,NOM,coût,FR,lemmesAccessibilitéFR
w_FR_VD_2013_129688,FR_VD,VD,2013,129688,coût,NOM,coût,FR,lemmesAccessibilitéFR
w_FR_VD_2013_130567,FR_VD,VD,2013,130567,coût,NOM,coût,FR,lemmesAccessibilitéFR
w_FR_VD_2013_131505,FR_VD,VD,2013,131505,Coûts,NOM,coût,FR,lemmesAccessibilitéFR
w_FR_VD_2013_133073,FR_VD,VD,2013,133073,Coûts,NOM,coût,FR,lemmesAccessibilitéFR
w_FR_VD_2013_134888,FR_VD,VD,2013,134888,Coûts,NOM,coût,FR,lemmesAccessibilitéFR
w_FR_VD_2013_136525,FR_VD,VD,2013,136525,Coûts,NOM,coût,FR,lemmesAccessibilitéFR
w_FR_VD_2013_138608,FR_VD,VD,2013,138608,Coûts,NOM,coût,FR,lemmesAccessibilitéFR
w_FR_VD_2013_139465,FR_VD,VD,2013,139465,coût,NOM,coût,FR,lemmesAccessibilitéFR
w_FR_VD_2013_140567,FR_VD,VD,2013,140567,Coûts,NOM,coût,FR,lemmesAccessibilitéFR
w_FR_VD_2013_143920,FR_VD,VD,2013,143920,Coûts,NOM,coût,FR,lemmesAccessibilitéFR
w_FR_VD_2013_144613,FR_VD,VD,2013,144613,coût,NOM,coût,FR,lemmesAccessibilitéFR
w_FR_VD_2013_144623,FR_VD,VD,2013,144623,coûts,NOM,coût,FR,lemmesAccessibilitéFR
w_FR_VD_2013_144629,FR_VD,VD,2013,144629,coût,NOM,coût,FR,lemmesAccessibilitéFR
w_FR_VD_2013_145150,FR_VD,VD,2013,145150,coût,NOM,coût,FR,lemmesAccessibilitéFR
w_FR_VD_2013_145238,FR_VD,VD,2013,145238,coût,NOM,coût,FR,lemmesAccessibilitéFR
w_FR_VD_2013_145277,FR_VD,VD,2013,145277,coût,NOM,coût,FR,lemmesAccessibilitéFR
w_FR_VD_2013_145313,FR_VD,VD,2013,145313,Coûts,NOM,coût,FR,lemmesAccessibilitéFR
w_FR_VD_2013_146026,FR_VD,VD,2013,146026,coûts,NOM,coût,FR,lemmesAccessibilitéFR
w_FR_VD_2013_166705,FR_VD,VD,2013,166705,coût,NOM,coût,FR,lemmesAccessibilitéFR
w_FR_VD_2013_166709,FR_VD,VD,2013,166709,coût,NOM,coût,FR,lemmesAccessibilitéFR
w_FR_VD_2013_166720,FR_VD,VD,2013,166720,coût,NOM,coût,FR,lemmesAccessibilitéFR
w_FR_VD_2013_166739,FR_VD,VD,2013,166739,coût,NOM,coût,FR,lemmesAccessibilitéFR
w_FR_VD_2013_166756,FR_VD,VD,2013,166756,coût,NOM,coût,FR,lemmesAccessibilitéFR
w_FR_VD_2013_169883,FR_VD,VD,2013,169883,coûts,NOM,coût,FR,lemmesAccessibilitéFR
w_FR_BE_2016_28711,FR_BE,BE,2016,28711,que,KON,que,FR,lemmesAccessibilitéFR
w_FR_BE_2016_28713,FR_BE,BE,2016,28713,disponibilité,NOM,disponibilité,FR,lemmesAccessibilitéFR
w_FR_VD_2012_2349,FR_VD,VD,2012,2349,Infrastructures,NOM,infrastructure,FR,lemmesAccessibilitéFR
w_FR_VD_2012_4093,FR_VD,VD,2012,4093,Infrastructures,NOM,infrastructure,FR,lemmesAccessibilitéFR
w_FR_VD_2012_7615,FR_VD,VD,2012,7615,infrastructures,NOM,infrastructure,FR,lemmesAccessibilitéFR
w_FR_VD_2012_18672,FR_VD,VD,2012,18672,infrastructures,NOM,infrastructure,FR,lemmesAccessibilitéFR
w_FR_VD_2012_19657,FR_VD,VD,2012,19657,infrastructures,NOM,infrastructure,FR,lemmesAccessibilitéFR
w_FR_VD_2012_21787,FR_VD,VD,2012,21787,infrastructures,NOM,infrastructure,FR,lemmesAccessibilitéFR
w_FR_VD_2012_23748,FR_VD,VD,2012,23748,infrastructures,NOM,infrastructure,FR,lemmesAccessibilitéFR
w_FR_VD_2012_24580,FR_VD,VD,2012,24580,infrastructures,NOM,infrastructure,FR,lemmesAccessibilitéFR
w_FR_VD_2012_25297,FR_VD,VD,2012,25297,infrastructure,NOM,infrastructure,FR,lemmesAccessibilitéFR
w_FR_VD_2012_25622,FR_VD,VD,2012,25622,infrastructures,NOM,infrastructure,FR,lemmesAccessibilitéFR
w_FR_VD_2012_25828,FR_VD,VD,2012,25828,infrastructures,NOM,infrastructure,FR,lemmesAccessibilitéFR
w_FR_VD_2012_26189,FR_VD,VD,2012,26189,Infrastructures,NOM,infrastructure,FR,lemmesAccessibilitéFR
w_FR_VD_2012_26307,FR_VD,VD,2012,26307,infrastructures,NOM,infrastructure,FR,lemmesAccessibilitéFR
w_FR_VD_2012_26893,FR_VD,VD,2012,26893,Infrastructures,NOM,infrastructure,FR,lemmesAccessibilitéFR
w_FR_VD_2012_27054,FR_VD,VD,2012,27054,infrastructures,NOM,infrastructure,FR,lemmesAccessibilitéFR
w_FR_VD_2012_27225,FR_VD,VD,2012,27225,infrastructures,NOM,infrastructure,FR,lemmesAccessibilitéFR
w_FR_VD_2012_27233,FR_VD,VD,2012,27233,Infrastructures,NOM,infrastructure,FR,lemmesAccessibilitéFR
w_FR_VD_2012_27573,FR_VD,VD,2012,27573,Infrastructures,NOM,infrastructure,FR,lemmesAccessibilitéFR
w_FR_VD_2012_27988,FR_VD,VD,2012,27988,infrastructures,NOM,infrastructure,FR,lemmesAccessibilitéFR
w_FR_VD_2012_27994,FR_VD,VD,2012,27994,Infrastructures,NOM,infrastructure,FR,lemmesAccessibilitéFR
w_FR_VD_2012_28281,FR_VD,VD,2012,28281,Infrastructures,NOM,infrastructure,FR,lemmesAccessibilitéFR
w_FR_VD_2012_28344,FR_VD,VD,2012,28344,infrastructures,NOM,infrastructure,FR,lemmesAccessibilitéFR
w_FR_VD_2012_28367,FR_VD,VD,2012,28367,infrastructure,NOM,infrastructure,FR,lemmesAccessibilitéFR
w_FR_VD_2012_28381,FR_VD,VD,2012,28381,infrastructure,NOM,infrastructure,FR,lemmesAccessibilitéFR
w_FR_VD_2012_28413,FR_VD,VD,2012,28413,infrastructure,NOM,infrastructure,FR,lemmesAccessibilitéFR
w_FR_VD_2012_28427,FR_VD,VD,2012,28427,infrastructure,NOM,infrastructure,FR,lemmesAccessibilitéFR
w_FR_VD_2012_28615,FR_VD,VD,2012,28615,Infrastructures,NOM,infrastructure,FR,lemmesAccessibilitéFR
w_FR_VD_2012_28891,FR_VD,VD,2012,28891,infrastructures,NOM,infrastructure,FR,lemmesAccessibilitéFR
w_FR_VD_2012_28938,FR_VD,VD,2012,28938,infrastructures,NOM,infrastructure,FR,lemmesAccessibilitéFR
w_FR_VD_2012_29161,FR_VD,VD,2012,29161,infrastructures,NOM,infrastructure,FR,lemmesAccessibilitéFR
w_FR_VD_2012_29199,FR_VD,VD,2012,29199,Infrastructures,NOM,infrastructure,FR,lemmesAccessibilitéFR
w_FR_VD_2012_29702,FR_VD,VD,2012,29702,Infrastructures,NOM,infrastructure,FR,lemmesAccessibilitéFR
w_FR_VD_2012_29889,FR_VD,VD,2012,29889,infrastructures,NOM,infrastructure,FR,lemmesAccessibilitéFR
w_FR_VD_2012_29952,FR_VD,VD,2012,29952,Infrastructures,NOM,infrastructure,FR,lemmesAccessibilitéFR
w_FR_VD_2012_30337,FR_VD,VD,2012,30337,infrastructures,NOM,infrastructure,FR,lemmesAccessibilitéFR
w_FR_VD_2012_30771,FR_VD,VD,2012,30771,infrastructures,NOM,infrastructure,FR,lemmesAccessibilitéFR
w_FR_VD_2012_30898,FR_VD,VD,2012,30898,infrastructures,NOM,infrastructure,FR,lemmesAccessibilitéFR
w_FR_VD_2012_30957,FR_VD,VD,2012,30957,infrastructures,NOM,infrastructure,FR,lemmesAccessibilitéFR
w_FR_VD_2012_31029,FR_VD,VD,2012,31029,infrastructures,NOM,infrastructure,FR,lemmesAccessibilitéFR
w_FR_VD_2012_31063,FR_VD,VD,2012,31063,infrastructures,NOM,infrastructure,FR,lemmesAccessibilitéFR
w_FR_VD_2012_31099,FR_VD,VD,2012,31099,infrastructures,NOM,infrastructure,FR,lemmesAccessibilitéFR
w_FR_VD_2012_31140,FR_VD,VD,2012,31140,infrastructure,NOM,infrastructure,FR,lemmesAccessibilitéFR
w_FR_VD_2012_31164,FR_VD,VD,2012,31164,infrastructures,NOM,infrastructure,FR,lemmesAccessibilitéFR
w_FR_VD_2012_31222,FR_VD,VD,2012,31222,infrastructure,NOM,infrastructure,FR,lemmesAccessibilitéFR
w_FR_VD_2012_31312,FR_VD,VD,2012,31312,infrastructures,NOM,infrastructure,FR,lemmesAccessibilitéFR
w_FR_VD_2012_31419,FR_VD,VD,2012,31419,infrastructure,NOM,infrastructure,FR,lemmesAccessibilitéFR
w_FR_VD_2012_32151,FR_VD,VD,2012,32151,infrastructures,NOM,infrastructure,FR,lemmesAccessibilitéFR
w_FR_VD_2012_32726,FR_VD,VD,2012,32726,infrastructures,NOM,infrastructure,FR,lemmesAccessibilitéFR
w_FR_VD_2012_32746,FR_VD,VD,2012,32746,infrastructures,NOM,infrastructure,FR,lemmesAccessibilitéFR
w_FR_VD_2012_32773,FR_VD,VD,2012,32773,infrastructures,NOM,infrastructure,FR,lemmesAccessibilitéFR
w_FR_VD_2012_32791,FR_VD,VD,2012,32791,infrastructures,NOM,infrastructure,FR,lemmesAccessibilitéFR
w_FR_VD_2012_32829,FR_VD,VD,2012,32829,infrastructures,NOM,infrastructure,FR,lemmesAccessibilitéFR
w_FR_VD_2012_32900,FR_VD,VD,2012,32900,infrastructures,NOM,infrastructure,FR,lemmesAccessibilitéFR
w_FR_VD_2012_32934,FR_VD,VD,2012,32934,infrastructures,NOM,infrastructure,FR,lemmesAccessibilitéFR
w_FR_VD_2012_32970,FR_VD,VD,2012,32970,infrastructures,NOM,infrastructure,FR,lemmesAccessibilitéFR
w_FR_VD_2012_33011,FR_VD,VD,2012,33011,infrastructure,NOM,infrastructure,FR,lemmesAccessibilitéFR
w_FR_VD_2012_33128,FR_VD,VD,2012,33128,infrastructures,NOM,infrastructure,FR,lemmesAccessibilitéFR
w_FR_VD_2012_34982,FR_VD,VD,2012,34982,infrastructures,NOM,infrastructure,FR,lemmesAccessibilitéFR
w_FR_VD_2012_35050,FR_VD,VD,2012,35050,infrastructures,NOM,infrastructure,FR,lemmesAccessibilitéFR
w_FR_VD_2012_35254,FR_VD,VD,2012,35254,infrastructures,NOM,infrastructure,FR,lemmesAccessibilitéFR
w_FR_VD_2012_36484,FR_VD,VD,2012,36484,infrastructures,NOM,infrastructure,FR,lemmesAccessibilitéFR
w_FR_VD_2012_36831,FR_VD,VD,2012,36831,infrastructures,NOM,infrastructure,FR,lemmesAccessibilitéFR
w_FR_VD_2012_38599,FR_VD,VD,2012,38599,infrastructures,NOM,infrastructure,FR,lemmesAccessibilitéFR
w_FR_VD_2012_39535,FR_VD,VD,2012,39535,infrastructures,NOM,infrastructure,FR,lemmesAccessibilitéFR
w_FR_VD_2012_39886,FR_VD,VD,2012,39886,infrastructures,NOM,infrastructure,FR,lemmesAccessibilitéFR
w_FR_VD_2012_47205,FR_VD,VD,2012,47205,infrastructures,NOM,infrastructure,FR,lemmesAccessibilitéFR
w_FR_VD_2012_47385,FR_VD,VD,2012,47385,infrastructures,NOM,infrastructure,FR,lemmesAccessibilitéFR
w_FR_VD_2012_47509,FR_VD,VD,2012,47509,infrastructures,NOM,infrastructure,FR,lemmesAccessibilitéFR
w_FR_VD_2012_47625,FR_VD,VD,2012,47625,infrastructures,NOM,infrastructure,FR,lemmesAccessibilitéFR
w_FR_VD_2012_48141,FR_VD,VD,2012,48141,infrastructures,NOM,infrastructure,FR,lemmesAccessibilitéFR
w_FR_VD_2012_48171,FR_VD,VD,2012,48171,infrastructures,NOM,infrastructure,FR,lemmesAccessibilitéFR
w_FR_VD_2012_48451,FR_VD,VD,2012,48451,infrastructures,NOM,infrastructure,FR,lemmesAccessibilitéFR
w_FR_VD_2012_48965,FR_VD,VD,2012,48965,infrastructures,NOM,infrastructure,FR,lemmesAccessibilitéFR
w_FR_VD_2012_50886,FR_VD,VD,2012,50886,infrastructures,NOM,infrastructure,FR,lemmesAccessibilitéFR
w_FR_VD_2012_51249,FR_VD,VD,2012,51249,infrastructures,NOM,infrastructure,FR,lemmesAccessibilitéFR
w_FR_VD_2012_59359,FR_VD,VD,2012,59359,infrastructures,NOM,infrastructure,FR,lemmesAccessibilitéFR
w_FR_VD_2012_59937,FR_VD,VD,2012,59937,infrastructures,NOM,infrastructure,FR,lemmesAccessibilitéFR
w_FR_VD_2012_61119,FR_VD,VD,2012,61119,Infrastructures,NOM,infrastructure,FR,lemmesAccessibilitéFR
w_FR_VD_2012_61194,FR_VD,VD,2012,61194,infrastructure,NOM,infrastructure,FR,lemmesAccessibilitéFR
w_FR_VD_2012_61215,FR_VD,VD,2012,61215,infrastructure,NOM,infrastructure,FR,lemmesAccessibilitéFR
w_FR_VD_2012_61239,FR_VD,VD,2012,61239,infrastructure,NOM,infrastructure,FR,lemmesAccessibilitéFR
w_FR_VD_2012_61270,FR_VD,VD,2012,61270,infrastructures,NOM,infrastructure,FR,lemmesAccessibilitéFR
w_FR_VD_2012_61282,FR_VD,VD,2012,61282,infrastructure,NOM,infrastructure,FR,lemmesAccessibilitéFR
w_FR_VD_2012_61523,FR_VD,VD,2012,61523,infrastructures,NOM,infrastructure,FR,lemmesAccessibilitéFR
w_FR_VD_2012_61702,FR_VD,VD,2012,61702,infrastructures,NOM,infrastructure,FR,lemmesAccessibilitéFR
w_FR_VD_2012_61778,FR_VD,VD,2012,61778,infrastructures,NOM,infrastructure,FR,lemmesAccessibilitéFR
w_FR_VD_2012_62000,FR_VD,VD,2012,62000,infrastructure,NOM,infrastructure,FR,lemmesAccessibilitéFR
w_FR_VD_2012_62026,FR_VD,VD,2012,62026,infrastructures,NOM,infrastructure,FR,lemmesAccessibilitéFR
w_FR_VD_2012_62385,FR_VD,VD,2012,62385,infrastructures,NOM,infrastructure,FR,lemmesAccessibilitéFR
w_FR_VD_2012_62483,FR_VD,VD,2012,62483,infrastructure,NOM,infrastructure,FR,lemmesAccessibilitéFR
w_FR_VD_2012_62498,FR_VD,VD,2012,62498,infrastructures,NOM,infrastructure,FR,lemmesAccessibilitéFR
w_FR_VD_2012_65737,FR_VD,VD,2012,65737,infrastructures,NOM,infrastructure,FR,lemmesAccessibilitéFR
w_FR_VD_2012_69428,FR_VD,VD,2012,69428,infrastructure,NOM,infrastructure,FR,lemmesAccessibilitéFR
w_FR_VD_2012_73535,FR_VD,VD,2012,73535,infrastructures,NOM,infrastructure,FR,lemmesAccessibilitéFR
w_FR_VD_2012_84122,FR_VD,VD,2012,84122,infrastructures,NOM,infrastructure,FR,lemmesAccessibilitéFR
w_FR_VD_2012_89046,FR_VD,VD,2012,89046,infrastructures,NOM,infrastructure,FR,lemmesAccessibilitéFR
w_FR_VD_2012_89842,FR_VD,VD,2012,89842,infrastructures,NOM,infrastructure,FR,lemmesAccessibilitéFR
w_FR_VD_2012_91302,FR_VD,VD,2012,91302,infrastructures,NOM,infrastructure,FR,lemmesAccessibilitéFR
w_FR_VD_2012_118236,FR_VD,VD,2012,118236,infrastructures,NOM,infrastructure,FR,lemmesAccessibilitéFR
w_FR_VD_2012_118677,FR_VD,VD,2012,118677,infrastructures,NOM,infrastructure,FR,lemmesAccessibilitéFR
w_FR_VD_2012_120820,FR_VD,VD,2012,120820,infrastructures,NOM,infrastructure,FR,lemmesAccessibilitéFR
w_FR_VD_2012_122758,FR_VD,VD,2012,122758,Infrastructures,NOM,infrastructure,FR,lemmesAccessibilitéFR
w_FR_VD_2012_129326,FR_VD,VD,2012,129326,infrastructures,NOM,infrastructure,FR,lemmesAccessibilitéFR
w_FR_VD_2012_129883,FR_VD,VD,2012,129883,infrastructures,NOM,infrastructure,FR,lemmesAccessibilitéFR
w_FR_VD_2012_130886,FR_VD,VD,2012,130886,infrastructure,NOM,infrastructure,FR,lemmesAccessibilitéFR
w_FR_VD_2012_135366,FR_VD,VD,2012,135366,infrastructures,NOM,infrastructure,FR,lemmesAccessibilitéFR
w_FR_VD_2012_139478,FR_VD,VD,2012,139478,infrastructures,NOM,infrastructure,FR,lemmesAccessibilitéFR
w_FR_VD_2012_144401,FR_VD,VD,2012,144401,infrastructures,NOM,infrastructure,FR,lemmesAccessibilitéFR
w_FR_VD_2012_144643,FR_VD,VD,2012,144643,infrastructures,NOM,infrastructure,FR,lemmesAccessibilitéFR
w_FR_VD_2012_145446,FR_VD,VD,2012,145446,infrastructures,NOM,infrastructure,FR,lemmesAccessibilitéFR
w_FR_VD_2012_146963,FR_VD,VD,2012,146963,infrastructures,NOM,infrastructure,FR,lemmesAccessibilitéFR
w_FR_VD_2012_147746,FR_VD,VD,2012,147746,infrastructures,NOM,infrastructure,FR,lemmesAccessibilitéFR
w_FR_VD_2012_147885,FR_VD,VD,2012,147885,infrastructures,NOM,infrastructure,FR,lemmesAccessibilitéFR
w_FR_VD_2012_148080,FR_VD,VD,2012,148080,infrastructure,NOM,infrastructure,FR,lemmesAccessibilitéFR
w_FR_VD_2012_148560,FR_VD,VD,2012,148560,infrastructures,NOM,infrastructure,FR,lemmesAccessibilitéFR
w_FR_VD_2012_148778,FR_VD,VD,2012,148778,infrastructures,NOM,infrastructure,FR,lemmesAccessibilitéFR
w_FR_VD_2012_150055,FR_VD,VD,2012,150055,infrastructure,NOM,infrastructure,FR,lemmesAccessibilitéFR
w_FR_VD_2012_152364,FR_VD,VD,2012,152364,infrastructure,NOM,infrastructure,FR,lemmesAccessibilitéFR
w_FR_VD_2012_152398,FR_VD,VD,2012,152398,infrastructure,NOM,infrastructure,FR,lemmesAccessibilitéFR
w_FR_VD_2012_152714,FR_VD,VD,2012,152714,infrastructure,NOM,infrastructure,FR,lemmesAccessibilitéFR
w_FR_VD_2012_154164,FR_VD,VD,2012,154164,infrastructure,NOM,infrastructure,FR,lemmesAccessibilitéFR
w_FR_VD_2012_156026,FR_VD,VD,2012,156026,infrastructure,NOM,infrastructure,FR,lemmesAccessibilitéFR
w_FR_VD_2012_157230,FR_VD,VD,2012,157230,infrastructures,NOM,infrastructure,FR,lemmesAccessibilitéFR
w_FR_VD_2012_160284,FR_VD,VD,2012,160284,infrastructures,NOM,infrastructure,FR,lemmesAccessibilitéFR
w_FR_VD_2012_161443,FR_VD,VD,2012,161443,infrastructure,NOM,infrastructure,FR,lemmesAccessibilitéFR
w_FR_VD_2012_164082,FR_VD,VD,2012,164082,infrastructures,NOM,infrastructure,FR,lemmesAccessibilitéFR
w_FR_VD_2012_166353,FR_VD,VD,2012,166353,infrastructures,NOM,infrastructure,FR,lemmesAccessibilitéFR
w_FR_VD_2012_168154,FR_VD,VD,2012,168154,infrastructures,NOM,infrastructure,FR,lemmesAccessibilitéFR
w_FR_VD_2012_170243,FR_VD,VD,2012,170243,infrastructures,NOM,infrastructure,FR,lemmesAccessibilitéFR
w_FR_VD_2012_171925,FR_VD,VD,2012,171925,infrastructure,NOM,infrastructure,FR,lemmesAccessibilitéFR
w_FR_VD_2012_173710,FR_VD,VD,2012,173710,INFRASTRUCTURES,NOM,infrastructure,FR,lemmesAccessibilitéFR
w_FR_VD_2012_173834,FR_VD,VD,2012,173834,Infrastructures,NOM,infrastructure,FR,lemmesAccessibilitéFR
w_FR_VD_2012_173851,FR_VD,VD,2012,173851,Infrastructures,NOM,infrastructure,FR,lemmesAccessibilitéFR
w_FR_VD_2012_174061,FR_VD,VD,2012,174061,Infrastructures,NOM,infrastructure,FR,lemmesAccessibilitéFR
w_FR_VD_2012_174068,FR_VD,VD,2012,174068,infrastructure,NOM,infrastructure,FR,lemmesAccessibilitéFR
w_FR_BE_2013_1375,FR_BE,BE,2013,1375,Infrastructures,NOM,infrastructure,FR,lemmesAccessibilitéFR
w_FR_BE_2013_9870,FR_BE,BE,2013,9870,infrastructures,NOM,infrastructure,FR,lemmesAccessibilitéFR
w_FR_BE_2013_9896,FR_BE,BE,2013,9896,infrastructures,NOM,infrastructure,FR,lemmesAccessibilitéFR
w_FR_BE_2013_10230,FR_BE,BE,2013,10230,infrastructures,NOM,infrastructure,FR,lemmesAccessibilitéFR
w_FR_BE_2013_11373,FR_BE,BE,2013,11373,infrastructures,NOM,infrastructure,FR,lemmesAccessibilitéFR
w_FR_BE_2013_16134,FR_BE,BE,2013,16134,infrastructures,NOM,infrastructure,FR,lemmesAccessibilitéFR
w_FR_BE_2013_16986,FR_BE,BE,2013,16986,infrastructure,NOM,infrastructure,FR,lemmesAccessibilitéFR
w_FR_BE_2013_17006,FR_BE,BE,2013,17006,infrastructure,NOM,infrastructure,FR,lemmesAccessibilitéFR
w_FR_BE_2013_17061,FR_BE,BE,2013,17061,infrastructures,NOM,infrastructure,FR,lemmesAccessibilitéFR
w_FR_BE_2013_17592,FR_BE,BE,2013,17592,infrastructure,NOM,infrastructure,FR,lemmesAccessibilitéFR
w_FR_BE_2013_17745,FR_BE,BE,2013,17745,infrastructures,NOM,infrastructure,FR,lemmesAccessibilitéFR
w_FR_BE_2013_17784,FR_BE,BE,2013,17784,infrastructures,NOM,infrastructure,FR,lemmesAccessibilitéFR
w_FR_BE_2013_18229,FR_BE,BE,2013,18229,infrastructures,NOM,infrastructure,FR,lemmesAccessibilitéFR
w_FR_BE_2013_18667,FR_BE,BE,2013,18667,infrastructures,NOM,infrastructure,FR,lemmesAccessibilitéFR
w_FR_BE_2013_18849,FR_BE,BE,2013,18849,infrastructures,NOM,infrastructure,FR,lemmesAccessibilitéFR
w_FR_BE_2013_19165,FR_BE,BE,2013,19165,infrastructures,NOM,infrastructure,FR,lemmesAccessibilitéFR
w_FR_BE_2013_19185,FR_BE,BE,2013,19185,infrastructures,NOM,infrastructure,FR,lemmesAccessibilitéFR
w_FR_BE_2013_19205,FR_BE,BE,2013,19205,infrastructures,NOM,infrastructure,FR,lemmesAccessibilitéFR
w_FR_BE_2013_19244,FR_BE,BE,2013,19244,infrastructures,NOM,infrastructure,FR,lemmesAccessibilitéFR
w_FR_BE_2013_19281,FR_BE,BE,2013,19281,infrastructures,NOM,infrastructure,FR,lemmesAccessibilitéFR
w_FR_BE_2013_19301,FR_BE,BE,2013,19301,infrastructures,NOM,infrastructure,FR,lemmesAccessibilitéFR
w_FR_BE_2013_19492,FR_BE,BE,2013,19492,infrastructures,NOM,infrastructure,FR,lemmesAccessibilitéFR
w_FR_BE_2013_20388,FR_BE,BE,2013,20388,infrastructures,NOM,infrastructure,FR,lemmesAccessibilitéFR
w_FR_BE_2013_20413,FR_BE,BE,2013,20413,infrastructures,NOM,infrastructure,FR,lemmesAccessibilitéFR
w_FR_BE_2013_20811,FR_BE,BE,2013,20811,infrastructures,NOM,infrastructure,FR,lemmesAccessibilitéFR
w_FR_BE_2013_21098,FR_BE,BE,2013,21098,infrastructures,NOM,infrastructure,FR,lemmesAccessibilitéFR
w_FR_BE_2013_21345,FR_BE,BE,2013,21345,infrastructures,NOM,infrastructure,FR,lemmesAccessibilitéFR
w_FR_BE_2013_21613,FR_BE,BE,2013,21613,infrastructures,NOM,infrastructure,FR,lemmesAccessibilitéFR
w_FR_BE_2013_21862,FR_BE,BE,2013,21862,Infrastructures,NOM,infrastructure,FR,lemmesAccessibilitéFR
w_FR_BE_2013_21873,FR_BE,BE,2013,21873,infrastructures,NOM,infrastructure,FR,lemmesAccessibilitéFR
w_FR_BE_2013_22355,FR_BE,BE,2013,22355,infrastructures,NOM,infrastructure,FR,lemmesAccessibilitéFR
w_FR_BE_2013_22575,FR_BE,BE,2013,22575,infrastructures,NOM,infrastructure,FR,lemmesAccessibilitéFR
w_FR_BE_2013_22697,FR_BE,BE,2013,22697,infrastructures,NOM,infrastructure,FR,lemmesAccessibilitéFR
w_FR_BE_2013_23516,FR_BE,BE,2013,23516,infrastructures,NOM,infrastructure,FR,lemmesAccessibilitéFR
w_FR_BE_2013_24294,FR_BE,BE,2013,24294,infrastructures,NOM,infrastructure,FR,lemmesAccessibilitéFR
w_FR_BE_2013_24903,FR_BE,BE,2013,24903,infrastructures,NOM,infrastructure,FR,lemmesAccessibilitéFR
w_FR_BE_2013_24912,FR_BE,BE,2013,24912,infrastructures,NOM,infrastructure,FR,lemmesAccessibilitéFR
w_FR_BE_2013_25525,FR_BE,BE,2013,25525,infrastructures,NOM,infrastructure,FR,lemmesAccessibilitéFR
w_FR_BE_2013_25620,FR_BE,BE,2013,25620,infrastructures,NOM,infrastructure,FR,lemmesAccessibilitéFR
w_FR_BE_2013_26347,FR_BE,BE,2013,26347,infrastructure,NOM,infrastructure,FR,lemmesAccessibilitéFR
w_FR_BE_2013_26469,FR_BE,BE,2013,26469,Infrastructure,NOM,infrastructure,FR,lemmesAccessibilitéFR
w_FR_BE_2013_26996,FR_BE,BE,2013,26996,infrastructure,NOM,infrastructure,FR,lemmesAccessibilitéFR
w_FR_BE_2013_27370,FR_BE,BE,2013,27370,infrastructures,NOM,infrastructure,FR,lemmesAccessibilitéFR
w_FR_BE_2013_30392,FR_BE,BE,2013,30392,infrastructure,NOM,infrastructure,FR,lemmesAccessibilitéFR
w_FR_BE_2013_31158,FR_BE,BE,2013,31158,infrastructures,NOM,infrastructure,FR,lemmesAccessibilitéFR
w_FR_BE_2013_31174,FR_BE,BE,2013,31174,infrastructures,NOM,infrastructure,FR,lemmesAccessibilitéFR
w_FR_BE_2013_31272,FR_BE,BE,2013,31272,infrastructures,NOM,infrastructure,FR,lemmesAccessibilitéFR
w_FR_BE_2013_31456,FR_BE,BE,2013,31456,infrastructures,NOM,infrastructure,FR,lemmesAccessibilitéFR
w_FR_BE_2013_32074,FR_BE,BE,2013,32074,infrastructures,NOM,infrastructure,FR,lemmesAccessibilitéFR
w_FR_BE_2013_32277,FR_BE,BE,2013,32277,infrastructures,NOM,infrastructure,FR,lemmesAccessibilitéFR
w_FR_BE_2013_32421,FR_BE,BE,2013,32421,infrastructures,NOM,infrastructure,FR,lemmesAccessibilitéFR
w_FR_BE_2013_32440,FR_BE,BE,2013,32440,infrastructure,NOM,infrastructure,FR,lemmesAccessibilitéFR
w_FR_BE_2013_32497,FR_BE,BE,2013,32497,infrastructures,NOM,infrastructure,FR,lemmesAccessibilitéFR
w_FR_BE_2013_32519,FR_BE,BE,2013,32519,infrastructure,NOM,infrastructure,FR,lemmesAccessibilitéFR
w_FR_BE_2013_33118,FR_BE,BE,2013,33118,infrastructure,NOM,infrastructure,FR,lemmesAccessibilitéFR
w_FR_BE_2013_33588,FR_BE,BE,2013,33588,infrastructure,NOM,infrastructure,FR,lemmesAccessibilitéFR
w_FR_BE_2013_35061,FR_BE,BE,2013,35061,infrastructures,NOM,infrastructure,FR,lemmesAccessibilitéFR
w_FR_BE_2013_35370,FR_BE,BE,2013,35370,Infrastructures,NOM,infrastructure,FR,lemmesAccessibilitéFR
w_FR_BE_2013_35389,FR_BE,BE,2013,35389,infrastructures,NOM,infrastructure,FR,lemmesAccessibilitéFR
w_FR_BE_2013_35469,FR_BE,BE,2013,35469,infrastructures,NOM,infrastructure,FR,lemmesAccessibilitéFR
w_FR_BE_2013_35745,FR_BE,BE,2013,35745,infrastructures,NOM,infrastructure,FR,lemmesAccessibilitéFR
w_FR_BE_2013_35819,FR_BE,BE,2013,35819,infrastructure,NOM,infrastructure,FR,lemmesAccessibilitéFR
w_FR_BE_2013_36300,FR_BE,BE,2013,36300,infrastructure,NOM,infrastructure,FR,lemmesAccessibilitéFR
w_FR_BE_2013_36587,FR_BE,BE,2013,36587,infrastructures,NOM,infrastructure,FR,lemmesAccessibilitéFR
w_FR_BE_2013_36976,FR_BE,BE,2013,36976,infrastructures,NOM,infrastructure,FR,lemmesAccessibilitéFR
w_FR_BE_2013_37129,FR_BE,BE,2013,37129,infrastructure,NOM,infrastructure,FR,lemmesAccessibilitéFR
w_FR_BE_2013_37640,FR_BE,BE,2013,37640,infrastructures,NOM,infrastructure,FR,lemmesAccessibilitéFR
w_FR_BE_2013_41696,FR_BE,BE,2013,41696,infrastructures,NOM,infrastructure,FR,lemmesAccessibilitéFR
w_FR_BE_2013_41711,FR_BE,BE,2013,41711,infrastructures,NOM,infrastructure,FR,lemmesAccessibilitéFR
w_FR_BE_2013_42233,FR_BE,BE,2013,42233,infrastructures,NOM,infrastructure,FR,lemmesAccessibilitéFR
w_FR_BE_2013_45831,FR_BE,BE,2013,45831,infrastructures,NOM,infrastructure,FR,lemmesAccessibilitéFR
w_FR_BE_2013_45951,FR_BE,BE,2013,45951,infrastructures,NOM,infrastructure,FR,lemmesAccessibilitéFR
w_FR_BE_2013_48524,FR_BE,BE,2013,48524,infrastructure,NOM,infrastructure,FR,lemmesAccessibilitéFR
w_FR_BE_2013_51334,FR_BE,BE,2013,51334,infrastructures,NOM,infrastructure,FR,lemmesAccessibilitéFR
w_FR_BE_2013_51369,FR_BE,BE,2013,51369,infrastructure,NOM,infrastructure,FR,lemmesAccessibilitéFR
w_FR_BE_2013_58240,FR_BE,BE,2013,58240,infrastructures,NOM,infrastructure,FR,lemmesAccessibilitéFR
w_FR_BE_2013_58826,FR_BE,BE,2013,58826,infrastructures,NOM,infrastructure,FR,lemmesAccessibilitéFR
w_FR_BE_2013_60973,FR_BE,BE,2013,60973,infrastructures,NOM,infrastructure,FR,lemmesAccessibilitéFR
w_FR_BE_2013_61000,FR_BE,BE,2013,61000,infrastructures,NOM,infrastructure,FR,lemmesAccessibilitéFR
w_FR_BE_2013_61114,FR_BE,BE,2013,61114,infrastructure,NOM,infrastructure,FR,lemmesAccessibilitéFR
w_FR_BE_2013_61247,FR_BE,BE,2013,61247,infrastructure,NOM,infrastructure,FR,lemmesAccessibilitéFR
w_FR_BE_2013_62125,FR_BE,BE,2013,62125,infrastructures,NOM,infrastructure,FR,lemmesAccessibilitéFR
w_FR_BE_2013_62251,FR_BE,BE,2013,62251,infrastructures,NOM,infrastructure,FR,lemmesAccessibilitéFR
w_FR_BE_2013_62310,FR_BE,BE,2013,62310,infrastructures,NOM,infrastructure,FR,lemmesAccessibilitéFR
w_FR_BE_2013_62707,FR_BE,BE,2013,62707,Infrastructure,NOM,infrastructure,FR,lemmesAccessibilitéFR
w_FR_BE_2013_63126,FR_BE,BE,2013,63126,Infrastructure,NOM,infrastructure,FR,lemmesAccessibilitéFR
w_FR_BE_2013_66871,FR_BE,BE,2013,66871,infrastructures,NOM,infrastructure,FR,lemmesAccessibilitéFR
w_FR_BE_2013_67004,FR_BE,BE,2013,67004,infrastructure,NOM,infrastructure,FR,lemmesAccessibilitéFR
w_FR_BE_2013_67417,FR_BE,BE,2013,67417,Infrastructures,NOM,infrastructure,FR,lemmesAccessibilitéFR
w_FR_BE_2013_69736,FR_BE,BE,2013,69736,infrastructures,NOM,infrastructure,FR,lemmesAccessibilitéFR
w_FR_BE_2013_70907,FR_BE,BE,2013,70907,infrastructures,NOM,infrastructure,FR,lemmesAccessibilitéFR
w_FR_BE_2013_75250,FR_BE,BE,2013,75250,infrastructures,NOM,infrastructure,FR,lemmesAccessibilitéFR
w_FR_BE_2013_78015,FR_BE,BE,2013,78015,infrastructures,NOM,infrastructure,FR,lemmesAccessibilitéFR
w_FR_BE_2013_78065,FR_BE,BE,2013,78065,infrastructures,NOM,infrastructure,FR,lemmesAccessibilitéFR
w_FR_BE_2013_80342,FR_BE,BE,2013,80342,infrastructures,NOM,infrastructure,FR,lemmesAccessibilitéFR
w_FR_BE_2013_82951,FR_BE,BE,2013,82951,infrastructures,NOM,infrastructure,FR,lemmesAccessibilitéFR
w_FR_BE_2013_83056,FR_BE,BE,2013,83056,infrastructures,NOM,infrastructure,FR,lemmesAccessibilitéFR
w_FR_BE_2013_83079,FR_BE,BE,2013,83079,infrastructures,NOM,infrastructure,FR,lemmesAccessibilitéFR
w_FR_BE_2013_85149,FR_BE,BE,2013,85149,infrastructures,NOM,infrastructure,FR,lemmesAccessibilitéFR
w_FR_BE_2013_88074,FR_BE,BE,2013,88074,Infrastructures,NOM,infrastructure,FR,lemmesAccessibilitéFR
w_FR_BE_2013_88101,FR_BE,BE,2013,88101,infrastructures,NOM,infrastructure,FR,lemmesAccessibilitéFR
w_FR_BE_2013_88328,FR_BE,BE,2013,88328,infrastructures,NOM,infrastructure,FR,lemmesAccessibilitéFR
w_FR_BE_2013_88341,FR_BE,BE,2013,88341,infrastructures,NOM,infrastructure,FR,lemmesAccessibilitéFR
w_FR_BE_2013_89353,FR_BE,BE,2013,89353,infrastructures,NOM,infrastructure,FR,lemmesAccessibilitéFR
w_FR_BE_2013_89669,FR_BE,BE,2013,89669,infrastructure,NOM,infrastructure,FR,lemmesAccessibilitéFR
w_FR_BE_2013_90110,FR_BE,BE,2013,90110,infrastructures,NOM,infrastructure,FR,lemmesAccessibilitéFR
w_FR_BE_2013_100224,FR_BE,BE,2013,100224,infrastructures,NOM,infrastructure,FR,lemmesAccessibilitéFR
w_FR_BE_2013_104152,FR_BE,BE,2013,104152,infrastructures,NOM,infrastructure,FR,lemmesAccessibilitéFR
w_FR_BE_2013_105791,FR_BE,BE,2013,105791,infrastructure,NOM,infrastructure,FR,lemmesAccessibilitéFR
w_FR_BE_2013_105825,FR_BE,BE,2013,105825,infrastructure,NOM,infrastructure,FR,lemmesAccessibilitéFR
w_FR_BE_2013_106032,FR_BE,BE,2013,106032,infrastructure,NOM,infrastructure,FR,lemmesAccessibilitéFR
w_FR_BE_2013_106066,FR_BE,BE,2013,106066,infrastructure,NOM,infrastructure,FR,lemmesAccessibilitéFR
w_FR_BE_2013_106172,FR_BE,BE,2013,106172,Infrastructure,NOM,infrastructure,FR,lemmesAccessibilitéFR
w_FR_BE_2013_106311,FR_BE,BE,2013,106311,infrastructure,NOM,infrastructure,FR,lemmesAccessibilitéFR
w_FR_BE_2013_106345,FR_BE,BE,2013,106345,infrastructure,NOM,infrastructure,FR,lemmesAccessibilitéFR
w_FR_BE_2013_106448,FR_BE,BE,2013,106448,infrastructure,NOM,infrastructure,FR,lemmesAccessibilitéFR
w_FR_BE_2013_106482,FR_BE,BE,2013,106482,infrastructure,NOM,infrastructure,FR,lemmesAccessibilitéFR
w_FR_BE_2013_106593,FR_BE,BE,2013,106593,infrastructure,NOM,infrastructure,FR,lemmesAccessibilitéFR
w_FR_BE_2013_106635,FR_BE,BE,2013,106635,infrastructure,NOM,infrastructure,FR,lemmesAccessibilitéFR
w_FR_GE_2024_119,FR_GE,GE,2024,119,infrastructure,NOM,infrastructure,FR,lemmesAccessibilitéFR
w_FR_GE_2024_6552,FR_GE,GE,2024,6552,infrastructures,NOM,infrastructure,FR,lemmesAccessibilitéFR
w_FR_GE_2024_6577,FR_GE,GE,2024,6577,infrastructures,NOM,infrastructure,FR,lemmesAccessibilitéFR
w_FR_GE_2024_9136,FR_GE,GE,2024,9136,infrastructure,NOM,infrastructure,FR,lemmesAccessibilitéFR
w_FR_GE_2024_10128,FR_GE,GE,2024,10128,infrastructures,NOM,infrastructure,FR,lemmesAccessibilitéFR
w_FR_GE_2024_11547,FR_GE,GE,2024,11547,infrastructures,NOM,infrastructure,FR,lemmesAccessibilitéFR
w_FR_GE_2024_13029,FR_GE,GE,2024,13029,infrastructures,NOM,infrastructure,FR,lemmesAccessibilitéFR
w_FR_GE_2024_13812,FR_GE,GE,2024,13812,infrastructures,NOM,infrastructure,FR,lemmesAccessibilitéFR
w_FR_GE_2024_16528,FR_GE,GE,2024,16528,infrastructure,NOM,infrastructure,FR,lemmesAccessibilitéFR
w_FR_GE_2024_16564,FR_GE,GE,2024,16564,infrastructure,NOM,infrastructure,FR,lemmesAccessibilitéFR
w_FR_GE_2024_20314,FR_GE,GE,2024,20314,infrastructures,NOM,infrastructure,FR,lemmesAccessibilitéFR
w_FR_GE_2024_23546,FR_GE,GE,2024,23546,infrastructures,NOM,infrastructure,FR,lemmesAccessibilitéFR
w_FR_GE_2024_23974,FR_GE,GE,2024,23974,infrastructures,NOM,infrastructure,FR,lemmesAccessibilitéFR
w_FR_GE_2024_23987,FR_GE,GE,2024,23987,infrastructures,NOM,infrastructure,FR,lemmesAccessibilitéFR
w_FR_GE_2024_24122,FR_GE,GE,2024,24122,infrastructure,NOM,infrastructure,FR,lemmesAccessibilitéFR
w_FR_GE_2024_24226,FR_GE,GE,2024,24226,infrastructures,NOM,infrastructure,FR,lemmesAccessibilitéFR
w_FR_GE_2024_24242,FR_GE,GE,2024,24242,infrastructures,NOM,infrastructure,FR,lemmesAccessibilitéFR
w_FR_GE_2024_26514,FR_GE,GE,2024,26514,infrastructures,NOM,infrastructure,FR,lemmesAccessibilitéFR
w_FR_GE_2024_30058,FR_GE,GE,2024,30058,infrastructures,NOM,infrastructure,FR,lemmesAccessibilitéFR
w_FR_GE_2024_30135,FR_GE,GE,2024,30135,infrastructures,NOM,infrastructure,FR,lemmesAccessibilitéFR
w_FR_GE_2024_30462,FR_GE,GE,2024,30462,infrastructures,NOM,infrastructure,FR,lemmesAccessibilitéFR
w_FR_GE_2024_31547,FR_GE,GE,2024,31547,infrastructures,NOM,infrastructure,FR,lemmesAccessibilitéFR
w_FR_GE_2024_33103,FR_GE,GE,2024,33103,infrastructures,NOM,infrastructure,FR,lemmesAccessibilitéFR
w_FR_GE_2024_33414,FR_GE,GE,2024,33414,infrastructures,NOM,infrastructure,FR,lemmesAccessibilitéFR
w_FR_GE_2024_33590,FR_GE,GE,2024,33590,INFRASTRUCTURES,NOM,infrastructure,FR,lemmesAccessibilitéFR
w_FR_GE_2024_34042,FR_GE,GE,2024,34042,infrastructures,NOM,infrastructure,FR,lemmesAccessibilitéFR
w_FR_GE_2024_34179,FR_GE,GE,2024,34179,infrastructures,NOM,infrastructure,FR,lemmesAccessibilitéFR
w_FR_GE_2024_36200,FR_GE,GE,2024,36200,infrastructures,NOM,infrastructure,FR,lemmesAccessibilitéFR
w_FR_GE_2024_36388,FR_GE,GE,2024,36388,infrastructures,NOM,infrastructure,FR,lemmesAccessibilitéFR
w_FR_GE_2024_36394,FR_GE,GE,2024,36394,infrastructures,NOM,infrastructure,FR,lemmesAccessibilitéFR
w_FR_GE_2024_36429,FR_GE,GE,2024,36429,infrastructures,NOM,infrastructure,FR,lemmesAccessibilitéFR
w_FR_GE_2024_36481,FR_GE,GE,2024,36481,infrastructures,NOM,infrastructure,FR,lemmesAccessibilitéFR
w_FR_GE_2024_36689,FR_GE,GE,2024,36689,infrastructures,NOM,infrastructure,FR,lemmesAccessibilitéFR
w_FR_GE_2024_39214,FR_GE,GE,2024,39214,infrastructures,NOM,infrastructure,FR,lemmesAccessibilitéFR
w_FR_GE_2024_39559,FR_GE,GE,2024,39559,infrastructures,NOM,infrastructure,FR,lemmesAccessibilitéFR
w_FR_GE_2024_40189,FR_GE,GE,2024,40189,infrastructure,NOM,infrastructure,FR,lemmesAccessibilitéFR
w_FR_GE_2024_58432,FR_GE,GE,2024,58432,infrastructures,NOM,infrastructure,FR,lemmesAccessibilitéFR
w_FR_GE_2024_59991,FR_GE,GE,2024,59991,infrastructures,NOM,infrastructure,FR,lemmesAccessibilitéFR
w_FR_GE_2024_61907,FR_GE,GE,2024,61907,infrastructures,NOM,infrastructure,FR,lemmesAccessibilitéFR
w_FR_GE_2024_71226,FR_GE,GE,2024,71226,infrastructures,NOM,infrastructure,FR,lemmesAccessibilitéFR
w_FR_GE_2024_72606,FR_GE,GE,2024,72606,infrastructures,NOM,infrastructure,FR,lemmesAccessibilitéFR
w_FR_GE_2024_76558,FR_GE,GE,2024,76558,infrastructures,NOM,infrastructure,FR,lemmesAccessibilitéFR
w_FR_GE_2024_76610,FR_GE,GE,2024,76610,infrastructure,NOM,infrastructure,FR,lemmesAccessibilitéFR
w_FR_GE_2024_76661,FR_GE,GE,2024,76661,infrastructure,NOM,infrastructure,FR,lemmesAccessibilitéFR
w_FR_GE_2024_76737,FR_GE,GE,2024,76737,infrastructures,NOM,infrastructure,FR,lemmesAccessibilitéFR
w_FR_GE_2024_77592,FR_GE,GE,2024,77592,infrastructures,NOM,infrastructure,FR,lemmesAccessibilitéFR
w_FR_GE_2024_77625,FR_GE,GE,2024,77625,infrastructures,NOM,infrastructure,FR,lemmesAccessibilitéFR
w_FR_GE_2024_78048,FR_GE,GE,2024,78048,infrastructures,NOM,infrastructure,FR,lemmesAccessibilitéFR
w_FR_GE_2024_78450,FR_GE,GE,2024,78450,infrastructures,NOM,infrastructure,FR,lemmesAccessibilitéFR
w_FR_GE_2024_78750,FR_GE,GE,2024,78750,infrastructure,NOM,infrastructure,FR,lemmesAccessibilitéFR
w_FR_GE_2024_83572,FR_GE,GE,2024,83572,infrastructure,NOM,infrastructure,FR,lemmesAccessibilitéFR
w_FR_GE_2024_84514,FR_GE,GE,2024,84514,Infrastructures,NOM,infrastructure,FR,lemmesAccessibilitéFR
w_FR_GE_2024_84561,FR_GE,GE,2024,84561,Infrastructures,NOM,infrastructure,FR,lemmesAccessibilitéFR
w_FR_GE_2024_85419,FR_GE,GE,2024,85419,infrastructures,NOM,infrastructure,FR,lemmesAccessibilitéFR
w_FR_GE_2024_85554,FR_GE,GE,2024,85554,infrastructures,NOM,infrastructure,FR,lemmesAccessibilitéFR
w_FR_GE_2024_86409,FR_GE,GE,2024,86409,infrastructures,NOM,infrastructure,FR,lemmesAccessibilitéFR
w_FR_GE_2024_86822,FR_GE,GE,2024,86822,infrastructures,NOM,infrastructure,FR,lemmesAccessibilitéFR
w_FR_GE_2024_87828,FR_GE,GE,2024,87828,infrastructures,NOM,infrastructure,FR,lemmesAccessibilitéFR
w_FR_GE_2024_88622,FR_GE,GE,2024,88622,infrastructures,NOM,infrastructure,FR,lemmesAccessibilitéFR
w_FR_GE_2024_88826,FR_GE,GE,2024,88826,Infrastructures,NOM,infrastructure,FR,lemmesAccessibilitéFR
w_FR_GE_2024_88841,FR_GE,GE,2024,88841,infrastructure,NOM,infrastructure,FR,lemmesAccessibilitéFR
w_FR_GE_2024_89243,FR_GE,GE,2024,89243,infrastructures,NOM,infrastructure,FR,lemmesAccessibilitéFR
w_FR_GE_2024_89283,FR_GE,GE,2024,89283,infrastructure,NOM,infrastructure,FR,lemmesAccessibilitéFR
w_FR_GE_2024_90200,FR_GE,GE,2024,90200,infrastructures,NOM,infrastructure,FR,lemmesAccessibilitéFR
w_FR_GE_2024_95746,FR_GE,GE,2024,95746,infrastructures,NOM,infrastructure,FR,lemmesAccessibilitéFR
w_FR_GE_2024_95896,FR_GE,GE,2024,95896,infrastructures,NOM,infrastructure,FR,lemmesAccessibilitéFR
w_FR_GE_2024_96101,FR_GE,GE,2024,96101,infrastructures,NOM,infrastructure,FR,lemmesAccessibilitéFR
w_FR_GE_2024_96633,FR_GE,GE,2024,96633,infrastructures,NOM,infrastructure,FR,lemmesAccessibilitéFR
w_FR_GE_2024_96690,FR_GE,GE,2024,96690,infrastructure,NOM,infrastructure,FR,lemmesAccessibilitéFR
w_FR_GE_2024_98358,FR_GE,GE,2024,98358,infrastructures,NOM,infrastructure,FR,lemmesAccessibilitéFR
w_FR_GE_2024_100848,FR_GE,GE,2024,100848,infrastructures,NOM,infrastructure,FR,lemmesAccessibilitéFR
w_FR_GE_2024_104668,FR_GE,GE,2024,104668,infrastructures,NOM,infrastructure,FR,lemmesAccessibilitéFR
w_FR_GE_2024_106399,FR_GE,GE,2024,106399,infrastructures,NOM,infrastructure,FR,lemmesAccessibilitéFR
w_FR_GE_2024_107225,FR_GE,GE,2024,107225,infrastructures,NOM,infrastructure,FR,lemmesAccessibilitéFR
w_FR_GE_2024_107307,FR_GE,GE,2024,107307,infrastructures,NOM,infrastructure,FR,lemmesAccessibilitéFR
w_FR_GE_2024_107401,FR_GE,GE,2024,107401,infrastructures,NOM,infrastructure,FR,lemmesAccessibilitéFR
w_FR_GE_2024_107489,FR_GE,GE,2024,107489,infrastructure,NOM,infrastructure,FR,lemmesAccessibilitéFR
w_FR_GE_2024_107735,FR_GE,GE,2024,107735,infrastructure,NOM,infrastructure,FR,lemmesAccessibilitéFR
w_FR_GE_2024_109681,FR_GE,GE,2024,109681,infrastructures,NOM,infrastructure,FR,lemmesAccessibilitéFR
w_FR_GE_2024_113277,FR_GE,GE,2024,113277,infrastructures,NOM,infrastructure,FR,lemmesAccessibilitéFR
w_FR_GE_2024_113287,FR_GE,GE,2024,113287,infrastructures,NOM,infrastructure,FR,lemmesAccessibilitéFR
w_FR_GE_2024_113298,FR_GE,GE,2024,113298,Infrastructure,NOM,infrastructure,FR,lemmesAccessibilitéFR
w_FR_GE_2024_113445,FR_GE,GE,2024,113445,infrastructures,NOM,infrastructure,FR,lemmesAccessibilitéFR
w_FR_GE_2024_113454,FR_GE,GE,2024,113454,infrastructures,NOM,infrastructure,FR,lemmesAccessibilitéFR
w_FR_GE_2024_114066,FR_GE,GE,2024,114066,infrastructures,NOM,infrastructure,FR,lemmesAccessibilitéFR
w_FR_GE_2024_114100,FR_GE,GE,2024,114100,infrastructure,NOM,infrastructure,FR,lemmesAccessibilitéFR
w_FR_GE_2024_114437,FR_GE,GE,2024,114437,infrastructures,NOM,infrastructure,FR,lemmesAccessibilitéFR
w_FR_GE_2024_114489,FR_GE,GE,2024,114489,infrastructure,NOM,infrastructure,FR,lemmesAccessibilitéFR
w_FR_GE_2024_114507,FR_GE,GE,2024,114507,infrastructure,NOM,infrastructure,FR,lemmesAccessibilitéFR
w_FR_GE_2024_114525,FR_GE,GE,2024,114525,infrastructure,NOM,infrastructure,FR,lemmesAccessibilitéFR
w_FR_GE_2024_114546,FR_GE,GE,2024,114546,infrastructure,NOM,infrastructure,FR,lemmesAccessibilitéFR
w_FR_GE_2024_114564,FR_GE,GE,2024,114564,infrastructures,NOM,infrastructure,FR,lemmesAccessibilitéFR
w_FR_GE_2024_114588,FR_GE,GE,2024,114588,infrastructure,NOM,infrastructure,FR,lemmesAccessibilitéFR
w_FR_GE_2024_114635,FR_GE,GE,2024,114635,infrastructures,NOM,infrastructure,FR,lemmesAccessibilitéFR
w_FR_GE_2024_114646,FR_GE,GE,2024,114646,infrastructures,NOM,infrastructure,FR,lemmesAccessibilitéFR
w_FR_GE_2024_114776,FR_GE,GE,2024,114776,Infrastructure,NOM,infrastructure,FR,lemmesAccessibilitéFR
w_FR_GE_2024_115286,FR_GE,GE,2024,115286,infrastructure,NOM,infrastructure,FR,lemmesAccessibilitéFR
w_FR_GE_2024_115345,FR_GE,GE,2024,115345,infrastructures,NOM,infrastructure,FR,lemmesAccessibilitéFR
w_FR_GE_2024_116536,FR_GE,GE,2024,116536,infrastructures,NOM,infrastructure,FR,lemmesAccessibilitéFR
w_FR_GE_2024_116652,FR_GE,GE,2024,116652,infrastructures,NOM,infrastructure,FR,lemmesAccessibilitéFR
w_FR_GE_2024_116824,FR_GE,GE,2024,116824,infrastructure,NOM,infrastructure,FR,lemmesAccessibilitéFR
w_FR_GE_2024_116870,FR_GE,GE,2024,116870,infrastructure,NOM,infrastructure,FR,lemmesAccessibilitéFR
w_FR_GE_2024_116891,FR_GE,GE,2024,116891,infrastructure,NOM,infrastructure,FR,lemmesAccessibilitéFR
w_FR_GE_2024_117038,FR_GE,GE,2024,117038,infrastructure,NOM,infrastructure,FR,lemmesAccessibilitéFR
w_FR_GE_2024_117174,FR_GE,GE,2024,117174,infrastructure,NOM,infrastructure,FR,lemmesAccessibilitéFR
w_FR_GE_2024_117417,FR_GE,GE,2024,117417,infrastructure,NOM,infrastructure,FR,lemmesAccessibilitéFR
w_FR_GE_2024_117682,FR_GE,GE,2024,117682,infrastructures,NOM,infrastructure,FR,lemmesAccessibilitéFR
w_FR_GE_2024_117725,FR_GE,GE,2024,117725,Infrastructures,NOM,infrastructure,FR,lemmesAccessibilitéFR
w_FR_GE_2024_117727,FR_GE,GE,2024,117727,Infrastructures,NOM,infrastructure,FR,lemmesAccessibilitéFR
w_FR_GE_2024_117745,FR_GE,GE,2024,117745,Infrastructures,NOM,infrastructure,FR,lemmesAccessibilitéFR
w_FR_GE_2024_117822,FR_GE,GE,2024,117822,infrastructures,NOM,infrastructure,FR,lemmesAccessibilitéFR
w_FR_GE_2024_118857,FR_GE,GE,2024,118857,infrastructures,NOM,infrastructure,FR,lemmesAccessibilitéFR
w_FR_GE_2024_119707,FR_GE,GE,2024,119707,infrastructure,NOM,infrastructure,FR,lemmesAccessibilitéFR
w_FR_GE_2024_119800,FR_GE,GE,2024,119800,infrastructures,NOM,infrastructure,FR,lemmesAccessibilitéFR
w_FR_GE_2024_120638,FR_GE,GE,2024,120638,infrastructure,NOM,infrastructure,FR,lemmesAccessibilitéFR
w_FR_GE_2024_121685,FR_GE,GE,2024,121685,infrastructures,NOM,infrastructure,FR,lemmesAccessibilitéFR
w_FR_GE_2024_121715,FR_GE,GE,2024,121715,infrastructures,NOM,infrastructure,FR,lemmesAccessibilitéFR
w_FR_GE_2024_122166,FR_GE,GE,2024,122166,infrastructures,NOM,infrastructure,FR,lemmesAccessibilitéFR
w_FR_GE_2024_122393,FR_GE,GE,2024,122393,infrastructures,NOM,infrastructure,FR,lemmesAccessibilitéFR
w_FR_GE_2024_124209,FR_GE,GE,2024,124209,infrastructures,NOM,infrastructure,FR,lemmesAccessibilitéFR
w_FR_GE_2024_124649,FR_GE,GE,2024,124649,infrastructures,NOM,infrastructure,FR,lemmesAccessibilitéFR
w_FR_GE_2024_124879,FR_GE,GE,2024,124879,Infrastructure,NOM,infrastructure,FR,lemmesAccessibilitéFR
w_FR_GE_2024_125976,FR_GE,GE,2024,125976,infrastructure,NOM,infrastructure,FR,lemmesAccessibilitéFR
w_FR_GE_2024_126356,FR_GE,GE,2024,126356,infrastructures,NOM,infrastructure,FR,lemmesAccessibilitéFR
w_FR_GE_2024_127620,FR_GE,GE,2024,127620,infrastructure,NOM,infrastructure,FR,lemmesAccessibilitéFR
w_FR_GE_2024_127923,FR_GE,GE,2024,127923,infrastructures,NOM,infrastructure,FR,lemmesAccessibilitéFR
w_FR_GE_2024_128046,FR_GE,GE,2024,128046,infrastructure,NOM,infrastructure,FR,lemmesAccessibilitéFR
w_FR_GE_2024_128097,FR_GE,GE,2024,128097,infrastructures,NOM,infrastructure,FR,lemmesAccessibilitéFR
w_FR_GE_2024_128356,FR_GE,GE,2024,128356,infrastructure,NOM,infrastructure,FR,lemmesAccessibilitéFR
w_FR_GE_2024_128376,FR_GE,GE,2024,128376,infrastructure,NOM,infrastructure,FR,lemmesAccessibilitéFR
w_FR_GE_2024_128416,FR_GE,GE,2024,128416,infrastructure,NOM,infrastructure,FR,lemmesAccessibilitéFR
w_FR_GE_2024_132909,FR_GE,GE,2024,132909,infrastructures,NOM,infrastructure,FR,lemmesAccessibilitéFR
w_FR_GE_2024_135035,FR_GE,GE,2024,135035,infrastructure,NOM,infrastructure,FR,lemmesAccessibilitéFR
w_FR_GE_2024_136758,FR_GE,GE,2024,136758,infrastructure,NOM,infrastructure,FR,lemmesAccessibilitéFR
w_FR_GE_2024_137399,FR_GE,GE,2024,137399,infrastructures,NOM,infrastructure,FR,lemmesAccessibilitéFR
w_FR_GE_2024_137412,FR_GE,GE,2024,137412,infrastructures,NOM,infrastructure,FR,lemmesAccessibilitéFR
w_FR_GE_2024_137441,FR_GE,GE,2024,137441,infrastructure,NOM,infrastructure,FR,lemmesAccessibilitéFR
w_FR_GE_2024_137588,FR_GE,GE,2024,137588,infrastructure,NOM,infrastructure,FR,lemmesAccessibilitéFR
w_FR_GE_2024_137722,FR_GE,GE,2024,137722,infrastructures,NOM,infrastructure,FR,lemmesAccessibilitéFR
w_FR_GE_2024_137849,FR_GE,GE,2024,137849,infrastructures,NOM,infrastructure,FR,lemmesAccessibilitéFR
w_FR_GE_2024_137981,FR_GE,GE,2024,137981,infrastructure,NOM,infrastructure,FR,lemmesAccessibilitéFR
w_FR_GE_2024_137991,FR_GE,GE,2024,137991,infrastructure,NOM,infrastructure,FR,lemmesAccessibilitéFR
w_FR_GE_2024_138387,FR_GE,GE,2024,138387,infrastructures,NOM,infrastructure,FR,lemmesAccessibilitéFR
w_FR_GE_2024_138516,FR_GE,GE,2024,138516,infrastructures,NOM,infrastructure,FR,lemmesAccessibilitéFR
w_FR_GE_2024_138737,FR_GE,GE,2024,138737,infrastructures,NOM,infrastructure,FR,lemmesAccessibilitéFR
w_FR_GE_2024_138985,FR_GE,GE,2024,138985,infrastructure,NOM,infrastructure,FR,lemmesAccessibilitéFR
w_FR_GE_2024_139209,FR_GE,GE,2024,139209,infrastructures,NOM,infrastructure,FR,lemmesAccessibilitéFR
w_FR_GE_2024_139285,FR_GE,GE,2024,139285,infrastructures,NOM,infrastructure,FR,lemmesAccessibilitéFR
w_FR_GE_2024_139472,FR_GE,GE,2024,139472,infrastructures,NOM,infrastructure,FR,lemmesAccessibilitéFR
w_FR_GE_2024_140617,FR_GE,GE,2024,140617,infrastructures,NOM,infrastructure,FR,lemmesAccessibilitéFR
w_FR_GE_2024_141084,FR_GE,GE,2024,141084,infrastructures,NOM,infrastructure,FR,lemmesAccessibilitéFR
w_FR_GE_2024_141329,FR_GE,GE,2024,141329,infrastructure,NOM,infrastructure,FR,lemmesAccessibilitéFR
w_FR_GE_2024_141817,FR_GE,GE,2024,141817,infrastructures,NOM,infrastructure,FR,lemmesAccessibilitéFR
w_FR_GE_2024_143799,FR_GE,GE,2024,143799,infrastructures,NOM,infrastructure,FR,lemmesAccessibilitéFR
w_FR_GE_2024_145473,FR_GE,GE,2024,145473,infrastructures,NOM,infrastructure,FR,lemmesAccessibilitéFR
w_FR_GE_2024_145911,FR_GE,GE,2024,145911,infrastructures,NOM,infrastructure,FR,lemmesAccessibilitéFR
w_FR_GE_2024_145998,FR_GE,GE,2024,145998,infrastructures,NOM,infrastructure,FR,lemmesAccessibilitéFR
w_FR_GE_2024_146513,FR_GE,GE,2024,146513,infrastructures,NOM,infrastructure,FR,lemmesAccessibilitéFR
w_FR_GE_2024_146710,FR_GE,GE,2024,146710,Infrastructures,NOM,infrastructure,FR,lemmesAccessibilitéFR
w_FR_GE_2024_146892,FR_GE,GE,2024,146892,infrastructures,NOM,infrastructure,FR,lemmesAccessibilitéFR
w_FR_GE_2024_147427,FR_GE,GE,2024,147427,infrastructures,NOM,infrastructure,FR,lemmesAccessibilitéFR
w_FR_GE_2024_147563,FR_GE,GE,2024,147563,Infrastructures,NOM,infrastructure,FR,lemmesAccessibilitéFR
w_FR_GE_2024_147570,FR_GE,GE,2024,147570,infrastructures,NOM,infrastructure,FR,lemmesAccessibilitéFR
w_FR_GE_2024_147850,FR_GE,GE,2024,147850,Infrastructures,NOM,infrastructure,FR,lemmesAccessibilitéFR
w_FR_GE_2024_147934,FR_GE,GE,2024,147934,infrastructures,NOM,infrastructure,FR,lemmesAccessibilitéFR
w_FR_GE_2024_149028,FR_GE,GE,2024,149028,infrastructures,NOM,infrastructure,FR,lemmesAccessibilitéFR
w_FR_GE_2024_150143,FR_GE,GE,2024,150143,infrastructures,NOM,infrastructure,FR,lemmesAccessibilitéFR
w_FR_GE_2024_150396,FR_GE,GE,2024,150396,infrastructures,NOM,infrastructure,FR,lemmesAccessibilitéFR
w_FR_GE_2024_150878,FR_GE,GE,2024,150878,infrastructures,NOM,infrastructure,FR,lemmesAccessibilitéFR
w_FR_GE_2024_154234,FR_GE,GE,2024,154234,infrastructures,NOM,infrastructure,FR,lemmesAccessibilitéFR
w_FR_GE_2024_155320,FR_GE,GE,2024,155320,infrastructures,NOM,infrastructure,FR,lemmesAccessibilitéFR
w_FR_GE_2024_159662,FR_GE,GE,2024,159662,infrastructure,NOM,infrastructure,FR,lemmesAccessibilitéFR
w_FR_GE_2024_159680,FR_GE,GE,2024,159680,infrastructure,NOM,infrastructure,FR,lemmesAccessibilitéFR
w_FR_GE_2024_162047,FR_GE,GE,2024,162047,infrastructures,NOM,infrastructure,FR,lemmesAccessibilitéFR
w_FR_GE_2024_162070,FR_GE,GE,2024,162070,infrastructures,NOM,infrastructure,FR,lemmesAccessibilitéFR
w_FR_GE_2024_162893,FR_GE,GE,2024,162893,Infrastructures,NOM,infrastructure,FR,lemmesAccessibilitéFR
w_FR_GE_2024_162900,FR_GE,GE,2024,162900,infrastructures,NOM,infrastructure,FR,lemmesAccessibilitéFR
w_FR_GE_2024_162999,FR_GE,GE,2024,162999,infrastructures,NOM,infrastructure,FR,lemmesAccessibilitéFR
w_FR_GE_2024_163330,FR_GE,GE,2024,163330,infrastructures,NOM,infrastructure,FR,lemmesAccessibilitéFR
w_FR_GE_2024_163425,FR_GE,GE,2024,163425,infrastructures,NOM,infrastructure,FR,lemmesAccessibilitéFR
w_FR_GE_2024_163769,FR_GE,GE,2024,163769,infrastructures,NOM,infrastructure,FR,lemmesAccessibilitéFR
w_FR_GE_2024_164524,FR_GE,GE,2024,164524,infrastructures,NOM,infrastructure,FR,lemmesAccessibilitéFR
w_FR_GE_2024_164650,FR_GE,GE,2024,164650,infrastructures,NOM,infrastructure,FR,lemmesAccessibilitéFR
w_FR_GE_2024_166391,FR_GE,GE,2024,166391,infrastructures,NOM,infrastructure,FR,lemmesAccessibilitéFR
w_FR_GE_2024_166469,FR_GE,GE,2024,166469,infrastructures,NOM,infrastructure,FR,lemmesAccessibilitéFR
w_FR_GE_2024_166587,FR_GE,GE,2024,166587,infrastructures,NOM,infrastructure,FR,lemmesAccessibilitéFR
w_FR_GE_2024_170337,FR_GE,GE,2024,170337,infrastructures,NOM,infrastructure,FR,lemmesAccessibilitéFR
w_FR_GE_2024_170417,FR_GE,GE,2024,170417,infrastructures,NOM,infrastructure,FR,lemmesAccessibilitéFR
w_FR_GE_2024_170915,FR_GE,GE,2024,170915,Infrastructures,NOM,infrastructure,FR,lemmesAccessibilitéFR
w_FR_GE_2024_171451,FR_GE,GE,2024,171451,infrastructures,NOM,infrastructure,FR,lemmesAccessibilitéFR
w_FR_GE_2024_171634,FR_GE,GE,2024,171634,infrastructures,NOM,infrastructure,FR,lemmesAccessibilitéFR
w_FR_GE_2024_171664,FR_GE,GE,2024,171664,infrastructures,NOM,infrastructure,FR,lemmesAccessibilitéFR
w_FR_GE_2024_171686,FR_GE,GE,2024,171686,infrastructures,NOM,infrastructure,FR,lemmesAccessibilitéFR
w_FR_GE_2024_172438,FR_GE,GE,2024,172438,infrastructures,NOM,infrastructure,FR,lemmesAccessibilitéFR
w_FR_GE_2024_172687,FR_GE,GE,2024,172687,infrastructure,NOM,infrastructure,FR,lemmesAccessibilitéFR
w_FR_GE_2024_172705,FR_GE,GE,2024,172705,infrastructures,NOM,infrastructure,FR,lemmesAccessibilitéFR
w_FR_GE_2024_173270,FR_GE,GE,2024,173270,Infrastructures,NOM,infrastructure,FR,lemmesAccessibilitéFR
w_FR_GE_2024_176547,FR_GE,GE,2024,176547,infrastructures,NOM,infrastructure,FR,lemmesAccessibilitéFR
w_FR_GE_2024_184781,FR_GE,GE,2024,184781,infrastructures,NOM,infrastructure,FR,lemmesAccessibilitéFR
w_FR_GE_2024_184844,FR_GE,GE,2024,184844,infrastructures,NOM,infrastructure,FR,lemmesAccessibilitéFR
w_FR_GE_2024_185050,FR_GE,GE,2024,185050,infrastructures,NOM,infrastructure,FR,lemmesAccessibilitéFR
w_FR_GE_2024_185382,FR_GE,GE,2024,185382,Infrastructures,NOM,infrastructure,FR,lemmesAccessibilitéFR
w_FR_GE_2024_185422,FR_GE,GE,2024,185422,infrastructures,NOM,infrastructure,FR,lemmesAccessibilitéFR
w_FR_GE_2024_185764,FR_GE,GE,2024,185764,infrastructures,NOM,infrastructure,FR,lemmesAccessibilitéFR
w_FR_GE_2024_186037,FR_GE,GE,2024,186037,infrastructures,NOM,infrastructure,FR,lemmesAccessibilitéFR
w_FR_GE_2024_189046,FR_GE,GE,2024,189046,infrastructures,NOM,infrastructure,FR,lemmesAccessibilitéFR
w_FR_GE_2024_190256,FR_GE,GE,2024,190256,infrastructures,NOM,infrastructure,FR,lemmesAccessibilitéFR
w_FR_GE_2024_191028,FR_GE,GE,2024,191028,infrastructures,NOM,infrastructure,FR,lemmesAccessibilitéFR
w_FR_GE_2024_191157,FR_GE,GE,2024,191157,infrastructures,NOM,infrastructure,FR,lemmesAccessibilitéFR
w_FR_GE_2024_192102,FR_GE,GE,2024,192102,infrastructures,NOM,infrastructure,FR,lemmesAccessibilitéFR
w_FR_GE_2024_192149,FR_GE,GE,2024,192149,infrastructures,NOM,infrastructure,FR,lemmesAccessibilitéFR
w_FR_GE_2024_195466,FR_GE,GE,2024,195466,infrastructures,NOM,infrastructure,FR,lemmesAccessibilitéFR
w_FR_GE_2024_195537,FR_GE,GE,2024,195537,infrastructures,NOM,infrastructure,FR,lemmesAccessibilitéFR
w_FR_GE_2024_197544,FR_GE,GE,2024,197544,Infrastructures,NOM,infrastructure,FR,lemmesAccessibilitéFR
w_FR_GE_2024_197767,FR_GE,GE,2024,197767,infrastructure,NOM,infrastructure,FR,lemmesAccessibilitéFR
w_FR_GE_2024_200140,FR_GE,GE,2024,200140,infrastructure,NOM,infrastructure,FR,lemmesAccessibilitéFR
w_FR_BE_2016_454,FR_BE,BE,2016,454,Infrastructures,NOM,infrastructure,FR,lemmesAccessibilitéFR
w_FR_BE_2016_2495,FR_BE,BE,2016,2495,Infrastructures,NOM,infrastructure,FR,lemmesAccessibilitéFR
w_FR_BE_2016_2511,FR_BE,BE,2016,2511,infrastructures,NOM,infrastructure,FR,lemmesAccessibilitéFR
w_FR_BE_2016_9367,FR_BE,BE,2016,9367,infrastructure,NOM,infrastructure,FR,lemmesAccessibilitéFR
w_FR_BE_2016_9521,FR_BE,BE,2016,9521,infrastructures,NOM,infrastructure,FR,lemmesAccessibilitéFR
w_FR_BE_2016_10543,FR_BE,BE,2016,10543,infrastructures,NOM,infrastructure,FR,lemmesAccessibilitéFR
w_FR_BE_2016_10659,FR_BE,BE,2016,10659,infrastructures,NOM,infrastructure,FR,lemmesAccessibilitéFR
w_FR_BE_2016_11850,FR_BE,BE,2016,11850,infrastructures,NOM,infrastructure,FR,lemmesAccessibilitéFR
w_FR_BE_2016_12866,FR_BE,BE,2016,12866,infrastructures,NOM,infrastructure,FR,lemmesAccessibilitéFR
w_FR_BE_2016_12901,FR_BE,BE,2016,12901,infrastructures,NOM,infrastructure,FR,lemmesAccessibilitéFR
w_FR_BE_2016_15727,FR_BE,BE,2016,15727,infrastructure,NOM,infrastructure,FR,lemmesAccessibilitéFR
w_FR_BE_2016_17365,FR_BE,BE,2016,17365,infrastructures,NOM,infrastructure,FR,lemmesAccessibilitéFR
w_FR_BE_2016_17390,FR_BE,BE,2016,17390,infrastructures,NOM,infrastructure,FR,lemmesAccessibilitéFR
w_FR_BE_2016_17443,FR_BE,BE,2016,17443,infrastructures,NOM,infrastructure,FR,lemmesAccessibilitéFR
w_FR_BE_2016_17465,FR_BE,BE,2016,17465,infrastructures,NOM,infrastructure,FR,lemmesAccessibilitéFR
w_FR_BE_2016_17477,FR_BE,BE,2016,17477,Infrastructures,NOM,infrastructure,FR,lemmesAccessibilitéFR
w_FR_BE_2016_22004,FR_BE,BE,2016,22004,infrastructure,NOM,infrastructure,FR,lemmesAccessibilitéFR
w_FR_BE_2016_23139,FR_BE,BE,2016,23139,infrastructure,NOM,infrastructure,FR,lemmesAccessibilitéFR
w_FR_BE_2016_23159,FR_BE,BE,2016,23159,infrastructure,NOM,infrastructure,FR,lemmesAccessibilitéFR
w_FR_BE_2016_23214,FR_BE,BE,2016,23214,infrastructures,NOM,infrastructure,FR,lemmesAccessibilitéFR
w_FR_BE_2016_24224,FR_BE,BE,2016,24224,infrastructures,NOM,infrastructure,FR,lemmesAccessibilitéFR
w_FR_BE_2016_24641,FR_BE,BE,2016,24641,infrastructures,NOM,infrastructure,FR,lemmesAccessibilitéFR
w_FR_BE_2016_24751,FR_BE,BE,2016,24751,infrastructures,NOM,infrastructure,FR,lemmesAccessibilitéFR
w_FR_BE_2016_24816,FR_BE,BE,2016,24816,infrastructures,NOM,infrastructure,FR,lemmesAccessibilitéFR
w_FR_BE_2016_25138,FR_BE,BE,2016,25138,infrastructures,NOM,infrastructure,FR,lemmesAccessibilitéFR
w_FR_BE_2016_25157,FR_BE,BE,2016,25157,infrastructures,NOM,infrastructure,FR,lemmesAccessibilitéFR
w_FR_BE_2016_25182,FR_BE,BE,2016,25182,infrastructures,NOM,infrastructure,FR,lemmesAccessibilitéFR
w_FR_BE_2016_25220,FR_BE,BE,2016,25220,infrastructures,NOM,infrastructure,FR,lemmesAccessibilitéFR
w_FR_BE_2016_25257,FR_BE,BE,2016,25257,infrastructures,NOM,infrastructure,FR,lemmesAccessibilitéFR
w_FR_BE_2016_25273,FR_BE,BE,2016,25273,infrastructures,NOM,infrastructure,FR,lemmesAccessibilitéFR
w_FR_BE_2016_25360,FR_BE,BE,2016,25360,infrastructures,NOM,infrastructure,FR,lemmesAccessibilitéFR
w_FR_BE_2016_25551,FR_BE,BE,2016,25551,infrastructures,NOM,infrastructure,FR,lemmesAccessibilitéFR
w_FR_BE_2016_26433,FR_BE,BE,2016,26433,infrastructures,NOM,infrastructure,FR,lemmesAccessibilitéFR
w_FR_BE_2016_26458,FR_BE,BE,2016,26458,infrastructures,NOM,infrastructure,FR,lemmesAccessibilitéFR
w_FR_BE_2016_27091,FR_BE,BE,2016,27091,infrastructures,NOM,infrastructure,FR,lemmesAccessibilitéFR
w_FR_BE_2016_27399,FR_BE,BE,2016,27399,infrastructures,NOM,infrastructure,FR,lemmesAccessibilitéFR
w_FR_BE_2016_27712,FR_BE,BE,2016,27712,infrastructures,NOM,infrastructure,FR,lemmesAccessibilitéFR
w_FR_BE_2016_28082,FR_BE,BE,2016,28082,infrastructures,NOM,infrastructure,FR,lemmesAccessibilitéFR
w_FR_BE_2016_28224,FR_BE,BE,2016,28224,Infrastructures,NOM,infrastructure,FR,lemmesAccessibilitéFR
w_FR_BE_2016_28321,FR_BE,BE,2016,28321,infrastructures,NOM,infrastructure,FR,lemmesAccessibilitéFR
w_FR_BE_2016_28792,FR_BE,BE,2016,28792,infrastructures,NOM,infrastructure,FR,lemmesAccessibilitéFR
w_FR_BE_2016_29039,FR_BE,BE,2016,29039,infrastructures,NOM,infrastructure,FR,lemmesAccessibilitéFR
w_FR_BE_2016_29156,FR_BE,BE,2016,29156,infrastructures,NOM,infrastructure,FR,lemmesAccessibilitéFR
w_FR_BE_2016_29965,FR_BE,BE,2016,29965,infrastructures,NOM,infrastructure,FR,lemmesAccessibilitéFR
w_FR_BE_2016_30662,FR_BE,BE,2016,30662,infrastructures,NOM,infrastructure,FR,lemmesAccessibilitéFR
w_FR_BE_2016_31279,FR_BE,BE,2016,31279,infrastructures,NOM,infrastructure,FR,lemmesAccessibilitéFR
w_FR_BE_2016_31288,FR_BE,BE,2016,31288,infrastructures,NOM,infrastructure,FR,lemmesAccessibilitéFR
w_FR_BE_2016_31891,FR_BE,BE,2016,31891,infrastructures,NOM,infrastructure,FR,lemmesAccessibilitéFR
w_FR_BE_2016_31965,FR_BE,BE,2016,31965,infrastructures,NOM,infrastructure,FR,lemmesAccessibilitéFR
w_FR_BE_2016_32107,FR_BE,BE,2016,32107,infrastructure,NOM,infrastructure,FR,lemmesAccessibilitéFR
w_FR_BE_2016_32783,FR_BE,BE,2016,32783,infrastructure,NOM,infrastructure,FR,lemmesAccessibilitéFR
w_FR_BE_2016_32822,FR_BE,BE,2016,32822,infrastructures,NOM,infrastructure,FR,lemmesAccessibilitéFR
w_FR_BE_2016_32856,FR_BE,BE,2016,32856,infrastructure,NOM,infrastructure,FR,lemmesAccessibilitéFR
w_FR_BE_2016_32995,FR_BE,BE,2016,32995,Infrastructure,NOM,infrastructure,FR,lemmesAccessibilitéFR
w_FR_BE_2016_33086,FR_BE,BE,2016,33086,infrastructures,NOM,infrastructure,FR,lemmesAccessibilitéFR
w_FR_BE_2016_33228,FR_BE,BE,2016,33228,infrastructure,NOM,infrastructure,FR,lemmesAccessibilitéFR
w_FR_BE_2016_33383,FR_BE,BE,2016,33383,infrastructure,NOM,infrastructure,FR,lemmesAccessibilitéFR
w_FR_BE_2016_33930,FR_BE,BE,2016,33930,infrastructures,NOM,infrastructure,FR,lemmesAccessibilitéFR
w_FR_BE_2016_36921,FR_BE,BE,2016,36921,infrastructures,NOM,infrastructure,FR,lemmesAccessibilitéFR
w_FR_BE_2016_37054,FR_BE,BE,2016,37054,infrastructures,NOM,infrastructure,FR,lemmesAccessibilitéFR
w_FR_BE_2016_37189,FR_BE,BE,2016,37189,infrastructure,NOM,infrastructure,FR,lemmesAccessibilitéFR
w_FR_BE_2016_38187,FR_BE,BE,2016,38187,infrastructures,NOM,infrastructure,FR,lemmesAccessibilitéFR
w_FR_BE_2016_38203,FR_BE,BE,2016,38203,infrastructures,NOM,infrastructure,FR,lemmesAccessibilitéFR
w_FR_BE_2016_38299,FR_BE,BE,2016,38299,infrastructures,NOM,infrastructure,FR,lemmesAccessibilitéFR
w_FR_BE_2016_38486,FR_BE,BE,2016,38486,infrastructures,NOM,infrastructure,FR,lemmesAccessibilitéFR
w_FR_BE_2016_39145,FR_BE,BE,2016,39145,infrastructures,NOM,infrastructure,FR,lemmesAccessibilitéFR
w_FR_BE_2016_39331,FR_BE,BE,2016,39331,infrastructures,NOM,infrastructure,FR,lemmesAccessibilitéFR
w_FR_BE_2016_39462,FR_BE,BE,2016,39462,infrastructures,NOM,infrastructure,FR,lemmesAccessibilitéFR
w_FR_BE_2016_39480,FR_BE,BE,2016,39480,infrastructure,NOM,infrastructure,FR,lemmesAccessibilitéFR
w_FR_BE_2016_39537,FR_BE,BE,2016,39537,infrastructures,NOM,infrastructure,FR,lemmesAccessibilitéFR
w_FR_BE_2016_39580,FR_BE,BE,2016,39580,infrastructures,NOM,infrastructure,FR,lemmesAccessibilitéFR
w_FR_BE_2016_40253,FR_BE,BE,2016,40253,infrastructure,NOM,infrastructure,FR,lemmesAccessibilitéFR
w_FR_BE_2016_40567,FR_BE,BE,2016,40567,infrastructure,NOM,infrastructure,FR,lemmesAccessibilitéFR
w_FR_BE_2016_42320,FR_BE,BE,2016,42320,infrastructures,NOM,infrastructure,FR,lemmesAccessibilitéFR
w_FR_BE_2016_42627,FR_BE,BE,2016,42627,Infrastructures,NOM,infrastructure,FR,lemmesAccessibilitéFR
w_FR_BE_2016_42645,FR_BE,BE,2016,42645,infrastructures,NOM,infrastructure,FR,lemmesAccessibilitéFR
w_FR_BE_2016_42732,FR_BE,BE,2016,42732,infrastructures,NOM,infrastructure,FR,lemmesAccessibilitéFR
w_FR_BE_2016_42993,FR_BE,BE,2016,42993,infrastructure,NOM,infrastructure,FR,lemmesAccessibilitéFR
w_FR_BE_2016_43310,FR_BE,BE,2016,43310,infrastructures,NOM,infrastructure,FR,lemmesAccessibilitéFR
w_FR_BE_2016_43705,FR_BE,BE,2016,43705,infrastructure,NOM,infrastructure,FR,lemmesAccessibilitéFR
w_FR_BE_2016_44020,FR_BE,BE,2016,44020,infrastructures,NOM,infrastructure,FR,lemmesAccessibilitéFR
w_FR_BE_2016_44504,FR_BE,BE,2016,44504,infrastructures,NOM,infrastructure,FR,lemmesAccessibilitéFR
w_FR_BE_2016_44609,FR_BE,BE,2016,44609,infrastructure,NOM,infrastructure,FR,lemmesAccessibilitéFR
w_FR_BE_2016_45278,FR_BE,BE,2016,45278,infrastructures,NOM,infrastructure,FR,lemmesAccessibilitéFR
w_FR_BE_2016_49749,FR_BE,BE,2016,49749,infrastructures,NOM,infrastructure,FR,lemmesAccessibilitéFR
w_FR_BE_2016_49764,FR_BE,BE,2016,49764,infrastructures,NOM,infrastructure,FR,lemmesAccessibilitéFR
w_FR_BE_2016_50125,FR_BE,BE,2016,50125,infrastructures,NOM,infrastructure,FR,lemmesAccessibilitéFR
w_FR_BE_2016_53373,FR_BE,BE,2016,53373,infrastructures,NOM,infrastructure,FR,lemmesAccessibilitéFR
w_FR_BE_2016_53446,FR_BE,BE,2016,53446,infrastructures,NOM,infrastructure,FR,lemmesAccessibilitéFR
w_FR_BE_2016_53456,FR_BE,BE,2016,53456,infrastructures,NOM,infrastructure,FR,lemmesAccessibilitéFR
w_FR_BE_2016_55644,FR_BE,BE,2016,55644,infrastructure,NOM,infrastructure,FR,lemmesAccessibilitéFR
w_FR_BE_2016_58399,FR_BE,BE,2016,58399,infrastructure,NOM,infrastructure,FR,lemmesAccessibilitéFR
w_FR_BE_2016_59779,FR_BE,BE,2016,59779,infrastructures,NOM,infrastructure,FR,lemmesAccessibilitéFR
w_FR_BE_2016_65076,FR_BE,BE,2016,65076,infrastructures,NOM,infrastructure,FR,lemmesAccessibilitéFR
w_FR_BE_2016_65888,FR_BE,BE,2016,65888,infrastructure,NOM,infrastructure,FR,lemmesAccessibilitéFR
w_FR_BE_2016_68214,FR_BE,BE,2016,68214,infrastructures,NOM,infrastructure,FR,lemmesAccessibilitéFR
w_FR_BE_2016_68311,FR_BE,BE,2016,68311,infrastructures,NOM,infrastructure,FR,lemmesAccessibilitéFR
w_FR_BE_2016_71185,FR_BE,BE,2016,71185,infrastructures,NOM,infrastructure,FR,lemmesAccessibilitéFR
w_FR_BE_2016_71212,FR_BE,BE,2016,71212,infrastructures,NOM,infrastructure,FR,lemmesAccessibilitéFR
w_FR_BE_2016_71328,FR_BE,BE,2016,71328,infrastructure,NOM,infrastructure,FR,lemmesAccessibilitéFR
w_FR_BE_2016_72282,FR_BE,BE,2016,72282,infrastructures,NOM,infrastructure,FR,lemmesAccessibilitéFR
w_FR_BE_2016_72363,FR_BE,BE,2016,72363,infrastructures,NOM,infrastructure,FR,lemmesAccessibilitéFR
w_FR_BE_2016_72422,FR_BE,BE,2016,72422,infrastructures,NOM,infrastructure,FR,lemmesAccessibilitéFR
w_FR_BE_2016_72804,FR_BE,BE,2016,72804,Infrastructure,NOM,infrastructure,FR,lemmesAccessibilitéFR
w_FR_BE_2016_73613,FR_BE,BE,2016,73613,Infrastructure,NOM,infrastructure,FR,lemmesAccessibilitéFR
w_FR_BE_2016_77165,FR_BE,BE,2016,77165,infrastructures,NOM,infrastructure,FR,lemmesAccessibilitéFR
w_FR_BE_2016_77298,FR_BE,BE,2016,77298,infrastructure,NOM,infrastructure,FR,lemmesAccessibilitéFR
w_FR_BE_2016_82277,FR_BE,BE,2016,82277,infrastructures,NOM,infrastructure,FR,lemmesAccessibilitéFR
w_FR_BE_2016_82303,FR_BE,BE,2016,82303,infrastructures,NOM,infrastructure,FR,lemmesAccessibilitéFR
w_FR_BE_2016_86730,FR_BE,BE,2016,86730,infrastructures,NOM,infrastructure,FR,lemmesAccessibilitéFR
w_FR_BE_2016_89579,FR_BE,BE,2016,89579,infrastructures,NOM,infrastructure,FR,lemmesAccessibilitéFR
w_FR_BE_2016_92882,FR_BE,BE,2016,92882,infrastructures,NOM,infrastructure,FR,lemmesAccessibilitéFR
w_FR_BE_2016_92932,FR_BE,BE,2016,92932,infrastructures,NOM,infrastructure,FR,lemmesAccessibilitéFR
w_FR_BE_2016_95205,FR_BE,BE,2016,95205,infrastructures,NOM,infrastructure,FR,lemmesAccessibilitéFR
w_FR_BE_2016_99697,FR_BE,BE,2016,99697,infrastructures,NOM,infrastructure,FR,lemmesAccessibilitéFR
w_FR_BE_2016_99802,FR_BE,BE,2016,99802,infrastructures,NOM,infrastructure,FR,lemmesAccessibilitéFR
w_FR_BE_2016_99825,FR_BE,BE,2016,99825,infrastructures,NOM,infrastructure,FR,lemmesAccessibilitéFR
w_FR_BE_2016_105721,FR_BE,BE,2016,105721,infrastructures,NOM,infrastructure,FR,lemmesAccessibilitéFR
w_FR_BE_2016_108933,FR_BE,BE,2016,108933,infrastructures,NOM,infrastructure,FR,lemmesAccessibilitéFR
w_FR_BE_2016_109249,FR_BE,BE,2016,109249,infrastructure,NOM,infrastructure,FR,lemmesAccessibilitéFR
w_FR_BE_2016_109649,FR_BE,BE,2016,109649,infrastructures,NOM,infrastructure,FR,lemmesAccessibilitéFR
w_FR_BE_2016_123166,FR_BE,BE,2016,123166,infrastructures,NOM,infrastructure,FR,lemmesAccessibilitéFR
w_FR_BE_2016_124550,FR_BE,BE,2016,124550,infrastructures,NOM,infrastructure,FR,lemmesAccessibilitéFR
w_FR_BE_2016_124971,FR_BE,BE,2016,124971,infrastructures,NOM,infrastructure,FR,lemmesAccessibilitéFR
w_FR_BE_2016_125386,FR_BE,BE,2016,125386,infrastructures,NOM,infrastructure,FR,lemmesAccessibilitéFR
w_FR_BE_2016_126336,FR_BE,BE,2016,126336,infrastructure,NOM,infrastructure,FR,lemmesAccessibilitéFR
w_FR_BE_2016_126370,FR_BE,BE,2016,126370,infrastructure,NOM,infrastructure,FR,lemmesAccessibilitéFR
w_FR_BE_2016_126546,FR_BE,BE,2016,126546,infrastructure,NOM,infrastructure,FR,lemmesAccessibilitéFR
w_FR_BE_2016_126580,FR_BE,BE,2016,126580,infrastructure,NOM,infrastructure,FR,lemmesAccessibilitéFR
w_FR_BE_2016_126693,FR_BE,BE,2016,126693,infrastructure,NOM,infrastructure,FR,lemmesAccessibilitéFR
w_FR_BE_2016_126727,FR_BE,BE,2016,126727,infrastructure,NOM,infrastructure,FR,lemmesAccessibilitéFR
w_FR_BE_2016_126849,FR_BE,BE,2016,126849,Infrastructure,NOM,infrastructure,FR,lemmesAccessibilitéFR
w_FR_BE_2016_126903,FR_BE,BE,2016,126903,infrastructure,NOM,infrastructure,FR,lemmesAccessibilitéFR
w_FR_BE_2016_126996,FR_BE,BE,2016,126996,infrastructure,NOM,infrastructure,FR,lemmesAccessibilitéFR
w_FR_BE_2016_127030,FR_BE,BE,2016,127030,infrastructure,NOM,infrastructure,FR,lemmesAccessibilitéFR
w_FR_BE_2016_127103,FR_BE,BE,2016,127103,infrastructure,NOM,infrastructure,FR,lemmesAccessibilitéFR
w_FR_BE_2016_127144,FR_BE,BE,2016,127144,infrastructure,NOM,infrastructure,FR,lemmesAccessibilitéFR
w_FR_BE_2016_130354,FR_BE,BE,2016,130354,infrastructure,NOM,infrastructure,FR,lemmesAccessibilitéFR
w_FR_BE_2016_131881,FR_BE,BE,2016,131881,Infrastructures,NOM,infrastructure,FR,lemmesAccessibilitéFR
w_FR_JU_2018_1581,FR_JU,JU,2018,1581,infrastructures,NOM,infrastructure,FR,lemmesAccessibilitéFR
w_FR_JU_2018_2840,FR_JU,JU,2018,2840,infrastructures,NOM,infrastructure,FR,lemmesAccessibilitéFR
w_FR_JU_2018_4832,FR_JU,JU,2018,4832,infrastructures,NOM,infrastructure,FR,lemmesAccessibilitéFR
w_FR_JU_2018_5407,FR_JU,JU,2018,5407,infrastructures,NOM,infrastructure,FR,lemmesAccessibilitéFR
w_FR_JU_2018_6421,FR_JU,JU,2018,6421,infrastructures,NOM,infrastructure,FR,lemmesAccessibilitéFR
w_FR_JU_2018_6751,FR_JU,JU,2018,6751,infrastructures,NOM,infrastructure,FR,lemmesAccessibilitéFR
w_FR_JU_2018_6995,FR_JU,JU,2018,6995,infrastructure,NOM,infrastructure,FR,lemmesAccessibilitéFR
w_FR_JU_2018_7391,FR_JU,JU,2018,7391,infrastructure,NOM,infrastructure,FR,lemmesAccessibilitéFR
w_FR_JU_2018_7695,FR_JU,JU,2018,7695,infrastructure,NOM,infrastructure,FR,lemmesAccessibilitéFR
w_FR_JU_2018_9117,FR_JU,JU,2018,9117,infrastructures,NOM,infrastructure,FR,lemmesAccessibilitéFR
w_FR_JU_2018_9870,FR_JU,JU,2018,9870,infrastructures,NOM,infrastructure,FR,lemmesAccessibilitéFR
w_FR_JU_2018_10848,FR_JU,JU,2018,10848,infrastructures,NOM,infrastructure,FR,lemmesAccessibilitéFR
w_FR_JU_2018_11681,FR_JU,JU,2018,11681,infrastructures,NOM,infrastructure,FR,lemmesAccessibilitéFR
w_FR_JU_2018_11709,FR_JU,JU,2018,11709,infrastructures,NOM,infrastructure,FR,lemmesAccessibilitéFR
w_FR_JU_2018_12328,FR_JU,JU,2018,12328,infrastructures,NOM,infrastructure,FR,lemmesAccessibilitéFR
w_FR_JU_2018_12365,FR_JU,JU,2018,12365,infrastructure,NOM,infrastructure,FR,lemmesAccessibilitéFR
w_FR_JU_2018_12404,FR_JU,JU,2018,12404,infrastructures,NOM,infrastructure,FR,lemmesAccessibilitéFR
w_FR_JU_2018_12427,FR_JU,JU,2018,12427,infrastructures,NOM,infrastructure,FR,lemmesAccessibilitéFR
w_FR_JU_2018_12492,FR_JU,JU,2018,12492,infrastructure,NOM,infrastructure,FR,lemmesAccessibilitéFR
w_FR_JU_2018_12850,FR_JU,JU,2018,12850,infrastructures,NOM,infrastructure,FR,lemmesAccessibilitéFR
w_FR_JU_2018_13689,FR_JU,JU,2018,13689,infrastructures,NOM,infrastructure,FR,lemmesAccessibilitéFR
w_FR_JU_2018_13701,FR_JU,JU,2018,13701,infrastructures,NOM,infrastructure,FR,lemmesAccessibilitéFR
w_FR_JU_2018_14349,FR_JU,JU,2018,14349,infrastructures,NOM,infrastructure,FR,lemmesAccessibilitéFR
w_FR_VD_2011_404,FR_VD,VD,2011,404,INFRASTRUCTURES,NOM,infrastructure,FR,lemmesAccessibilitéFR
w_FR_VD_2011_539,FR_VD,VD,2011,539,INFRASTRUCTURES,NOM,infrastructure,FR,lemmesAccessibilitéFR
w_FR_VD_2011_2047,FR_VD,VD,2011,2047,infrastructures,NOM,infrastructure,FR,lemmesAccessibilitéFR
w_FR_VD_2011_2916,FR_VD,VD,2011,2916,infrastructures,NOM,infrastructure,FR,lemmesAccessibilitéFR
w_FR_VD_2011_4844,FR_VD,VD,2011,4844,infrastructures,NOM,infrastructure,FR,lemmesAccessibilitéFR
w_FR_VD_2011_5034,FR_VD,VD,2011,5034,infrastructures,NOM,infrastructure,FR,lemmesAccessibilitéFR
w_FR_VD_2011_6990,FR_VD,VD,2011,6990,infrastructures,NOM,infrastructure,FR,lemmesAccessibilitéFR
w_FR_VD_2011_7907,FR_VD,VD,2011,7907,infrastructures,NOM,infrastructure,FR,lemmesAccessibilitéFR
w_FR_VD_2011_8662,FR_VD,VD,2011,8662,Infrastructures,NOM,infrastructure,FR,lemmesAccessibilitéFR
w_FR_VD_2011_8668,FR_VD,VD,2011,8668,Infrastructures,NOM,infrastructure,FR,lemmesAccessibilitéFR
w_FR_VD_2011_8786,FR_VD,VD,2011,8786,infrastructures,NOM,infrastructure,FR,lemmesAccessibilitéFR
w_FR_VD_2011_9493,FR_VD,VD,2011,9493,Infrastructures,NOM,infrastructure,FR,lemmesAccessibilitéFR
w_FR_VD_2011_9532,FR_VD,VD,2011,9532,infrastructures,NOM,infrastructure,FR,lemmesAccessibilitéFR
w_FR_VD_2011_9703,FR_VD,VD,2011,9703,infrastructures,NOM,infrastructure,FR,lemmesAccessibilitéFR
w_FR_VD_2011_9814,FR_VD,VD,2011,9814,Infrastructures,NOM,infrastructure,FR,lemmesAccessibilitéFR
w_FR_VD_2011_10063,FR_VD,VD,2011,10063,Infrastructures,NOM,infrastructure,FR,lemmesAccessibilitéFR
w_FR_VD_2011_10464,FR_VD,VD,2011,10464,infrastructures,NOM,infrastructure,FR,lemmesAccessibilitéFR
w_FR_VD_2011_10486,FR_VD,VD,2011,10486,Infrastructures,NOM,infrastructure,FR,lemmesAccessibilitéFR
w_FR_VD_2011_10697,FR_VD,VD,2011,10697,Infrastructures,NOM,infrastructure,FR,lemmesAccessibilitéFR
w_FR_VD_2011_10817,FR_VD,VD,2011,10817,infrastructures,NOM,infrastructure,FR,lemmesAccessibilitéFR
w_FR_VD_2011_10840,FR_VD,VD,2011,10840,infrastructure,NOM,infrastructure,FR,lemmesAccessibilitéFR
w_FR_VD_2011_10854,FR_VD,VD,2011,10854,infrastructure,NOM,infrastructure,FR,lemmesAccessibilitéFR
w_FR_VD_2011_10886,FR_VD,VD,2011,10886,infrastructure,NOM,infrastructure,FR,lemmesAccessibilitéFR
w_FR_VD_2011_10900,FR_VD,VD,2011,10900,infrastructure,NOM,infrastructure,FR,lemmesAccessibilitéFR
w_FR_VD_2011_10966,FR_VD,VD,2011,10966,Infrastructures,NOM,infrastructure,FR,lemmesAccessibilitéFR
w_FR_VD_2011_11363,FR_VD,VD,2011,11363,infrastructures,NOM,infrastructure,FR,lemmesAccessibilitéFR
w_FR_VD_2011_11410,FR_VD,VD,2011,11410,infrastructures,NOM,infrastructure,FR,lemmesAccessibilitéFR
w_FR_VD_2011_11599,FR_VD,VD,2011,11599,Infrastructures,NOM,infrastructure,FR,lemmesAccessibilitéFR
w_FR_VD_2011_11655,FR_VD,VD,2011,11655,infrastructures,NOM,infrastructure,FR,lemmesAccessibilitéFR
w_FR_VD_2011_12170,FR_VD,VD,2011,12170,Infrastructures,NOM,infrastructure,FR,lemmesAccessibilitéFR
w_FR_VD_2011_12356,FR_VD,VD,2011,12356,infrastructures,NOM,infrastructure,FR,lemmesAccessibilitéFR
w_FR_VD_2011_12484,FR_VD,VD,2011,12484,infrastructures,NOM,infrastructure,FR,lemmesAccessibilitéFR
w_FR_VD_2011_12493,FR_VD,VD,2011,12493,infrastructures,NOM,infrastructure,FR,lemmesAccessibilitéFR
w_FR_VD_2011_12906,FR_VD,VD,2011,12906,infrastructures,NOM,infrastructure,FR,lemmesAccessibilitéFR
w_FR_VD_2011_13372,FR_VD,VD,2011,13372,infrastructures,NOM,infrastructure,FR,lemmesAccessibilitéFR
w_FR_VD_2011_13542,FR_VD,VD,2011,13542,infrastructures,NOM,infrastructure,FR,lemmesAccessibilitéFR
w_FR_VD_2011_13628,FR_VD,VD,2011,13628,infrastructure,NOM,infrastructure,FR,lemmesAccessibilitéFR
w_FR_VD_2011_13986,FR_VD,VD,2011,13986,infrastructures,NOM,infrastructure,FR,lemmesAccessibilitéFR
w_FR_VD_2011_13995,FR_VD,VD,2011,13995,infrastructures,NOM,infrastructure,FR,lemmesAccessibilitéFR
w_FR_VD_2011_14486,FR_VD,VD,2011,14486,infrastructures,NOM,infrastructure,FR,lemmesAccessibilitéFR
w_FR_VD_2011_14962,FR_VD,VD,2011,14962,infrastructures,NOM,infrastructure,FR,lemmesAccessibilitéFR
w_FR_VD_2011_14989,FR_VD,VD,2011,14989,infrastructures,NOM,infrastructure,FR,lemmesAccessibilitéFR
w_FR_VD_2011_15787,FR_VD,VD,2011,15787,infrastructures,NOM,infrastructure,FR,lemmesAccessibilitéFR
w_FR_VD_2011_15796,FR_VD,VD,2011,15796,infrastructures,NOM,infrastructure,FR,lemmesAccessibilitéFR
w_FR_VD_2011_17077,FR_VD,VD,2011,17077,infrastructures,NOM,infrastructure,FR,lemmesAccessibilitéFR
w_FR_VD_2011_17144,FR_VD,VD,2011,17144,infrastructures,NOM,infrastructure,FR,lemmesAccessibilitéFR
w_FR_VD_2011_17348,FR_VD,VD,2011,17348,infrastructures,NOM,infrastructure,FR,lemmesAccessibilitéFR
w_FR_VD_2011_17484,FR_VD,VD,2011,17484,infrastructures,NOM,infrastructure,FR,lemmesAccessibilitéFR
w_FR_VD_2011_17493,FR_VD,VD,2011,17493,infrastructures,NOM,infrastructure,FR,lemmesAccessibilitéFR
w_FR_VD_2011_18357,FR_VD,VD,2011,18357,infrastructures,NOM,infrastructure,FR,lemmesAccessibilitéFR
w_FR_VD_2011_18366,FR_VD,VD,2011,18366,infrastructures,NOM,infrastructure,FR,lemmesAccessibilitéFR
w_FR_VD_2011_19940,FR_VD,VD,2011,19940,infrastructures,NOM,infrastructure,FR,lemmesAccessibilitéFR
w_FR_VD_2011_20856,FR_VD,VD,2011,20856,infrastructures,NOM,infrastructure,FR,lemmesAccessibilitéFR
w_FR_VD_2011_21205,FR_VD,VD,2011,21205,infrastructures,NOM,infrastructure,FR,lemmesAccessibilitéFR
w_FR_VD_2011_26752,FR_VD,VD,2011,26752,infrastructures,NOM,infrastructure,FR,lemmesAccessibilitéFR
w_FR_VD_2011_28128,FR_VD,VD,2011,28128,infrastructures,NOM,infrastructure,FR,lemmesAccessibilitéFR
w_FR_VD_2011_28234,FR_VD,VD,2011,28234,infrastructures,NOM,infrastructure,FR,lemmesAccessibilitéFR
w_FR_VD_2011_28350,FR_VD,VD,2011,28350,infrastructures,NOM,infrastructure,FR,lemmesAccessibilitéFR
w_FR_VD_2011_28834,FR_VD,VD,2011,28834,infrastructures,NOM,infrastructure,FR,lemmesAccessibilitéFR
w_FR_VD_2011_28864,FR_VD,VD,2011,28864,infrastructures,NOM,infrastructure,FR,lemmesAccessibilitéFR
w_FR_VD_2011_29144,FR_VD,VD,2011,29144,infrastructures,NOM,infrastructure,FR,lemmesAccessibilitéFR
w_FR_VD_2011_29230,FR_VD,VD,2011,29230,infrastructures,NOM,infrastructure,FR,lemmesAccessibilitéFR
w_FR_VD_2011_29803,FR_VD,VD,2011,29803,infrastructures,NOM,infrastructure,FR,lemmesAccessibilitéFR
w_FR_VD_2011_30927,FR_VD,VD,2011,30927,infrastructures,NOM,infrastructure,FR,lemmesAccessibilitéFR
w_FR_VD_2011_31270,FR_VD,VD,2011,31270,infrastructures,NOM,infrastructure,FR,lemmesAccessibilitéFR
w_FR_VD_2011_36384,FR_VD,VD,2011,36384,infrastructures,NOM,infrastructure,FR,lemmesAccessibilitéFR
w_FR_VD_2011_37464,FR_VD,VD,2011,37464,infrastructures,NOM,infrastructure,FR,lemmesAccessibilitéFR
w_FR_VD_2011_39817,FR_VD,VD,2011,39817,infrastructures,NOM,infrastructure,FR,lemmesAccessibilitéFR
w_FR_VD_2011_40992,FR_VD,VD,2011,40992,Infrastructures,NOM,infrastructure,FR,lemmesAccessibilitéFR
w_FR_VD_2011_41009,FR_VD,VD,2011,41009,Infrastructures,NOM,infrastructure,FR,lemmesAccessibilitéFR
w_FR_VD_2011_41082,FR_VD,VD,2011,41082,infrastructure,NOM,infrastructure,FR,lemmesAccessibilitéFR
w_FR_VD_2011_41103,FR_VD,VD,2011,41103,infrastructure,NOM,infrastructure,FR,lemmesAccessibilitéFR
w_FR_VD_2011_41127,FR_VD,VD,2011,41127,infrastructure,NOM,infrastructure,FR,lemmesAccessibilitéFR
w_FR_VD_2011_41158,FR_VD,VD,2011,41158,infrastructures,NOM,infrastructure,FR,lemmesAccessibilitéFR
w_FR_VD_2011_41171,FR_VD,VD,2011,41171,infrastructure,NOM,infrastructure,FR,lemmesAccessibilitéFR
w_FR_VD_2011_41412,FR_VD,VD,2011,41412,infrastructures,NOM,infrastructure,FR,lemmesAccessibilitéFR
w_FR_VD_2011_41591,FR_VD,VD,2011,41591,infrastructures,NOM,infrastructure,FR,lemmesAccessibilitéFR
w_FR_VD_2011_41648,FR_VD,VD,2011,41648,infrastructures,NOM,infrastructure,FR,lemmesAccessibilitéFR
w_FR_VD_2011_41747,FR_VD,VD,2011,41747,Infrastructures,NOM,infrastructure,FR,lemmesAccessibilitéFR
w_FR_VD_2011_41842,FR_VD,VD,2011,41842,Infrastructures,NOM,infrastructure,FR,lemmesAccessibilitéFR
w_FR_VD_2011_41868,FR_VD,VD,2011,41868,infrastructure,NOM,infrastructure,FR,lemmesAccessibilitéFR
w_FR_VD_2011_41894,FR_VD,VD,2011,41894,infrastructures,NOM,infrastructure,FR,lemmesAccessibilitéFR
w_FR_VD_2011_42233,FR_VD,VD,2011,42233,infrastructures,NOM,infrastructure,FR,lemmesAccessibilitéFR
w_FR_VD_2011_42314,FR_VD,VD,2011,42314,Infrastructures,NOM,infrastructure,FR,lemmesAccessibilitéFR
w_FR_VD_2011_42351,FR_VD,VD,2011,42351,infrastructure,NOM,infrastructure,FR,lemmesAccessibilitéFR
w_FR_VD_2011_42366,FR_VD,VD,2011,42366,infrastructures,NOM,infrastructure,FR,lemmesAccessibilitéFR
w_FR_VD_2011_44900,FR_VD,VD,2011,44900,infrastructures,NOM,infrastructure,FR,lemmesAccessibilitéFR
w_FR_VD_2011_47464,FR_VD,VD,2011,47464,infrastructure,NOM,infrastructure,FR,lemmesAccessibilitéFR
w_FR_VD_2011_61808,FR_VD,VD,2011,61808,infrastructures,NOM,infrastructure,FR,lemmesAccessibilitéFR
w_FR_VD_2011_66340,FR_VD,VD,2011,66340,infrastructures,NOM,infrastructure,FR,lemmesAccessibilitéFR
w_FR_VD_2011_66408,FR_VD,VD,2011,66408,infrastructures,NOM,infrastructure,FR,lemmesAccessibilitéFR
w_FR_VD_2011_66933,FR_VD,VD,2011,66933,infrastructures,NOM,infrastructure,FR,lemmesAccessibilitéFR
w_FR_VD_2011_67316,FR_VD,VD,2011,67316,infrastructures,NOM,infrastructure,FR,lemmesAccessibilitéFR
w_FR_VD_2011_92743,FR_VD,VD,2011,92743,infrastructures,NOM,infrastructure,FR,lemmesAccessibilitéFR
w_FR_VD_2011_94986,FR_VD,VD,2011,94986,infrastructures,NOM,infrastructure,FR,lemmesAccessibilitéFR
w_FR_VD_2011_96941,FR_VD,VD,2011,96941,Infrastructures,NOM,infrastructure,FR,lemmesAccessibilitéFR
w_FR_VD_2011_102466,FR_VD,VD,2011,102466,infrastructures,NOM,infrastructure,FR,lemmesAccessibilitéFR
w_FR_VD_2011_102808,FR_VD,VD,2011,102808,infrastructures,NOM,infrastructure,FR,lemmesAccessibilitéFR
w_FR_VD_2011_103724,FR_VD,VD,2011,103724,infrastructure,NOM,infrastructure,FR,lemmesAccessibilitéFR
w_FR_VD_2011_115904,FR_VD,VD,2011,115904,infrastructures,NOM,infrastructure,FR,lemmesAccessibilitéFR
w_FR_VD_2011_116184,FR_VD,VD,2011,116184,infrastructures,NOM,infrastructure,FR,lemmesAccessibilitéFR
w_FR_VD_2011_116924,FR_VD,VD,2011,116924,infrastructures,NOM,infrastructure,FR,lemmesAccessibilitéFR
w_FR_VD_2011_118376,FR_VD,VD,2011,118376,infrastructures,NOM,infrastructure,FR,lemmesAccessibilitéFR
w_FR_VD_2011_119111,FR_VD,VD,2011,119111,infrastructures,NOM,infrastructure,FR,lemmesAccessibilitéFR
w_FR_VD_2011_119250,FR_VD,VD,2011,119250,infrastructures,NOM,infrastructure,FR,lemmesAccessibilitéFR
w_FR_VD_2011_119445,FR_VD,VD,2011,119445,infrastructure,NOM,infrastructure,FR,lemmesAccessibilitéFR
w_FR_VD_2011_119931,FR_VD,VD,2011,119931,infrastructures,NOM,infrastructure,FR,lemmesAccessibilitéFR
w_FR_VD_2011_120120,FR_VD,VD,2011,120120,infrastructures,NOM,infrastructure,FR,lemmesAccessibilitéFR
w_FR_VD_2011_121425,FR_VD,VD,2011,121425,infrastructure,NOM,infrastructure,FR,lemmesAccessibilitéFR
w_FR_VD_2011_123718,FR_VD,VD,2011,123718,infrastructure,NOM,infrastructure,FR,lemmesAccessibilitéFR
w_FR_VD_2011_123752,FR_VD,VD,2011,123752,infrastructure,NOM,infrastructure,FR,lemmesAccessibilitéFR
w_FR_VD_2011_124078,FR_VD,VD,2011,124078,infrastructure,NOM,infrastructure,FR,lemmesAccessibilitéFR
w_FR_VD_2011_125552,FR_VD,VD,2011,125552,infrastructure,NOM,infrastructure,FR,lemmesAccessibilitéFR
w_FR_VD_2011_127449,FR_VD,VD,2011,127449,infrastructure,NOM,infrastructure,FR,lemmesAccessibilitéFR
w_FR_VD_2011_128626,FR_VD,VD,2011,128626,infrastructures,NOM,infrastructure,FR,lemmesAccessibilitéFR
w_FR_VD_2011_131697,FR_VD,VD,2011,131697,infrastructures,NOM,infrastructure,FR,lemmesAccessibilitéFR
w_FR_VD_2011_132832,FR_VD,VD,2011,132832,infrastructure,NOM,infrastructure,FR,lemmesAccessibilitéFR
w_FR_VD_2011_135455,FR_VD,VD,2011,135455,infrastructures,NOM,infrastructure,FR,lemmesAccessibilitéFR
w_FR_VD_2011_139157,FR_VD,VD,2011,139157,Infrastructures,NOM,infrastructure,FR,lemmesAccessibilitéFR
w_FR_VD_2011_140409,FR_VD,VD,2011,140409,Infrastructures,NOM,infrastructure,FR,lemmesAccessibilitéFR
w_FR_VD_2011_141835,FR_VD,VD,2011,141835,infrastructures,NOM,infrastructure,FR,lemmesAccessibilitéFR
w_FR_VD_2011_144507,FR_VD,VD,2011,144507,infrastructures,NOM,infrastructure,FR,lemmesAccessibilitéFR
w_FR_VD_2011_152832,FR_VD,VD,2011,152832,infrastructures,NOM,infrastructure,FR,lemmesAccessibilitéFR
w_FR_VD_2011_154646,FR_VD,VD,2011,154646,infrastructure,NOM,infrastructure,FR,lemmesAccessibilitéFR
w_FR_VD_2011_154985,FR_VD,VD,2011,154985,infrastructures,NOM,infrastructure,FR,lemmesAccessibilitéFR
w_FR_VD_2011_155205,FR_VD,VD,2011,155205,infrastructures,NOM,infrastructure,FR,lemmesAccessibilitéFR
w_FR_VD_2011_155521,FR_VD,VD,2011,155521,INFRASTRUCTURES,NOM,infrastructure,FR,lemmesAccessibilitéFR
w_FR_VD_2011_155664,FR_VD,VD,2011,155664,infrastructures,NOM,infrastructure,FR,lemmesAccessibilitéFR
w_FR_VD_2011_156805,FR_VD,VD,2011,156805,infrastructures,NOM,infrastructure,FR,lemmesAccessibilitéFR
w_FR_VD_2011_157136,FR_VD,VD,2011,157136,infrastructures,NOM,infrastructure,FR,lemmesAccessibilitéFR
w_FR_VD_2011_157371,FR_VD,VD,2011,157371,infrastructures,NOM,infrastructure,FR,lemmesAccessibilitéFR
w_FR_VD_2011_158719,FR_VD,VD,2011,158719,infrastructures,NOM,infrastructure,FR,lemmesAccessibilitéFR
w_FR_VD_2011_158901,FR_VD,VD,2011,158901,infrastructures,NOM,infrastructure,FR,lemmesAccessibilitéFR
w_FR_VD_2011_161129,FR_VD,VD,2011,161129,infrastructures,NOM,infrastructure,FR,lemmesAccessibilitéFR
w_FR_VD_2011_161282,FR_VD,VD,2011,161282,INFRASTRUCTURES,NOM,infrastructure,FR,lemmesAccessibilitéFR
w_FR_VD_2011_162954,FR_VD,VD,2011,162954,infrastructures,NOM,infrastructure,FR,lemmesAccessibilitéFR
w_FR_VD_2011_166038,FR_VD,VD,2011,166038,infrastructures,NOM,infrastructure,FR,lemmesAccessibilitéFR
w_FR_VD_2011_170107,FR_VD,VD,2011,170107,infrastructures,NOM,infrastructure,FR,lemmesAccessibilitéFR
w_FR_VD_2011_172450,FR_VD,VD,2011,172450,infrastructures,NOM,infrastructure,FR,lemmesAccessibilitéFR
w_FR_VD_2011_174814,FR_VD,VD,2011,174814,infrastructures,NOM,infrastructure,FR,lemmesAccessibilitéFR
w_FR_VD_2011_176249,FR_VD,VD,2011,176249,infrastructures,NOM,infrastructure,FR,lemmesAccessibilitéFR
w_FR_VD_2011_177928,FR_VD,VD,2011,177928,infrastructures,NOM,infrastructure,FR,lemmesAccessibilitéFR
w_FR_VD_2011_180005,FR_VD,VD,2011,180005,infrastructures,NOM,infrastructure,FR,lemmesAccessibilitéFR
w_FR_VD_2011_181123,FR_VD,VD,2011,181123,infrastructures,NOM,infrastructure,FR,lemmesAccessibilitéFR
w_FR_VD_2011_181133,FR_VD,VD,2011,181133,infrastructures,NOM,infrastructure,FR,lemmesAccessibilitéFR
w_FR_VD_2011_182996,FR_VD,VD,2011,182996,INFRASTRUCTURES,NOM,infrastructure,FR,lemmesAccessibilitéFR
w_FR_VD_2011_183856,FR_VD,VD,2011,183856,infrastructures,NOM,infrastructure,FR,lemmesAccessibilitéFR
w_FR_VD_2011_184530,FR_VD,VD,2011,184530,INFRASTRUCTURES,NOM,infrastructure,FR,lemmesAccessibilitéFR
w_FR_VD_2011_184547,FR_VD,VD,2011,184547,INFRASTRUCTURES,NOM,infrastructure,FR,lemmesAccessibilitéFR
w_FR_VD_2011_185561,FR_VD,VD,2011,185561,INFRASTRUCTURES,NOM,infrastructure,FR,lemmesAccessibilitéFR
w_FR_VD_2011_188620,FR_VD,VD,2011,188620,INFRASTRUCTURES,NOM,infrastructure,FR,lemmesAccessibilitéFR
w_FR_BE_2012_1392,FR_BE,BE,2012,1392,Infrastructures,NOM,infrastructure,FR,lemmesAccessibilitéFR
w_FR_BE_2012_9887,FR_BE,BE,2012,9887,infrastructures,NOM,infrastructure,FR,lemmesAccessibilitéFR
w_FR_BE_2012_9913,FR_BE,BE,2012,9913,infrastructures,NOM,infrastructure,FR,lemmesAccessibilitéFR
w_FR_BE_2012_10247,FR_BE,BE,2012,10247,infrastructures,NOM,infrastructure,FR,lemmesAccessibilitéFR
w_FR_BE_2012_11390,FR_BE,BE,2012,11390,infrastructures,NOM,infrastructure,FR,lemmesAccessibilitéFR
w_FR_BE_2012_16151,FR_BE,BE,2012,16151,infrastructures,NOM,infrastructure,FR,lemmesAccessibilitéFR
w_FR_BE_2012_17003,FR_BE,BE,2012,17003,infrastructure,NOM,infrastructure,FR,lemmesAccessibilitéFR
w_FR_BE_2012_17023,FR_BE,BE,2012,17023,infrastructure,NOM,infrastructure,FR,lemmesAccessibilitéFR
w_FR_BE_2012_17078,FR_BE,BE,2012,17078,infrastructures,NOM,infrastructure,FR,lemmesAccessibilitéFR
w_FR_BE_2012_17609,FR_BE,BE,2012,17609,infrastructure,NOM,infrastructure,FR,lemmesAccessibilitéFR
w_FR_BE_2012_17762,FR_BE,BE,2012,17762,infrastructures,NOM,infrastructure,FR,lemmesAccessibilitéFR
w_FR_BE_2012_17801,FR_BE,BE,2012,17801,infrastructures,NOM,infrastructure,FR,lemmesAccessibilitéFR
w_FR_BE_2012_18246,FR_BE,BE,2012,18246,infrastructures,NOM,infrastructure,FR,lemmesAccessibilitéFR
w_FR_BE_2012_18684,FR_BE,BE,2012,18684,infrastructures,NOM,infrastructure,FR,lemmesAccessibilitéFR
w_FR_BE_2012_18866,FR_BE,BE,2012,18866,infrastructures,NOM,infrastructure,FR,lemmesAccessibilitéFR
w_FR_BE_2012_19182,FR_BE,BE,2012,19182,infrastructures,NOM,infrastructure,FR,lemmesAccessibilitéFR
w_FR_BE_2012_19202,FR_BE,BE,2012,19202,infrastructures,NOM,infrastructure,FR,lemmesAccessibilitéFR
w_FR_BE_2012_19222,FR_BE,BE,2012,19222,infrastructures,NOM,infrastructure,FR,lemmesAccessibilitéFR
w_FR_BE_2012_19261,FR_BE,BE,2012,19261,infrastructures,NOM,infrastructure,FR,lemmesAccessibilitéFR
w_FR_BE_2012_19298,FR_BE,BE,2012,19298,infrastructures,NOM,infrastructure,FR,lemmesAccessibilitéFR
w_FR_BE_2012_19318,FR_BE,BE,2012,19318,infrastructures,NOM,infrastructure,FR,lemmesAccessibilitéFR
w_FR_BE_2012_19509,FR_BE,BE,2012,19509,infrastructures,NOM,infrastructure,FR,lemmesAccessibilitéFR
w_FR_BE_2012_20405,FR_BE,BE,2012,20405,infrastructures,NOM,infrastructure,FR,lemmesAccessibilitéFR
w_FR_BE_2012_20430,FR_BE,BE,2012,20430,infrastructures,NOM,infrastructure,FR,lemmesAccessibilitéFR
w_FR_BE_2012_20828,FR_BE,BE,2012,20828,infrastructures,NOM,infrastructure,FR,lemmesAccessibilitéFR
w_FR_BE_2012_21115,FR_BE,BE,2012,21115,infrastructures,NOM,infrastructure,FR,lemmesAccessibilitéFR
w_FR_BE_2012_21362,FR_BE,BE,2012,21362,infrastructures,NOM,infrastructure,FR,lemmesAccessibilitéFR
w_FR_BE_2012_21630,FR_BE,BE,2012,21630,infrastructures,NOM,infrastructure,FR,lemmesAccessibilitéFR
w_FR_BE_2012_21879,FR_BE,BE,2012,21879,Infrastructures,NOM,infrastructure,FR,lemmesAccessibilitéFR
w_FR_BE_2012_21890,FR_BE,BE,2012,21890,infrastructures,NOM,infrastructure,FR,lemmesAccessibilitéFR
w_FR_BE_2012_22372,FR_BE,BE,2012,22372,infrastructures,NOM,infrastructure,FR,lemmesAccessibilitéFR
w_FR_BE_2012_22592,FR_BE,BE,2012,22592,infrastructures,NOM,infrastructure,FR,lemmesAccessibilitéFR
w_FR_BE_2012_22714,FR_BE,BE,2012,22714,infrastructures,NOM,infrastructure,FR,lemmesAccessibilitéFR
w_FR_BE_2012_23533,FR_BE,BE,2012,23533,infrastructures,NOM,infrastructure,FR,lemmesAccessibilitéFR
w_FR_BE_2012_24311,FR_BE,BE,2012,24311,infrastructures,NOM,infrastructure,FR,lemmesAccessibilitéFR
w_FR_BE_2012_24920,FR_BE,BE,2012,24920,infrastructures,NOM,infrastructure,FR,lemmesAccessibilitéFR
w_FR_BE_2012_24929,FR_BE,BE,2012,24929,infrastructures,NOM,infrastructure,FR,lemmesAccessibilitéFR
w_FR_BE_2012_25542,FR_BE,BE,2012,25542,infrastructures,NOM,infrastructure,FR,lemmesAccessibilitéFR
w_FR_BE_2012_25637,FR_BE,BE,2012,25637,infrastructures,NOM,infrastructure,FR,lemmesAccessibilitéFR
w_FR_BE_2012_26364,FR_BE,BE,2012,26364,infrastructure,NOM,infrastructure,FR,lemmesAccessibilitéFR
w_FR_BE_2012_26486,FR_BE,BE,2012,26486,Infrastructure,NOM,infrastructure,FR,lemmesAccessibilitéFR
w_FR_BE_2012_27013,FR_BE,BE,2012,27013,infrastructure,NOM,infrastructure,FR,lemmesAccessibilitéFR
w_FR_BE_2012_27387,FR_BE,BE,2012,27387,infrastructures,NOM,infrastructure,FR,lemmesAccessibilitéFR
w_FR_BE_2012_30409,FR_BE,BE,2012,30409,infrastructure,NOM,infrastructure,FR,lemmesAccessibilitéFR
w_FR_BE_2012_31175,FR_BE,BE,2012,31175,infrastructures,NOM,infrastructure,FR,lemmesAccessibilitéFR
w_FR_BE_2012_31191,FR_BE,BE,2012,31191,infrastructures,NOM,infrastructure,FR,lemmesAccessibilitéFR
w_FR_BE_2012_31289,FR_BE,BE,2012,31289,infrastructures,NOM,infrastructure,FR,lemmesAccessibilitéFR
w_FR_BE_2012_31473,FR_BE,BE,2012,31473,infrastructures,NOM,infrastructure,FR,lemmesAccessibilitéFR
w_FR_BE_2012_32091,FR_BE,BE,2012,32091,infrastructures,NOM,infrastructure,FR,lemmesAccessibilitéFR
w_FR_BE_2012_32294,FR_BE,BE,2012,32294,infrastructures,NOM,infrastructure,FR,lemmesAccessibilitéFR
w_FR_BE_2012_32438,FR_BE,BE,2012,32438,infrastructures,NOM,infrastructure,FR,lemmesAccessibilitéFR
w_FR_BE_2012_32457,FR_BE,BE,2012,32457,infrastructure,NOM,infrastructure,FR,lemmesAccessibilitéFR
w_FR_BE_2012_32514,FR_BE,BE,2012,32514,infrastructures,NOM,infrastructure,FR,lemmesAccessibilitéFR
w_FR_BE_2012_32536,FR_BE,BE,2012,32536,infrastructure,NOM,infrastructure,FR,lemmesAccessibilitéFR
w_FR_BE_2012_33135,FR_BE,BE,2012,33135,infrastructure,NOM,infrastructure,FR,lemmesAccessibilitéFR
w_FR_BE_2012_33605,FR_BE,BE,2012,33605,infrastructure,NOM,infrastructure,FR,lemmesAccessibilitéFR
w_FR_BE_2012_35078,FR_BE,BE,2012,35078,infrastructures,NOM,infrastructure,FR,lemmesAccessibilitéFR
w_FR_BE_2012_35387,FR_BE,BE,2012,35387,Infrastructures,NOM,infrastructure,FR,lemmesAccessibilitéFR
w_FR_BE_2012_35406,FR_BE,BE,2012,35406,infrastructures,NOM,infrastructure,FR,lemmesAccessibilitéFR
w_FR_BE_2012_35486,FR_BE,BE,2012,35486,infrastructures,NOM,infrastructure,FR,lemmesAccessibilitéFR
w_FR_BE_2012_35762,FR_BE,BE,2012,35762,infrastructures,NOM,infrastructure,FR,lemmesAccessibilitéFR
w_FR_BE_2012_35836,FR_BE,BE,2012,35836,infrastructure,NOM,infrastructure,FR,lemmesAccessibilitéFR
w_FR_BE_2012_36317,FR_BE,BE,2012,36317,infrastructure,NOM,infrastructure,FR,lemmesAccessibilitéFR
w_FR_BE_2012_36604,FR_BE,BE,2012,36604,infrastructures,NOM,infrastructure,FR,lemmesAccessibilitéFR
w_FR_BE_2012_36993,FR_BE,BE,2012,36993,infrastructures,NOM,infrastructure,FR,lemmesAccessibilitéFR
w_FR_BE_2012_37146,FR_BE,BE,2012,37146,infrastructure,NOM,infrastructure,FR,lemmesAccessibilitéFR
w_FR_BE_2012_37657,FR_BE,BE,2012,37657,infrastructures,NOM,infrastructure,FR,lemmesAccessibilitéFR
w_FR_BE_2012_41713,FR_BE,BE,2012,41713,infrastructures,NOM,infrastructure,FR,lemmesAccessibilitéFR
w_FR_BE_2012_41728,FR_BE,BE,2012,41728,infrastructures,NOM,infrastructure,FR,lemmesAccessibilitéFR
w_FR_BE_2012_42250,FR_BE,BE,2012,42250,infrastructures,NOM,infrastructure,FR,lemmesAccessibilitéFR
w_FR_BE_2012_45848,FR_BE,BE,2012,45848,infrastructures,NOM,infrastructure,FR,lemmesAccessibilitéFR
w_FR_BE_2012_45968,FR_BE,BE,2012,45968,infrastructures,NOM,infrastructure,FR,lemmesAccessibilitéFR
w_FR_BE_2012_48541,FR_BE,BE,2012,48541,infrastructure,NOM,infrastructure,FR,lemmesAccessibilitéFR
w_FR_BE_2012_51351,FR_BE,BE,2012,51351,infrastructures,NOM,infrastructure,FR,lemmesAccessibilitéFR
w_FR_BE_2012_51386,FR_BE,BE,2012,51386,infrastructure,NOM,infrastructure,FR,lemmesAccessibilitéFR
w_FR_BE_2012_58271,FR_BE,BE,2012,58271,infrastructures,NOM,infrastructure,FR,lemmesAccessibilitéFR
w_FR_BE_2012_58857,FR_BE,BE,2012,58857,infrastructures,NOM,infrastructure,FR,lemmesAccessibilitéFR
w_FR_BE_2012_60223,FR_BE,BE,2012,60223,infrastructures,NOM,infrastructure,FR,lemmesAccessibilitéFR
w_FR_BE_2012_60250,FR_BE,BE,2012,60250,infrastructures,NOM,infrastructure,FR,lemmesAccessibilitéFR
w_FR_BE_2012_60363,FR_BE,BE,2012,60363,infrastructure,NOM,infrastructure,FR,lemmesAccessibilitéFR
w_FR_BE_2012_60498,FR_BE,BE,2012,60498,infrastructure,NOM,infrastructure,FR,lemmesAccessibilitéFR
w_FR_BE_2012_61377,FR_BE,BE,2012,61377,infrastructures,NOM,infrastructure,FR,lemmesAccessibilitéFR
w_FR_BE_2012_61503,FR_BE,BE,2012,61503,infrastructures,NOM,infrastructure,FR,lemmesAccessibilitéFR
w_FR_BE_2012_61562,FR_BE,BE,2012,61562,infrastructures,NOM,infrastructure,FR,lemmesAccessibilitéFR
w_FR_BE_2012_61938,FR_BE,BE,2012,61938,Infrastructure,NOM,infrastructure,FR,lemmesAccessibilitéFR
w_FR_BE_2012_62272,FR_BE,BE,2012,62272,Infrastructure,NOM,infrastructure,FR,lemmesAccessibilitéFR
w_FR_BE_2012_66323,FR_BE,BE,2012,66323,infrastructures,NOM,infrastructure,FR,lemmesAccessibilitéFR
w_FR_BE_2012_66771,FR_BE,BE,2012,66771,Infrastructures,NOM,infrastructure,FR,lemmesAccessibilitéFR
w_FR_BE_2012_69077,FR_BE,BE,2012,69077,infrastructures,NOM,infrastructure,FR,lemmesAccessibilitéFR
w_FR_BE_2012_70248,FR_BE,BE,2012,70248,infrastructures,NOM,infrastructure,FR,lemmesAccessibilitéFR
w_FR_BE_2012_72483,FR_BE,BE,2012,72483,infrastructures,NOM,infrastructure,FR,lemmesAccessibilitéFR
w_FR_BE_2012_75166,FR_BE,BE,2012,75166,infrastructures,NOM,infrastructure,FR,lemmesAccessibilitéFR
w_FR_BE_2012_78841,FR_BE,BE,2012,78841,infrastructures,NOM,infrastructure,FR,lemmesAccessibilitéFR
w_FR_BE_2012_78917,FR_BE,BE,2012,78917,infrastructures,NOM,infrastructure,FR,lemmesAccessibilitéFR
w_FR_BE_2012_81228,FR_BE,BE,2012,81228,infrastructures,NOM,infrastructure,FR,lemmesAccessibilitéFR
w_FR_BE_2012_85117,FR_BE,BE,2012,85117,infrastructures,NOM,infrastructure,FR,lemmesAccessibilitéFR
w_FR_BE_2012_85222,FR_BE,BE,2012,85222,infrastructures,NOM,infrastructure,FR,lemmesAccessibilitéFR
w_FR_BE_2012_85245,FR_BE,BE,2012,85245,infrastructures,NOM,infrastructure,FR,lemmesAccessibilitéFR
w_FR_BE_2012_86216,FR_BE,BE,2012,86216,infrastructures,NOM,infrastructure,FR,lemmesAccessibilitéFR
w_FR_BE_2012_89285,FR_BE,BE,2012,89285,infrastructures,NOM,infrastructure,FR,lemmesAccessibilitéFR
w_FR_BE_2012_90384,FR_BE,BE,2012,90384,infrastructures,NOM,infrastructure,FR,lemmesAccessibilitéFR
w_FR_BE_2012_90700,FR_BE,BE,2012,90700,infrastructure,NOM,infrastructure,FR,lemmesAccessibilitéFR
w_FR_BE_2012_91141,FR_BE,BE,2012,91141,infrastructures,NOM,infrastructure,FR,lemmesAccessibilitéFR
w_FR_BE_2012_103365,FR_BE,BE,2012,103365,infrastructures,NOM,infrastructure,FR,lemmesAccessibilitéFR
w_FR_BE_2012_107385,FR_BE,BE,2012,107385,infrastructures,NOM,infrastructure,FR,lemmesAccessibilitéFR
w_FR_BE_2012_109024,FR_BE,BE,2012,109024,infrastructure,NOM,infrastructure,FR,lemmesAccessibilitéFR
w_FR_BE_2012_109058,FR_BE,BE,2012,109058,infrastructure,NOM,infrastructure,FR,lemmesAccessibilitéFR
w_FR_BE_2012_109265,FR_BE,BE,2012,109265,infrastructure,NOM,infrastructure,FR,lemmesAccessibilitéFR
w_FR_BE_2012_109299,FR_BE,BE,2012,109299,infrastructure,NOM,infrastructure,FR,lemmesAccessibilitéFR
w_FR_BE_2012_109405,FR_BE,BE,2012,109405,Infrastructure,NOM,infrastructure,FR,lemmesAccessibilitéFR
w_FR_BE_2012_109544,FR_BE,BE,2012,109544,infrastructure,NOM,infrastructure,FR,lemmesAccessibilitéFR
w_FR_BE_2012_109578,FR_BE,BE,2012,109578,infrastructure,NOM,infrastructure,FR,lemmesAccessibilitéFR
w_FR_BE_2012_109681,FR_BE,BE,2012,109681,infrastructure,NOM,infrastructure,FR,lemmesAccessibilitéFR
w_FR_BE_2012_109715,FR_BE,BE,2012,109715,infrastructure,NOM,infrastructure,FR,lemmesAccessibilitéFR
w_FR_BE_2012_109826,FR_BE,BE,2012,109826,infrastructure,NOM,infrastructure,FR,lemmesAccessibilitéFR
w_FR_BE_2012_109868,FR_BE,BE,2012,109868,infrastructure,NOM,infrastructure,FR,lemmesAccessibilitéFR
w_FR_FR_2002_1790,FR_FR,FR,2002,1790,infrastructures,NOM,infrastructure,FR,lemmesAccessibilitéFR
w_FR_FR_2002_2374,FR_FR,FR,2002,2374,infrastructures,NOM,infrastructure,FR,lemmesAccessibilitéFR
w_FR_FR_2002_2649,FR_FR,FR,2002,2649,infrastructures,NOM,infrastructure,FR,lemmesAccessibilitéFR
w_FR_FR_2002_2663,FR_FR,FR,2002,2663,infrastructures,NOM,infrastructure,FR,lemmesAccessibilitéFR
w_FR_FR_2002_3981,FR_FR,FR,2002,3981,infrastructures,NOM,infrastructure,FR,lemmesAccessibilitéFR
w_FR_FR_2002_6182,FR_FR,FR,2002,6182,infrastructures,NOM,infrastructure,FR,lemmesAccessibilitéFR
w_FR_FR_2002_10234,FR_FR,FR,2002,10234,infrastructure,NOM,infrastructure,FR,lemmesAccessibilitéFR
w_FR_FR_2002_10261,FR_FR,FR,2002,10261,infrastructure,NOM,infrastructure,FR,lemmesAccessibilitéFR
w_FR_FR_2002_10936,FR_FR,FR,2002,10936,infrastructures,NOM,infrastructure,FR,lemmesAccessibilitéFR
w_FR_FR_2002_11702,FR_FR,FR,2002,11702,infrastructure,NOM,infrastructure,FR,lemmesAccessibilitéFR
w_FR_FR_2002_13346,FR_FR,FR,2002,13346,infrastructures,NOM,infrastructure,FR,lemmesAccessibilitéFR
w_FR_FR_2002_16548,FR_FR,FR,2002,16548,infrastructures,NOM,infrastructure,FR,lemmesAccessibilitéFR
w_FR_FR_2002_17435,FR_FR,FR,2002,17435,infrastructures,NOM,infrastructure,FR,lemmesAccessibilitéFR
w_FR_FR_2002_17895,FR_FR,FR,2002,17895,infrastructures,NOM,infrastructure,FR,lemmesAccessibilitéFR
w_FR_FR_2002_18043,FR_FR,FR,2002,18043,infrastructures,NOM,infrastructure,FR,lemmesAccessibilitéFR
w_FR_FR_2002_18193,FR_FR,FR,2002,18193,infrastructures,NOM,infrastructure,FR,lemmesAccessibilitéFR
w_FR_FR_2002_18404,FR_FR,FR,2002,18404,infrastructures,NOM,infrastructure,FR,lemmesAccessibilitéFR
w_FR_FR_2002_18753,FR_FR,FR,2002,18753,infrastructures,NOM,infrastructure,FR,lemmesAccessibilitéFR
w_FR_FR_2002_20263,FR_FR,FR,2002,20263,infrastructure,NOM,infrastructure,FR,lemmesAccessibilitéFR
w_FR_FR_2002_20334,FR_FR,FR,2002,20334,infrastructure,NOM,infrastructure,FR,lemmesAccessibilitéFR
w_FR_FR_2002_23558,FR_FR,FR,2002,23558,infrastructures,NOM,infrastructure,FR,lemmesAccessibilitéFR
w_FR_FR_2002_26921,FR_FR,FR,2002,26921,infrastructures,NOM,infrastructure,FR,lemmesAccessibilitéFR
w_FR_FR_2002_26957,FR_FR,FR,2002,26957,infrastructures,NOM,infrastructure,FR,lemmesAccessibilitéFR
w_FR_FR_2002_27009,FR_FR,FR,2002,27009,infrastructure,NOM,infrastructure,FR,lemmesAccessibilitéFR
w_FR_FR_2002_27023,FR_FR,FR,2002,27023,infrastructure,NOM,infrastructure,FR,lemmesAccessibilitéFR
w_FR_FR_2002_27317,FR_FR,FR,2002,27317,infrastructures,NOM,infrastructure,FR,lemmesAccessibilitéFR
w_FR_FR_2002_29222,FR_FR,FR,2002,29222,infrastructure,NOM,infrastructure,FR,lemmesAccessibilitéFR
w_FR_FR_2002_29997,FR_FR,FR,2002,29997,infrastructures,NOM,infrastructure,FR,lemmesAccessibilitéFR
w_FR_FR_2002_34869,FR_FR,FR,2002,34869,infrastructure,NOM,infrastructure,FR,lemmesAccessibilitéFR
w_FR_FR_2002_34936,FR_FR,FR,2002,34936,infrastructures,NOM,infrastructure,FR,lemmesAccessibilitéFR
w_FR_FR_2002_35130,FR_FR,FR,2002,35130,infrastructure,NOM,infrastructure,FR,lemmesAccessibilitéFR
w_FR_FR_2002_37948,FR_FR,FR,2002,37948,infrastructures,NOM,infrastructure,FR,lemmesAccessibilitéFR
w_FR_FR_2002_38765,FR_FR,FR,2002,38765,infrastructure,NOM,infrastructure,FR,lemmesAccessibilitéFR
w_FR_FR_2002_38895,FR_FR,FR,2002,38895,infrastructures,NOM,infrastructure,FR,lemmesAccessibilitéFR
w_FR_FR_2002_40096,FR_FR,FR,2002,40096,infrastructures,NOM,infrastructure,FR,lemmesAccessibilitéFR
w_FR_FR_2002_45164,FR_FR,FR,2002,45164,infrastructures,NOM,infrastructure,FR,lemmesAccessibilitéFR
w_FR_FR_2002_45646,FR_FR,FR,2002,45646,infrastructure,NOM,infrastructure,FR,lemmesAccessibilitéFR
w_FR_FR_2002_45885,FR_FR,FR,2002,45885,infrastructures,NOM,infrastructure,FR,lemmesAccessibilitéFR
w_FR_FR_2002_46389,FR_FR,FR,2002,46389,infrastructures,NOM,infrastructure,FR,lemmesAccessibilitéFR
w_FR_FR_2002_48097,FR_FR,FR,2002,48097,infrastructures,NOM,infrastructure,FR,lemmesAccessibilitéFR
w_FR_FR_2002_52170,FR_FR,FR,2002,52170,infrastructures,NOM,infrastructure,FR,lemmesAccessibilitéFR
w_FR_FR_2002_52257,FR_FR,FR,2002,52257,infrastructures,NOM,infrastructure,FR,lemmesAccessibilitéFR
w_FR_FR_2002_53157,FR_FR,FR,2002,53157,infrastructures,NOM,infrastructure,FR,lemmesAccessibilitéFR
w_FR_FR_2002_53636,FR_FR,FR,2002,53636,infrastructures,NOM,infrastructure,FR,lemmesAccessibilitéFR
w_FR_FR_2002_53915,FR_FR,FR,2002,53915,infrastructures,NOM,infrastructure,FR,lemmesAccessibilitéFR
w_FR_FR_2002_58837,FR_FR,FR,2002,58837,infrastructure,NOM,infrastructure,FR,lemmesAccessibilitéFR
w_FR_FR_2002_59519,FR_FR,FR,2002,59519,infrastructures,NOM,infrastructure,FR,lemmesAccessibilitéFR
w_FR_FR_2002_63030,FR_FR,FR,2002,63030,infrastructures,NOM,infrastructure,FR,lemmesAccessibilitéFR
w_FR_FR_2002_65610,FR_FR,FR,2002,65610,infrastructure,NOM,infrastructure,FR,lemmesAccessibilitéFR
w_FR_FR_2002_70504,FR_FR,FR,2002,70504,infrastructures,NOM,infrastructure,FR,lemmesAccessibilitéFR
w_FR_FR_2002_71577,FR_FR,FR,2002,71577,infrastructures,NOM,infrastructure,FR,lemmesAccessibilitéFR
w_FR_FR_2002_72969,FR_FR,FR,2002,72969,infrastructures,NOM,infrastructure,FR,lemmesAccessibilitéFR
w_FR_FR_2002_79661,FR_FR,FR,2002,79661,infrastructures,NOM,infrastructure,FR,lemmesAccessibilitéFR
w_FR_FR_2002_80030,FR_FR,FR,2002,80030,infrastructures,NOM,infrastructure,FR,lemmesAccessibilitéFR
w_FR_FR_2002_84144,FR_FR,FR,2002,84144,infrastructures,NOM,infrastructure,FR,lemmesAccessibilitéFR
w_FR_FR_2002_84192,FR_FR,FR,2002,84192,infrastructures,NOM,infrastructure,FR,lemmesAccessibilitéFR
w_FR_FR_2002_86060,FR_FR,FR,2002,86060,infrastructures,NOM,infrastructure,FR,lemmesAccessibilitéFR
w_FR_FR_2002_93881,FR_FR,FR,2002,93881,infrastructures,NOM,infrastructure,FR,lemmesAccessibilitéFR
w_FR_FR_2002_95560,FR_FR,FR,2002,95560,infrastructures,NOM,infrastructure,FR,lemmesAccessibilitéFR
w_FR_FR_2002_96209,FR_FR,FR,2002,96209,infrastructures,NOM,infrastructure,FR,lemmesAccessibilitéFR
w_FR_FR_2002_97883,FR_FR,FR,2002,97883,infrastructures,NOM,infrastructure,FR,lemmesAccessibilitéFR
w_FR_FR_2002_98903,FR_FR,FR,2002,98903,infrastructures,NOM,infrastructure,FR,lemmesAccessibilitéFR
w_FR_FR_2002_103890,FR_FR,FR,2002,103890,infrastructures,NOM,infrastructure,FR,lemmesAccessibilitéFR
w_FR_FR_2002_105373,FR_FR,FR,2002,105373,infrastructures,NOM,infrastructure,FR,lemmesAccessibilitéFR
w_FR_FR_2002_105419,FR_FR,FR,2002,105419,infrastructure,NOM,infrastructure,FR,lemmesAccessibilitéFR
w_FR_FR_2002_105494,FR_FR,FR,2002,105494,infrastructure,NOM,infrastructure,FR,lemmesAccessibilitéFR
w_FR_FR_2002_105592,FR_FR,FR,2002,105592,infrastructures,NOM,infrastructure,FR,lemmesAccessibilitéFR
w_FR_FR_2002_105703,FR_FR,FR,2002,105703,infrastructures,NOM,infrastructure,FR,lemmesAccessibilitéFR
w_FR_FR_2002_105721,FR_FR,FR,2002,105721,infrastructure,NOM,infrastructure,FR,lemmesAccessibilitéFR
w_FR_FR_2002_105953,FR_FR,FR,2002,105953,infrastructures,NOM,infrastructure,FR,lemmesAccessibilitéFR
w_FR_FR_2002_106056,FR_FR,FR,2002,106056,infrastructures,NOM,infrastructure,FR,lemmesAccessibilitéFR
w_FR_FR_2002_106305,FR_FR,FR,2002,106305,infrastructures,NOM,infrastructure,FR,lemmesAccessibilitéFR
w_FR_FR_2002_106320,FR_FR,FR,2002,106320,infrastructures,NOM,infrastructure,FR,lemmesAccessibilitéFR
w_FR_FR_2002_106357,FR_FR,FR,2002,106357,infrastructures,NOM,infrastructure,FR,lemmesAccessibilitéFR
w_FR_FR_2002_106396,FR_FR,FR,2002,106396,infrastructures,NOM,infrastructure,FR,lemmesAccessibilitéFR
w_FR_FR_2002_106433,FR_FR,FR,2002,106433,infrastructures,NOM,infrastructure,FR,lemmesAccessibilitéFR
w_FR_FR_2002_107970,FR_FR,FR,2002,107970,infrastructures,NOM,infrastructure,FR,lemmesAccessibilitéFR
w_FR_FR_2002_109576,FR_FR,FR,2002,109576,infrastructures,NOM,infrastructure,FR,lemmesAccessibilitéFR
w_FR_FR_2002_109945,FR_FR,FR,2002,109945,infrastructures,NOM,infrastructure,FR,lemmesAccessibilitéFR
w_FR_FR_2002_110241,FR_FR,FR,2002,110241,infrastructures,NOM,infrastructure,FR,lemmesAccessibilitéFR
w_FR_FR_2002_110274,FR_FR,FR,2002,110274,infrastructures,NOM,infrastructure,FR,lemmesAccessibilitéFR
w_FR_FR_2002_110789,FR_FR,FR,2002,110789,infrastructures,NOM,infrastructure,FR,lemmesAccessibilitéFR
w_FR_FR_2002_111161,FR_FR,FR,2002,111161,infrastructures,NOM,infrastructure,FR,lemmesAccessibilitéFR
w_FR_FR_2002_111959,FR_FR,FR,2002,111959,infrastructures,NOM,infrastructure,FR,lemmesAccessibilitéFR
w_FR_FR_2002_112527,FR_FR,FR,2002,112527,infrastructures,NOM,infrastructure,FR,lemmesAccessibilitéFR
w_FR_FR_2002_112901,FR_FR,FR,2002,112901,infrastructures,NOM,infrastructure,FR,lemmesAccessibilitéFR
w_FR_FR_2002_113164,FR_FR,FR,2002,113164,infrastructures,NOM,infrastructure,FR,lemmesAccessibilitéFR
w_FR_FR_2002_113177,FR_FR,FR,2002,113177,infrastructures,NOM,infrastructure,FR,lemmesAccessibilitéFR
w_FR_FR_2002_114239,FR_FR,FR,2002,114239,infrastructures,NOM,infrastructure,FR,lemmesAccessibilitéFR
w_FR_FR_2002_116638,FR_FR,FR,2002,116638,infrastructures,NOM,infrastructure,FR,lemmesAccessibilitéFR
w_FR_FR_2002_116964,FR_FR,FR,2002,116964,infrastructures,NOM,infrastructure,FR,lemmesAccessibilitéFR
w_FR_FR_2002_117169,FR_FR,FR,2002,117169,infrastructures,NOM,infrastructure,FR,lemmesAccessibilitéFR
w_FR_FR_2002_117333,FR_FR,FR,2002,117333,infrastructures,NOM,infrastructure,FR,lemmesAccessibilitéFR
w_FR_FR_2002_117611,FR_FR,FR,2002,117611,infrastructures,NOM,infrastructure,FR,lemmesAccessibilitéFR
w_FR_FR_2002_118153,FR_FR,FR,2002,118153,infrastructures,NOM,infrastructure,FR,lemmesAccessibilitéFR
w_FR_FR_2002_120571,FR_FR,FR,2002,120571,infrastructure,NOM,infrastructure,FR,lemmesAccessibilitéFR
w_FR_FR_2002_120639,FR_FR,FR,2002,120639,infrastructures,NOM,infrastructure,FR,lemmesAccessibilitéFR
w_FR_FR_2002_120736,FR_FR,FR,2002,120736,infrastructures,NOM,infrastructure,FR,lemmesAccessibilitéFR
w_FR_FR_2002_120770,FR_FR,FR,2002,120770,infrastructures,NOM,infrastructure,FR,lemmesAccessibilitéFR
w_FR_FR_2002_120785,FR_FR,FR,2002,120785,infrastructures,NOM,infrastructure,FR,lemmesAccessibilitéFR
w_FR_FR_2002_121047,FR_FR,FR,2002,121047,infrastructures,NOM,infrastructure,FR,lemmesAccessibilitéFR
w_FR_FR_2002_121359,FR_FR,FR,2002,121359,infrastructures,NOM,infrastructure,FR,lemmesAccessibilitéFR
w_FR_FR_2002_121446,FR_FR,FR,2002,121446,infrastructures,NOM,infrastructure,FR,lemmesAccessibilitéFR
w_FR_FR_2002_121625,FR_FR,FR,2002,121625,infrastructures,NOM,infrastructure,FR,lemmesAccessibilitéFR
w_FR_FR_2002_122022,FR_FR,FR,2002,122022,infrastructures,NOM,infrastructure,FR,lemmesAccessibilitéFR
w_FR_FR_2002_123871,FR_FR,FR,2002,123871,infrastructures,NOM,infrastructure,FR,lemmesAccessibilitéFR
w_FR_FR_2002_126072,FR_FR,FR,2002,126072,infrastructures,NOM,infrastructure,FR,lemmesAccessibilitéFR
w_FR_FR_2002_126085,FR_FR,FR,2002,126085,infrastructure,NOM,infrastructure,FR,lemmesAccessibilitéFR
w_FR_FR_2002_126108,FR_FR,FR,2002,126108,infrastructures,NOM,infrastructure,FR,lemmesAccessibilitéFR
w_FR_FR_2002_126207,FR_FR,FR,2002,126207,infrastructures,NOM,infrastructure,FR,lemmesAccessibilitéFR
w_FR_FR_2002_126308,FR_FR,FR,2002,126308,infrastructures,NOM,infrastructure,FR,lemmesAccessibilitéFR
w_FR_FR_2002_127680,FR_FR,FR,2002,127680,infrastructures,NOM,infrastructure,FR,lemmesAccessibilitéFR
w_FR_FR_2002_127859,FR_FR,FR,2002,127859,infrastructures,NOM,infrastructure,FR,lemmesAccessibilitéFR
w_FR_FR_2002_127879,FR_FR,FR,2002,127879,infrastructures,NOM,infrastructure,FR,lemmesAccessibilitéFR
w_FR_FR_2002_127969,FR_FR,FR,2002,127969,infrastructures,NOM,infrastructure,FR,lemmesAccessibilitéFR
w_FR_FR_2002_128030,FR_FR,FR,2002,128030,infrastructures,NOM,infrastructure,FR,lemmesAccessibilitéFR
w_FR_FR_2002_128178,FR_FR,FR,2002,128178,infrastructures,NOM,infrastructure,FR,lemmesAccessibilitéFR
w_FR_FR_2002_128417,FR_FR,FR,2002,128417,infrastructures,NOM,infrastructure,FR,lemmesAccessibilitéFR
w_FR_FR_2002_129061,FR_FR,FR,2002,129061,infrastructures,NOM,infrastructure,FR,lemmesAccessibilitéFR
w_FR_FR_2002_131752,FR_FR,FR,2002,131752,infrastructure,NOM,infrastructure,FR,lemmesAccessibilitéFR
w_FR_FR_2002_133474,FR_FR,FR,2002,133474,infrastructure,NOM,infrastructure,FR,lemmesAccessibilitéFR
w_FR_FR_2002_134480,FR_FR,FR,2002,134480,infrastructure,NOM,infrastructure,FR,lemmesAccessibilitéFR
w_FR_FR_2002_135326,FR_FR,FR,2002,135326,infrastructure,NOM,infrastructure,FR,lemmesAccessibilitéFR
w_FR_FR_2002_135347,FR_FR,FR,2002,135347,infrastructure,NOM,infrastructure,FR,lemmesAccessibilitéFR
w_FR_FR_2002_135371,FR_FR,FR,2002,135371,infrastructure,NOM,infrastructure,FR,lemmesAccessibilitéFR
w_FR_FR_2002_135402,FR_FR,FR,2002,135402,infrastructures,NOM,infrastructure,FR,lemmesAccessibilitéFR
w_FR_FR_2002_135467,FR_FR,FR,2002,135467,infrastructure,NOM,infrastructure,FR,lemmesAccessibilitéFR
w_FR_FR_2002_135509,FR_FR,FR,2002,135509,infrastructures,NOM,infrastructure,FR,lemmesAccessibilitéFR
w_FR_FR_2002_135807,FR_FR,FR,2002,135807,infrastructures,NOM,infrastructure,FR,lemmesAccessibilitéFR
w_FR_FR_2002_136046,FR_FR,FR,2002,136046,infrastructure,NOM,infrastructure,FR,lemmesAccessibilitéFR
w_FR_FR_2002_136118,FR_FR,FR,2002,136118,infrastructures,NOM,infrastructure,FR,lemmesAccessibilitéFR
w_FR_FR_2002_136164,FR_FR,FR,2002,136164,infrastructures,NOM,infrastructure,FR,lemmesAccessibilitéFR
w_FR_FR_2002_136236,FR_FR,FR,2002,136236,infrastructures,NOM,infrastructure,FR,lemmesAccessibilitéFR
w_FR_FR_2002_136273,FR_FR,FR,2002,136273,infrastructures,NOM,infrastructure,FR,lemmesAccessibilitéFR
w_FR_FR_2002_136647,FR_FR,FR,2002,136647,infrastructures,NOM,infrastructure,FR,lemmesAccessibilitéFR
w_FR_FR_2002_136727,FR_FR,FR,2002,136727,infrastructure,NOM,infrastructure,FR,lemmesAccessibilitéFR
w_FR_FR_2002_137763,FR_FR,FR,2002,137763,infrastructures,NOM,infrastructure,FR,lemmesAccessibilitéFR
w_FR_FR_2002_139251,FR_FR,FR,2002,139251,infrastructures,NOM,infrastructure,FR,lemmesAccessibilitéFR
w_FR_FR_2002_142584,FR_FR,FR,2002,142584,infrastructures,NOM,infrastructure,FR,lemmesAccessibilitéFR
w_FR_FR_2002_142790,FR_FR,FR,2002,142790,infrastructures,NOM,infrastructure,FR,lemmesAccessibilitéFR
w_FR_FR_2002_143241,FR_FR,FR,2002,143241,infrastructure,NOM,infrastructure,FR,lemmesAccessibilitéFR
w_FR_FR_2002_146525,FR_FR,FR,2002,146525,infrastructures,NOM,infrastructure,FR,lemmesAccessibilitéFR
w_FR_FR_2002_148790,FR_FR,FR,2002,148790,infrastructures,NOM,infrastructure,FR,lemmesAccessibilitéFR
w_FR_FR_2002_149166,FR_FR,FR,2002,149166,infrastructures,NOM,infrastructure,FR,lemmesAccessibilitéFR
w_FR_FR_2002_151864,FR_FR,FR,2002,151864,infrastructures,NOM,infrastructure,FR,lemmesAccessibilitéFR
w_FR_FR_2002_154669,FR_FR,FR,2002,154669,infrastructures,NOM,infrastructure,FR,lemmesAccessibilitéFR
w_FR_FR_2002_155516,FR_FR,FR,2002,155516,infrastructures,NOM,infrastructure,FR,lemmesAccessibilitéFR
w_FR_FR_2002_155860,FR_FR,FR,2002,155860,infrastructures,NOM,infrastructure,FR,lemmesAccessibilitéFR
w_FR_FR_2002_163312,FR_FR,FR,2002,163312,infrastructures,NOM,infrastructure,FR,lemmesAccessibilitéFR
w_FR_FR_2002_163635,FR_FR,FR,2002,163635,infrastructures,NOM,infrastructure,FR,lemmesAccessibilitéFR
w_FR_FR_2002_164295,FR_FR,FR,2002,164295,infrastructures,NOM,infrastructure,FR,lemmesAccessibilitéFR
w_FR_FR_2002_177125,FR_FR,FR,2002,177125,infrastructures,NOM,infrastructure,FR,lemmesAccessibilitéFR
w_FR_FR_2002_181944,FR_FR,FR,2002,181944,infrastructures,NOM,infrastructure,FR,lemmesAccessibilitéFR
w_FR_FR_2002_191475,FR_FR,FR,2002,191475,infrastructures,NOM,infrastructure,FR,lemmesAccessibilitéFR
w_FR_FR_2002_191910,FR_FR,FR,2002,191910,infrastructure,NOM,infrastructure,FR,lemmesAccessibilitéFR
w_FR_FR_2002_192311,FR_FR,FR,2002,192311,infrastructures,NOM,infrastructure,FR,lemmesAccessibilitéFR
w_FR_FR_2002_194598,FR_FR,FR,2002,194598,infrastructures,NOM,infrastructure,FR,lemmesAccessibilitéFR
w_FR_FR_2002_194844,FR_FR,FR,2002,194844,infrastructures,NOM,infrastructure,FR,lemmesAccessibilitéFR
w_FR_FR_2002_195114,FR_FR,FR,2002,195114,infrastructures,NOM,infrastructure,FR,lemmesAccessibilitéFR
w_FR_FR_2002_196694,FR_FR,FR,2002,196694,infrastructures,NOM,infrastructure,FR,lemmesAccessibilitéFR
w_FR_FR_2002_198105,FR_FR,FR,2002,198105,infrastructures,NOM,infrastructure,FR,lemmesAccessibilitéFR
w_FR_FR_2002_198481,FR_FR,FR,2002,198481,infrastructures,NOM,infrastructure,FR,lemmesAccessibilitéFR
w_FR_FR_2002_198497,FR_FR,FR,2002,198497,infrastructures,NOM,infrastructure,FR,lemmesAccessibilitéFR
w_FR_FR_2002_198934,FR_FR,FR,2002,198934,infrastructures,NOM,infrastructure,FR,lemmesAccessibilitéFR
w_FR_FR_2002_199198,FR_FR,FR,2002,199198,infrastructures,NOM,infrastructure,FR,lemmesAccessibilitéFR
w_FR_FR_2002_203271,FR_FR,FR,2002,203271,infrastructures,NOM,infrastructure,FR,lemmesAccessibilitéFR
w_FR_FR_2002_211160,FR_FR,FR,2002,211160,infrastructure,NOM,infrastructure,FR,lemmesAccessibilitéFR
w_FR_VD_2022_2331,FR_VD,VD,2022,2331,Infrastructures,NOM,infrastructure,FR,lemmesAccessibilitéFR
w_FR_VD_2022_3951,FR_VD,VD,2022,3951,Infrastructures,NOM,infrastructure,FR,lemmesAccessibilitéFR
w_FR_VD_2022_4014,FR_VD,VD,2022,4014,Infrastructures,NOM,infrastructure,FR,lemmesAccessibilitéFR
w_FR_VD_2022_7845,FR_VD,VD,2022,7845,infrastructures,NOM,infrastructure,FR,lemmesAccessibilitéFR
w_FR_VD_2022_16188,FR_VD,VD,2022,16188,infrastructures,NOM,infrastructure,FR,lemmesAccessibilitéFR
w_FR_VD_2022_19881,FR_VD,VD,2022,19881,infrastructures,NOM,infrastructure,FR,lemmesAccessibilitéFR
w_FR_VD_2022_21305,FR_VD,VD,2022,21305,infrastructures,NOM,infrastructure,FR,lemmesAccessibilitéFR
w_FR_VD_2022_24797,FR_VD,VD,2022,24797,infrastructures,NOM,infrastructure,FR,lemmesAccessibilitéFR
w_FR_VD_2022_25527,FR_VD,VD,2022,25527,infrastructure,NOM,infrastructure,FR,lemmesAccessibilitéFR
w_FR_VD_2022_25855,FR_VD,VD,2022,25855,infrastructures,NOM,infrastructure,FR,lemmesAccessibilitéFR
w_FR_VD_2022_26061,FR_VD,VD,2022,26061,infrastructures,NOM,infrastructure,FR,lemmesAccessibilitéFR
w_FR_VD_2022_26437,FR_VD,VD,2022,26437,Infrastructures,NOM,infrastructure,FR,lemmesAccessibilitéFR
w_FR_VD_2022_26486,FR_VD,VD,2022,26486,Infrastructures,NOM,infrastructure,FR,lemmesAccessibilitéFR
w_FR_VD_2022_26607,FR_VD,VD,2022,26607,infrastructures,NOM,infrastructure,FR,lemmesAccessibilitéFR
w_FR_VD_2022_27208,FR_VD,VD,2022,27208,Infrastructures,NOM,infrastructure,FR,lemmesAccessibilitéFR
w_FR_VD_2022_27627,FR_VD,VD,2022,27627,infrastructures,NOM,infrastructure,FR,lemmesAccessibilitéFR
w_FR_VD_2022_27633,FR_VD,VD,2022,27633,Infrastructures,NOM,infrastructure,FR,lemmesAccessibilitéFR
w_FR_VD_2022_27853,FR_VD,VD,2022,27853,infrastructures,NOM,infrastructure,FR,lemmesAccessibilitéFR
w_FR_VD_2022_28153,FR_VD,VD,2022,28153,Infrastructures,NOM,infrastructure,FR,lemmesAccessibilitéFR
w_FR_VD_2022_28179,FR_VD,VD,2022,28179,Infrastructures,NOM,infrastructure,FR,lemmesAccessibilitéFR
w_FR_VD_2022_28241,FR_VD,VD,2022,28241,Infrastructures,NOM,infrastructure,FR,lemmesAccessibilitéFR
w_FR_VD_2022_28278,FR_VD,VD,2022,28278,infrastructure,NOM,infrastructure,FR,lemmesAccessibilitéFR
w_FR_VD_2022_28297,FR_VD,VD,2022,28297,infrastructures,NOM,infrastructure,FR,lemmesAccessibilitéFR
w_FR_VD_2022_28476,FR_VD,VD,2022,28476,infrastructures,NOM,infrastructure,FR,lemmesAccessibilitéFR
w_FR_VD_2022_28583,FR_VD,VD,2022,28583,Infrastructures,NOM,infrastructure,FR,lemmesAccessibilitéFR
w_FR_VD_2022_28732,FR_VD,VD,2022,28732,infrastructures,NOM,infrastructure,FR,lemmesAccessibilitéFR
w_FR_VD_2022_28957,FR_VD,VD,2022,28957,Infrastructures,NOM,infrastructure,FR,lemmesAccessibilitéFR
w_FR_VD_2022_28985,FR_VD,VD,2022,28985,infrastructures,NOM,infrastructure,FR,lemmesAccessibilitéFR
w_FR_VD_2022_29464,FR_VD,VD,2022,29464,Infrastructures,NOM,infrastructure,FR,lemmesAccessibilitéFR
w_FR_VD_2022_30037,FR_VD,VD,2022,30037,Infrastructures,NOM,infrastructure,FR,lemmesAccessibilitéFR
w_FR_VD_2022_30191,FR_VD,VD,2022,30191,infrastructure,NOM,infrastructure,FR,lemmesAccessibilitéFR
w_FR_VD_2022_30340,FR_VD,VD,2022,30340,infrastructures,NOM,infrastructure,FR,lemmesAccessibilitéFR
w_FR_VD_2022_30388,FR_VD,VD,2022,30388,infrastructures,NOM,infrastructure,FR,lemmesAccessibilitéFR
w_FR_VD_2022_30613,FR_VD,VD,2022,30613,infrastructures,NOM,infrastructure,FR,lemmesAccessibilitéFR
w_FR_VD_2022_30652,FR_VD,VD,2022,30652,Infrastructures,NOM,infrastructure,FR,lemmesAccessibilitéFR
w_FR_VD_2022_31163,FR_VD,VD,2022,31163,Infrastructures,NOM,infrastructure,FR,lemmesAccessibilitéFR
w_FR_VD_2022_31355,FR_VD,VD,2022,31355,infrastructures,NOM,infrastructure,FR,lemmesAccessibilitéFR
w_FR_VD_2022_31415,FR_VD,VD,2022,31415,Infrastructures,NOM,infrastructure,FR,lemmesAccessibilitéFR
w_FR_VD_2022_31561,FR_VD,VD,2022,31561,infrastructures,NOM,infrastructure,FR,lemmesAccessibilitéFR
w_FR_VD_2022_31938,FR_VD,VD,2022,31938,infrastructures,NOM,infrastructure,FR,lemmesAccessibilitéFR
w_FR_VD_2022_32287,FR_VD,VD,2022,32287,infrastructures,NOM,infrastructure,FR,lemmesAccessibilitéFR
w_FR_VD_2022_33111,FR_VD,VD,2022,33111,infrastructures,NOM,infrastructure,FR,lemmesAccessibilitéFR
w_FR_VD_2022_33148,FR_VD,VD,2022,33148,infrastructures,NOM,infrastructure,FR,lemmesAccessibilitéFR
w_FR_VD_2022_33894,FR_VD,VD,2022,33894,infrastructures,NOM,infrastructure,FR,lemmesAccessibilitéFR
w_FR_VD_2022_34388,FR_VD,VD,2022,34388,infrastructures,NOM,infrastructure,FR,lemmesAccessibilitéFR
w_FR_VD_2022_35379,FR_VD,VD,2022,35379,infrastructures,NOM,infrastructure,FR,lemmesAccessibilitéFR
w_FR_VD_2022_38331,FR_VD,VD,2022,38331,infrastructures,NOM,infrastructure,FR,lemmesAccessibilitéFR
w_FR_VD_2022_38375,FR_VD,VD,2022,38375,infrastructures,NOM,infrastructure,FR,lemmesAccessibilitéFR
w_FR_VD_2022_39900,FR_VD,VD,2022,39900,infrastructures,NOM,infrastructure,FR,lemmesAccessibilitéFR
w_FR_VD_2022_40222,FR_VD,VD,2022,40222,infrastructures,NOM,infrastructure,FR,lemmesAccessibilitéFR
w_FR_VD_2022_42034,FR_VD,VD,2022,42034,infrastructures,NOM,infrastructure,FR,lemmesAccessibilitéFR
w_FR_VD_2022_42988,FR_VD,VD,2022,42988,infrastructures,NOM,infrastructure,FR,lemmesAccessibilitéFR
w_FR_VD_2022_43339,FR_VD,VD,2022,43339,infrastructures,NOM,infrastructure,FR,lemmesAccessibilitéFR
w_FR_VD_2022_47864,FR_VD,VD,2022,47864,infrastructures,NOM,infrastructure,FR,lemmesAccessibilitéFR
w_FR_VD_2022_50939,FR_VD,VD,2022,50939,infrastructures,NOM,infrastructure,FR,lemmesAccessibilitéFR
w_FR_VD_2022_51119,FR_VD,VD,2022,51119,infrastructures,NOM,infrastructure,FR,lemmesAccessibilitéFR
w_FR_VD_2022_51261,FR_VD,VD,2022,51261,infrastructures,NOM,infrastructure,FR,lemmesAccessibilitéFR
w_FR_VD_2022_51376,FR_VD,VD,2022,51376,infrastructures,NOM,infrastructure,FR,lemmesAccessibilitéFR
w_FR_VD_2022_51943,FR_VD,VD,2022,51943,infrastructures,NOM,infrastructure,FR,lemmesAccessibilitéFR
w_FR_VD_2022_51974,FR_VD,VD,2022,51974,infrastructures,NOM,infrastructure,FR,lemmesAccessibilitéFR
w_FR_VD_2022_52261,FR_VD,VD,2022,52261,infrastructures,NOM,infrastructure,FR,lemmesAccessibilitéFR
w_FR_VD_2022_52770,FR_VD,VD,2022,52770,infrastructures,NOM,infrastructure,FR,lemmesAccessibilitéFR
w_FR_VD_2022_52780,FR_VD,VD,2022,52780,infrastructures,NOM,infrastructure,FR,lemmesAccessibilitéFR
w_FR_VD_2022_53108,FR_VD,VD,2022,53108,infrastructures,NOM,infrastructure,FR,lemmesAccessibilitéFR
w_FR_VD_2022_54767,FR_VD,VD,2022,54767,infrastructures,NOM,infrastructure,FR,lemmesAccessibilitéFR
w_FR_VD_2022_55046,FR_VD,VD,2022,55046,infrastructures,NOM,infrastructure,FR,lemmesAccessibilitéFR
w_FR_VD_2022_63097,FR_VD,VD,2022,63097,infrastructures,NOM,infrastructure,FR,lemmesAccessibilitéFR
w_FR_VD_2022_63148,FR_VD,VD,2022,63148,Infrastructures,NOM,infrastructure,FR,lemmesAccessibilitéFR
w_FR_VD_2022_63158,FR_VD,VD,2022,63158,Infrastructures,NOM,infrastructure,FR,lemmesAccessibilitéFR
w_FR_VD_2022_63699,FR_VD,VD,2022,63699,infrastructures,NOM,infrastructure,FR,lemmesAccessibilitéFR
w_FR_VD_2022_64902,FR_VD,VD,2022,64902,Infrastructures,NOM,infrastructure,FR,lemmesAccessibilitéFR
w_FR_VD_2022_64976,FR_VD,VD,2022,64976,infrastructure,NOM,infrastructure,FR,lemmesAccessibilitéFR
w_FR_VD_2022_64997,FR_VD,VD,2022,64997,infrastructure,NOM,infrastructure,FR,lemmesAccessibilitéFR
w_FR_VD_2022_65021,FR_VD,VD,2022,65021,infrastructure,NOM,infrastructure,FR,lemmesAccessibilitéFR
w_FR_VD_2022_65052,FR_VD,VD,2022,65052,infrastructures,NOM,infrastructure,FR,lemmesAccessibilitéFR
w_FR_VD_2022_65064,FR_VD,VD,2022,65064,infrastructure,NOM,infrastructure,FR,lemmesAccessibilitéFR
w_FR_VD_2022_65305,FR_VD,VD,2022,65305,infrastructures,NOM,infrastructure,FR,lemmesAccessibilitéFR
w_FR_VD_2022_65484,FR_VD,VD,2022,65484,infrastructures,NOM,infrastructure,FR,lemmesAccessibilitéFR
w_FR_VD_2022_65540,FR_VD,VD,2022,65540,infrastructures,NOM,infrastructure,FR,lemmesAccessibilitéFR
w_FR_VD_2022_65545,FR_VD,VD,2022,65545,Infrastructures,NOM,infrastructure,FR,lemmesAccessibilitéFR
w_FR_VD_2022_65671,FR_VD,VD,2022,65671,Infrastructures,NOM,infrastructure,FR,lemmesAccessibilitéFR
w_FR_VD_2022_65792,FR_VD,VD,2022,65792,infrastructure,NOM,infrastructure,FR,lemmesAccessibilitéFR
w_FR_VD_2022_65818,FR_VD,VD,2022,65818,infrastructures,NOM,infrastructure,FR,lemmesAccessibilitéFR
w_FR_VD_2022_66142,FR_VD,VD,2022,66142,Infrastructures,NOM,infrastructure,FR,lemmesAccessibilitéFR
w_FR_VD_2022_66187,FR_VD,VD,2022,66187,infrastructures,NOM,infrastructure,FR,lemmesAccessibilitéFR
w_FR_VD_2022_66287,FR_VD,VD,2022,66287,infrastructure,NOM,infrastructure,FR,lemmesAccessibilitéFR
w_FR_VD_2022_66302,FR_VD,VD,2022,66302,infrastructures,NOM,infrastructure,FR,lemmesAccessibilitéFR
w_FR_VD_2022_66355,FR_VD,VD,2022,66355,Infrastructures,NOM,infrastructure,FR,lemmesAccessibilitéFR
w_FR_VD_2022_67651,FR_VD,VD,2022,67651,Infrastructures,NOM,infrastructure,FR,lemmesAccessibilitéFR
w_FR_VD_2022_67657,FR_VD,VD,2022,67657,infrastructures,NOM,infrastructure,FR,lemmesAccessibilitéFR
w_FR_VD_2022_67711,FR_VD,VD,2022,67711,infrastructures,NOM,infrastructure,FR,lemmesAccessibilitéFR
w_FR_VD_2022_67860,FR_VD,VD,2022,67860,infrastructures,NOM,infrastructure,FR,lemmesAccessibilitéFR
w_FR_VD_2022_67901,FR_VD,VD,2022,67901,infrastructures,NOM,infrastructure,FR,lemmesAccessibilitéFR
w_FR_VD_2022_67909,FR_VD,VD,2022,67909,infrastructures,NOM,infrastructure,FR,lemmesAccessibilitéFR
w_FR_VD_2022_67934,FR_VD,VD,2022,67934,infrastructures,NOM,infrastructure,FR,lemmesAccessibilitéFR
w_FR_VD_2022_67982,FR_VD,VD,2022,67982,infrastructures,NOM,infrastructure,FR,lemmesAccessibilitéFR
w_FR_VD_2022_68019,FR_VD,VD,2022,68019,infrastructures,NOM,infrastructure,FR,lemmesAccessibilitéFR
w_FR_VD_2022_68044,FR_VD,VD,2022,68044,infrastructure,NOM,infrastructure,FR,lemmesAccessibilitéFR
w_FR_VD_2022_68055,FR_VD,VD,2022,68055,infrastructures,NOM,infrastructure,FR,lemmesAccessibilitéFR
w_FR_VD_2022_68128,FR_VD,VD,2022,68128,infrastructures,NOM,infrastructure,FR,lemmesAccessibilitéFR
w_FR_VD_2022_68177,FR_VD,VD,2022,68177,Infrastructures,NOM,infrastructure,FR,lemmesAccessibilitéFR
w_FR_VD_2022_68199,FR_VD,VD,2022,68199,Infrastructures,NOM,infrastructure,FR,lemmesAccessibilitéFR
w_FR_VD_2022_68208,FR_VD,VD,2022,68208,infrastructures,NOM,infrastructure,FR,lemmesAccessibilitéFR
w_FR_VD_2022_68307,FR_VD,VD,2022,68307,Infrastructures,NOM,infrastructure,FR,lemmesAccessibilitéFR
w_FR_VD_2022_68421,FR_VD,VD,2022,68421,Infrastructures,NOM,infrastructure,FR,lemmesAccessibilitéFR
w_FR_VD_2022_68541,FR_VD,VD,2022,68541,infrastructures,NOM,infrastructure,FR,lemmesAccessibilitéFR
w_FR_VD_2022_68585,FR_VD,VD,2022,68585,infrastructures,NOM,infrastructure,FR,lemmesAccessibilitéFR
w_FR_VD_2022_68627,FR_VD,VD,2022,68627,infrastructures,NOM,infrastructure,FR,lemmesAccessibilitéFR
w_FR_VD_2022_68658,FR_VD,VD,2022,68658,infrastructures,NOM,infrastructure,FR,lemmesAccessibilitéFR
w_FR_VD_2022_68966,FR_VD,VD,2022,68966,Infrastructures,NOM,infrastructure,FR,lemmesAccessibilitéFR
w_FR_VD_2022_68998,FR_VD,VD,2022,68998,infrastructures,NOM,infrastructure,FR,lemmesAccessibilitéFR
w_FR_VD_2022_69031,FR_VD,VD,2022,69031,infrastructures,NOM,infrastructure,FR,lemmesAccessibilitéFR
w_FR_VD_2022_69053,FR_VD,VD,2022,69053,infrastructures,NOM,infrastructure,FR,lemmesAccessibilitéFR
w_FR_VD_2022_69115,FR_VD,VD,2022,69115,infrastructures,NOM,infrastructure,FR,lemmesAccessibilitéFR
w_FR_VD_2022_69133,FR_VD,VD,2022,69133,infrastructures,NOM,infrastructure,FR,lemmesAccessibilitéFR
w_FR_VD_2022_69311,FR_VD,VD,2022,69311,Infrastructures,NOM,infrastructure,FR,lemmesAccessibilitéFR
w_FR_VD_2022_74311,FR_VD,VD,2022,74311,infrastructure,NOM,infrastructure,FR,lemmesAccessibilitéFR
w_FR_VD_2022_78508,FR_VD,VD,2022,78508,infrastructures,NOM,infrastructure,FR,lemmesAccessibilitéFR
w_FR_VD_2022_91637,FR_VD,VD,2022,91637,infrastructures,NOM,infrastructure,FR,lemmesAccessibilitéFR
w_FR_VD_2022_92131,FR_VD,VD,2022,92131,infrastructures,NOM,infrastructure,FR,lemmesAccessibilitéFR
w_FR_VD_2022_94124,FR_VD,VD,2022,94124,infrastructures,NOM,infrastructure,FR,lemmesAccessibilitéFR
w_FR_VD_2022_98624,FR_VD,VD,2022,98624,infrastructures,NOM,infrastructure,FR,lemmesAccessibilitéFR
w_FR_VD_2022_99602,FR_VD,VD,2022,99602,infrastructures,NOM,infrastructure,FR,lemmesAccessibilitéFR
w_FR_VD_2022_100587,FR_VD,VD,2022,100587,infrastructures,NOM,infrastructure,FR,lemmesAccessibilitéFR
w_FR_VD_2022_101698,FR_VD,VD,2022,101698,infrastructures,NOM,infrastructure,FR,lemmesAccessibilitéFR
w_FR_VD_2022_109464,FR_VD,VD,2022,109464,infrastructures,NOM,infrastructure,FR,lemmesAccessibilitéFR
w_FR_VD_2022_110356,FR_VD,VD,2022,110356,infrastructures,NOM,infrastructure,FR,lemmesAccessibilitéFR
w_FR_VD_2022_131528,FR_VD,VD,2022,131528,infrastructures,NOM,infrastructure,FR,lemmesAccessibilitéFR
w_FR_VD_2022_131988,FR_VD,VD,2022,131988,infrastructures,NOM,infrastructure,FR,lemmesAccessibilitéFR
w_FR_VD_2022_134197,FR_VD,VD,2022,134197,infrastructures,NOM,infrastructure,FR,lemmesAccessibilitéFR
w_FR_VD_2022_134795,FR_VD,VD,2022,134795,Infrastructures,NOM,infrastructure,FR,lemmesAccessibilitéFR
w_FR_VD_2022_134942,FR_VD,VD,2022,134942,Infrastructures,NOM,infrastructure,FR,lemmesAccessibilitéFR
w_FR_VD_2022_135021,FR_VD,VD,2022,135021,Infrastructures,NOM,infrastructure,FR,lemmesAccessibilitéFR
w_FR_VD_2022_136726,FR_VD,VD,2022,136726,infrastructures,NOM,infrastructure,FR,lemmesAccessibilitéFR
w_FR_VD_2022_143161,FR_VD,VD,2022,143161,infrastructures,NOM,infrastructure,FR,lemmesAccessibilitéFR
w_FR_VD_2022_143720,FR_VD,VD,2022,143720,infrastructures,NOM,infrastructure,FR,lemmesAccessibilitéFR
w_FR_VD_2022_144740,FR_VD,VD,2022,144740,infrastructure,NOM,infrastructure,FR,lemmesAccessibilitéFR
w_FR_VD_2022_147239,FR_VD,VD,2022,147239,infrastructure,NOM,infrastructure,FR,lemmesAccessibilitéFR
w_FR_VD_2022_149653,FR_VD,VD,2022,149653,infrastructures,NOM,infrastructure,FR,lemmesAccessibilitéFR
w_FR_VD_2022_153400,FR_VD,VD,2022,153400,infrastructures,NOM,infrastructure,FR,lemmesAccessibilitéFR
w_FR_VD_2022_154233,FR_VD,VD,2022,154233,infrastructures,NOM,infrastructure,FR,lemmesAccessibilitéFR
w_FR_VD_2022_154395,FR_VD,VD,2022,154395,infrastructures,NOM,infrastructure,FR,lemmesAccessibilitéFR
w_FR_VD_2022_158507,FR_VD,VD,2022,158507,infrastructures,NOM,infrastructure,FR,lemmesAccessibilitéFR
w_FR_VD_2022_158783,FR_VD,VD,2022,158783,infrastructures,NOM,infrastructure,FR,lemmesAccessibilitéFR
w_FR_VD_2022_159592,FR_VD,VD,2022,159592,infrastructures,NOM,infrastructure,FR,lemmesAccessibilitéFR
w_FR_VD_2022_161001,FR_VD,VD,2022,161001,infrastructures,NOM,infrastructure,FR,lemmesAccessibilitéFR
w_FR_VD_2022_161529,FR_VD,VD,2022,161529,infrastructures,NOM,infrastructure,FR,lemmesAccessibilitéFR
w_FR_VD_2022_162391,FR_VD,VD,2022,162391,infrastructures,NOM,infrastructure,FR,lemmesAccessibilitéFR
w_FR_VD_2022_162775,FR_VD,VD,2022,162775,infrastructure,NOM,infrastructure,FR,lemmesAccessibilitéFR
w_FR_VD_2022_163180,FR_VD,VD,2022,163180,Infrastructures,NOM,infrastructure,FR,lemmesAccessibilitéFR
w_FR_VD_2022_163194,FR_VD,VD,2022,163194,infrastructures,NOM,infrastructure,FR,lemmesAccessibilitéFR
w_FR_VD_2022_163336,FR_VD,VD,2022,163336,infrastructure,NOM,infrastructure,FR,lemmesAccessibilitéFR
w_FR_VD_2022_163391,FR_VD,VD,2022,163391,infrastructures,NOM,infrastructure,FR,lemmesAccessibilitéFR
w_FR_VD_2022_163635,FR_VD,VD,2022,163635,infrastructures,NOM,infrastructure,FR,lemmesAccessibilitéFR
w_FR_VD_2022_165959,FR_VD,VD,2022,165959,Infrastructures,NOM,infrastructure,FR,lemmesAccessibilitéFR
w_FR_VD_2022_167816,FR_VD,VD,2022,167816,infrastructure,NOM,infrastructure,FR,lemmesAccessibilitéFR
w_FR_VD_2022_169188,FR_VD,VD,2022,169188,infrastructures,NOM,infrastructure,FR,lemmesAccessibilitéFR
w_FR_VD_2022_169253,FR_VD,VD,2022,169253,infrastructures,NOM,infrastructure,FR,lemmesAccessibilitéFR
w_FR_VD_2022_169981,FR_VD,VD,2022,169981,Infrastructures,NOM,infrastructure,FR,lemmesAccessibilitéFR
w_FR_VD_2022_170177,FR_VD,VD,2022,170177,infrastructures,NOM,infrastructure,FR,lemmesAccessibilitéFR
w_FR_VD_2022_170298,FR_VD,VD,2022,170298,infrastructures,NOM,infrastructure,FR,lemmesAccessibilitéFR
w_FR_VD_2022_172674,FR_VD,VD,2022,172674,Infrastructures,NOM,infrastructure,FR,lemmesAccessibilitéFR
w_FR_VD_2022_172978,FR_VD,VD,2022,172978,infrastructures,NOM,infrastructure,FR,lemmesAccessibilitéFR
w_FR_VD_2022_173122,FR_VD,VD,2022,173122,infrastructures,NOM,infrastructure,FR,lemmesAccessibilitéFR
w_FR_VD_2022_174632,FR_VD,VD,2022,174632,infrastructure,NOM,infrastructure,FR,lemmesAccessibilitéFR
w_FR_VD_2022_176663,FR_VD,VD,2022,176663,Infrastructures,NOM,infrastructure,FR,lemmesAccessibilitéFR
w_FR_VD_2022_178689,FR_VD,VD,2022,178689,infrastructure,NOM,infrastructure,FR,lemmesAccessibilitéFR
w_FR_VD_2022_181347,FR_VD,VD,2022,181347,infrastructures,NOM,infrastructure,FR,lemmesAccessibilitéFR
w_FR_VD_2022_183799,FR_VD,VD,2022,183799,infrastructures,NOM,infrastructure,FR,lemmesAccessibilitéFR
w_FR_VD_2022_185782,FR_VD,VD,2022,185782,infrastructures,NOM,infrastructure,FR,lemmesAccessibilitéFR
w_FR_VD_2022_187896,FR_VD,VD,2022,187896,infrastructures,NOM,infrastructure,FR,lemmesAccessibilitéFR
w_FR_VD_2022_190000,FR_VD,VD,2022,190000,infrastructure,NOM,infrastructure,FR,lemmesAccessibilitéFR
w_FR_VD_2022_192044,FR_VD,VD,2022,192044,INFRASTRUCTURES,NOM,infrastructure,FR,lemmesAccessibilitéFR
w_FR_VD_2022_192172,FR_VD,VD,2022,192172,Infrastructures,NOM,infrastructure,FR,lemmesAccessibilitéFR
w_FR_VD_2022_192192,FR_VD,VD,2022,192192,Infrastructures,NOM,infrastructure,FR,lemmesAccessibilitéFR
w_FR_VD_2022_192413,FR_VD,VD,2022,192413,Infrastructures,NOM,infrastructure,FR,lemmesAccessibilitéFR
w_FR_VD_2022_192420,FR_VD,VD,2022,192420,infrastructure,NOM,infrastructure,FR,lemmesAccessibilitéFR
w_FR_VS_2019_347,FR_VS,VS,2019,347,infrastructures,NOM,infrastructure,FR,lemmesAccessibilitéFR
w_FR_VS_2019_384,FR_VS,VS,2019,384,Infrastructures,NOM,infrastructure,FR,lemmesAccessibilitéFR
w_FR_VS_2019_393,FR_VS,VS,2019,393,Infrastructures,NOM,infrastructure,FR,lemmesAccessibilitéFR
w_FR_VS_2019_401,FR_VS,VS,2019,401,Infrastructures,NOM,infrastructure,FR,lemmesAccessibilitéFR
w_FR_VS_2019_408,FR_VS,VS,2019,408,infrastructures,NOM,infrastructure,FR,lemmesAccessibilitéFR
w_FR_VS_2019_871,FR_VS,VS,2019,871,infrastructures,NOM,infrastructure,FR,lemmesAccessibilitéFR
w_FR_VS_2019_5478,FR_VS,VS,2019,5478,infrastructures,NOM,infrastructure,FR,lemmesAccessibilitéFR
w_FR_VS_2019_5484,FR_VS,VS,2019,5484,infrastructures,NOM,infrastructure,FR,lemmesAccessibilitéFR
w_FR_VS_2019_6144,FR_VS,VS,2019,6144,infrastructures,NOM,infrastructure,FR,lemmesAccessibilitéFR
w_FR_VS_2019_6986,FR_VS,VS,2019,6986,infrastructures,NOM,infrastructure,FR,lemmesAccessibilitéFR
w_FR_VS_2019_7140,FR_VS,VS,2019,7140,infrastructures,NOM,infrastructure,FR,lemmesAccessibilitéFR
w_FR_VS_2019_7937,FR_VS,VS,2019,7937,infrastructures,NOM,infrastructure,FR,lemmesAccessibilitéFR
w_FR_VS_2019_8076,FR_VS,VS,2019,8076,infrastructures,NOM,infrastructure,FR,lemmesAccessibilitéFR
w_FR_VS_2019_8351,FR_VS,VS,2019,8351,infrastructures,NOM,infrastructure,FR,lemmesAccessibilitéFR
w_FR_VS_2019_9745,FR_VS,VS,2019,9745,infrastructures,NOM,infrastructure,FR,lemmesAccessibilitéFR
w_FR_VS_2019_10122,FR_VS,VS,2019,10122,infrastructures,NOM,infrastructure,FR,lemmesAccessibilitéFR
w_FR_VS_2019_10444,FR_VS,VS,2019,10444,infrastructures,NOM,infrastructure,FR,lemmesAccessibilitéFR
w_FR_VS_2019_11136,FR_VS,VS,2019,11136,infrastructures,NOM,infrastructure,FR,lemmesAccessibilitéFR
w_FR_VS_2019_11623,FR_VS,VS,2019,11623,infrastructures,NOM,infrastructure,FR,lemmesAccessibilitéFR
w_FR_VS_2019_11692,FR_VS,VS,2019,11692,infrastructures,NOM,infrastructure,FR,lemmesAccessibilitéFR
w_FR_VS_2019_12224,FR_VS,VS,2019,12224,infrastructures,NOM,infrastructure,FR,lemmesAccessibilitéFR
w_FR_VS_2019_12333,FR_VS,VS,2019,12333,infrastructures,NOM,infrastructure,FR,lemmesAccessibilitéFR
w_FR_VS_2019_12354,FR_VS,VS,2019,12354,infrastructures,NOM,infrastructure,FR,lemmesAccessibilitéFR
w_FR_VS_2019_13238,FR_VS,VS,2019,13238,infrastructures,NOM,infrastructure,FR,lemmesAccessibilitéFR
w_FR_VS_2019_13259,FR_VS,VS,2019,13259,infrastructures,NOM,infrastructure,FR,lemmesAccessibilitéFR
w_FR_VS_2019_13362,FR_VS,VS,2019,13362,infrastructures,NOM,infrastructure,FR,lemmesAccessibilitéFR
w_FR_VS_2019_13839,FR_VS,VS,2019,13839,infrastructures,NOM,infrastructure,FR,lemmesAccessibilitéFR
w_FR_VS_2019_13890,FR_VS,VS,2019,13890,infrastructures,NOM,infrastructure,FR,lemmesAccessibilitéFR
w_FR_VS_2019_13923,FR_VS,VS,2019,13923,infrastructures,NOM,infrastructure,FR,lemmesAccessibilitéFR
w_FR_VS_2019_14129,FR_VS,VS,2019,14129,infrastructures,NOM,infrastructure,FR,lemmesAccessibilitéFR
w_FR_VS_2019_14134,FR_VS,VS,2019,14134,infrastructures,NOM,infrastructure,FR,lemmesAccessibilitéFR
w_FR_VS_2019_14140,FR_VS,VS,2019,14140,infrastructures,NOM,infrastructure,FR,lemmesAccessibilitéFR
w_FR_VS_2019_14211,FR_VS,VS,2019,14211,infrastructures,NOM,infrastructure,FR,lemmesAccessibilitéFR
w_FR_VS_2019_14867,FR_VS,VS,2019,14867,infrastructures,NOM,infrastructure,FR,lemmesAccessibilitéFR
w_FR_VS_2019_15817,FR_VS,VS,2019,15817,infrastructure,NOM,infrastructure,FR,lemmesAccessibilitéFR
w_FR_VS_2019_17394,FR_VS,VS,2019,17394,infrastructures,NOM,infrastructure,FR,lemmesAccessibilitéFR
w_FR_VS_2019_18977,FR_VS,VS,2019,18977,infrastructures,NOM,infrastructure,FR,lemmesAccessibilitéFR
w_FR_VS_2019_19050,FR_VS,VS,2019,19050,infrastructures,NOM,infrastructure,FR,lemmesAccessibilitéFR
w_FR_VS_2019_19361,FR_VS,VS,2019,19361,infrastructures,NOM,infrastructure,FR,lemmesAccessibilitéFR
w_FR_VS_2019_19507,FR_VS,VS,2019,19507,infrastructures,NOM,infrastructure,FR,lemmesAccessibilitéFR
w_FR_VS_2019_19558,FR_VS,VS,2019,19558,infrastructures,NOM,infrastructure,FR,lemmesAccessibilitéFR
w_FR_VS_2019_19885,FR_VS,VS,2019,19885,infrastructures,NOM,infrastructure,FR,lemmesAccessibilitéFR
w_FR_VS_2019_20012,FR_VS,VS,2019,20012,infrastructures,NOM,infrastructure,FR,lemmesAccessibilitéFR
w_FR_VS_2019_21066,FR_VS,VS,2019,21066,infrastructures,NOM,infrastructure,FR,lemmesAccessibilitéFR
w_FR_VS_2019_21580,FR_VS,VS,2019,21580,infrastructures,NOM,infrastructure,FR,lemmesAccessibilitéFR
w_FR_VS_2019_21587,FR_VS,VS,2019,21587,infrastructures,NOM,infrastructure,FR,lemmesAccessibilitéFR
w_FR_VS_2019_22508,FR_VS,VS,2019,22508,infrastructures,NOM,infrastructure,FR,lemmesAccessibilitéFR
w_FR_VS_2019_22651,FR_VS,VS,2019,22651,infrastructures,NOM,infrastructure,FR,lemmesAccessibilitéFR
w_FR_VS_2019_22815,FR_VS,VS,2019,22815,infrastructures,NOM,infrastructure,FR,lemmesAccessibilitéFR
w_FR_VS_2019_23209,FR_VS,VS,2019,23209,infrastructures,NOM,infrastructure,FR,lemmesAccessibilitéFR
w_FR_VS_2019_27371,FR_VS,VS,2019,27371,Infrastructures,NOM,infrastructure,FR,lemmesAccessibilitéFR
w_FR_VS_2019_27755,FR_VS,VS,2019,27755,infrastructures,NOM,infrastructure,FR,lemmesAccessibilitéFR
w_FR_VS_2019_27906,FR_VS,VS,2019,27906,infrastructures,NOM,infrastructure,FR,lemmesAccessibilitéFR
w_FR_VS_2019_28070,FR_VS,VS,2019,28070,infrastructures,NOM,infrastructure,FR,lemmesAccessibilitéFR
w_FR_VS_2019_28091,FR_VS,VS,2019,28091,infrastructures,NOM,infrastructure,FR,lemmesAccessibilitéFR
w_FR_VS_2019_28180,FR_VS,VS,2019,28180,infrastructures,NOM,infrastructure,FR,lemmesAccessibilitéFR
w_FR_VS_2019_28354,FR_VS,VS,2019,28354,infrastructures,NOM,infrastructure,FR,lemmesAccessibilitéFR
w_FR_VS_2019_29711,FR_VS,VS,2019,29711,infrastructures,NOM,infrastructure,FR,lemmesAccessibilitéFR
w_FR_VS_2019_30077,FR_VS,VS,2019,30077,infrastructures,NOM,infrastructure,FR,lemmesAccessibilitéFR
w_FR_VS_2019_30306,FR_VS,VS,2019,30306,infrastructures,NOM,infrastructure,FR,lemmesAccessibilitéFR
w_FR_VS_2019_30495,FR_VS,VS,2019,30495,infrastructures,NOM,infrastructure,FR,lemmesAccessibilitéFR
w_FR_VS_2019_31892,FR_VS,VS,2019,31892,infrastructures,NOM,infrastructure,FR,lemmesAccessibilitéFR
w_FR_VS_2019_31951,FR_VS,VS,2019,31951,infrastructures,NOM,infrastructure,FR,lemmesAccessibilitéFR
w_FR_VS_2019_33300,FR_VS,VS,2019,33300,infrastructure,NOM,infrastructure,FR,lemmesAccessibilitéFR
w_FR_VS_2019_34111,FR_VS,VS,2019,34111,infrastructures,NOM,infrastructure,FR,lemmesAccessibilitéFR
w_FR_VS_2019_34386,FR_VS,VS,2019,34386,infrastructures,NOM,infrastructure,FR,lemmesAccessibilitéFR
w_FR_VS_2019_34511,FR_VS,VS,2019,34511,infrastructures,NOM,infrastructure,FR,lemmesAccessibilitéFR
w_FR_VS_2019_34621,FR_VS,VS,2019,34621,infrastructures,NOM,infrastructure,FR,lemmesAccessibilitéFR
w_FR_VS_2019_36372,FR_VS,VS,2019,36372,infrastructures,NOM,infrastructure,FR,lemmesAccessibilitéFR
w_FR_VS_2019_37379,FR_VS,VS,2019,37379,infrastructures,NOM,infrastructure,FR,lemmesAccessibilitéFR
w_FR_VS_2019_37742,FR_VS,VS,2019,37742,infrastructures,NOM,infrastructure,FR,lemmesAccessibilitéFR
w_FR_VS_2019_37825,FR_VS,VS,2019,37825,infrastructures,NOM,infrastructure,FR,lemmesAccessibilitéFR
w_FR_VS_2019_37921,FR_VS,VS,2019,37921,infrastructures,NOM,infrastructure,FR,lemmesAccessibilitéFR
w_FR_VS_2019_38288,FR_VS,VS,2019,38288,infrastructures,NOM,infrastructure,FR,lemmesAccessibilitéFR
w_FR_VS_2019_38373,FR_VS,VS,2019,38373,infrastructures,NOM,infrastructure,FR,lemmesAccessibilitéFR
w_FR_VS_2019_38397,FR_VS,VS,2019,38397,infrastructures,NOM,infrastructure,FR,lemmesAccessibilitéFR
w_FR_VS_2019_38471,FR_VS,VS,2019,38471,infrastructures,NOM,infrastructure,FR,lemmesAccessibilitéFR
w_FR_VS_2019_38630,FR_VS,VS,2019,38630,infrastructures,NOM,infrastructure,FR,lemmesAccessibilitéFR
w_FR_VS_2019_40660,FR_VS,VS,2019,40660,infrastructure,NOM,infrastructure,FR,lemmesAccessibilitéFR
w_FR_VS_2019_41048,FR_VS,VS,2019,41048,infrastructure,NOM,infrastructure,FR,lemmesAccessibilitéFR
w_FR_VS_2019_41330,FR_VS,VS,2019,41330,infrastructures,NOM,infrastructure,FR,lemmesAccessibilitéFR
w_FR_VS_2019_41668,FR_VS,VS,2019,41668,infrastructures,NOM,infrastructure,FR,lemmesAccessibilitéFR
w_FR_VS_2019_43200,FR_VS,VS,2019,43200,infrastructures,NOM,infrastructure,FR,lemmesAccessibilitéFR
w_FR_VS_2019_43210,FR_VS,VS,2019,43210,infrastructures,NOM,infrastructure,FR,lemmesAccessibilitéFR
w_FR_VS_2019_43260,FR_VS,VS,2019,43260,infrastructures,NOM,infrastructure,FR,lemmesAccessibilitéFR
w_FR_VS_2019_45931,FR_VS,VS,2019,45931,infrastructures,NOM,infrastructure,FR,lemmesAccessibilitéFR
w_FR_VS_2019_47153,FR_VS,VS,2019,47153,infrastructures,NOM,infrastructure,FR,lemmesAccessibilitéFR
w_FR_VS_2019_47405,FR_VS,VS,2019,47405,infrastructures,NOM,infrastructure,FR,lemmesAccessibilitéFR
w_FR_VS_2019_47586,FR_VS,VS,2019,47586,infrastructures,NOM,infrastructure,FR,lemmesAccessibilitéFR
w_FR_VS_2019_49886,FR_VS,VS,2019,49886,infrastructures,NOM,infrastructure,FR,lemmesAccessibilitéFR
w_FR_VS_2019_50287,FR_VS,VS,2019,50287,infrastructures,NOM,infrastructure,FR,lemmesAccessibilitéFR
w_FR_VS_2019_50471,FR_VS,VS,2019,50471,infrastructures,NOM,infrastructure,FR,lemmesAccessibilitéFR
w_FR_VS_2019_50972,FR_VS,VS,2019,50972,infrastructures,NOM,infrastructure,FR,lemmesAccessibilitéFR
w_FR_VS_2019_51440,FR_VS,VS,2019,51440,infrastructures,NOM,infrastructure,FR,lemmesAccessibilitéFR
w_FR_VS_2019_51510,FR_VS,VS,2019,51510,infrastructures,NOM,infrastructure,FR,lemmesAccessibilitéFR
w_FR_VS_2019_51582,FR_VS,VS,2019,51582,infrastructures,NOM,infrastructure,FR,lemmesAccessibilitéFR
w_FR_VS_2019_51779,FR_VS,VS,2019,51779,infrastructures,NOM,infrastructure,FR,lemmesAccessibilitéFR
w_FR_VS_2019_51991,FR_VS,VS,2019,51991,infrastructures,NOM,infrastructure,FR,lemmesAccessibilitéFR
w_FR_VS_2019_52045,FR_VS,VS,2019,52045,infrastructures,NOM,infrastructure,FR,lemmesAccessibilitéFR
w_FR_VS_2019_53511,FR_VS,VS,2019,53511,infrastructures,NOM,infrastructure,FR,lemmesAccessibilitéFR
w_FR_VS_2019_53590,FR_VS,VS,2019,53590,infrastructures,NOM,infrastructure,FR,lemmesAccessibilitéFR
w_FR_VS_2019_53677,FR_VS,VS,2019,53677,infrastructures,NOM,infrastructure,FR,lemmesAccessibilitéFR
w_FR_VS_2019_54661,FR_VS,VS,2019,54661,infrastructures,NOM,infrastructure,FR,lemmesAccessibilitéFR
w_FR_VS_2019_55325,FR_VS,VS,2019,55325,infrastructures,NOM,infrastructure,FR,lemmesAccessibilitéFR
w_FR_VS_2019_55654,FR_VS,VS,2019,55654,infrastructures,NOM,infrastructure,FR,lemmesAccessibilitéFR
w_FR_VS_2019_56285,FR_VS,VS,2019,56285,infrastructures,NOM,infrastructure,FR,lemmesAccessibilitéFR
w_FR_VS_2019_56830,FR_VS,VS,2019,56830,infrastructures,NOM,infrastructure,FR,lemmesAccessibilitéFR
w_FR_VS_2019_56977,FR_VS,VS,2019,56977,infrastructures,NOM,infrastructure,FR,lemmesAccessibilitéFR
w_FR_VS_2019_56993,FR_VS,VS,2019,56993,infrastructures,NOM,infrastructure,FR,lemmesAccessibilitéFR
w_FR_VS_2019_57769,FR_VS,VS,2019,57769,infrastructures,NOM,infrastructure,FR,lemmesAccessibilitéFR
w_FR_VS_2019_57887,FR_VS,VS,2019,57887,infrastructures,NOM,infrastructure,FR,lemmesAccessibilitéFR
w_FR_VS_2019_57920,FR_VS,VS,2019,57920,infrastructures,NOM,infrastructure,FR,lemmesAccessibilitéFR
w_FR_VS_2019_57995,FR_VS,VS,2019,57995,infrastructures,NOM,infrastructure,FR,lemmesAccessibilitéFR
w_FR_VS_2019_58382,FR_VS,VS,2019,58382,infrastructures,NOM,infrastructure,FR,lemmesAccessibilitéFR
w_FR_VS_2019_58532,FR_VS,VS,2019,58532,infrastructures,NOM,infrastructure,FR,lemmesAccessibilitéFR
w_FR_VS_2019_58545,FR_VS,VS,2019,58545,infrastructures,NOM,infrastructure,FR,lemmesAccessibilitéFR
w_FR_VS_2019_59852,FR_VS,VS,2019,59852,infrastructures,NOM,infrastructure,FR,lemmesAccessibilitéFR
w_FR_VS_2019_63527,FR_VS,VS,2019,63527,infrastructures,NOM,infrastructure,FR,lemmesAccessibilitéFR
w_FR_VS_2019_70651,FR_VS,VS,2019,70651,infrastructures,NOM,infrastructure,FR,lemmesAccessibilitéFR
w_FR_VS_2019_70806,FR_VS,VS,2019,70806,infrastructures,NOM,infrastructure,FR,lemmesAccessibilitéFR
w_FR_VS_2019_71117,FR_VS,VS,2019,71117,infrastructures,NOM,infrastructure,FR,lemmesAccessibilitéFR
w_FR_VS_2019_72466,FR_VS,VS,2019,72466,infrastructures,NOM,infrastructure,FR,lemmesAccessibilitéFR
w_FR_VS_2019_72747,FR_VS,VS,2019,72747,infrastructures,NOM,infrastructure,FR,lemmesAccessibilitéFR
w_FR_VS_2019_73551,FR_VS,VS,2019,73551,infrastructures,NOM,infrastructure,FR,lemmesAccessibilitéFR
w_FR_VS_2019_74131,FR_VS,VS,2019,74131,infrastructures,NOM,infrastructure,FR,lemmesAccessibilitéFR
w_FR_VS_2019_78126,FR_VS,VS,2019,78126,infrastructures,NOM,infrastructure,FR,lemmesAccessibilitéFR
w_FR_VS_2019_79459,FR_VS,VS,2019,79459,infrastructures,NOM,infrastructure,FR,lemmesAccessibilitéFR
w_FR_VS_2019_79917,FR_VS,VS,2019,79917,infrastructures,NOM,infrastructure,FR,lemmesAccessibilitéFR
w_FR_VS_2019_79952,FR_VS,VS,2019,79952,infrastructures,NOM,infrastructure,FR,lemmesAccessibilitéFR
w_FR_VS_2019_80223,FR_VS,VS,2019,80223,infrastructures,NOM,infrastructure,FR,lemmesAccessibilitéFR
w_FR_VS_2019_80663,FR_VS,VS,2019,80663,infrastructures,NOM,infrastructure,FR,lemmesAccessibilitéFR
w_FR_VS_2019_81263,FR_VS,VS,2019,81263,infrastructures,NOM,infrastructure,FR,lemmesAccessibilitéFR
w_FR_VS_2019_82676,FR_VS,VS,2019,82676,infrastructures,NOM,infrastructure,FR,lemmesAccessibilitéFR
w_FR_VS_2019_82722,FR_VS,VS,2019,82722,infrastructures,NOM,infrastructure,FR,lemmesAccessibilitéFR
w_FR_VS_2019_82878,FR_VS,VS,2019,82878,infrastructures,NOM,infrastructure,FR,lemmesAccessibilitéFR
w_FR_VS_2019_83067,FR_VS,VS,2019,83067,infrastructures,NOM,infrastructure,FR,lemmesAccessibilitéFR
w_FR_VS_2019_83139,FR_VS,VS,2019,83139,infrastructures,NOM,infrastructure,FR,lemmesAccessibilitéFR
w_FR_VS_2019_83373,FR_VS,VS,2019,83373,infrastructures,NOM,infrastructure,FR,lemmesAccessibilitéFR
w_FR_VS_2019_83415,FR_VS,VS,2019,83415,infrastructures,NOM,infrastructure,FR,lemmesAccessibilitéFR
w_FR_VS_2019_83496,FR_VS,VS,2019,83496,infrastructures,NOM,infrastructure,FR,lemmesAccessibilitéFR
w_FR_VS_2019_84027,FR_VS,VS,2019,84027,infrastructures,NOM,infrastructure,FR,lemmesAccessibilitéFR
w_FR_VS_2019_84594,FR_VS,VS,2019,84594,infrastructures,NOM,infrastructure,FR,lemmesAccessibilitéFR
w_FR_VS_2019_84648,FR_VS,VS,2019,84648,infrastructures,NOM,infrastructure,FR,lemmesAccessibilitéFR
w_FR_VS_2019_85161,FR_VS,VS,2019,85161,infrastructures,NOM,infrastructure,FR,lemmesAccessibilitéFR
w_FR_VS_2019_85209,FR_VS,VS,2019,85209,infrastructures,NOM,infrastructure,FR,lemmesAccessibilitéFR
w_FR_VS_2019_85564,FR_VS,VS,2019,85564,infrastructures,NOM,infrastructure,FR,lemmesAccessibilitéFR
w_FR_VS_2019_85898,FR_VS,VS,2019,85898,infrastructures,NOM,infrastructure,FR,lemmesAccessibilitéFR
w_FR_VS_2019_85990,FR_VS,VS,2019,85990,infrastructures,NOM,infrastructure,FR,lemmesAccessibilitéFR
w_FR_VS_2019_86025,FR_VS,VS,2019,86025,infrastructures,NOM,infrastructure,FR,lemmesAccessibilitéFR
w_FR_VS_2019_86847,FR_VS,VS,2019,86847,infrastructures,NOM,infrastructure,FR,lemmesAccessibilitéFR
w_FR_VS_2019_86870,FR_VS,VS,2019,86870,infrastructures,NOM,infrastructure,FR,lemmesAccessibilitéFR
w_FR_VS_2019_86900,FR_VS,VS,2019,86900,infrastructures,NOM,infrastructure,FR,lemmesAccessibilitéFR
w_FR_VS_2019_86924,FR_VS,VS,2019,86924,infrastructures,NOM,infrastructure,FR,lemmesAccessibilitéFR
w_FR_VS_2019_86954,FR_VS,VS,2019,86954,infrastructures,NOM,infrastructure,FR,lemmesAccessibilitéFR
w_FR_VS_2019_87210,FR_VS,VS,2019,87210,infrastructures,NOM,infrastructure,FR,lemmesAccessibilitéFR
w_FR_VS_2019_87323,FR_VS,VS,2019,87323,infrastructures,NOM,infrastructure,FR,lemmesAccessibilitéFR
w_FR_VS_2019_87520,FR_VS,VS,2019,87520,infrastructures,NOM,infrastructure,FR,lemmesAccessibilitéFR
w_FR_VS_2019_87693,FR_VS,VS,2019,87693,infrastructures,NOM,infrastructure,FR,lemmesAccessibilitéFR
w_FR_VS_2019_87972,FR_VS,VS,2019,87972,infrastructures,NOM,infrastructure,FR,lemmesAccessibilitéFR
w_FR_VS_2019_88231,FR_VS,VS,2019,88231,Infrastructures,NOM,infrastructure,FR,lemmesAccessibilitéFR
w_FR_VS_2019_88609,FR_VS,VS,2019,88609,infrastructure,NOM,infrastructure,FR,lemmesAccessibilitéFR
w_FR_VS_2019_88825,FR_VS,VS,2019,88825,infrastructures,NOM,infrastructure,FR,lemmesAccessibilitéFR
w_FR_VS_2019_89055,FR_VS,VS,2019,89055,infrastructures,NOM,infrastructure,FR,lemmesAccessibilitéFR
w_FR_VS_2019_89100,FR_VS,VS,2019,89100,infrastructures,NOM,infrastructure,FR,lemmesAccessibilitéFR
w_FR_VS_2019_89635,FR_VS,VS,2019,89635,infrastructures,NOM,infrastructure,FR,lemmesAccessibilitéFR
w_FR_VS_2019_89887,FR_VS,VS,2019,89887,infrastructures,NOM,infrastructure,FR,lemmesAccessibilitéFR
w_FR_VS_2019_89969,FR_VS,VS,2019,89969,infrastructures,NOM,infrastructure,FR,lemmesAccessibilitéFR
w_FR_VS_2019_90021,FR_VS,VS,2019,90021,infrastructure,NOM,infrastructure,FR,lemmesAccessibilitéFR
w_FR_VS_2019_90657,FR_VS,VS,2019,90657,infrastructures,NOM,infrastructure,FR,lemmesAccessibilitéFR
w_FR_VS_2019_91029,FR_VS,VS,2019,91029,infrastructure,NOM,infrastructure,FR,lemmesAccessibilitéFR
w_FR_VS_2019_91421,FR_VS,VS,2019,91421,infrastructures,NOM,infrastructure,FR,lemmesAccessibilitéFR
w_FR_VS_2019_91832,FR_VS,VS,2019,91832,infrastructures,NOM,infrastructure,FR,lemmesAccessibilitéFR
w_FR_VS_2019_91892,FR_VS,VS,2019,91892,infrastructures,NOM,infrastructure,FR,lemmesAccessibilitéFR
w_FR_VS_2019_92785,FR_VS,VS,2019,92785,infrastructure,NOM,infrastructure,FR,lemmesAccessibilitéFR
w_FR_VS_2019_93391,FR_VS,VS,2019,93391,infrastructures,NOM,infrastructure,FR,lemmesAccessibilitéFR
w_FR_VS_2019_93590,FR_VS,VS,2019,93590,infrastructures,NOM,infrastructure,FR,lemmesAccessibilitéFR
w_FR_VS_2019_96024,FR_VS,VS,2019,96024,infrastructures,NOM,infrastructure,FR,lemmesAccessibilitéFR
w_FR_VS_2019_96072,FR_VS,VS,2019,96072,infrastructure,NOM,infrastructure,FR,lemmesAccessibilitéFR
w_FR_VS_2019_96157,FR_VS,VS,2019,96157,infrastructure,NOM,infrastructure,FR,lemmesAccessibilitéFR
w_FR_VS_2019_96179,FR_VS,VS,2019,96179,infrastructure,NOM,infrastructure,FR,lemmesAccessibilitéFR
w_FR_VS_2019_96674,FR_VS,VS,2019,96674,infrastructures,NOM,infrastructure,FR,lemmesAccessibilitéFR
w_FR_VS_2019_96905,FR_VS,VS,2019,96905,infrastructures,NOM,infrastructure,FR,lemmesAccessibilitéFR
w_FR_VS_2019_97054,FR_VS,VS,2019,97054,infrastructures,NOM,infrastructure,FR,lemmesAccessibilitéFR
w_FR_VS_2019_97093,FR_VS,VS,2019,97093,infrastructures,NOM,infrastructure,FR,lemmesAccessibilitéFR
w_FR_VS_2019_97331,FR_VS,VS,2019,97331,infrastructure,NOM,infrastructure,FR,lemmesAccessibilitéFR
w_FR_VS_2019_97461,FR_VS,VS,2019,97461,Infrastructure,NOM,infrastructure,FR,lemmesAccessibilitéFR
w_FR_VS_2019_98113,FR_VS,VS,2019,98113,infrastructure,NOM,infrastructure,FR,lemmesAccessibilitéFR
w_FR_VS_2019_98446,FR_VS,VS,2019,98446,infrastructures,NOM,infrastructure,FR,lemmesAccessibilitéFR
w_FR_VS_2019_98502,FR_VS,VS,2019,98502,infrastructures,NOM,infrastructure,FR,lemmesAccessibilitéFR
w_FR_VS_2019_98553,FR_VS,VS,2019,98553,infrastructures,NOM,infrastructure,FR,lemmesAccessibilitéFR
w_FR_VS_2019_98873,FR_VS,VS,2019,98873,infrastructures,NOM,infrastructure,FR,lemmesAccessibilitéFR
w_FR_VS_2019_99097,FR_VS,VS,2019,99097,infrastructures,NOM,infrastructure,FR,lemmesAccessibilitéFR
w_FR_VS_2019_99431,FR_VS,VS,2019,99431,infrastructures,NOM,infrastructure,FR,lemmesAccessibilitéFR
w_FR_VS_2019_99708,FR_VS,VS,2019,99708,infrastructures,NOM,infrastructure,FR,lemmesAccessibilitéFR
w_FR_VS_2019_99828,FR_VS,VS,2019,99828,infrastructure,NOM,infrastructure,FR,lemmesAccessibilitéFR
w_FR_VS_2019_99958,FR_VS,VS,2019,99958,Infrastructure,NOM,infrastructure,FR,lemmesAccessibilitéFR
w_FR_VS_2019_100151,FR_VS,VS,2019,100151,Infrastructure,NOM,infrastructure,FR,lemmesAccessibilitéFR
w_FR_VS_2019_100707,FR_VS,VS,2019,100707,infrastructures,NOM,infrastructure,FR,lemmesAccessibilitéFR
w_FR_VS_2019_101056,FR_VS,VS,2019,101056,infrastructures,NOM,infrastructure,FR,lemmesAccessibilitéFR
w_FR_VS_2019_101157,FR_VS,VS,2019,101157,infrastructures,NOM,infrastructure,FR,lemmesAccessibilitéFR
w_FR_VS_2019_101414,FR_VS,VS,2019,101414,infrastructures,NOM,infrastructure,FR,lemmesAccessibilitéFR
w_FR_VS_2019_101470,FR_VS,VS,2019,101470,infrastructures,NOM,infrastructure,FR,lemmesAccessibilitéFR
w_FR_VS_2019_101649,FR_VS,VS,2019,101649,infrastructures,NOM,infrastructure,FR,lemmesAccessibilitéFR
w_FR_VS_2019_101737,FR_VS,VS,2019,101737,Infrastructures,NOM,infrastructure,FR,lemmesAccessibilitéFR
w_FR_VS_2019_102296,FR_VS,VS,2019,102296,Infrastructures,NOM,infrastructure,FR,lemmesAccessibilitéFR
w_FR_VS_2019_102659,FR_VS,VS,2019,102659,infrastructures,NOM,infrastructure,FR,lemmesAccessibilitéFR
w_FR_VS_2019_102695,FR_VS,VS,2019,102695,infrastructure,NOM,infrastructure,FR,lemmesAccessibilitéFR
w_FR_VS_2019_102762,FR_VS,VS,2019,102762,infrastructures,NOM,infrastructure,FR,lemmesAccessibilitéFR
w_FR_VS_2019_102947,FR_VS,VS,2019,102947,Infrastructures,NOM,infrastructure,FR,lemmesAccessibilitéFR
w_FR_VS_2019_103517,FR_VS,VS,2019,103517,Infrastructures,NOM,infrastructure,FR,lemmesAccessibilitéFR
w_FR_VS_2019_103609,FR_VS,VS,2019,103609,Infrastructures,NOM,infrastructure,FR,lemmesAccessibilitéFR
w_FR_VS_2019_103757,FR_VS,VS,2019,103757,Infrastructures,NOM,infrastructure,FR,lemmesAccessibilitéFR
w_FR_VS_2019_103782,FR_VS,VS,2019,103782,Infrastructures,NOM,infrastructure,FR,lemmesAccessibilitéFR
w_FR_VS_2019_104040,FR_VS,VS,2019,104040,infrastructures,NOM,infrastructure,FR,lemmesAccessibilitéFR
w_FR_VS_2019_104131,FR_VS,VS,2019,104131,infrastructures,NOM,infrastructure,FR,lemmesAccessibilitéFR
w_FR_VS_2019_104303,FR_VS,VS,2019,104303,Infrastructures,NOM,infrastructure,FR,lemmesAccessibilitéFR
w_FR_VS_2019_104336,FR_VS,VS,2019,104336,infrastructure,NOM,infrastructure,FR,lemmesAccessibilitéFR
w_FR_VS_2019_104406,FR_VS,VS,2019,104406,infrastructures,NOM,infrastructure,FR,lemmesAccessibilitéFR
w_FR_VS_2019_104552,FR_VS,VS,2019,104552,infrastructures,NOM,infrastructure,FR,lemmesAccessibilitéFR
w_FR_VS_2019_104788,FR_VS,VS,2019,104788,Infrastructures,NOM,infrastructure,FR,lemmesAccessibilitéFR
w_FR_VS_2019_104832,FR_VS,VS,2019,104832,Infrastructures,NOM,infrastructure,FR,lemmesAccessibilitéFR
w_FR_VS_2019_104906,FR_VS,VS,2019,104906,Infrastructures,NOM,infrastructure,FR,lemmesAccessibilitéFR
w_FR_VS_2019_105023,FR_VS,VS,2019,105023,infrastructures,NOM,infrastructure,FR,lemmesAccessibilitéFR
w_FR_VS_2019_105097,FR_VS,VS,2019,105097,infrastructures,NOM,infrastructure,FR,lemmesAccessibilitéFR
w_FR_VS_2019_105210,FR_VS,VS,2019,105210,infrastructure,NOM,infrastructure,FR,lemmesAccessibilitéFR
w_FR_VS_2019_105280,FR_VS,VS,2019,105280,infrastructure,NOM,infrastructure,FR,lemmesAccessibilitéFR
w_FR_VS_2019_105304,FR_VS,VS,2019,105304,infrastructures,NOM,infrastructure,FR,lemmesAccessibilitéFR
w_FR_VS_2019_105338,FR_VS,VS,2019,105338,infrastructure,NOM,infrastructure,FR,lemmesAccessibilitéFR
w_FR_VS_2019_105347,FR_VS,VS,2019,105347,infrastructure,NOM,infrastructure,FR,lemmesAccessibilitéFR
w_FR_VS_2019_105457,FR_VS,VS,2019,105457,infrastructure,NOM,infrastructure,FR,lemmesAccessibilitéFR
w_FR_VS_2019_105566,FR_VS,VS,2019,105566,Infrastructures,NOM,infrastructure,FR,lemmesAccessibilitéFR
w_FR_VS_2019_105953,FR_VS,VS,2019,105953,infrastructure,NOM,infrastructure,FR,lemmesAccessibilitéFR
w_FR_VS_2019_105965,FR_VS,VS,2019,105965,Infrastructures,NOM,infrastructure,FR,lemmesAccessibilitéFR
w_FR_VS_2019_105981,FR_VS,VS,2019,105981,Infrastructures,NOM,infrastructure,FR,lemmesAccessibilitéFR
w_FR_VS_2019_106167,FR_VS,VS,2019,106167,infrastructure,NOM,infrastructure,FR,lemmesAccessibilitéFR
w_FR_VS_2019_106280,FR_VS,VS,2019,106280,infrastructure,NOM,infrastructure,FR,lemmesAccessibilitéFR
w_FR_VS_2019_106392,FR_VS,VS,2019,106392,infrastructure,NOM,infrastructure,FR,lemmesAccessibilitéFR
w_FR_VS_2019_106551,FR_VS,VS,2019,106551,infrastructures,NOM,infrastructure,FR,lemmesAccessibilitéFR
w_FR_VS_2019_106605,FR_VS,VS,2019,106605,Infrastructures,NOM,infrastructure,FR,lemmesAccessibilitéFR
w_FR_VS_2019_107022,FR_VS,VS,2019,107022,infrastructure,NOM,infrastructure,FR,lemmesAccessibilitéFR
w_FR_VS_2019_107066,FR_VS,VS,2019,107066,infrastructure,NOM,infrastructure,FR,lemmesAccessibilitéFR
w_FR_VS_2019_107111,FR_VS,VS,2019,107111,infrastructures,NOM,infrastructure,FR,lemmesAccessibilitéFR
w_FR_VS_2019_107170,FR_VS,VS,2019,107170,infrastructure,NOM,infrastructure,FR,lemmesAccessibilitéFR
w_FR_VS_2019_107259,FR_VS,VS,2019,107259,Infrastructures,NOM,infrastructure,FR,lemmesAccessibilitéFR
w_FR_VS_2019_107265,FR_VS,VS,2019,107265,infrastructures,NOM,infrastructure,FR,lemmesAccessibilitéFR
w_FR_VS_2019_107279,FR_VS,VS,2019,107279,Infrastructures,NOM,infrastructure,FR,lemmesAccessibilitéFR
w_FR_VS_2019_109764,FR_VS,VS,2019,109764,infrastructures,NOM,infrastructure,FR,lemmesAccessibilitéFR
w_FR_VS_2019_110155,FR_VS,VS,2019,110155,infrastructures,NOM,infrastructure,FR,lemmesAccessibilitéFR
w_FR_VS_2019_110160,FR_VS,VS,2019,110160,infrastructures,NOM,infrastructure,FR,lemmesAccessibilitéFR
w_FR_VS_2019_110563,FR_VS,VS,2019,110563,infrastructures,NOM,infrastructure,FR,lemmesAccessibilitéFR
w_FR_VS_2019_111657,FR_VS,VS,2019,111657,infrastructures,NOM,infrastructure,FR,lemmesAccessibilitéFR
w_FR_VS_2019_112222,FR_VS,VS,2019,112222,infrastructures,NOM,infrastructure,FR,lemmesAccessibilitéFR
w_FR_VS_2019_112457,FR_VS,VS,2019,112457,infrastructures,NOM,infrastructure,FR,lemmesAccessibilitéFR
w_FR_VS_2019_112470,FR_VS,VS,2019,112470,infrastructure,NOM,infrastructure,FR,lemmesAccessibilitéFR
w_FR_VS_2019_112534,FR_VS,VS,2019,112534,infrastructures,NOM,infrastructure,FR,lemmesAccessibilitéFR
w_FR_VS_2019_112573,FR_VS,VS,2019,112573,infrastructures,NOM,infrastructure,FR,lemmesAccessibilitéFR
w_FR_VS_2019_112941,FR_VS,VS,2019,112941,infrastructures,NOM,infrastructure,FR,lemmesAccessibilitéFR
w_FR_VS_2019_112946,FR_VS,VS,2019,112946,infrastructures,NOM,infrastructure,FR,lemmesAccessibilitéFR
w_FR_VS_2019_113755,FR_VS,VS,2019,113755,infrastructures,NOM,infrastructure,FR,lemmesAccessibilitéFR
w_FR_VS_2019_114476,FR_VS,VS,2019,114476,infrastructures,NOM,infrastructure,FR,lemmesAccessibilitéFR
w_FR_VS_2019_114615,FR_VS,VS,2019,114615,infrastructures,NOM,infrastructure,FR,lemmesAccessibilitéFR
w_FR_VS_2019_115602,FR_VS,VS,2019,115602,infrastructures,NOM,infrastructure,FR,lemmesAccessibilitéFR
w_FR_VS_2019_115607,FR_VS,VS,2019,115607,infrastructures,NOM,infrastructure,FR,lemmesAccessibilitéFR
w_FR_VS_2019_116554,FR_VS,VS,2019,116554,infrastructures,NOM,infrastructure,FR,lemmesAccessibilitéFR
w_FR_VS_2019_118952,FR_VS,VS,2019,118952,infrastructures,NOM,infrastructure,FR,lemmesAccessibilitéFR
w_FR_VS_2019_118957,FR_VS,VS,2019,118957,infrastructures,NOM,infrastructure,FR,lemmesAccessibilitéFR
w_FR_VS_2019_119538,FR_VS,VS,2019,119538,infrastructures,NOM,infrastructure,FR,lemmesAccessibilitéFR
w_FR_VS_2019_119777,FR_VS,VS,2019,119777,infrastructures,NOM,infrastructure,FR,lemmesAccessibilitéFR
w_FR_VS_2019_119815,FR_VS,VS,2019,119815,infrastructures,NOM,infrastructure,FR,lemmesAccessibilitéFR
w_FR_VS_2019_119847,FR_VS,VS,2019,119847,infrastructures,NOM,infrastructure,FR,lemmesAccessibilitéFR
w_FR_VS_2019_120274,FR_VS,VS,2019,120274,infrastructures,NOM,infrastructure,FR,lemmesAccessibilitéFR
w_FR_VS_2019_120440,FR_VS,VS,2019,120440,infrastructures,NOM,infrastructure,FR,lemmesAccessibilitéFR
w_FR_VS_2019_121772,FR_VS,VS,2019,121772,infrastructures,NOM,infrastructure,FR,lemmesAccessibilitéFR
w_FR_VS_2019_121777,FR_VS,VS,2019,121777,infrastructures,NOM,infrastructure,FR,lemmesAccessibilitéFR
w_FR_VS_2019_123043,FR_VS,VS,2019,123043,infrastructures,NOM,infrastructure,FR,lemmesAccessibilitéFR
w_FR_VS_2019_124476,FR_VS,VS,2019,124476,infrastructures,NOM,infrastructure,FR,lemmesAccessibilitéFR
w_FR_VS_2019_124481,FR_VS,VS,2019,124481,infrastructures,NOM,infrastructure,FR,lemmesAccessibilitéFR
w_FR_VS_2019_124886,FR_VS,VS,2019,124886,Infrastructures,NOM,infrastructure,FR,lemmesAccessibilitéFR
w_FR_VS_2019_125850,FR_VS,VS,2019,125850,infrastructure,NOM,infrastructure,FR,lemmesAccessibilitéFR
w_FR_VS_2019_125902,FR_VS,VS,2019,125902,infrastructure,NOM,infrastructure,FR,lemmesAccessibilitéFR
w_FR_VS_2019_126853,FR_VS,VS,2019,126853,infrastructures,NOM,infrastructure,FR,lemmesAccessibilitéFR
w_FR_VS_2019_127106,FR_VS,VS,2019,127106,infrastructures,NOM,infrastructure,FR,lemmesAccessibilitéFR
w_FR_VS_2019_127330,FR_VS,VS,2019,127330,Infrastructure,NOM,infrastructure,FR,lemmesAccessibilitéFR
w_FR_VS_2019_127780,FR_VS,VS,2019,127780,infrastructures,NOM,infrastructure,FR,lemmesAccessibilitéFR
w_FR_VS_2019_127785,FR_VS,VS,2019,127785,infrastructures,NOM,infrastructure,FR,lemmesAccessibilitéFR
w_FR_VS_2019_127906,FR_VS,VS,2019,127906,infrastructures,NOM,infrastructure,FR,lemmesAccessibilitéFR
w_FR_VS_2019_127932,FR_VS,VS,2019,127932,infrastructures,NOM,infrastructure,FR,lemmesAccessibilitéFR
w_FR_VS_2019_129918,FR_VS,VS,2019,129918,infrastructure,NOM,infrastructure,FR,lemmesAccessibilitéFR
w_FR_VS_2019_130476,FR_VS,VS,2019,130476,infrastructures,NOM,infrastructure,FR,lemmesAccessibilitéFR
w_FR_VS_2019_130481,FR_VS,VS,2019,130481,infrastructures,NOM,infrastructure,FR,lemmesAccessibilitéFR
w_FR_VS_2019_132488,FR_VS,VS,2019,132488,infrastructure,NOM,infrastructure,FR,lemmesAccessibilitéFR
w_FR_BE_2008_1375,FR_BE,BE,2008,1375,Infrastructures,NOM,infrastructure,FR,lemmesAccessibilitéFR
w_FR_BE_2008_9745,FR_BE,BE,2008,9745,infrastructures,NOM,infrastructure,FR,lemmesAccessibilitéFR
w_FR_BE_2008_9771,FR_BE,BE,2008,9771,infrastructures,NOM,infrastructure,FR,lemmesAccessibilitéFR
w_FR_BE_2008_10105,FR_BE,BE,2008,10105,infrastructures,NOM,infrastructure,FR,lemmesAccessibilitéFR
w_FR_BE_2008_11248,FR_BE,BE,2008,11248,infrastructures,NOM,infrastructure,FR,lemmesAccessibilitéFR
w_FR_BE_2008_16066,FR_BE,BE,2008,16066,infrastructures,NOM,infrastructure,FR,lemmesAccessibilitéFR
w_FR_BE_2008_16918,FR_BE,BE,2008,16918,infrastructure,NOM,infrastructure,FR,lemmesAccessibilitéFR
w_FR_BE_2008_16938,FR_BE,BE,2008,16938,infrastructure,NOM,infrastructure,FR,lemmesAccessibilitéFR
w_FR_BE_2008_16993,FR_BE,BE,2008,16993,infrastructures,NOM,infrastructure,FR,lemmesAccessibilitéFR
w_FR_BE_2008_17517,FR_BE,BE,2008,17517,infrastructure,NOM,infrastructure,FR,lemmesAccessibilitéFR
w_FR_BE_2008_17558,FR_BE,BE,2008,17558,infrastructures,NOM,infrastructure,FR,lemmesAccessibilitéFR
w_FR_BE_2008_17652,FR_BE,BE,2008,17652,infrastructures,NOM,infrastructure,FR,lemmesAccessibilitéFR
w_FR_BE_2008_17807,FR_BE,BE,2008,17807,infrastructures,NOM,infrastructure,FR,lemmesAccessibilitéFR
w_FR_BE_2008_17856,FR_BE,BE,2008,17856,infrastructures,NOM,infrastructure,FR,lemmesAccessibilitéFR
w_FR_BE_2008_17861,FR_BE,BE,2008,17861,infrastructures,NOM,infrastructure,FR,lemmesAccessibilitéFR
w_FR_BE_2008_18591,FR_BE,BE,2008,18591,infrastructures,NOM,infrastructure,FR,lemmesAccessibilitéFR
w_FR_BE_2008_19995,FR_BE,BE,2008,19995,infrastructures,NOM,infrastructure,FR,lemmesAccessibilitéFR
w_FR_BE_2008_20214,FR_BE,BE,2008,20214,infrastructures,NOM,infrastructure,FR,lemmesAccessibilitéFR
w_FR_BE_2008_20426,FR_BE,BE,2008,20426,infrastructure,NOM,infrastructure,FR,lemmesAccessibilitéFR
w_FR_BE_2008_21218,FR_BE,BE,2008,21218,infrastructures,NOM,infrastructure,FR,lemmesAccessibilitéFR
w_FR_BE_2008_21494,FR_BE,BE,2008,21494,infrastructures,NOM,infrastructure,FR,lemmesAccessibilitéFR
w_FR_BE_2008_22021,FR_BE,BE,2008,22021,infrastructure,NOM,infrastructure,FR,lemmesAccessibilitéFR
w_FR_BE_2008_22029,FR_BE,BE,2008,22029,infrastructures,NOM,infrastructure,FR,lemmesAccessibilitéFR
w_FR_BE_2008_22036,FR_BE,BE,2008,22036,infrastructure,NOM,infrastructure,FR,lemmesAccessibilitéFR
w_FR_BE_2008_22257,FR_BE,BE,2008,22257,infrastructure,NOM,infrastructure,FR,lemmesAccessibilitéFR
w_FR_BE_2008_23403,FR_BE,BE,2008,23403,infrastructures,NOM,infrastructure,FR,lemmesAccessibilitéFR
w_FR_BE_2008_23412,FR_BE,BE,2008,23412,infrastructures,NOM,infrastructure,FR,lemmesAccessibilitéFR
w_FR_BE_2008_23970,FR_BE,BE,2008,23970,infrastructures,NOM,infrastructure,FR,lemmesAccessibilitéFR
w_FR_BE_2008_24204,FR_BE,BE,2008,24204,infrastructure,NOM,infrastructure,FR,lemmesAccessibilitéFR
w_FR_BE_2008_24578,FR_BE,BE,2008,24578,infrastructures,NOM,infrastructure,FR,lemmesAccessibilitéFR
w_FR_BE_2008_27600,FR_BE,BE,2008,27600,infrastructure,NOM,infrastructure,FR,lemmesAccessibilitéFR
w_FR_BE_2008_28374,FR_BE,BE,2008,28374,infrastructures,NOM,infrastructure,FR,lemmesAccessibilitéFR
w_FR_BE_2008_28390,FR_BE,BE,2008,28390,infrastructures,NOM,infrastructure,FR,lemmesAccessibilitéFR
w_FR_BE_2008_28488,FR_BE,BE,2008,28488,infrastructures,NOM,infrastructure,FR,lemmesAccessibilitéFR
w_FR_BE_2008_28672,FR_BE,BE,2008,28672,infrastructures,NOM,infrastructure,FR,lemmesAccessibilitéFR
w_FR_BE_2008_29283,FR_BE,BE,2008,29283,infrastructures,NOM,infrastructure,FR,lemmesAccessibilitéFR
w_FR_BE_2008_29429,FR_BE,BE,2008,29429,infrastructures,NOM,infrastructure,FR,lemmesAccessibilitéFR
w_FR_BE_2008_29573,FR_BE,BE,2008,29573,infrastructures,NOM,infrastructure,FR,lemmesAccessibilitéFR
w_FR_BE_2008_29592,FR_BE,BE,2008,29592,infrastructure,NOM,infrastructure,FR,lemmesAccessibilitéFR
w_FR_BE_2008_29649,FR_BE,BE,2008,29649,infrastructures,NOM,infrastructure,FR,lemmesAccessibilitéFR
w_FR_BE_2008_29671,FR_BE,BE,2008,29671,infrastructure,NOM,infrastructure,FR,lemmesAccessibilitéFR
w_FR_BE_2008_30697,FR_BE,BE,2008,30697,infrastructure,NOM,infrastructure,FR,lemmesAccessibilitéFR
w_FR_BE_2008_32107,FR_BE,BE,2008,32107,infrastructures,NOM,infrastructure,FR,lemmesAccessibilitéFR
w_FR_BE_2008_32256,FR_BE,BE,2008,32256,Infrastructures,NOM,infrastructure,FR,lemmesAccessibilitéFR
w_FR_BE_2008_32275,FR_BE,BE,2008,32275,infrastructures,NOM,infrastructure,FR,lemmesAccessibilitéFR
w_FR_BE_2008_32361,FR_BE,BE,2008,32361,infrastructures,NOM,infrastructure,FR,lemmesAccessibilitéFR
w_FR_BE_2008_32637,FR_BE,BE,2008,32637,infrastructures,NOM,infrastructure,FR,lemmesAccessibilitéFR
w_FR_BE_2008_32711,FR_BE,BE,2008,32711,infrastructure,NOM,infrastructure,FR,lemmesAccessibilitéFR
w_FR_BE_2008_33171,FR_BE,BE,2008,33171,infrastructure,NOM,infrastructure,FR,lemmesAccessibilitéFR
w_FR_BE_2008_33479,FR_BE,BE,2008,33479,infrastructures,NOM,infrastructure,FR,lemmesAccessibilitéFR
w_FR_BE_2008_33874,FR_BE,BE,2008,33874,infrastructures,NOM,infrastructure,FR,lemmesAccessibilitéFR
w_FR_BE_2008_34027,FR_BE,BE,2008,34027,infrastructure,NOM,infrastructure,FR,lemmesAccessibilitéFR
w_FR_BE_2008_34483,FR_BE,BE,2008,34483,infrastructures,NOM,infrastructure,FR,lemmesAccessibilitéFR
w_FR_BE_2008_38489,FR_BE,BE,2008,38489,infrastructures,NOM,infrastructure,FR,lemmesAccessibilitéFR
w_FR_BE_2008_38504,FR_BE,BE,2008,38504,infrastructures,NOM,infrastructure,FR,lemmesAccessibilitéFR
w_FR_BE_2008_39026,FR_BE,BE,2008,39026,infrastructures,NOM,infrastructure,FR,lemmesAccessibilitéFR
w_FR_BE_2008_42673,FR_BE,BE,2008,42673,infrastructures,NOM,infrastructure,FR,lemmesAccessibilitéFR
w_FR_BE_2008_42793,FR_BE,BE,2008,42793,infrastructures,NOM,infrastructure,FR,lemmesAccessibilitéFR
w_FR_BE_2008_45379,FR_BE,BE,2008,45379,infrastructure,NOM,infrastructure,FR,lemmesAccessibilitéFR
w_FR_BE_2008_47991,FR_BE,BE,2008,47991,infrastructures,NOM,infrastructure,FR,lemmesAccessibilitéFR
w_FR_BE_2008_48026,FR_BE,BE,2008,48026,infrastructure,NOM,infrastructure,FR,lemmesAccessibilitéFR
w_FR_BE_2008_54548,FR_BE,BE,2008,54548,infrastructures,NOM,infrastructure,FR,lemmesAccessibilitéFR
w_FR_BE_2008_55133,FR_BE,BE,2008,55133,infrastructures,NOM,infrastructure,FR,lemmesAccessibilitéFR
w_FR_BE_2008_55889,FR_BE,BE,2008,55889,infrastructures,NOM,infrastructure,FR,lemmesAccessibilitéFR
w_FR_BE_2008_56405,FR_BE,BE,2008,56405,infrastructures,NOM,infrastructure,FR,lemmesAccessibilitéFR
w_FR_BE_2008_56432,FR_BE,BE,2008,56432,infrastructures,NOM,infrastructure,FR,lemmesAccessibilitéFR
w_FR_BE_2008_56533,FR_BE,BE,2008,56533,infrastructure,NOM,infrastructure,FR,lemmesAccessibilitéFR
w_FR_BE_2008_56558,FR_BE,BE,2008,56558,infrastructure,NOM,infrastructure,FR,lemmesAccessibilitéFR
w_FR_BE_2008_56672,FR_BE,BE,2008,56672,infrastructure,NOM,infrastructure,FR,lemmesAccessibilitéFR
w_FR_BE_2008_57459,FR_BE,BE,2008,57459,infrastructures,NOM,infrastructure,FR,lemmesAccessibilitéFR
w_FR_BE_2008_57585,FR_BE,BE,2008,57585,infrastructures,NOM,infrastructure,FR,lemmesAccessibilitéFR
w_FR_BE_2008_57644,FR_BE,BE,2008,57644,infrastructures,NOM,infrastructure,FR,lemmesAccessibilitéFR
w_FR_BE_2008_58030,FR_BE,BE,2008,58030,Infrastructure,NOM,infrastructure,FR,lemmesAccessibilitéFR
w_FR_BE_2008_58293,FR_BE,BE,2008,58293,Infrastructure,NOM,infrastructure,FR,lemmesAccessibilitéFR
w_FR_BE_2008_58691,FR_BE,BE,2008,58691,infrastructures,NOM,infrastructure,FR,lemmesAccessibilitéFR
w_FR_BE_2008_58793,FR_BE,BE,2008,58793,infrastructures,NOM,infrastructure,FR,lemmesAccessibilitéFR
w_FR_BE_2008_58807,FR_BE,BE,2008,58807,infrastructures,NOM,infrastructure,FR,lemmesAccessibilitéFR
w_FR_BE_2008_62592,FR_BE,BE,2008,62592,infrastructures,NOM,infrastructure,FR,lemmesAccessibilitéFR
w_FR_BE_2008_62921,FR_BE,BE,2008,62921,Infrastructures,NOM,infrastructure,FR,lemmesAccessibilitéFR
w_FR_BE_2008_62932,FR_BE,BE,2008,62932,infrastructures,NOM,infrastructure,FR,lemmesAccessibilitéFR
w_FR_BE_2008_62988,FR_BE,BE,2008,62988,infrastructures,NOM,infrastructure,FR,lemmesAccessibilitéFR
w_FR_BE_2008_64708,FR_BE,BE,2008,64708,infrastructures,NOM,infrastructure,FR,lemmesAccessibilitéFR
w_FR_BE_2008_67724,FR_BE,BE,2008,67724,infrastructures,NOM,infrastructure,FR,lemmesAccessibilitéFR
w_FR_BE_2008_70541,FR_BE,BE,2008,70541,infrastructures,NOM,infrastructure,FR,lemmesAccessibilitéFR
w_FR_BE_2008_74547,FR_BE,BE,2008,74547,infrastructures,NOM,infrastructure,FR,lemmesAccessibilitéFR
w_FR_BE_2008_74623,FR_BE,BE,2008,74623,infrastructures,NOM,infrastructure,FR,lemmesAccessibilitéFR
w_FR_BE_2008_76147,FR_BE,BE,2008,76147,infrastructures,NOM,infrastructure,FR,lemmesAccessibilitéFR
w_FR_BE_2008_76341,FR_BE,BE,2008,76341,infrastructures,NOM,infrastructure,FR,lemmesAccessibilitéFR
w_FR_BE_2008_76464,FR_BE,BE,2008,76464,infrastructures,NOM,infrastructure,FR,lemmesAccessibilitéFR
w_FR_BE_2008_78422,FR_BE,BE,2008,78422,infrastructures,NOM,infrastructure,FR,lemmesAccessibilitéFR
w_FR_BE_2008_91547,FR_BE,BE,2008,91547,infrastructures,NOM,infrastructure,FR,lemmesAccessibilitéFR
w_FR_BE_2008_93324,FR_BE,BE,2008,93324,infrastructure,NOM,infrastructure,FR,lemmesAccessibilitéFR
w_FR_BE_2008_93358,FR_BE,BE,2008,93358,infrastructure,NOM,infrastructure,FR,lemmesAccessibilitéFR
w_FR_BE_2008_93565,FR_BE,BE,2008,93565,infrastructure,NOM,infrastructure,FR,lemmesAccessibilitéFR
w_FR_BE_2008_93599,FR_BE,BE,2008,93599,infrastructure,NOM,infrastructure,FR,lemmesAccessibilitéFR
w_FR_BE_2008_93724,FR_BE,BE,2008,93724,infrastructure,NOM,infrastructure,FR,lemmesAccessibilitéFR
w_FR_BE_2008_93758,FR_BE,BE,2008,93758,infrastructure,NOM,infrastructure,FR,lemmesAccessibilitéFR
w_FR_BE_2008_94025,FR_BE,BE,2008,94025,infrastructure,NOM,infrastructure,FR,lemmesAccessibilitéFR
w_FR_BE_2008_94059,FR_BE,BE,2008,94059,infrastructure,NOM,infrastructure,FR,lemmesAccessibilitéFR
w_FR_BE_2008_94207,FR_BE,BE,2008,94207,infrastructure,NOM,infrastructure,FR,lemmesAccessibilitéFR
w_FR_BE_2008_94249,FR_BE,BE,2008,94249,infrastructure,NOM,infrastructure,FR,lemmesAccessibilitéFR
w_FR_VD_2008_358,FR_VD,VD,2008,358,INFRASTRUCTURES,NOM,infrastructure,FR,lemmesAccessibilitéFR
w_FR_VD_2008_472,FR_VD,VD,2008,472,INFRASTRUCTURES,NOM,infrastructure,FR,lemmesAccessibilitéFR
w_FR_VD_2008_1909,FR_VD,VD,2008,1909,infrastructures,NOM,infrastructure,FR,lemmesAccessibilitéFR
w_FR_VD_2008_2757,FR_VD,VD,2008,2757,infrastructures,NOM,infrastructure,FR,lemmesAccessibilitéFR
w_FR_VD_2008_4632,FR_VD,VD,2008,4632,infrastructures,NOM,infrastructure,FR,lemmesAccessibilitéFR
w_FR_VD_2008_4814,FR_VD,VD,2008,4814,infrastructures,NOM,infrastructure,FR,lemmesAccessibilitéFR
w_FR_VD_2008_6740,FR_VD,VD,2008,6740,infrastructures,NOM,infrastructure,FR,lemmesAccessibilitéFR
w_FR_VD_2008_7643,FR_VD,VD,2008,7643,infrastructures,NOM,infrastructure,FR,lemmesAccessibilitéFR
w_FR_VD_2008_8388,FR_VD,VD,2008,8388,Infrastructures,NOM,infrastructure,FR,lemmesAccessibilitéFR
w_FR_VD_2008_8506,FR_VD,VD,2008,8506,infrastructures,NOM,infrastructure,FR,lemmesAccessibilitéFR
w_FR_VD_2008_9358,FR_VD,VD,2008,9358,infrastructures,NOM,infrastructure,FR,lemmesAccessibilitéFR
w_FR_VD_2008_10438,FR_VD,VD,2008,10438,infrastructures,NOM,infrastructure,FR,lemmesAccessibilitéFR
w_FR_VD_2008_11108,FR_VD,VD,2008,11108,infrastructures,NOM,infrastructure,FR,lemmesAccessibilitéFR
w_FR_VD_2008_11235,FR_VD,VD,2008,11235,infrastructures,NOM,infrastructure,FR,lemmesAccessibilitéFR
w_FR_VD_2008_11244,FR_VD,VD,2008,11244,infrastructures,NOM,infrastructure,FR,lemmesAccessibilitéFR
w_FR_VD_2008_11645,FR_VD,VD,2008,11645,infrastructures,NOM,infrastructure,FR,lemmesAccessibilitéFR
w_FR_VD_2008_12041,FR_VD,VD,2008,12041,infrastructures,NOM,infrastructure,FR,lemmesAccessibilitéFR
w_FR_VD_2008_12127,FR_VD,VD,2008,12127,infrastructure,NOM,infrastructure,FR,lemmesAccessibilitéFR
w_FR_VD_2008_12479,FR_VD,VD,2008,12479,infrastructures,NOM,infrastructure,FR,lemmesAccessibilitéFR
w_FR_VD_2008_12488,FR_VD,VD,2008,12488,infrastructures,NOM,infrastructure,FR,lemmesAccessibilitéFR
w_FR_VD_2008_12973,FR_VD,VD,2008,12973,infrastructures,NOM,infrastructure,FR,lemmesAccessibilitéFR
w_FR_VD_2008_13992,FR_VD,VD,2008,13992,infrastructures,NOM,infrastructure,FR,lemmesAccessibilitéFR
w_FR_VD_2008_14001,FR_VD,VD,2008,14001,infrastructures,NOM,infrastructure,FR,lemmesAccessibilitéFR
w_FR_VD_2008_15119,FR_VD,VD,2008,15119,infrastructures,NOM,infrastructure,FR,lemmesAccessibilitéFR
w_FR_VD_2008_15162,FR_VD,VD,2008,15162,infrastructures,NOM,infrastructure,FR,lemmesAccessibilitéFR
w_FR_VD_2008_15380,FR_VD,VD,2008,15380,infrastructures,NOM,infrastructure,FR,lemmesAccessibilitéFR
w_FR_VD_2008_15491,FR_VD,VD,2008,15491,infrastructures,NOM,infrastructure,FR,lemmesAccessibilitéFR
w_FR_VD_2008_15500,FR_VD,VD,2008,15500,infrastructures,NOM,infrastructure,FR,lemmesAccessibilitéFR
w_FR_VD_2008_16330,FR_VD,VD,2008,16330,infrastructures,NOM,infrastructure,FR,lemmesAccessibilitéFR
w_FR_VD_2008_16339,FR_VD,VD,2008,16339,infrastructures,NOM,infrastructure,FR,lemmesAccessibilitéFR
w_FR_VD_2008_17883,FR_VD,VD,2008,17883,infrastructures,NOM,infrastructure,FR,lemmesAccessibilitéFR
w_FR_VD_2008_18783,FR_VD,VD,2008,18783,infrastructures,NOM,infrastructure,FR,lemmesAccessibilitéFR
w_FR_VD_2008_19132,FR_VD,VD,2008,19132,infrastructures,NOM,infrastructure,FR,lemmesAccessibilitéFR
w_FR_VD_2008_24382,FR_VD,VD,2008,24382,infrastructures,NOM,infrastructure,FR,lemmesAccessibilitéFR
w_FR_VD_2008_25734,FR_VD,VD,2008,25734,infrastructures,NOM,infrastructure,FR,lemmesAccessibilitéFR
w_FR_VD_2008_25830,FR_VD,VD,2008,25830,infrastructures,NOM,infrastructure,FR,lemmesAccessibilitéFR
w_FR_VD_2008_25946,FR_VD,VD,2008,25946,infrastructures,NOM,infrastructure,FR,lemmesAccessibilitéFR
w_FR_VD_2008_26420,FR_VD,VD,2008,26420,infrastructures,NOM,infrastructure,FR,lemmesAccessibilitéFR
w_FR_VD_2008_26450,FR_VD,VD,2008,26450,infrastructures,NOM,infrastructure,FR,lemmesAccessibilitéFR
w_FR_VD_2008_26720,FR_VD,VD,2008,26720,infrastructures,NOM,infrastructure,FR,lemmesAccessibilitéFR
w_FR_VD_2008_26820,FR_VD,VD,2008,26820,infrastructures,NOM,infrastructure,FR,lemmesAccessibilitéFR
w_FR_VD_2008_27363,FR_VD,VD,2008,27363,infrastructures,NOM,infrastructure,FR,lemmesAccessibilitéFR
w_FR_VD_2008_28319,FR_VD,VD,2008,28319,infrastructures,NOM,infrastructure,FR,lemmesAccessibilitéFR
w_FR_VD_2008_28662,FR_VD,VD,2008,28662,infrastructures,NOM,infrastructure,FR,lemmesAccessibilitéFR
w_FR_VD_2008_33354,FR_VD,VD,2008,33354,infrastructures,NOM,infrastructure,FR,lemmesAccessibilitéFR
w_FR_VD_2008_34375,FR_VD,VD,2008,34375,infrastructures,NOM,infrastructure,FR,lemmesAccessibilitéFR
w_FR_VD_2008_36693,FR_VD,VD,2008,36693,infrastructures,NOM,infrastructure,FR,lemmesAccessibilitéFR
w_FR_VD_2008_37868,FR_VD,VD,2008,37868,Infrastructures,NOM,infrastructure,FR,lemmesAccessibilitéFR
w_FR_VD_2008_37941,FR_VD,VD,2008,37941,infrastructure,NOM,infrastructure,FR,lemmesAccessibilitéFR
w_FR_VD_2008_37962,FR_VD,VD,2008,37962,infrastructure,NOM,infrastructure,FR,lemmesAccessibilitéFR
w_FR_VD_2008_37986,FR_VD,VD,2008,37986,infrastructure,NOM,infrastructure,FR,lemmesAccessibilitéFR
w_FR_VD_2008_38017,FR_VD,VD,2008,38017,infrastructures,NOM,infrastructure,FR,lemmesAccessibilitéFR
w_FR_VD_2008_38029,FR_VD,VD,2008,38029,infrastructures,NOM,infrastructure,FR,lemmesAccessibilitéFR
w_FR_VD_2008_38039,FR_VD,VD,2008,38039,infrastructures,NOM,infrastructure,FR,lemmesAccessibilitéFR
w_FR_VD_2008_38252,FR_VD,VD,2008,38252,infrastructures,NOM,infrastructure,FR,lemmesAccessibilitéFR
w_FR_VD_2008_38411,FR_VD,VD,2008,38411,infrastructures,NOM,infrastructure,FR,lemmesAccessibilitéFR
w_FR_VD_2008_38468,FR_VD,VD,2008,38468,infrastructures,NOM,infrastructure,FR,lemmesAccessibilitéFR
w_FR_VD_2008_38676,FR_VD,VD,2008,38676,infrastructure,NOM,infrastructure,FR,lemmesAccessibilitéFR
w_FR_VD_2008_38689,FR_VD,VD,2008,38689,infrastructures,NOM,infrastructure,FR,lemmesAccessibilitéFR
w_FR_VD_2008_38925,FR_VD,VD,2008,38925,infrastructures,NOM,infrastructure,FR,lemmesAccessibilitéFR
w_FR_VD_2008_39027,FR_VD,VD,2008,39027,infrastructure,NOM,infrastructure,FR,lemmesAccessibilitéFR
w_FR_VD_2008_39042,FR_VD,VD,2008,39042,infrastructures,NOM,infrastructure,FR,lemmesAccessibilitéFR
w_FR_VD_2008_41527,FR_VD,VD,2008,41527,infrastructures,NOM,infrastructure,FR,lemmesAccessibilitéFR
w_FR_VD_2008_43884,FR_VD,VD,2008,43884,infrastructure,NOM,infrastructure,FR,lemmesAccessibilitéFR
w_FR_VD_2008_58302,FR_VD,VD,2008,58302,infrastructure,NOM,infrastructure,FR,lemmesAccessibilitéFR
w_FR_VD_2008_62795,FR_VD,VD,2008,62795,infrastructures,NOM,infrastructure,FR,lemmesAccessibilitéFR
w_FR_VD_2008_62854,FR_VD,VD,2008,62854,infrastructures,NOM,infrastructure,FR,lemmesAccessibilitéFR
w_FR_VD_2008_63379,FR_VD,VD,2008,63379,infrastructures,NOM,infrastructure,FR,lemmesAccessibilitéFR
w_FR_VD_2008_83875,FR_VD,VD,2008,83875,infrastructures,NOM,infrastructure,FR,lemmesAccessibilitéFR
w_FR_VD_2008_85878,FR_VD,VD,2008,85878,infrastructure,NOM,infrastructure,FR,lemmesAccessibilitéFR
w_FR_VD_2008_87134,FR_VD,VD,2008,87134,Infrastructures,NOM,infrastructure,FR,lemmesAccessibilitéFR
w_FR_VD_2008_91698,FR_VD,VD,2008,91698,infrastructures,NOM,infrastructure,FR,lemmesAccessibilitéFR
w_FR_VD_2008_92040,FR_VD,VD,2008,92040,infrastructures,NOM,infrastructure,FR,lemmesAccessibilitéFR
w_FR_VD_2008_92944,FR_VD,VD,2008,92944,infrastructure,NOM,infrastructure,FR,lemmesAccessibilitéFR
w_FR_VD_2008_103247,FR_VD,VD,2008,103247,infrastructures,NOM,infrastructure,FR,lemmesAccessibilitéFR
w_FR_VD_2008_103981,FR_VD,VD,2008,103981,infrastructures,NOM,infrastructure,FR,lemmesAccessibilitéFR
w_FR_VD_2008_105528,FR_VD,VD,2008,105528,infrastructures,NOM,infrastructure,FR,lemmesAccessibilitéFR
w_FR_VD_2008_105673,FR_VD,VD,2008,105673,infrastructures,NOM,infrastructure,FR,lemmesAccessibilitéFR
w_FR_VD_2008_106144,FR_VD,VD,2008,106144,infrastructures,NOM,infrastructure,FR,lemmesAccessibilitéFR
w_FR_VD_2008_106733,FR_VD,VD,2008,106733,infrastructures,NOM,infrastructure,FR,lemmesAccessibilitéFR
w_FR_VD_2008_106935,FR_VD,VD,2008,106935,infrastructures,NOM,infrastructure,FR,lemmesAccessibilitéFR
w_FR_VD_2008_107826,FR_VD,VD,2008,107826,infrastructures,NOM,infrastructure,FR,lemmesAccessibilitéFR
w_FR_VD_2008_107996,FR_VD,VD,2008,107996,infrastructures,NOM,infrastructure,FR,lemmesAccessibilitéFR
w_FR_VD_2008_108060,FR_VD,VD,2008,108060,infrastructures,NOM,infrastructure,FR,lemmesAccessibilitéFR
w_FR_VD_2008_108488,FR_VD,VD,2008,108488,infrastructure,NOM,infrastructure,FR,lemmesAccessibilitéFR
w_FR_VD_2008_109048,FR_VD,VD,2008,109048,infrastructure,NOM,infrastructure,FR,lemmesAccessibilitéFR
w_FR_VD_2008_111618,FR_VD,VD,2008,111618,infrastructures,NOM,infrastructure,FR,lemmesAccessibilitéFR
w_FR_VD_2008_115256,FR_VD,VD,2008,115256,Infrastructures,NOM,infrastructure,FR,lemmesAccessibilitéFR
w_FR_VD_2008_116508,FR_VD,VD,2008,116508,Infrastructures,NOM,infrastructure,FR,lemmesAccessibilitéFR
w_FR_VD_2008_117744,FR_VD,VD,2008,117744,infrastructures,NOM,infrastructure,FR,lemmesAccessibilitéFR
w_FR_VD_2008_120416,FR_VD,VD,2008,120416,infrastructures,NOM,infrastructure,FR,lemmesAccessibilitéFR
w_FR_VD_2008_128741,FR_VD,VD,2008,128741,infrastructures,NOM,infrastructure,FR,lemmesAccessibilitéFR
w_FR_VD_2008_130556,FR_VD,VD,2008,130556,infrastructure,NOM,infrastructure,FR,lemmesAccessibilitéFR
w_FR_VD_2008_130895,FR_VD,VD,2008,130895,infrastructures,NOM,infrastructure,FR,lemmesAccessibilitéFR
w_FR_VD_2008_131115,FR_VD,VD,2008,131115,infrastructures,NOM,infrastructure,FR,lemmesAccessibilitéFR
w_FR_VD_2008_131431,FR_VD,VD,2008,131431,INFRASTRUCTURES,NOM,infrastructure,FR,lemmesAccessibilitéFR
w_FR_VD_2008_131574,FR_VD,VD,2008,131574,infrastructures,NOM,infrastructure,FR,lemmesAccessibilitéFR
w_FR_VD_2008_132715,FR_VD,VD,2008,132715,infrastructures,NOM,infrastructure,FR,lemmesAccessibilitéFR
w_FR_VD_2008_133046,FR_VD,VD,2008,133046,infrastructures,NOM,infrastructure,FR,lemmesAccessibilitéFR
w_FR_VD_2008_133280,FR_VD,VD,2008,133280,infrastructures,NOM,infrastructure,FR,lemmesAccessibilitéFR
w_FR_VD_2008_134627,FR_VD,VD,2008,134627,infrastructures,NOM,infrastructure,FR,lemmesAccessibilitéFR
w_FR_VD_2008_134809,FR_VD,VD,2008,134809,infrastructures,NOM,infrastructure,FR,lemmesAccessibilitéFR
w_FR_VD_2008_137039,FR_VD,VD,2008,137039,infrastructures,NOM,infrastructure,FR,lemmesAccessibilitéFR
w_FR_VD_2008_137192,FR_VD,VD,2008,137192,INFRASTRUCTURES,NOM,infrastructure,FR,lemmesAccessibilitéFR
w_FR_VD_2008_138864,FR_VD,VD,2008,138864,infrastructures,NOM,infrastructure,FR,lemmesAccessibilitéFR
w_FR_VD_2008_141948,FR_VD,VD,2008,141948,infrastructures,NOM,infrastructure,FR,lemmesAccessibilitéFR
w_FR_VD_2008_145789,FR_VD,VD,2008,145789,infrastructures,NOM,infrastructure,FR,lemmesAccessibilitéFR
w_FR_VD_2008_147965,FR_VD,VD,2008,147965,infrastructures,NOM,infrastructure,FR,lemmesAccessibilitéFR
w_FR_VD_2008_150434,FR_VD,VD,2008,150434,infrastructures,NOM,infrastructure,FR,lemmesAccessibilitéFR
w_FR_VD_2008_151020,FR_VD,VD,2008,151020,infrastructures,NOM,infrastructure,FR,lemmesAccessibilitéFR
w_FR_VD_2008_151219,FR_VD,VD,2008,151219,infrastructures,NOM,infrastructure,FR,lemmesAccessibilitéFR
w_FR_VD_2008_152071,FR_VD,VD,2008,152071,infrastructures,NOM,infrastructure,FR,lemmesAccessibilitéFR
w_FR_VD_2008_154653,FR_VD,VD,2008,154653,infrastructures,NOM,infrastructure,FR,lemmesAccessibilitéFR
w_FR_VD_2008_156332,FR_VD,VD,2008,156332,infrastructures,NOM,infrastructure,FR,lemmesAccessibilitéFR
w_FR_VD_2008_158409,FR_VD,VD,2008,158409,infrastructures,NOM,infrastructure,FR,lemmesAccessibilitéFR
w_FR_VD_2008_159527,FR_VD,VD,2008,159527,infrastructures,NOM,infrastructure,FR,lemmesAccessibilitéFR
w_FR_VD_2008_159537,FR_VD,VD,2008,159537,infrastructures,NOM,infrastructure,FR,lemmesAccessibilitéFR
w_FR_VD_2008_161400,FR_VD,VD,2008,161400,INFRASTRUCTURES,NOM,infrastructure,FR,lemmesAccessibilitéFR
w_FR_VD_2008_162260,FR_VD,VD,2008,162260,infrastructures,NOM,infrastructure,FR,lemmesAccessibilitéFR
w_FR_VD_2008_162934,FR_VD,VD,2008,162934,INFRASTRUCTURES,NOM,infrastructure,FR,lemmesAccessibilitéFR
w_FR_VD_2008_162951,FR_VD,VD,2008,162951,INFRASTRUCTURES,NOM,infrastructure,FR,lemmesAccessibilitéFR
w_FR_VD_2008_163965,FR_VD,VD,2008,163965,INFRASTRUCTURES,NOM,infrastructure,FR,lemmesAccessibilitéFR
w_FR_VD_2008_167024,FR_VD,VD,2008,167024,INFRASTRUCTURES,NOM,infrastructure,FR,lemmesAccessibilitéFR
w_FR_NE_2011_2151,FR_NE,NE,2011,2151,infrastructures,NOM,infrastructure,FR,lemmesAccessibilitéFR
w_FR_NE_2011_3460,FR_NE,NE,2011,3460,infrastructures,NOM,infrastructure,FR,lemmesAccessibilitéFR
w_FR_NE_2011_4719,FR_NE,NE,2011,4719,infrastructure,NOM,infrastructure,FR,lemmesAccessibilitéFR
w_FR_NE_2011_6341,FR_NE,NE,2011,6341,infrastructures,NOM,infrastructure,FR,lemmesAccessibilitéFR
w_FR_NE_2011_7698,FR_NE,NE,2011,7698,infrastructure,NOM,infrastructure,FR,lemmesAccessibilitéFR
w_FR_NE_2011_9482,FR_NE,NE,2011,9482,infrastructure,NOM,infrastructure,FR,lemmesAccessibilitéFR
w_FR_NE_2011_9637,FR_NE,NE,2011,9637,infrastructures,NOM,infrastructure,FR,lemmesAccessibilitéFR
w_FR_NE_2011_10210,FR_NE,NE,2011,10210,infrastructures,NOM,infrastructure,FR,lemmesAccessibilitéFR
w_FR_NE_2011_10611,FR_NE,NE,2011,10611,infrastructures,NOM,infrastructure,FR,lemmesAccessibilitéFR
w_FR_NE_2011_11150,FR_NE,NE,2011,11150,infrastructures,NOM,infrastructure,FR,lemmesAccessibilitéFR
w_FR_NE_2011_11590,FR_NE,NE,2011,11590,infrastructures,NOM,infrastructure,FR,lemmesAccessibilitéFR
w_FR_NE_2011_11659,FR_NE,NE,2011,11659,infrastructure,NOM,infrastructure,FR,lemmesAccessibilitéFR
w_FR_NE_2011_13204,FR_NE,NE,2011,13204,infrastructures,NOM,infrastructure,FR,lemmesAccessibilitéFR
w_FR_NE_2011_13554,FR_NE,NE,2011,13554,infrastructure,NOM,infrastructure,FR,lemmesAccessibilitéFR
w_FR_NE_2011_13580,FR_NE,NE,2011,13580,infrastructure,NOM,infrastructure,FR,lemmesAccessibilitéFR
w_FR_NE_2011_13589,FR_NE,NE,2011,13589,infrastructure,NOM,infrastructure,FR,lemmesAccessibilitéFR
w_FR_NE_2011_206656,FR_NE,NE,2011,206656,infrastructure,NOM,infrastructure,FR,lemmesAccessibilitéFR
w_FR_NE_2011_206673,FR_NE,NE,2011,206673,infrastructure,NOM,infrastructure,FR,lemmesAccessibilitéFR
w_FR_NE_2011_206959,FR_NE,NE,2011,206959,infrastructure,NOM,infrastructure,FR,lemmesAccessibilitéFR
w_FR_NE_2011_211777,FR_NE,NE,2011,211777,infrastructures,NOM,infrastructure,FR,lemmesAccessibilitéFR
w_FR_NE_2011_256345,FR_NE,NE,2011,256345,infrastructures,NOM,infrastructure,FR,lemmesAccessibilitéFR
w_FR_NE_2011_270476,FR_NE,NE,2011,270476,infrastructures,NOM,infrastructure,FR,lemmesAccessibilitéFR
w_FR_NE_2011_270717,FR_NE,NE,2011,270717,infrastructures,NOM,infrastructure,FR,lemmesAccessibilitéFR
w_FR_NE_2011_271055,FR_NE,NE,2011,271055,infrastructures,NOM,infrastructure,FR,lemmesAccessibilitéFR
w_FR_NE_2011_271697,FR_NE,NE,2011,271697,infrastructures,NOM,infrastructure,FR,lemmesAccessibilitéFR
w_FR_NE_2011_272007,FR_NE,NE,2011,272007,infrastructures,NOM,infrastructure,FR,lemmesAccessibilitéFR
w_FR_NE_2011_273141,FR_NE,NE,2011,273141,infrastructures,NOM,infrastructure,FR,lemmesAccessibilitéFR
w_FR_NE_2011_277213,FR_NE,NE,2011,277213,infrastructures,NOM,infrastructure,FR,lemmesAccessibilitéFR
w_FR_NE_2011_279939,FR_NE,NE,2011,279939,infrastructure,NOM,infrastructure,FR,lemmesAccessibilitéFR
w_FR_NE_2011_280088,FR_NE,NE,2011,280088,infrastructure,NOM,infrastructure,FR,lemmesAccessibilitéFR
w_FR_NE_2011_280114,FR_NE,NE,2011,280114,infrastructure,NOM,infrastructure,FR,lemmesAccessibilitéFR
w_FR_NE_2011_280255,FR_NE,NE,2011,280255,infrastructure,NOM,infrastructure,FR,lemmesAccessibilitéFR
w_FR_NE_2011_281456,FR_NE,NE,2011,281456,infrastructures,NOM,infrastructure,FR,lemmesAccessibilitéFR
w_FR_NE_2011_281476,FR_NE,NE,2011,281476,infrastructure,NOM,infrastructure,FR,lemmesAccessibilitéFR
w_FR_NE_2011_281507,FR_NE,NE,2011,281507,infrastructure,NOM,infrastructure,FR,lemmesAccessibilitéFR
w_FR_NE_2011_282026,FR_NE,NE,2011,282026,infrastructures,NOM,infrastructure,FR,lemmesAccessibilitéFR
w_FR_NE_2011_283693,FR_NE,NE,2011,283693,infrastructures,NOM,infrastructure,FR,lemmesAccessibilitéFR
w_FR_NE_2011_283833,FR_NE,NE,2011,283833,infrastructures,NOM,infrastructure,FR,lemmesAccessibilitéFR
w_FR_NE_2011_285678,FR_NE,NE,2011,285678,infrastructures,NOM,infrastructure,FR,lemmesAccessibilitéFR
w_FR_NE_2011_291261,FR_NE,NE,2011,291261,infrastructure,NOM,infrastructure,FR,lemmesAccessibilitéFR
w_FR_NE_2011_298985,FR_NE,NE,2011,298985,infrastructures,NOM,infrastructure,FR,lemmesAccessibilitéFR
w_FR_NE_2011_303775,FR_NE,NE,2011,303775,infrastructures,NOM,infrastructure,FR,lemmesAccessibilitéFR
w_FR_BE_2002_9690,FR_BE,BE,2002,9690,infrastructures,NOM,infrastructure,FR,lemmesAccessibilitéFR
w_FR_BE_2002_9716,FR_BE,BE,2002,9716,infrastructures,NOM,infrastructure,FR,lemmesAccessibilitéFR
w_FR_BE_2002_10050,FR_BE,BE,2002,10050,infrastructures,NOM,infrastructure,FR,lemmesAccessibilitéFR
w_FR_BE_2002_11193,FR_BE,BE,2002,11193,infrastructures,NOM,infrastructure,FR,lemmesAccessibilitéFR
w_FR_BE_2002_15786,FR_BE,BE,2002,15786,infrastructures,NOM,infrastructure,FR,lemmesAccessibilitéFR
w_FR_BE_2002_16622,FR_BE,BE,2002,16622,infrastructure,NOM,infrastructure,FR,lemmesAccessibilitéFR
w_FR_BE_2002_16642,FR_BE,BE,2002,16642,infrastructure,NOM,infrastructure,FR,lemmesAccessibilitéFR
w_FR_BE_2002_16697,FR_BE,BE,2002,16697,infrastructures,NOM,infrastructure,FR,lemmesAccessibilitéFR
w_FR_BE_2002_17087,FR_BE,BE,2002,17087,infrastructures,NOM,infrastructure,FR,lemmesAccessibilitéFR
w_FR_BE_2002_17781,FR_BE,BE,2002,17781,infrastructures,NOM,infrastructure,FR,lemmesAccessibilitéFR
w_FR_BE_2002_18971,FR_BE,BE,2002,18971,infrastructures,NOM,infrastructure,FR,lemmesAccessibilitéFR
w_FR_BE_2002_19182,FR_BE,BE,2002,19182,infrastructures,NOM,infrastructure,FR,lemmesAccessibilitéFR
w_FR_BE_2002_19314,FR_BE,BE,2002,19314,infrastructure,NOM,infrastructure,FR,lemmesAccessibilitéFR
w_FR_BE_2002_20593,FR_BE,BE,2002,20593,infrastructures,NOM,infrastructure,FR,lemmesAccessibilitéFR
w_FR_BE_2002_22216,FR_BE,BE,2002,22216,infrastructures,NOM,infrastructure,FR,lemmesAccessibilitéFR
w_FR_BE_2002_22225,FR_BE,BE,2002,22225,infrastructures,NOM,infrastructure,FR,lemmesAccessibilitéFR
w_FR_BE_2002_22763,FR_BE,BE,2002,22763,infrastructures,NOM,infrastructure,FR,lemmesAccessibilitéFR
w_FR_BE_2002_22956,FR_BE,BE,2002,22956,infrastructure,NOM,infrastructure,FR,lemmesAccessibilitéFR
w_FR_BE_2002_23324,FR_BE,BE,2002,23324,infrastructures,NOM,infrastructure,FR,lemmesAccessibilitéFR
w_FR_BE_2002_26310,FR_BE,BE,2002,26310,infrastructure,NOM,infrastructure,FR,lemmesAccessibilitéFR
w_FR_BE_2002_27040,FR_BE,BE,2002,27040,infrastructures,NOM,infrastructure,FR,lemmesAccessibilitéFR
w_FR_BE_2002_27056,FR_BE,BE,2002,27056,infrastructures,NOM,infrastructure,FR,lemmesAccessibilitéFR
w_FR_BE_2002_27154,FR_BE,BE,2002,27154,infrastructures,NOM,infrastructure,FR,lemmesAccessibilitéFR
w_FR_BE_2002_27232,FR_BE,BE,2002,27232,infrastructures,NOM,infrastructure,FR,lemmesAccessibilitéFR
w_FR_BE_2002_27776,FR_BE,BE,2002,27776,infrastructures,NOM,infrastructure,FR,lemmesAccessibilitéFR
w_FR_BE_2002_27909,FR_BE,BE,2002,27909,infrastructures,NOM,infrastructure,FR,lemmesAccessibilitéFR
w_FR_BE_2002_28055,FR_BE,BE,2002,28055,infrastructures,NOM,infrastructure,FR,lemmesAccessibilitéFR
w_FR_BE_2002_28074,FR_BE,BE,2002,28074,infrastructure,NOM,infrastructure,FR,lemmesAccessibilitéFR
w_FR_BE_2002_28131,FR_BE,BE,2002,28131,infrastructures,NOM,infrastructure,FR,lemmesAccessibilitéFR
w_FR_BE_2002_28153,FR_BE,BE,2002,28153,infrastructure,NOM,infrastructure,FR,lemmesAccessibilitéFR
w_FR_BE_2002_29161,FR_BE,BE,2002,29161,infrastructure,NOM,infrastructure,FR,lemmesAccessibilitéFR
w_FR_BE_2002_30555,FR_BE,BE,2002,30555,infrastructures,NOM,infrastructure,FR,lemmesAccessibilitéFR
w_FR_BE_2002_30982,FR_BE,BE,2002,30982,infrastructures,NOM,infrastructure,FR,lemmesAccessibilitéFR
w_FR_BE_2002_31136,FR_BE,BE,2002,31136,infrastructure,NOM,infrastructure,FR,lemmesAccessibilitéFR
w_FR_BE_2002_31575,FR_BE,BE,2002,31575,infrastructures,NOM,infrastructure,FR,lemmesAccessibilitéFR
w_FR_BE_2002_35424,FR_BE,BE,2002,35424,infrastructures,NOM,infrastructure,FR,lemmesAccessibilitéFR
w_FR_BE_2002_35444,FR_BE,BE,2002,35444,infrastructures,NOM,infrastructure,FR,lemmesAccessibilitéFR
w_FR_BE_2002_35971,FR_BE,BE,2002,35971,infrastructures,NOM,infrastructure,FR,lemmesAccessibilitéFR
w_FR_BE_2002_39469,FR_BE,BE,2002,39469,infrastructures,NOM,infrastructure,FR,lemmesAccessibilitéFR
w_FR_BE_2002_39589,FR_BE,BE,2002,39589,infrastructures,NOM,infrastructure,FR,lemmesAccessibilitéFR
w_FR_BE_2002_42513,FR_BE,BE,2002,42513,infrastructure,NOM,infrastructure,FR,lemmesAccessibilitéFR
w_FR_BE_2002_44958,FR_BE,BE,2002,44958,infrastructure,NOM,infrastructure,FR,lemmesAccessibilitéFR
w_FR_BE_2002_48917,FR_BE,BE,2002,48917,infrastructures,NOM,infrastructure,FR,lemmesAccessibilitéFR
w_FR_BE_2002_49565,FR_BE,BE,2002,49565,infrastructures,NOM,infrastructure,FR,lemmesAccessibilitéFR
w_FR_BE_2002_50579,FR_BE,BE,2002,50579,infrastructures,NOM,infrastructure,FR,lemmesAccessibilitéFR
w_FR_BE_2002_50818,FR_BE,BE,2002,50818,infrastructures,NOM,infrastructure,FR,lemmesAccessibilitéFR
w_FR_BE_2002_50858,FR_BE,BE,2002,50858,infrastructures,NOM,infrastructure,FR,lemmesAccessibilitéFR
w_FR_BE_2002_51244,FR_BE,BE,2002,51244,infrastructures,NOM,infrastructure,FR,lemmesAccessibilitéFR
w_FR_BE_2002_51271,FR_BE,BE,2002,51271,infrastructures,NOM,infrastructure,FR,lemmesAccessibilitéFR
w_FR_BE_2002_51426,FR_BE,BE,2002,51426,infrastructure,NOM,infrastructure,FR,lemmesAccessibilitéFR
w_FR_BE_2002_52181,FR_BE,BE,2002,52181,infrastructures,NOM,infrastructure,FR,lemmesAccessibilitéFR
w_FR_BE_2002_52314,FR_BE,BE,2002,52314,infrastructures,NOM,infrastructure,FR,lemmesAccessibilitéFR
w_FR_BE_2002_52373,FR_BE,BE,2002,52373,infrastructures,NOM,infrastructure,FR,lemmesAccessibilitéFR
w_FR_BE_2002_52860,FR_BE,BE,2002,52860,Infrastructure,NOM,infrastructure,FR,lemmesAccessibilitéFR
w_FR_BE_2002_53102,FR_BE,BE,2002,53102,Infrastructure,NOM,infrastructure,FR,lemmesAccessibilitéFR
w_FR_BE_2002_57149,FR_BE,BE,2002,57149,infrastructures,NOM,infrastructure,FR,lemmesAccessibilitéFR
w_FR_BE_2002_64296,FR_BE,BE,2002,64296,infrastructures,NOM,infrastructure,FR,lemmesAccessibilitéFR
w_FR_BE_2002_68371,FR_BE,BE,2002,68371,infrastructures,NOM,infrastructure,FR,lemmesAccessibilitéFR
w_FR_BE_2002_78024,FR_BE,BE,2002,78024,infrastructures,NOM,infrastructure,FR,lemmesAccessibilitéFR
w_FR_BE_2002_79632,FR_BE,BE,2002,79632,infrastructures,NOM,infrastructure,FR,lemmesAccessibilitéFR
w_FR_BE_2002_84598,FR_BE,BE,2002,84598,infrastructures,NOM,infrastructure,FR,lemmesAccessibilitéFR
w_FR_BE_2002_84949,FR_BE,BE,2002,84949,infrastructures,NOM,infrastructure,FR,lemmesAccessibilitéFR
w_FR_BE_2002_85191,FR_BE,BE,2002,85191,infrastructures,NOM,infrastructure,FR,lemmesAccessibilitéFR
w_FR_BE_2002_90560,FR_BE,BE,2002,90560,infrastructure,NOM,infrastructure,FR,lemmesAccessibilitéFR
w_FR_BE_2002_90603,FR_BE,BE,2002,90603,infrastructure,NOM,infrastructure,FR,lemmesAccessibilitéFR
w_FR_FR_2024_1680,FR_FR,FR,2024,1680,infrastructures,NOM,infrastructure,FR,lemmesAccessibilitéFR
w_FR_FR_2024_5098,FR_FR,FR,2024,5098,infrastructures,NOM,infrastructure,FR,lemmesAccessibilitéFR
w_FR_FR_2024_16107,FR_FR,FR,2024,16107,infrastructures,NOM,infrastructure,FR,lemmesAccessibilitéFR
w_FR_FR_2024_19297,FR_FR,FR,2024,19297,Infrastructures,NOM,infrastructure,FR,lemmesAccessibilitéFR
w_FR_FR_2024_20158,FR_FR,FR,2024,20158,infrastructures,NOM,infrastructure,FR,lemmesAccessibilitéFR
w_FR_FR_2024_20263,FR_FR,FR,2024,20263,infrastructures,NOM,infrastructure,FR,lemmesAccessibilitéFR
w_FR_FR_2024_20296,FR_FR,FR,2024,20296,infrastructures,NOM,infrastructure,FR,lemmesAccessibilitéFR
w_FR_FR_2024_20357,FR_FR,FR,2024,20357,infrastructure,NOM,infrastructure,FR,lemmesAccessibilitéFR
w_FR_FR_2024_21053,FR_FR,FR,2024,21053,infrastructures,NOM,infrastructure,FR,lemmesAccessibilitéFR
w_FR_FR_2024_22472,FR_FR,FR,2024,22472,infrastructures,NOM,infrastructure,FR,lemmesAccessibilitéFR
w_FR_FR_2024_22764,FR_FR,FR,2024,22764,Infrastructures,NOM,infrastructure,FR,lemmesAccessibilitéFR
w_FR_FR_2024_23020,FR_FR,FR,2024,23020,infrastructures,NOM,infrastructure,FR,lemmesAccessibilitéFR
w_FR_FR_2024_23388,FR_FR,FR,2024,23388,infrastructures,NOM,infrastructure,FR,lemmesAccessibilitéFR
w_FR_FR_2024_25080,FR_FR,FR,2024,25080,infrastructures,NOM,infrastructure,FR,lemmesAccessibilitéFR
w_FR_FR_2024_25178,FR_FR,FR,2024,25178,infrastructures,NOM,infrastructure,FR,lemmesAccessibilitéFR
w_FR_FR_2024_26091,FR_FR,FR,2024,26091,infrastructures,NOM,infrastructure,FR,lemmesAccessibilitéFR
w_FR_FR_2024_29147,FR_FR,FR,2024,29147,infrastructures,NOM,infrastructure,FR,lemmesAccessibilitéFR
w_FR_FR_2024_29842,FR_FR,FR,2024,29842,infrastructures,NOM,infrastructure,FR,lemmesAccessibilitéFR
w_FR_FR_2024_30447,FR_FR,FR,2024,30447,infrastructure,NOM,infrastructure,FR,lemmesAccessibilitéFR
w_FR_FR_2024_30453,FR_FR,FR,2024,30453,infrastructures,NOM,infrastructure,FR,lemmesAccessibilitéFR
w_FR_FR_2024_37405,FR_FR,FR,2024,37405,Infrastructures,NOM,infrastructure,FR,lemmesAccessibilitéFR
w_FR_FR_2024_37409,FR_FR,FR,2024,37409,Infrastructures,NOM,infrastructure,FR,lemmesAccessibilitéFR
w_FR_FR_2024_37418,FR_FR,FR,2024,37418,infrastructures,NOM,infrastructure,FR,lemmesAccessibilitéFR
w_FR_FR_2024_37489,FR_FR,FR,2024,37489,infrastructure,NOM,infrastructure,FR,lemmesAccessibilitéFR
w_FR_FR_2024_37499,FR_FR,FR,2024,37499,Infrastructures,NOM,infrastructure,FR,lemmesAccessibilitéFR
w_FR_FR_2024_37506,FR_FR,FR,2024,37506,infrastructures,NOM,infrastructure,FR,lemmesAccessibilitéFR
w_FR_FR_2024_37515,FR_FR,FR,2024,37515,infrastructures,NOM,infrastructure,FR,lemmesAccessibilitéFR
w_FR_FR_2024_37520,FR_FR,FR,2024,37520,infrastructures,NOM,infrastructure,FR,lemmesAccessibilitéFR
w_FR_FR_2024_37530,FR_FR,FR,2024,37530,infrastructures,NOM,infrastructure,FR,lemmesAccessibilitéFR
w_FR_FR_2024_37546,FR_FR,FR,2024,37546,infrastructures,NOM,infrastructure,FR,lemmesAccessibilitéFR
w_FR_FR_2024_37624,FR_FR,FR,2024,37624,infrastructures,NOM,infrastructure,FR,lemmesAccessibilitéFR
w_FR_FR_2024_37658,FR_FR,FR,2024,37658,Infrastructures,NOM,infrastructure,FR,lemmesAccessibilitéFR
w_FR_FR_2024_37711,FR_FR,FR,2024,37711,Infrastructures,NOM,infrastructure,FR,lemmesAccessibilitéFR
w_FR_FR_2024_37720,FR_FR,FR,2024,37720,infrastructures,NOM,infrastructure,FR,lemmesAccessibilitéFR
w_FR_FR_2024_37731,FR_FR,FR,2024,37731,infrastructures,NOM,infrastructure,FR,lemmesAccessibilitéFR
w_FR_FR_2024_37753,FR_FR,FR,2024,37753,infrastructures,NOM,infrastructure,FR,lemmesAccessibilitéFR
w_FR_FR_2024_37785,FR_FR,FR,2024,37785,infrastructures,NOM,infrastructure,FR,lemmesAccessibilitéFR
w_FR_FR_2024_37804,FR_FR,FR,2024,37804,infrastructures,NOM,infrastructure,FR,lemmesAccessibilitéFR
w_FR_FR_2024_37840,FR_FR,FR,2024,37840,infrastructures,NOM,infrastructure,FR,lemmesAccessibilitéFR
w_FR_FR_2024_37906,FR_FR,FR,2024,37906,infrastructures,NOM,infrastructure,FR,lemmesAccessibilitéFR
w_FR_FR_2024_37941,FR_FR,FR,2024,37941,infrastructures,NOM,infrastructure,FR,lemmesAccessibilitéFR
w_FR_FR_2024_38008,FR_FR,FR,2024,38008,Infrastructures,NOM,infrastructure,FR,lemmesAccessibilitéFR
w_FR_FR_2024_38027,FR_FR,FR,2024,38027,infrastructures,NOM,infrastructure,FR,lemmesAccessibilitéFR
w_FR_FR_2024_38073,FR_FR,FR,2024,38073,infrastructures,NOM,infrastructure,FR,lemmesAccessibilitéFR
w_FR_FR_2024_38215,FR_FR,FR,2024,38215,infrastructures,NOM,infrastructure,FR,lemmesAccessibilitéFR
w_FR_FR_2024_38261,FR_FR,FR,2024,38261,Infrastructures,NOM,infrastructure,FR,lemmesAccessibilitéFR
w_FR_FR_2024_38284,FR_FR,FR,2024,38284,infrastructures,NOM,infrastructure,FR,lemmesAccessibilitéFR
w_FR_FR_2024_38312,FR_FR,FR,2024,38312,infrastructures,NOM,infrastructure,FR,lemmesAccessibilitéFR
w_FR_FR_2024_38335,FR_FR,FR,2024,38335,infrastructures,NOM,infrastructure,FR,lemmesAccessibilitéFR
w_FR_FR_2024_38359,FR_FR,FR,2024,38359,infrastructures,NOM,infrastructure,FR,lemmesAccessibilitéFR
w_FR_FR_2024_38384,FR_FR,FR,2024,38384,infrastructures,NOM,infrastructure,FR,lemmesAccessibilitéFR
w_FR_FR_2024_38412,FR_FR,FR,2024,38412,infrastructures,NOM,infrastructure,FR,lemmesAccessibilitéFR
w_FR_FR_2024_38430,FR_FR,FR,2024,38430,Infrastructures,NOM,infrastructure,FR,lemmesAccessibilitéFR
w_FR_FR_2024_38435,FR_FR,FR,2024,38435,infrastructures,NOM,infrastructure,FR,lemmesAccessibilitéFR
w_FR_FR_2024_38465,FR_FR,FR,2024,38465,infrastructures,NOM,infrastructure,FR,lemmesAccessibilitéFR
w_FR_FR_2024_38522,FR_FR,FR,2024,38522,infrastructures,NOM,infrastructure,FR,lemmesAccessibilitéFR
w_FR_FR_2024_38537,FR_FR,FR,2024,38537,infrastructures,NOM,infrastructure,FR,lemmesAccessibilitéFR
w_FR_FR_2024_38553,FR_FR,FR,2024,38553,Infrastructures,NOM,infrastructure,FR,lemmesAccessibilitéFR
w_FR_FR_2024_38621,FR_FR,FR,2024,38621,Infrastructures,NOM,infrastructure,FR,lemmesAccessibilitéFR
w_FR_FR_2024_38636,FR_FR,FR,2024,38636,Infrastructures,NOM,infrastructure,FR,lemmesAccessibilitéFR
w_FR_FR_2024_38643,FR_FR,FR,2024,38643,infrastructures,NOM,infrastructure,FR,lemmesAccessibilitéFR
w_FR_FR_2024_38685,FR_FR,FR,2024,38685,infrastructures,NOM,infrastructure,FR,lemmesAccessibilitéFR
w_FR_FR_2024_38790,FR_FR,FR,2024,38790,infrastructures,NOM,infrastructure,FR,lemmesAccessibilitéFR
w_FR_FR_2024_38845,FR_FR,FR,2024,38845,infrastructures,NOM,infrastructure,FR,lemmesAccessibilitéFR
w_FR_FR_2024_38853,FR_FR,FR,2024,38853,Infrastructures,NOM,infrastructure,FR,lemmesAccessibilitéFR
w_FR_FR_2024_38897,FR_FR,FR,2024,38897,Infrastructures,NOM,infrastructure,FR,lemmesAccessibilitéFR
w_FR_FR_2024_38925,FR_FR,FR,2024,38925,infrastructure,NOM,infrastructure,FR,lemmesAccessibilitéFR
w_FR_FR_2024_38998,FR_FR,FR,2024,38998,infrastructures,NOM,infrastructure,FR,lemmesAccessibilitéFR
w_FR_FR_2024_39160,FR_FR,FR,2024,39160,infrastructures,NOM,infrastructure,FR,lemmesAccessibilitéFR
w_FR_FR_2024_39411,FR_FR,FR,2024,39411,Infrastructure,NOM,infrastructure,FR,lemmesAccessibilitéFR
w_FR_FR_2024_39631,FR_FR,FR,2024,39631,Infrastructure,NOM,infrastructure,FR,lemmesAccessibilitéFR
w_FR_FR_2024_39990,FR_FR,FR,2024,39990,infrastructures,NOM,infrastructure,FR,lemmesAccessibilitéFR
w_FR_FR_2024_40420,FR_FR,FR,2024,40420,infrastructures,NOM,infrastructure,FR,lemmesAccessibilitéFR
w_FR_FR_2024_40426,FR_FR,FR,2024,40426,infrastructures,NOM,infrastructure,FR,lemmesAccessibilitéFR
w_FR_FR_2024_44037,FR_FR,FR,2024,44037,infrastructures,NOM,infrastructure,FR,lemmesAccessibilitéFR
w_FR_FR_2024_45705,FR_FR,FR,2024,45705,infrastructures,NOM,infrastructure,FR,lemmesAccessibilitéFR
w_FR_FR_2024_46797,FR_FR,FR,2024,46797,infrastructure,NOM,infrastructure,FR,lemmesAccessibilitéFR
w_FR_FR_2024_47158,FR_FR,FR,2024,47158,infrastructures,NOM,infrastructure,FR,lemmesAccessibilitéFR
w_FR_FR_2024_47225,FR_FR,FR,2024,47225,infrastructures,NOM,infrastructure,FR,lemmesAccessibilitéFR
w_FR_FR_2024_47240,FR_FR,FR,2024,47240,infrastructure,NOM,infrastructure,FR,lemmesAccessibilitéFR
w_FR_FR_2024_47484,FR_FR,FR,2024,47484,infrastructures,NOM,infrastructure,FR,lemmesAccessibilitéFR
w_FR_FR_2024_48719,FR_FR,FR,2024,48719,infrastructures,NOM,infrastructure,FR,lemmesAccessibilitéFR
w_FR_FR_2024_50516,FR_FR,FR,2024,50516,infrastructures,NOM,infrastructure,FR,lemmesAccessibilitéFR
w_FR_FR_2024_51246,FR_FR,FR,2024,51246,infrastructures,NOM,infrastructure,FR,lemmesAccessibilitéFR
w_FR_FR_2024_51823,FR_FR,FR,2024,51823,infrastructures,NOM,infrastructure,FR,lemmesAccessibilitéFR
w_FR_FR_2024_52547,FR_FR,FR,2024,52547,infrastructures,NOM,infrastructure,FR,lemmesAccessibilitéFR
w_FR_FR_2024_55987,FR_FR,FR,2024,55987,infrastructures,NOM,infrastructure,FR,lemmesAccessibilitéFR
w_FR_FR_2024_57021,FR_FR,FR,2024,57021,infrastructures,NOM,infrastructure,FR,lemmesAccessibilitéFR
w_FR_FR_2024_57207,FR_FR,FR,2024,57207,infrastructures,NOM,infrastructure,FR,lemmesAccessibilitéFR
w_FR_FR_2024_57279,FR_FR,FR,2024,57279,infrastructure,NOM,infrastructure,FR,lemmesAccessibilitéFR
w_FR_FR_2024_57289,FR_FR,FR,2024,57289,infrastructure,NOM,infrastructure,FR,lemmesAccessibilitéFR
w_FR_FR_2024_57311,FR_FR,FR,2024,57311,infrastructure,NOM,infrastructure,FR,lemmesAccessibilitéFR
w_FR_FR_2024_58373,FR_FR,FR,2024,58373,infrastructures,NOM,infrastructure,FR,lemmesAccessibilitéFR
w_FR_FR_2024_58458,FR_FR,FR,2024,58458,infrastructure,NOM,infrastructure,FR,lemmesAccessibilitéFR
w_FR_FR_2024_58489,FR_FR,FR,2024,58489,infrastructure,NOM,infrastructure,FR,lemmesAccessibilitéFR
w_FR_FR_2024_58517,FR_FR,FR,2024,58517,infrastructure,NOM,infrastructure,FR,lemmesAccessibilitéFR
w_FR_FR_2024_58525,FR_FR,FR,2024,58525,infrastructure,NOM,infrastructure,FR,lemmesAccessibilitéFR
w_FR_FR_2024_60455,FR_FR,FR,2024,60455,infrastructure,NOM,infrastructure,FR,lemmesAccessibilitéFR
w_FR_FR_2024_62479,FR_FR,FR,2024,62479,infrastructure,NOM,infrastructure,FR,lemmesAccessibilitéFR
w_FR_FR_2024_62724,FR_FR,FR,2024,62724,infrastructure,NOM,infrastructure,FR,lemmesAccessibilitéFR
w_FR_FR_2024_62772,FR_FR,FR,2024,62772,infrastructure,NOM,infrastructure,FR,lemmesAccessibilitéFR
w_FR_FR_2024_66071,FR_FR,FR,2024,66071,infrastructures,NOM,infrastructure,FR,lemmesAccessibilitéFR
w_FR_FR_2024_66660,FR_FR,FR,2024,66660,infrastructures,NOM,infrastructure,FR,lemmesAccessibilitéFR
w_FR_FR_2024_66802,FR_FR,FR,2024,66802,infrastructure,NOM,infrastructure,FR,lemmesAccessibilitéFR
w_FR_FR_2024_67321,FR_FR,FR,2024,67321,infrastructures,NOM,infrastructure,FR,lemmesAccessibilitéFR
w_FR_FR_2024_67567,FR_FR,FR,2024,67567,infrastructures,NOM,infrastructure,FR,lemmesAccessibilitéFR
w_FR_FR_2024_69243,FR_FR,FR,2024,69243,infrastructures,NOM,infrastructure,FR,lemmesAccessibilitéFR
w_FR_FR_2024_70066,FR_FR,FR,2024,70066,infrastructures,NOM,infrastructure,FR,lemmesAccessibilitéFR
w_FR_FR_2024_70943,FR_FR,FR,2024,70943,infrastructures,NOM,infrastructure,FR,lemmesAccessibilitéFR
w_FR_FR_2024_72033,FR_FR,FR,2024,72033,infrastructures,NOM,infrastructure,FR,lemmesAccessibilitéFR
w_FR_FR_2024_73180,FR_FR,FR,2024,73180,infrastructures,NOM,infrastructure,FR,lemmesAccessibilitéFR
w_FR_FR_2024_73680,FR_FR,FR,2024,73680,infrastructures,NOM,infrastructure,FR,lemmesAccessibilitéFR
w_FR_FR_2024_76464,FR_FR,FR,2024,76464,infrastructures,NOM,infrastructure,FR,lemmesAccessibilitéFR
w_FR_FR_2024_76511,FR_FR,FR,2024,76511,infrastructures,NOM,infrastructure,FR,lemmesAccessibilitéFR
w_FR_FR_2024_76864,FR_FR,FR,2024,76864,infrastructure,NOM,infrastructure,FR,lemmesAccessibilitéFR
w_FR_FR_2024_76882,FR_FR,FR,2024,76882,infrastructures,NOM,infrastructure,FR,lemmesAccessibilitéFR
w_FR_FR_2024_76904,FR_FR,FR,2024,76904,infrastructure,NOM,infrastructure,FR,lemmesAccessibilitéFR
w_FR_FR_2024_77100,FR_FR,FR,2024,77100,infrastructure,NOM,infrastructure,FR,lemmesAccessibilitéFR
w_FR_FR_2024_77118,FR_FR,FR,2024,77118,infrastructures,NOM,infrastructure,FR,lemmesAccessibilitéFR
w_FR_FR_2024_77132,FR_FR,FR,2024,77132,infrastructure,NOM,infrastructure,FR,lemmesAccessibilitéFR
w_FR_FR_2024_77391,FR_FR,FR,2024,77391,infrastructures,NOM,infrastructure,FR,lemmesAccessibilitéFR
w_FR_FR_2024_77434,FR_FR,FR,2024,77434,infrastructure,NOM,infrastructure,FR,lemmesAccessibilitéFR
w_FR_FR_2024_77478,FR_FR,FR,2024,77478,infrastructures,NOM,infrastructure,FR,lemmesAccessibilitéFR
w_FR_FR_2024_77606,FR_FR,FR,2024,77606,infrastructure,NOM,infrastructure,FR,lemmesAccessibilitéFR
w_FR_FR_2024_77633,FR_FR,FR,2024,77633,infrastructure,NOM,infrastructure,FR,lemmesAccessibilitéFR
w_FR_FR_2024_77845,FR_FR,FR,2024,77845,infrastructure,NOM,infrastructure,FR,lemmesAccessibilitéFR
w_FR_FR_2024_77947,FR_FR,FR,2024,77947,infrastructures,NOM,infrastructure,FR,lemmesAccessibilitéFR
w_FR_FR_2024_78025,FR_FR,FR,2024,78025,infrastructure,NOM,infrastructure,FR,lemmesAccessibilitéFR
w_FR_FR_2024_78118,FR_FR,FR,2024,78118,infrastructure,NOM,infrastructure,FR,lemmesAccessibilitéFR
w_FR_FR_2024_78258,FR_FR,FR,2024,78258,infrastructure,NOM,infrastructure,FR,lemmesAccessibilitéFR
w_FR_FR_2024_78389,FR_FR,FR,2024,78389,infrastructures,NOM,infrastructure,FR,lemmesAccessibilitéFR
w_FR_FR_2024_78401,FR_FR,FR,2024,78401,infrastructure,NOM,infrastructure,FR,lemmesAccessibilitéFR
w_FR_FR_2024_78799,FR_FR,FR,2024,78799,infrastructure,NOM,infrastructure,FR,lemmesAccessibilitéFR
w_FR_FR_2024_78920,FR_FR,FR,2024,78920,Infrastructures,NOM,infrastructure,FR,lemmesAccessibilitéFR
w_FR_FR_2024_79034,FR_FR,FR,2024,79034,Infrastructures,NOM,infrastructure,FR,lemmesAccessibilitéFR
w_FR_FR_2024_79100,FR_FR,FR,2024,79100,infrastructures,NOM,infrastructure,FR,lemmesAccessibilitéFR
w_FR_FR_2024_79187,FR_FR,FR,2024,79187,infrastructures,NOM,infrastructure,FR,lemmesAccessibilitéFR
w_FR_FR_2024_80970,FR_FR,FR,2024,80970,infrastructures,NOM,infrastructure,FR,lemmesAccessibilitéFR
w_FR_FR_2024_81105,FR_FR,FR,2024,81105,infrastructures,NOM,infrastructure,FR,lemmesAccessibilitéFR
w_FR_FR_2024_81118,FR_FR,FR,2024,81118,Infrastructures,NOM,infrastructure,FR,lemmesAccessibilitéFR
w_FR_FR_2024_81374,FR_FR,FR,2024,81374,infrastructures,NOM,infrastructure,FR,lemmesAccessibilitéFR
w_FR_FR_2024_81864,FR_FR,FR,2024,81864,infrastructures,NOM,infrastructure,FR,lemmesAccessibilitéFR
w_FR_FR_2024_82068,FR_FR,FR,2024,82068,infrastructures,NOM,infrastructure,FR,lemmesAccessibilitéFR
w_FR_FR_2024_83159,FR_FR,FR,2024,83159,infrastructures,NOM,infrastructure,FR,lemmesAccessibilitéFR
w_FR_FR_2024_83320,FR_FR,FR,2024,83320,infrastructures,NOM,infrastructure,FR,lemmesAccessibilitéFR
w_FR_FR_2024_83946,FR_FR,FR,2024,83946,infrastructures,NOM,infrastructure,FR,lemmesAccessibilitéFR
w_FR_FR_2024_84926,FR_FR,FR,2024,84926,infrastructures,NOM,infrastructure,FR,lemmesAccessibilitéFR
w_FR_FR_2024_86280,FR_FR,FR,2024,86280,infrastructure,NOM,infrastructure,FR,lemmesAccessibilitéFR
w_FR_FR_2024_86653,FR_FR,FR,2024,86653,infrastructures,NOM,infrastructure,FR,lemmesAccessibilitéFR
w_FR_FR_2024_88994,FR_FR,FR,2024,88994,infrastructures,NOM,infrastructure,FR,lemmesAccessibilitéFR
w_FR_FR_2024_89389,FR_FR,FR,2024,89389,infrastructure,NOM,infrastructure,FR,lemmesAccessibilitéFR
w_FR_FR_2024_91974,FR_FR,FR,2024,91974,infrastructures,NOM,infrastructure,FR,lemmesAccessibilitéFR
w_FR_FR_2024_92597,FR_FR,FR,2024,92597,infrastructures,NOM,infrastructure,FR,lemmesAccessibilitéFR
w_FR_FR_2024_92656,FR_FR,FR,2024,92656,infrastructures,NOM,infrastructure,FR,lemmesAccessibilitéFR
w_FR_FR_2024_93941,FR_FR,FR,2024,93941,infrastructures,NOM,infrastructure,FR,lemmesAccessibilitéFR
w_FR_FR_2024_95053,FR_FR,FR,2024,95053,infrastructures,NOM,infrastructure,FR,lemmesAccessibilitéFR
w_FR_FR_2024_95330,FR_FR,FR,2024,95330,infrastructures,NOM,infrastructure,FR,lemmesAccessibilitéFR
w_FR_FR_2024_97580,FR_FR,FR,2024,97580,infrastructures,NOM,infrastructure,FR,lemmesAccessibilitéFR
w_FR_FR_2024_97594,FR_FR,FR,2024,97594,infrastructures,NOM,infrastructure,FR,lemmesAccessibilitéFR
w_FR_FR_2024_98218,FR_FR,FR,2024,98218,infrastructures,NOM,infrastructure,FR,lemmesAccessibilitéFR
w_FR_FR_2024_98398,FR_FR,FR,2024,98398,infrastructure,NOM,infrastructure,FR,lemmesAccessibilitéFR
w_FR_FR_2024_98446,FR_FR,FR,2024,98446,infrastructure,NOM,infrastructure,FR,lemmesAccessibilitéFR
w_FR_FR_2024_105799,FR_FR,FR,2024,105799,infrastructures,NOM,infrastructure,FR,lemmesAccessibilitéFR
w_FR_FR_2024_112041,FR_FR,FR,2024,112041,infrastructures,NOM,infrastructure,FR,lemmesAccessibilitéFR
w_FR_FR_2024_114828,FR_FR,FR,2024,114828,infrastructures,NOM,infrastructure,FR,lemmesAccessibilitéFR
w_FR_FR_2024_116086,FR_FR,FR,2024,116086,infrastructures,NOM,infrastructure,FR,lemmesAccessibilitéFR
w_FR_FR_2024_116419,FR_FR,FR,2024,116419,infrastructure,NOM,infrastructure,FR,lemmesAccessibilitéFR
w_FR_FR_2024_118556,FR_FR,FR,2024,118556,infrastructures,NOM,infrastructure,FR,lemmesAccessibilitéFR
w_FR_FR_2024_119748,FR_FR,FR,2024,119748,infrastructures,NOM,infrastructure,FR,lemmesAccessibilitéFR
w_FR_FR_2024_120247,FR_FR,FR,2024,120247,infrastructures,NOM,infrastructure,FR,lemmesAccessibilitéFR
w_FR_FR_2024_120359,FR_FR,FR,2024,120359,infrastructures,NOM,infrastructure,FR,lemmesAccessibilitéFR
w_FR_FR_2024_120719,FR_FR,FR,2024,120719,infrastructures,NOM,infrastructure,FR,lemmesAccessibilitéFR
w_FR_FR_2024_121229,FR_FR,FR,2024,121229,infrastructures,NOM,infrastructure,FR,lemmesAccessibilitéFR
w_FR_FR_2024_122035,FR_FR,FR,2024,122035,infrastructures,NOM,infrastructure,FR,lemmesAccessibilitéFR
w_FR_FR_2024_123036,FR_FR,FR,2024,123036,infrastructures,NOM,infrastructure,FR,lemmesAccessibilitéFR
w_FR_FR_2024_123760,FR_FR,FR,2024,123760,infrastructures,NOM,infrastructure,FR,lemmesAccessibilitéFR
w_FR_FR_2024_125895,FR_FR,FR,2024,125895,infrastructures,NOM,infrastructure,FR,lemmesAccessibilitéFR
w_FR_FR_2024_125935,FR_FR,FR,2024,125935,infrastructures,NOM,infrastructure,FR,lemmesAccessibilitéFR
w_FR_FR_2024_126035,FR_FR,FR,2024,126035,infrastructures,NOM,infrastructure,FR,lemmesAccessibilitéFR
w_FR_FR_2024_126122,FR_FR,FR,2024,126122,infrastructures,NOM,infrastructure,FR,lemmesAccessibilitéFR
w_FR_FR_2024_126137,FR_FR,FR,2024,126137,infrastructures,NOM,infrastructure,FR,lemmesAccessibilitéFR
w_FR_FR_2024_126154,FR_FR,FR,2024,126154,infrastructures,NOM,infrastructure,FR,lemmesAccessibilitéFR
w_FR_FR_2024_126332,FR_FR,FR,2024,126332,infrastructures,NOM,infrastructure,FR,lemmesAccessibilitéFR
w_FR_FR_2024_126352,FR_FR,FR,2024,126352,infrastructures,NOM,infrastructure,FR,lemmesAccessibilitéFR
w_FR_FR_2024_126487,FR_FR,FR,2024,126487,infrastructures,NOM,infrastructure,FR,lemmesAccessibilitéFR
w_FR_FR_2024_126506,FR_FR,FR,2024,126506,infrastructures,NOM,infrastructure,FR,lemmesAccessibilitéFR
w_FR_FR_2024_126619,FR_FR,FR,2024,126619,infrastructures,NOM,infrastructure,FR,lemmesAccessibilitéFR
w_FR_FR_2024_126656,FR_FR,FR,2024,126656,infrastructures,NOM,infrastructure,FR,lemmesAccessibilitéFR
w_FR_FR_2024_126709,FR_FR,FR,2024,126709,infrastructures,NOM,infrastructure,FR,lemmesAccessibilitéFR
w_FR_FR_2024_126785,FR_FR,FR,2024,126785,infrastructures,NOM,infrastructure,FR,lemmesAccessibilitéFR
w_FR_FR_2024_126901,FR_FR,FR,2024,126901,infrastructures,NOM,infrastructure,FR,lemmesAccessibilitéFR
w_FR_FR_2024_127026,FR_FR,FR,2024,127026,infrastructures,NOM,infrastructure,FR,lemmesAccessibilitéFR
w_FR_FR_2024_127195,FR_FR,FR,2024,127195,infrastructures,NOM,infrastructure,FR,lemmesAccessibilitéFR
w_FR_FR_2024_127212,FR_FR,FR,2024,127212,infrastructures,NOM,infrastructure,FR,lemmesAccessibilitéFR
w_FR_FR_2024_127284,FR_FR,FR,2024,127284,infrastructures,NOM,infrastructure,FR,lemmesAccessibilitéFR
w_FR_FR_2024_127489,FR_FR,FR,2024,127489,infrastructures,NOM,infrastructure,FR,lemmesAccessibilitéFR
w_FR_FR_2024_127673,FR_FR,FR,2024,127673,infrastructures,NOM,infrastructure,FR,lemmesAccessibilitéFR
w_FR_FR_2024_128779,FR_FR,FR,2024,128779,infrastructures,NOM,infrastructure,FR,lemmesAccessibilitéFR
w_FR_FR_2024_128920,FR_FR,FR,2024,128920,infrastructures,NOM,infrastructure,FR,lemmesAccessibilitéFR
w_FR_FR_2024_129752,FR_FR,FR,2024,129752,infrastructures,NOM,infrastructure,FR,lemmesAccessibilitéFR
w_FR_FR_2024_129974,FR_FR,FR,2024,129974,infrastructure,NOM,infrastructure,FR,lemmesAccessibilitéFR
w_FR_FR_2024_133671,FR_FR,FR,2024,133671,infrastructures,NOM,infrastructure,FR,lemmesAccessibilitéFR
w_FR_FR_2024_134205,FR_FR,FR,2024,134205,infrastructures,NOM,infrastructure,FR,lemmesAccessibilitéFR
w_FR_FR_2024_134309,FR_FR,FR,2024,134309,infrastructures,NOM,infrastructure,FR,lemmesAccessibilitéFR
w_FR_FR_2024_134480,FR_FR,FR,2024,134480,infrastructures,NOM,infrastructure,FR,lemmesAccessibilitéFR
w_FR_FR_2024_134643,FR_FR,FR,2024,134643,infrastructures,NOM,infrastructure,FR,lemmesAccessibilitéFR
w_FR_FR_2024_134650,FR_FR,FR,2024,134650,infrastructures,NOM,infrastructure,FR,lemmesAccessibilitéFR
w_FR_FR_2024_137322,FR_FR,FR,2024,137322,infrastructure,NOM,infrastructure,FR,lemmesAccessibilitéFR
w_FR_FR_2024_140639,FR_FR,FR,2024,140639,infrastructures,NOM,infrastructure,FR,lemmesAccessibilitéFR
w_FR_FR_2024_143057,FR_FR,FR,2024,143057,infrastructures,NOM,infrastructure,FR,lemmesAccessibilitéFR
w_FR_FR_2024_144829,FR_FR,FR,2024,144829,infrastructures,NOM,infrastructure,FR,lemmesAccessibilitéFR
w_FR_VD_2018_2298,FR_VD,VD,2018,2298,Infrastructures,NOM,infrastructure,FR,lemmesAccessibilitéFR
w_FR_VD_2018_3918,FR_VD,VD,2018,3918,Infrastructures,NOM,infrastructure,FR,lemmesAccessibilitéFR
w_FR_VD_2018_3981,FR_VD,VD,2018,3981,Infrastructures,NOM,infrastructure,FR,lemmesAccessibilitéFR
w_FR_VD_2018_7562,FR_VD,VD,2018,7562,infrastructures,NOM,infrastructure,FR,lemmesAccessibilitéFR
w_FR_VD_2018_15845,FR_VD,VD,2018,15845,infrastructures,NOM,infrastructure,FR,lemmesAccessibilitéFR
w_FR_VD_2018_19478,FR_VD,VD,2018,19478,infrastructures,NOM,infrastructure,FR,lemmesAccessibilitéFR
w_FR_VD_2018_20900,FR_VD,VD,2018,20900,infrastructures,NOM,infrastructure,FR,lemmesAccessibilitéFR
w_FR_VD_2018_24353,FR_VD,VD,2018,24353,infrastructures,NOM,infrastructure,FR,lemmesAccessibilitéFR
w_FR_VD_2018_25071,FR_VD,VD,2018,25071,infrastructure,NOM,infrastructure,FR,lemmesAccessibilitéFR
w_FR_VD_2018_25396,FR_VD,VD,2018,25396,infrastructures,NOM,infrastructure,FR,lemmesAccessibilitéFR
w_FR_VD_2018_25602,FR_VD,VD,2018,25602,infrastructures,NOM,infrastructure,FR,lemmesAccessibilitéFR
w_FR_VD_2018_25977,FR_VD,VD,2018,25977,Infrastructures,NOM,infrastructure,FR,lemmesAccessibilitéFR
w_FR_VD_2018_26026,FR_VD,VD,2018,26026,Infrastructures,NOM,infrastructure,FR,lemmesAccessibilitéFR
w_FR_VD_2018_26146,FR_VD,VD,2018,26146,infrastructures,NOM,infrastructure,FR,lemmesAccessibilitéFR
w_FR_VD_2018_26747,FR_VD,VD,2018,26747,Infrastructures,NOM,infrastructure,FR,lemmesAccessibilitéFR
w_FR_VD_2018_27165,FR_VD,VD,2018,27165,infrastructures,NOM,infrastructure,FR,lemmesAccessibilitéFR
w_FR_VD_2018_27171,FR_VD,VD,2018,27171,Infrastructures,NOM,infrastructure,FR,lemmesAccessibilitéFR
w_FR_VD_2018_27388,FR_VD,VD,2018,27388,infrastructures,NOM,infrastructure,FR,lemmesAccessibilitéFR
w_FR_VD_2018_27688,FR_VD,VD,2018,27688,Infrastructures,NOM,infrastructure,FR,lemmesAccessibilitéFR
w_FR_VD_2018_27713,FR_VD,VD,2018,27713,Infrastructures,NOM,infrastructure,FR,lemmesAccessibilitéFR
w_FR_VD_2018_27775,FR_VD,VD,2018,27775,Infrastructures,NOM,infrastructure,FR,lemmesAccessibilitéFR
w_FR_VD_2018_27811,FR_VD,VD,2018,27811,infrastructure,NOM,infrastructure,FR,lemmesAccessibilitéFR
w_FR_VD_2018_27830,FR_VD,VD,2018,27830,infrastructures,NOM,infrastructure,FR,lemmesAccessibilitéFR
w_FR_VD_2018_28004,FR_VD,VD,2018,28004,infrastructures,NOM,infrastructure,FR,lemmesAccessibilitéFR
w_FR_VD_2018_28111,FR_VD,VD,2018,28111,Infrastructures,NOM,infrastructure,FR,lemmesAccessibilitéFR
w_FR_VD_2018_28259,FR_VD,VD,2018,28259,infrastructures,NOM,infrastructure,FR,lemmesAccessibilitéFR
w_FR_VD_2018_28482,FR_VD,VD,2018,28482,Infrastructures,NOM,infrastructure,FR,lemmesAccessibilitéFR
w_FR_VD_2018_28509,FR_VD,VD,2018,28509,infrastructures,NOM,infrastructure,FR,lemmesAccessibilitéFR
w_FR_VD_2018_28988,FR_VD,VD,2018,28988,Infrastructures,NOM,infrastructure,FR,lemmesAccessibilitéFR
w_FR_VD_2018_29545,FR_VD,VD,2018,29545,Infrastructures,NOM,infrastructure,FR,lemmesAccessibilitéFR
w_FR_VD_2018_29676,FR_VD,VD,2018,29676,infrastructure,NOM,infrastructure,FR,lemmesAccessibilitéFR
w_FR_VD_2018_29825,FR_VD,VD,2018,29825,infrastructures,NOM,infrastructure,FR,lemmesAccessibilitéFR
w_FR_VD_2018_29872,FR_VD,VD,2018,29872,infrastructures,NOM,infrastructure,FR,lemmesAccessibilitéFR
w_FR_VD_2018_30094,FR_VD,VD,2018,30094,infrastructures,NOM,infrastructure,FR,lemmesAccessibilitéFR
w_FR_VD_2018_30156,FR_VD,VD,2018,30156,Infrastructures,NOM,infrastructure,FR,lemmesAccessibilitéFR
w_FR_VD_2018_30644,FR_VD,VD,2018,30644,Infrastructures,NOM,infrastructure,FR,lemmesAccessibilitéFR
w_FR_VD_2018_30821,FR_VD,VD,2018,30821,infrastructures,NOM,infrastructure,FR,lemmesAccessibilitéFR
w_FR_VD_2018_30881,FR_VD,VD,2018,30881,Infrastructures,NOM,infrastructure,FR,lemmesAccessibilitéFR
w_FR_VD_2018_31026,FR_VD,VD,2018,31026,infrastructures,NOM,infrastructure,FR,lemmesAccessibilitéFR
w_FR_VD_2018_31403,FR_VD,VD,2018,31403,infrastructures,NOM,infrastructure,FR,lemmesAccessibilitéFR
w_FR_VD_2018_31748,FR_VD,VD,2018,31748,infrastructures,NOM,infrastructure,FR,lemmesAccessibilitéFR
w_FR_VD_2018_32559,FR_VD,VD,2018,32559,infrastructures,NOM,infrastructure,FR,lemmesAccessibilitéFR
w_FR_VD_2018_32596,FR_VD,VD,2018,32596,infrastructures,NOM,infrastructure,FR,lemmesAccessibilitéFR
w_FR_VD_2018_33327,FR_VD,VD,2018,33327,infrastructures,NOM,infrastructure,FR,lemmesAccessibilitéFR
w_FR_VD_2018_33808,FR_VD,VD,2018,33808,infrastructures,NOM,infrastructure,FR,lemmesAccessibilitéFR
w_FR_VD_2018_34785,FR_VD,VD,2018,34785,infrastructures,NOM,infrastructure,FR,lemmesAccessibilitéFR
w_FR_VD_2018_37702,FR_VD,VD,2018,37702,infrastructures,NOM,infrastructure,FR,lemmesAccessibilitéFR
w_FR_VD_2018_37744,FR_VD,VD,2018,37744,infrastructures,NOM,infrastructure,FR,lemmesAccessibilitéFR
w_FR_VD_2018_39256,FR_VD,VD,2018,39256,infrastructures,NOM,infrastructure,FR,lemmesAccessibilitéFR
w_FR_VD_2018_39578,FR_VD,VD,2018,39578,infrastructures,NOM,infrastructure,FR,lemmesAccessibilitéFR
w_FR_VD_2018_41381,FR_VD,VD,2018,41381,infrastructures,NOM,infrastructure,FR,lemmesAccessibilitéFR
w_FR_VD_2018_42320,FR_VD,VD,2018,42320,infrastructures,NOM,infrastructure,FR,lemmesAccessibilitéFR
w_FR_VD_2018_42670,FR_VD,VD,2018,42670,infrastructures,NOM,infrastructure,FR,lemmesAccessibilitéFR
w_FR_VD_2018_47136,FR_VD,VD,2018,47136,infrastructures,NOM,infrastructure,FR,lemmesAccessibilitéFR
w_FR_VD_2018_50164,FR_VD,VD,2018,50164,infrastructures,NOM,infrastructure,FR,lemmesAccessibilitéFR
w_FR_VD_2018_50344,FR_VD,VD,2018,50344,infrastructures,NOM,infrastructure,FR,lemmesAccessibilitéFR
w_FR_VD_2018_50485,FR_VD,VD,2018,50485,infrastructures,NOM,infrastructure,FR,lemmesAccessibilitéFR
w_FR_VD_2018_50600,FR_VD,VD,2018,50600,infrastructures,NOM,infrastructure,FR,lemmesAccessibilitéFR
w_FR_VD_2018_51162,FR_VD,VD,2018,51162,infrastructures,NOM,infrastructure,FR,lemmesAccessibilitéFR
w_FR_VD_2018_51192,FR_VD,VD,2018,51192,infrastructures,NOM,infrastructure,FR,lemmesAccessibilitéFR
w_FR_VD_2018_51475,FR_VD,VD,2018,51475,infrastructures,NOM,infrastructure,FR,lemmesAccessibilitéFR
w_FR_VD_2018_51981,FR_VD,VD,2018,51981,infrastructures,NOM,infrastructure,FR,lemmesAccessibilitéFR
w_FR_VD_2018_51991,FR_VD,VD,2018,51991,infrastructures,NOM,infrastructure,FR,lemmesAccessibilitéFR
w_FR_VD_2018_52318,FR_VD,VD,2018,52318,infrastructures,NOM,infrastructure,FR,lemmesAccessibilitéFR
w_FR_VD_2018_53963,FR_VD,VD,2018,53963,infrastructures,NOM,infrastructure,FR,lemmesAccessibilitéFR
w_FR_VD_2018_54242,FR_VD,VD,2018,54242,infrastructures,NOM,infrastructure,FR,lemmesAccessibilitéFR
w_FR_VD_2018_62202,FR_VD,VD,2018,62202,infrastructures,NOM,infrastructure,FR,lemmesAccessibilitéFR
w_FR_VD_2018_62253,FR_VD,VD,2018,62253,Infrastructures,NOM,infrastructure,FR,lemmesAccessibilitéFR
w_FR_VD_2018_62263,FR_VD,VD,2018,62263,Infrastructures,NOM,infrastructure,FR,lemmesAccessibilitéFR
w_FR_VD_2018_62796,FR_VD,VD,2018,62796,infrastructures,NOM,infrastructure,FR,lemmesAccessibilitéFR
w_FR_VD_2018_63981,FR_VD,VD,2018,63981,Infrastructures,NOM,infrastructure,FR,lemmesAccessibilitéFR
w_FR_VD_2018_64055,FR_VD,VD,2018,64055,infrastructure,NOM,infrastructure,FR,lemmesAccessibilitéFR
w_FR_VD_2018_64076,FR_VD,VD,2018,64076,infrastructure,NOM,infrastructure,FR,lemmesAccessibilitéFR
w_FR_VD_2018_64100,FR_VD,VD,2018,64100,infrastructure,NOM,infrastructure,FR,lemmesAccessibilitéFR
w_FR_VD_2018_64131,FR_VD,VD,2018,64131,infrastructures,NOM,infrastructure,FR,lemmesAccessibilitéFR
w_FR_VD_2018_64143,FR_VD,VD,2018,64143,infrastructure,NOM,infrastructure,FR,lemmesAccessibilitéFR
w_FR_VD_2018_64384,FR_VD,VD,2018,64384,infrastructures,NOM,infrastructure,FR,lemmesAccessibilitéFR
w_FR_VD_2018_64563,FR_VD,VD,2018,64563,infrastructures,NOM,infrastructure,FR,lemmesAccessibilitéFR
w_FR_VD_2018_64619,FR_VD,VD,2018,64619,infrastructures,NOM,infrastructure,FR,lemmesAccessibilitéFR
w_FR_VD_2018_64624,FR_VD,VD,2018,64624,Infrastructures,NOM,infrastructure,FR,lemmesAccessibilitéFR
w_FR_VD_2018_64747,FR_VD,VD,2018,64747,Infrastructures,NOM,infrastructure,FR,lemmesAccessibilitéFR
w_FR_VD_2018_64862,FR_VD,VD,2018,64862,infrastructure,NOM,infrastructure,FR,lemmesAccessibilitéFR
w_FR_VD_2018_64888,FR_VD,VD,2018,64888,infrastructures,NOM,infrastructure,FR,lemmesAccessibilitéFR
w_FR_VD_2018_65204,FR_VD,VD,2018,65204,Infrastructures,NOM,infrastructure,FR,lemmesAccessibilitéFR
w_FR_VD_2018_65247,FR_VD,VD,2018,65247,infrastructures,NOM,infrastructure,FR,lemmesAccessibilitéFR
w_FR_VD_2018_65347,FR_VD,VD,2018,65347,infrastructure,NOM,infrastructure,FR,lemmesAccessibilitéFR
w_FR_VD_2018_65362,FR_VD,VD,2018,65362,infrastructures,NOM,infrastructure,FR,lemmesAccessibilitéFR
w_FR_VD_2018_65415,FR_VD,VD,2018,65415,Infrastructures,NOM,infrastructure,FR,lemmesAccessibilitéFR
w_FR_VD_2018_66699,FR_VD,VD,2018,66699,Infrastructures,NOM,infrastructure,FR,lemmesAccessibilitéFR
w_FR_VD_2018_66703,FR_VD,VD,2018,66703,infrastructures,NOM,infrastructure,FR,lemmesAccessibilitéFR
w_FR_VD_2018_66768,FR_VD,VD,2018,66768,infrastructures,NOM,infrastructure,FR,lemmesAccessibilitéFR
w_FR_VD_2018_66916,FR_VD,VD,2018,66916,infrastructures,NOM,infrastructure,FR,lemmesAccessibilitéFR
w_FR_VD_2018_66957,FR_VD,VD,2018,66957,infrastructures,NOM,infrastructure,FR,lemmesAccessibilitéFR
w_FR_VD_2018_66965,FR_VD,VD,2018,66965,infrastructures,NOM,infrastructure,FR,lemmesAccessibilitéFR
w_FR_VD_2018_66990,FR_VD,VD,2018,66990,infrastructures,NOM,infrastructure,FR,lemmesAccessibilitéFR
w_FR_VD_2018_67038,FR_VD,VD,2018,67038,infrastructures,NOM,infrastructure,FR,lemmesAccessibilitéFR
w_FR_VD_2018_67075,FR_VD,VD,2018,67075,infrastructures,NOM,infrastructure,FR,lemmesAccessibilitéFR
w_FR_VD_2018_67102,FR_VD,VD,2018,67102,infrastructure,NOM,infrastructure,FR,lemmesAccessibilitéFR
w_FR_VD_2018_67114,FR_VD,VD,2018,67114,infrastructures,NOM,infrastructure,FR,lemmesAccessibilitéFR
w_FR_VD_2018_67187,FR_VD,VD,2018,67187,infrastructures,NOM,infrastructure,FR,lemmesAccessibilitéFR
w_FR_VD_2018_67236,FR_VD,VD,2018,67236,Infrastructures,NOM,infrastructure,FR,lemmesAccessibilitéFR
w_FR_VD_2018_67257,FR_VD,VD,2018,67257,Infrastructures,NOM,infrastructure,FR,lemmesAccessibilitéFR
w_FR_VD_2018_67266,FR_VD,VD,2018,67266,infrastructures,NOM,infrastructure,FR,lemmesAccessibilitéFR
w_FR_VD_2018_67358,FR_VD,VD,2018,67358,Infrastructures,NOM,infrastructure,FR,lemmesAccessibilitéFR
w_FR_VD_2018_67472,FR_VD,VD,2018,67472,Infrastructures,NOM,infrastructure,FR,lemmesAccessibilitéFR
w_FR_VD_2018_67591,FR_VD,VD,2018,67591,infrastructures,NOM,infrastructure,FR,lemmesAccessibilitéFR
w_FR_VD_2018_67633,FR_VD,VD,2018,67633,infrastructures,NOM,infrastructure,FR,lemmesAccessibilitéFR
w_FR_VD_2018_67675,FR_VD,VD,2018,67675,infrastructures,NOM,infrastructure,FR,lemmesAccessibilitéFR
w_FR_VD_2018_67706,FR_VD,VD,2018,67706,infrastructures,NOM,infrastructure,FR,lemmesAccessibilitéFR
w_FR_VD_2018_68007,FR_VD,VD,2018,68007,Infrastructures,NOM,infrastructure,FR,lemmesAccessibilitéFR
w_FR_VD_2018_68038,FR_VD,VD,2018,68038,infrastructures,NOM,infrastructure,FR,lemmesAccessibilitéFR
w_FR_VD_2018_68070,FR_VD,VD,2018,68070,infrastructures,NOM,infrastructure,FR,lemmesAccessibilitéFR
w_FR_VD_2018_68092,FR_VD,VD,2018,68092,infrastructures,NOM,infrastructure,FR,lemmesAccessibilitéFR
w_FR_VD_2018_68153,FR_VD,VD,2018,68153,infrastructures,NOM,infrastructure,FR,lemmesAccessibilitéFR
w_FR_VD_2018_68170,FR_VD,VD,2018,68170,infrastructures,NOM,infrastructure,FR,lemmesAccessibilitéFR
w_FR_VD_2018_68348,FR_VD,VD,2018,68348,Infrastructures,NOM,infrastructure,FR,lemmesAccessibilitéFR
w_FR_VD_2018_73284,FR_VD,VD,2018,73284,infrastructure,NOM,infrastructure,FR,lemmesAccessibilitéFR
w_FR_VD_2018_77424,FR_VD,VD,2018,77424,infrastructures,NOM,infrastructure,FR,lemmesAccessibilitéFR
w_FR_VD_2018_90254,FR_VD,VD,2018,90254,infrastructures,NOM,infrastructure,FR,lemmesAccessibilitéFR
w_FR_VD_2018_97059,FR_VD,VD,2018,97059,infrastructures,NOM,infrastructure,FR,lemmesAccessibilitéFR
w_FR_VD_2018_98033,FR_VD,VD,2018,98033,infrastructures,NOM,infrastructure,FR,lemmesAccessibilitéFR
w_FR_VD_2018_99008,FR_VD,VD,2018,99008,infrastructures,NOM,infrastructure,FR,lemmesAccessibilitéFR
w_FR_VD_2018_100101,FR_VD,VD,2018,100101,infrastructures,NOM,infrastructure,FR,lemmesAccessibilitéFR
w_FR_VD_2018_132136,FR_VD,VD,2018,132136,infrastructures,NOM,infrastructure,FR,lemmesAccessibilitéFR
w_FR_VD_2018_132598,FR_VD,VD,2018,132598,infrastructures,NOM,infrastructure,FR,lemmesAccessibilitéFR
w_FR_VD_2018_134903,FR_VD,VD,2018,134903,infrastructures,NOM,infrastructure,FR,lemmesAccessibilitéFR
w_FR_VD_2018_135524,FR_VD,VD,2018,135524,Infrastructures,NOM,infrastructure,FR,lemmesAccessibilitéFR
w_FR_VD_2018_135654,FR_VD,VD,2018,135654,Infrastructures,NOM,infrastructure,FR,lemmesAccessibilitéFR
w_FR_VD_2018_135701,FR_VD,VD,2018,135701,Infrastructures,NOM,infrastructure,FR,lemmesAccessibilitéFR
w_FR_VD_2018_137279,FR_VD,VD,2018,137279,infrastructures,NOM,infrastructure,FR,lemmesAccessibilitéFR
w_FR_VD_2018_143497,FR_VD,VD,2018,143497,infrastructures,NOM,infrastructure,FR,lemmesAccessibilitéFR
w_FR_VD_2018_144055,FR_VD,VD,2018,144055,infrastructures,NOM,infrastructure,FR,lemmesAccessibilitéFR
w_FR_VD_2018_145067,FR_VD,VD,2018,145067,infrastructure,NOM,infrastructure,FR,lemmesAccessibilitéFR
w_FR_VD_2018_149623,FR_VD,VD,2018,149623,infrastructures,NOM,infrastructure,FR,lemmesAccessibilitéFR
w_FR_VD_2018_153744,FR_VD,VD,2018,153744,infrastructures,NOM,infrastructure,FR,lemmesAccessibilitéFR
w_FR_VD_2018_158407,FR_VD,VD,2018,158407,infrastructures,NOM,infrastructure,FR,lemmesAccessibilitéFR
w_FR_VD_2018_158682,FR_VD,VD,2018,158682,infrastructures,NOM,infrastructure,FR,lemmesAccessibilitéFR
w_FR_VD_2018_159485,FR_VD,VD,2018,159485,infrastructures,NOM,infrastructure,FR,lemmesAccessibilitéFR
w_FR_VD_2018_160876,FR_VD,VD,2018,160876,infrastructures,NOM,infrastructure,FR,lemmesAccessibilitéFR
w_FR_VD_2018_161637,FR_VD,VD,2018,161637,infrastructures,NOM,infrastructure,FR,lemmesAccessibilitéFR
w_FR_VD_2018_162464,FR_VD,VD,2018,162464,Infrastructures,NOM,infrastructure,FR,lemmesAccessibilitéFR
w_FR_VD_2018_164836,FR_VD,VD,2018,164836,infrastructure,NOM,infrastructure,FR,lemmesAccessibilitéFR
w_FR_VD_2018_166063,FR_VD,VD,2018,166063,Infrastructures,NOM,infrastructure,FR,lemmesAccessibilitéFR
w_FR_VD_2018_167887,FR_VD,VD,2018,167887,infrastructure,NOM,infrastructure,FR,lemmesAccessibilitéFR
w_FR_VD_2018_168792,FR_VD,VD,2018,168792,infrastructures,NOM,infrastructure,FR,lemmesAccessibilitéFR
w_FR_VD_2018_169526,FR_VD,VD,2018,169526,Infrastructures,NOM,infrastructure,FR,lemmesAccessibilitéFR
w_FR_VD_2018_169701,FR_VD,VD,2018,169701,infrastructures,NOM,infrastructure,FR,lemmesAccessibilitéFR
w_FR_VD_2018_169847,FR_VD,VD,2018,169847,infrastructures,NOM,infrastructure,FR,lemmesAccessibilitéFR
w_FR_VD_2018_171410,FR_VD,VD,2018,171410,infrastructure,NOM,infrastructure,FR,lemmesAccessibilitéFR
w_FR_VD_2018_173120,FR_VD,VD,2018,173120,Infrastructures,NOM,infrastructure,FR,lemmesAccessibilitéFR
w_FR_VD_2018_173423,FR_VD,VD,2018,173423,infrastructures,NOM,infrastructure,FR,lemmesAccessibilitéFR
w_FR_VD_2018_173567,FR_VD,VD,2018,173567,infrastructures,NOM,infrastructure,FR,lemmesAccessibilitéFR
w_FR_VD_2018_175039,FR_VD,VD,2018,175039,infrastructure,NOM,infrastructure,FR,lemmesAccessibilitéFR
w_FR_VD_2018_176945,FR_VD,VD,2018,176945,Infrastructures,NOM,infrastructure,FR,lemmesAccessibilitéFR
w_FR_VD_2018_177358,FR_VD,VD,2018,177358,infrastructures,NOM,infrastructure,FR,lemmesAccessibilitéFR
w_FR_VD_2018_179607,FR_VD,VD,2018,179607,infrastructure,NOM,infrastructure,FR,lemmesAccessibilitéFR
w_FR_VD_2018_180503,FR_VD,VD,2018,180503,infrastructure,NOM,infrastructure,FR,lemmesAccessibilitéFR
w_FR_VD_2018_183121,FR_VD,VD,2018,183121,infrastructures,NOM,infrastructure,FR,lemmesAccessibilitéFR
w_FR_VD_2018_185511,FR_VD,VD,2018,185511,infrastructures,NOM,infrastructure,FR,lemmesAccessibilitéFR
w_FR_VD_2018_187490,FR_VD,VD,2018,187490,infrastructures,NOM,infrastructure,FR,lemmesAccessibilitéFR
w_FR_VD_2018_189599,FR_VD,VD,2018,189599,infrastructures,NOM,infrastructure,FR,lemmesAccessibilitéFR
w_FR_VD_2018_191698,FR_VD,VD,2018,191698,infrastructure,NOM,infrastructure,FR,lemmesAccessibilitéFR
w_FR_VD_2018_193738,FR_VD,VD,2018,193738,INFRASTRUCTURES,NOM,infrastructure,FR,lemmesAccessibilitéFR
w_FR_VD_2018_193877,FR_VD,VD,2018,193877,Infrastructures,NOM,infrastructure,FR,lemmesAccessibilitéFR
w_FR_VD_2018_193897,FR_VD,VD,2018,193897,Infrastructures,NOM,infrastructure,FR,lemmesAccessibilitéFR
w_FR_VD_2018_194118,FR_VD,VD,2018,194118,Infrastructures,NOM,infrastructure,FR,lemmesAccessibilitéFR
w_FR_VD_2018_194125,FR_VD,VD,2018,194125,infrastructure,NOM,infrastructure,FR,lemmesAccessibilitéFR
w_FR_BE_2006_1373,FR_BE,BE,2006,1373,Infrastructures,NOM,infrastructure,FR,lemmesAccessibilitéFR
w_FR_BE_2006_9743,FR_BE,BE,2006,9743,infrastructures,NOM,infrastructure,FR,lemmesAccessibilitéFR
w_FR_BE_2006_9769,FR_BE,BE,2006,9769,infrastructures,NOM,infrastructure,FR,lemmesAccessibilitéFR
w_FR_BE_2006_10103,FR_BE,BE,2006,10103,infrastructures,NOM,infrastructure,FR,lemmesAccessibilitéFR
w_FR_BE_2006_11246,FR_BE,BE,2006,11246,infrastructures,NOM,infrastructure,FR,lemmesAccessibilitéFR
w_FR_BE_2006_16064,FR_BE,BE,2006,16064,infrastructures,NOM,infrastructure,FR,lemmesAccessibilitéFR
w_FR_BE_2006_16916,FR_BE,BE,2006,16916,infrastructure,NOM,infrastructure,FR,lemmesAccessibilitéFR
w_FR_BE_2006_16936,FR_BE,BE,2006,16936,infrastructure,NOM,infrastructure,FR,lemmesAccessibilitéFR
w_FR_BE_2006_16991,FR_BE,BE,2006,16991,infrastructures,NOM,infrastructure,FR,lemmesAccessibilitéFR
w_FR_BE_2006_17515,FR_BE,BE,2006,17515,infrastructure,NOM,infrastructure,FR,lemmesAccessibilitéFR
w_FR_BE_2006_17556,FR_BE,BE,2006,17556,infrastructures,NOM,infrastructure,FR,lemmesAccessibilitéFR
w_FR_BE_2006_17650,FR_BE,BE,2006,17650,infrastructures,NOM,infrastructure,FR,lemmesAccessibilitéFR
w_FR_BE_2006_17805,FR_BE,BE,2006,17805,infrastructures,NOM,infrastructure,FR,lemmesAccessibilitéFR
w_FR_BE_2006_17854,FR_BE,BE,2006,17854,infrastructures,NOM,infrastructure,FR,lemmesAccessibilitéFR
w_FR_BE_2006_17859,FR_BE,BE,2006,17859,infrastructures,NOM,infrastructure,FR,lemmesAccessibilitéFR
w_FR_BE_2006_18589,FR_BE,BE,2006,18589,infrastructures,NOM,infrastructure,FR,lemmesAccessibilitéFR
w_FR_BE_2006_19993,FR_BE,BE,2006,19993,infrastructures,NOM,infrastructure,FR,lemmesAccessibilitéFR
w_FR_BE_2006_20212,FR_BE,BE,2006,20212,infrastructures,NOM,infrastructure,FR,lemmesAccessibilitéFR
w_FR_BE_2006_20424,FR_BE,BE,2006,20424,infrastructure,NOM,infrastructure,FR,lemmesAccessibilitéFR
w_FR_BE_2006_21216,FR_BE,BE,2006,21216,infrastructures,NOM,infrastructure,FR,lemmesAccessibilitéFR
w_FR_BE_2006_21492,FR_BE,BE,2006,21492,infrastructures,NOM,infrastructure,FR,lemmesAccessibilitéFR
w_FR_BE_2006_22019,FR_BE,BE,2006,22019,infrastructure,NOM,infrastructure,FR,lemmesAccessibilitéFR
w_FR_BE_2006_22027,FR_BE,BE,2006,22027,infrastructures,NOM,infrastructure,FR,lemmesAccessibilitéFR
w_FR_BE_2006_22034,FR_BE,BE,2006,22034,infrastructure,NOM,infrastructure,FR,lemmesAccessibilitéFR
w_FR_BE_2006_22255,FR_BE,BE,2006,22255,infrastructure,NOM,infrastructure,FR,lemmesAccessibilitéFR
w_FR_BE_2006_23401,FR_BE,BE,2006,23401,infrastructures,NOM,infrastructure,FR,lemmesAccessibilitéFR
w_FR_BE_2006_23410,FR_BE,BE,2006,23410,infrastructures,NOM,infrastructure,FR,lemmesAccessibilitéFR
w_FR_BE_2006_23968,FR_BE,BE,2006,23968,infrastructures,NOM,infrastructure,FR,lemmesAccessibilitéFR
w_FR_BE_2006_24202,FR_BE,BE,2006,24202,infrastructure,NOM,infrastructure,FR,lemmesAccessibilitéFR
w_FR_BE_2006_24576,FR_BE,BE,2006,24576,infrastructures,NOM,infrastructure,FR,lemmesAccessibilitéFR
w_FR_BE_2006_27598,FR_BE,BE,2006,27598,infrastructure,NOM,infrastructure,FR,lemmesAccessibilitéFR
w_FR_BE_2006_28372,FR_BE,BE,2006,28372,infrastructures,NOM,infrastructure,FR,lemmesAccessibilitéFR
w_FR_BE_2006_28388,FR_BE,BE,2006,28388,infrastructures,NOM,infrastructure,FR,lemmesAccessibilitéFR
w_FR_BE_2006_28486,FR_BE,BE,2006,28486,infrastructures,NOM,infrastructure,FR,lemmesAccessibilitéFR
w_FR_BE_2006_28670,FR_BE,BE,2006,28670,infrastructures,NOM,infrastructure,FR,lemmesAccessibilitéFR
w_FR_BE_2006_29281,FR_BE,BE,2006,29281,infrastructures,NOM,infrastructure,FR,lemmesAccessibilitéFR
w_FR_BE_2006_29427,FR_BE,BE,2006,29427,infrastructures,NOM,infrastructure,FR,lemmesAccessibilitéFR
w_FR_BE_2006_29571,FR_BE,BE,2006,29571,infrastructures,NOM,infrastructure,FR,lemmesAccessibilitéFR
w_FR_BE_2006_29590,FR_BE,BE,2006,29590,infrastructure,NOM,infrastructure,FR,lemmesAccessibilitéFR
w_FR_BE_2006_29647,FR_BE,BE,2006,29647,infrastructures,NOM,infrastructure,FR,lemmesAccessibilitéFR
w_FR_BE_2006_29669,FR_BE,BE,2006,29669,infrastructure,NOM,infrastructure,FR,lemmesAccessibilitéFR
w_FR_BE_2006_30695,FR_BE,BE,2006,30695,infrastructure,NOM,infrastructure,FR,lemmesAccessibilitéFR
w_FR_BE_2006_32105,FR_BE,BE,2006,32105,infrastructures,NOM,infrastructure,FR,lemmesAccessibilitéFR
w_FR_BE_2006_32254,FR_BE,BE,2006,32254,Infrastructures,NOM,infrastructure,FR,lemmesAccessibilitéFR
w_FR_BE_2006_32273,FR_BE,BE,2006,32273,infrastructures,NOM,infrastructure,FR,lemmesAccessibilitéFR
w_FR_BE_2006_32359,FR_BE,BE,2006,32359,infrastructures,NOM,infrastructure,FR,lemmesAccessibilitéFR
w_FR_BE_2006_32635,FR_BE,BE,2006,32635,infrastructures,NOM,infrastructure,FR,lemmesAccessibilitéFR
w_FR_BE_2006_32709,FR_BE,BE,2006,32709,infrastructure,NOM,infrastructure,FR,lemmesAccessibilitéFR
w_FR_BE_2006_33169,FR_BE,BE,2006,33169,infrastructure,NOM,infrastructure,FR,lemmesAccessibilitéFR
w_FR_BE_2006_33477,FR_BE,BE,2006,33477,infrastructures,NOM,infrastructure,FR,lemmesAccessibilitéFR
w_FR_BE_2006_33872,FR_BE,BE,2006,33872,infrastructures,NOM,infrastructure,FR,lemmesAccessibilitéFR
w_FR_BE_2006_34025,FR_BE,BE,2006,34025,infrastructure,NOM,infrastructure,FR,lemmesAccessibilitéFR
w_FR_BE_2006_34481,FR_BE,BE,2006,34481,infrastructures,NOM,infrastructure,FR,lemmesAccessibilitéFR
w_FR_BE_2006_38487,FR_BE,BE,2006,38487,infrastructures,NOM,infrastructure,FR,lemmesAccessibilitéFR
w_FR_BE_2006_38502,FR_BE,BE,2006,38502,infrastructures,NOM,infrastructure,FR,lemmesAccessibilitéFR
w_FR_BE_2006_39024,FR_BE,BE,2006,39024,infrastructures,NOM,infrastructure,FR,lemmesAccessibilitéFR
w_FR_BE_2006_42671,FR_BE,BE,2006,42671,infrastructures,NOM,infrastructure,FR,lemmesAccessibilitéFR
w_FR_BE_2006_42791,FR_BE,BE,2006,42791,infrastructures,NOM,infrastructure,FR,lemmesAccessibilitéFR
w_FR_BE_2006_45377,FR_BE,BE,2006,45377,infrastructure,NOM,infrastructure,FR,lemmesAccessibilitéFR
w_FR_BE_2006_47989,FR_BE,BE,2006,47989,infrastructures,NOM,infrastructure,FR,lemmesAccessibilitéFR
w_FR_BE_2006_48024,FR_BE,BE,2006,48024,infrastructure,NOM,infrastructure,FR,lemmesAccessibilitéFR
w_FR_BE_2006_54520,FR_BE,BE,2006,54520,infrastructures,NOM,infrastructure,FR,lemmesAccessibilitéFR
w_FR_BE_2006_55183,FR_BE,BE,2006,55183,infrastructures,NOM,infrastructure,FR,lemmesAccessibilitéFR
w_FR_BE_2006_55939,FR_BE,BE,2006,55939,infrastructures,NOM,infrastructure,FR,lemmesAccessibilitéFR
w_FR_BE_2006_56622,FR_BE,BE,2006,56622,infrastructures,NOM,infrastructure,FR,lemmesAccessibilitéFR
w_FR_BE_2006_56649,FR_BE,BE,2006,56649,infrastructures,NOM,infrastructure,FR,lemmesAccessibilitéFR
w_FR_BE_2006_56768,FR_BE,BE,2006,56768,infrastructure,NOM,infrastructure,FR,lemmesAccessibilitéFR
w_FR_BE_2006_56793,FR_BE,BE,2006,56793,infrastructure,NOM,infrastructure,FR,lemmesAccessibilitéFR
w_FR_BE_2006_56889,FR_BE,BE,2006,56889,infrastructure,NOM,infrastructure,FR,lemmesAccessibilitéFR
w_FR_BE_2006_57687,FR_BE,BE,2006,57687,infrastructures,NOM,infrastructure,FR,lemmesAccessibilitéFR
w_FR_BE_2006_57813,FR_BE,BE,2006,57813,infrastructures,NOM,infrastructure,FR,lemmesAccessibilitéFR
w_FR_BE_2006_57872,FR_BE,BE,2006,57872,infrastructures,NOM,infrastructure,FR,lemmesAccessibilitéFR
w_FR_BE_2006_58383,FR_BE,BE,2006,58383,Infrastructure,NOM,infrastructure,FR,lemmesAccessibilitéFR
w_FR_BE_2006_58688,FR_BE,BE,2006,58688,Infrastructure,NOM,infrastructure,FR,lemmesAccessibilitéFR
w_FR_BE_2006_59076,FR_BE,BE,2006,59076,infrastructures,NOM,infrastructure,FR,lemmesAccessibilitéFR
w_FR_BE_2006_59178,FR_BE,BE,2006,59178,infrastructures,NOM,infrastructure,FR,lemmesAccessibilitéFR
w_FR_BE_2006_59192,FR_BE,BE,2006,59192,infrastructures,NOM,infrastructure,FR,lemmesAccessibilitéFR
w_FR_BE_2006_62969,FR_BE,BE,2006,62969,infrastructures,NOM,infrastructure,FR,lemmesAccessibilitéFR
w_FR_BE_2006_63277,FR_BE,BE,2006,63277,Infrastructures,NOM,infrastructure,FR,lemmesAccessibilitéFR
w_FR_BE_2006_63288,FR_BE,BE,2006,63288,infrastructures,NOM,infrastructure,FR,lemmesAccessibilitéFR
w_FR_BE_2006_63344,FR_BE,BE,2006,63344,infrastructures,NOM,infrastructure,FR,lemmesAccessibilitéFR
w_FR_BE_2006_65033,FR_BE,BE,2006,65033,infrastructures,NOM,infrastructure,FR,lemmesAccessibilitéFR
w_FR_BE_2006_70615,FR_BE,BE,2006,70615,infrastructures,NOM,infrastructure,FR,lemmesAccessibilitéFR
w_FR_BE_2006_74634,FR_BE,BE,2006,74634,infrastructures,NOM,infrastructure,FR,lemmesAccessibilitéFR
w_FR_BE_2006_74685,FR_BE,BE,2006,74685,infrastructures,NOM,infrastructure,FR,lemmesAccessibilitéFR
w_FR_BE_2006_75703,FR_BE,BE,2006,75703,infrastructures,NOM,infrastructure,FR,lemmesAccessibilitéFR
w_FR_BE_2006_75897,FR_BE,BE,2006,75897,infrastructures,NOM,infrastructure,FR,lemmesAccessibilitéFR
w_FR_BE_2006_76020,FR_BE,BE,2006,76020,infrastructures,NOM,infrastructure,FR,lemmesAccessibilitéFR
w_FR_BE_2006_77978,FR_BE,BE,2006,77978,infrastructures,NOM,infrastructure,FR,lemmesAccessibilitéFR
w_FR_BE_2006_91098,FR_BE,BE,2006,91098,infrastructures,NOM,infrastructure,FR,lemmesAccessibilitéFR
w_FR_BE_2006_92875,FR_BE,BE,2006,92875,infrastructure,NOM,infrastructure,FR,lemmesAccessibilitéFR
w_FR_BE_2006_92909,FR_BE,BE,2006,92909,infrastructure,NOM,infrastructure,FR,lemmesAccessibilitéFR
w_FR_BE_2006_93116,FR_BE,BE,2006,93116,infrastructure,NOM,infrastructure,FR,lemmesAccessibilitéFR
w_FR_BE_2006_93150,FR_BE,BE,2006,93150,infrastructure,NOM,infrastructure,FR,lemmesAccessibilitéFR
w_FR_BE_2006_93275,FR_BE,BE,2006,93275,infrastructure,NOM,infrastructure,FR,lemmesAccessibilitéFR
w_FR_BE_2006_93309,FR_BE,BE,2006,93309,infrastructure,NOM,infrastructure,FR,lemmesAccessibilitéFR
w_FR_BE_2006_93576,FR_BE,BE,2006,93576,infrastructure,NOM,infrastructure,FR,lemmesAccessibilitéFR
w_FR_BE_2006_93610,FR_BE,BE,2006,93610,infrastructure,NOM,infrastructure,FR,lemmesAccessibilitéFR
w_FR_BE_2006_93758,FR_BE,BE,2006,93758,infrastructure,NOM,infrastructure,FR,lemmesAccessibilitéFR
w_FR_BE_2006_93800,FR_BE,BE,2006,93800,infrastructure,NOM,infrastructure,FR,lemmesAccessibilitéFR
w_FR_BE_2010_1381,FR_BE,BE,2010,1381,Infrastructures,NOM,infrastructure,FR,lemmesAccessibilitéFR
w_FR_BE_2010_9876,FR_BE,BE,2010,9876,infrastructures,NOM,infrastructure,FR,lemmesAccessibilitéFR
w_FR_BE_2010_9902,FR_BE,BE,2010,9902,infrastructures,NOM,infrastructure,FR,lemmesAccessibilitéFR
w_FR_BE_2010_10236,FR_BE,BE,2010,10236,infrastructures,NOM,infrastructure,FR,lemmesAccessibilitéFR
w_FR_BE_2010_11379,FR_BE,BE,2010,11379,infrastructures,NOM,infrastructure,FR,lemmesAccessibilitéFR
w_FR_BE_2010_16140,FR_BE,BE,2010,16140,infrastructures,NOM,infrastructure,FR,lemmesAccessibilitéFR
w_FR_BE_2010_16992,FR_BE,BE,2010,16992,infrastructure,NOM,infrastructure,FR,lemmesAccessibilitéFR
w_FR_BE_2010_17012,FR_BE,BE,2010,17012,infrastructure,NOM,infrastructure,FR,lemmesAccessibilitéFR
w_FR_BE_2010_17067,FR_BE,BE,2010,17067,infrastructures,NOM,infrastructure,FR,lemmesAccessibilitéFR
w_FR_BE_2010_17598,FR_BE,BE,2010,17598,infrastructure,NOM,infrastructure,FR,lemmesAccessibilitéFR
w_FR_BE_2010_17751,FR_BE,BE,2010,17751,infrastructures,NOM,infrastructure,FR,lemmesAccessibilitéFR
w_FR_BE_2010_17790,FR_BE,BE,2010,17790,infrastructures,NOM,infrastructure,FR,lemmesAccessibilitéFR
w_FR_BE_2010_18235,FR_BE,BE,2010,18235,infrastructures,NOM,infrastructure,FR,lemmesAccessibilitéFR
w_FR_BE_2010_18673,FR_BE,BE,2010,18673,infrastructures,NOM,infrastructure,FR,lemmesAccessibilitéFR
w_FR_BE_2010_18855,FR_BE,BE,2010,18855,infrastructures,NOM,infrastructure,FR,lemmesAccessibilitéFR
w_FR_BE_2010_19171,FR_BE,BE,2010,19171,infrastructures,NOM,infrastructure,FR,lemmesAccessibilitéFR
w_FR_BE_2010_19191,FR_BE,BE,2010,19191,infrastructures,NOM,infrastructure,FR,lemmesAccessibilitéFR
w_FR_BE_2010_19211,FR_BE,BE,2010,19211,infrastructures,NOM,infrastructure,FR,lemmesAccessibilitéFR
w_FR_BE_2010_19250,FR_BE,BE,2010,19250,infrastructures,NOM,infrastructure,FR,lemmesAccessibilitéFR
w_FR_BE_2010_19287,FR_BE,BE,2010,19287,infrastructures,NOM,infrastructure,FR,lemmesAccessibilitéFR
w_FR_BE_2010_19307,FR_BE,BE,2010,19307,infrastructures,NOM,infrastructure,FR,lemmesAccessibilitéFR
w_FR_BE_2010_19498,FR_BE,BE,2010,19498,infrastructures,NOM,infrastructure,FR,lemmesAccessibilitéFR
w_FR_BE_2010_20394,FR_BE,BE,2010,20394,infrastructures,NOM,infrastructure,FR,lemmesAccessibilitéFR
w_FR_BE_2010_20419,FR_BE,BE,2010,20419,infrastructures,NOM,infrastructure,FR,lemmesAccessibilitéFR
w_FR_BE_2010_20817,FR_BE,BE,2010,20817,infrastructures,NOM,infrastructure,FR,lemmesAccessibilitéFR
w_FR_BE_2010_21104,FR_BE,BE,2010,21104,infrastructures,NOM,infrastructure,FR,lemmesAccessibilitéFR
w_FR_BE_2010_21351,FR_BE,BE,2010,21351,infrastructures,NOM,infrastructure,FR,lemmesAccessibilitéFR
w_FR_BE_2010_21619,FR_BE,BE,2010,21619,infrastructures,NOM,infrastructure,FR,lemmesAccessibilitéFR
w_FR_BE_2010_21868,FR_BE,BE,2010,21868,Infrastructures,NOM,infrastructure,FR,lemmesAccessibilitéFR
w_FR_BE_2010_21879,FR_BE,BE,2010,21879,infrastructures,NOM,infrastructure,FR,lemmesAccessibilitéFR
w_FR_BE_2010_22361,FR_BE,BE,2010,22361,infrastructures,NOM,infrastructure,FR,lemmesAccessibilitéFR
w_FR_BE_2010_22581,FR_BE,BE,2010,22581,infrastructures,NOM,infrastructure,FR,lemmesAccessibilitéFR
w_FR_BE_2010_22703,FR_BE,BE,2010,22703,infrastructures,NOM,infrastructure,FR,lemmesAccessibilitéFR
w_FR_BE_2010_23522,FR_BE,BE,2010,23522,infrastructures,NOM,infrastructure,FR,lemmesAccessibilitéFR
w_FR_BE_2010_24300,FR_BE,BE,2010,24300,infrastructures,NOM,infrastructure,FR,lemmesAccessibilitéFR
w_FR_BE_2010_24909,FR_BE,BE,2010,24909,infrastructures,NOM,infrastructure,FR,lemmesAccessibilitéFR
w_FR_BE_2010_24918,FR_BE,BE,2010,24918,infrastructures,NOM,infrastructure,FR,lemmesAccessibilitéFR
w_FR_BE_2010_25531,FR_BE,BE,2010,25531,infrastructures,NOM,infrastructure,FR,lemmesAccessibilitéFR
w_FR_BE_2010_25626,FR_BE,BE,2010,25626,infrastructures,NOM,infrastructure,FR,lemmesAccessibilitéFR
w_FR_BE_2010_26353,FR_BE,BE,2010,26353,infrastructure,NOM,infrastructure,FR,lemmesAccessibilitéFR
w_FR_BE_2010_26475,FR_BE,BE,2010,26475,Infrastructure,NOM,infrastructure,FR,lemmesAccessibilitéFR
w_FR_BE_2010_27002,FR_BE,BE,2010,27002,infrastructure,NOM,infrastructure,FR,lemmesAccessibilitéFR
w_FR_BE_2010_27376,FR_BE,BE,2010,27376,infrastructures,NOM,infrastructure,FR,lemmesAccessibilitéFR
w_FR_BE_2010_30398,FR_BE,BE,2010,30398,infrastructure,NOM,infrastructure,FR,lemmesAccessibilitéFR
w_FR_BE_2010_31164,FR_BE,BE,2010,31164,infrastructures,NOM,infrastructure,FR,lemmesAccessibilitéFR
w_FR_BE_2010_31180,FR_BE,BE,2010,31180,infrastructures,NOM,infrastructure,FR,lemmesAccessibilitéFR
w_FR_BE_2010_31278,FR_BE,BE,2010,31278,infrastructures,NOM,infrastructure,FR,lemmesAccessibilitéFR
w_FR_BE_2010_31462,FR_BE,BE,2010,31462,infrastructures,NOM,infrastructure,FR,lemmesAccessibilitéFR
w_FR_BE_2010_32080,FR_BE,BE,2010,32080,infrastructures,NOM,infrastructure,FR,lemmesAccessibilitéFR
w_FR_BE_2010_32283,FR_BE,BE,2010,32283,infrastructures,NOM,infrastructure,FR,lemmesAccessibilitéFR
w_FR_BE_2010_32427,FR_BE,BE,2010,32427,infrastructures,NOM,infrastructure,FR,lemmesAccessibilitéFR
w_FR_BE_2010_32446,FR_BE,BE,2010,32446,infrastructure,NOM,infrastructure,FR,lemmesAccessibilitéFR
w_FR_BE_2010_32503,FR_BE,BE,2010,32503,infrastructures,NOM,infrastructure,FR,lemmesAccessibilitéFR
w_FR_BE_2010_32525,FR_BE,BE,2010,32525,infrastructure,NOM,infrastructure,FR,lemmesAccessibilitéFR
w_FR_BE_2010_33124,FR_BE,BE,2010,33124,infrastructure,NOM,infrastructure,FR,lemmesAccessibilitéFR
w_FR_BE_2010_33594,FR_BE,BE,2010,33594,infrastructure,NOM,infrastructure,FR,lemmesAccessibilitéFR
w_FR_BE_2010_35067,FR_BE,BE,2010,35067,infrastructures,NOM,infrastructure,FR,lemmesAccessibilitéFR
w_FR_BE_2010_35376,FR_BE,BE,2010,35376,Infrastructures,NOM,infrastructure,FR,lemmesAccessibilitéFR
w_FR_BE_2010_35395,FR_BE,BE,2010,35395,infrastructures,NOM,infrastructure,FR,lemmesAccessibilitéFR
w_FR_BE_2010_35475,FR_BE,BE,2010,35475,infrastructures,NOM,infrastructure,FR,lemmesAccessibilitéFR
w_FR_BE_2010_35751,FR_BE,BE,2010,35751,infrastructures,NOM,infrastructure,FR,lemmesAccessibilitéFR
w_FR_BE_2010_35825,FR_BE,BE,2010,35825,infrastructure,NOM,infrastructure,FR,lemmesAccessibilitéFR
w_FR_BE_2010_36306,FR_BE,BE,2010,36306,infrastructure,NOM,infrastructure,FR,lemmesAccessibilitéFR
w_FR_BE_2010_36593,FR_BE,BE,2010,36593,infrastructures,NOM,infrastructure,FR,lemmesAccessibilitéFR
w_FR_BE_2010_36982,FR_BE,BE,2010,36982,infrastructures,NOM,infrastructure,FR,lemmesAccessibilitéFR
w_FR_BE_2010_37135,FR_BE,BE,2010,37135,infrastructure,NOM,infrastructure,FR,lemmesAccessibilitéFR
w_FR_BE_2010_37591,FR_BE,BE,2010,37591,infrastructures,NOM,infrastructure,FR,lemmesAccessibilitéFR
w_FR_BE_2010_41723,FR_BE,BE,2010,41723,infrastructures,NOM,infrastructure,FR,lemmesAccessibilitéFR
w_FR_BE_2010_41738,FR_BE,BE,2010,41738,infrastructures,NOM,infrastructure,FR,lemmesAccessibilitéFR
w_FR_BE_2010_42260,FR_BE,BE,2010,42260,infrastructures,NOM,infrastructure,FR,lemmesAccessibilitéFR
w_FR_BE_2010_45858,FR_BE,BE,2010,45858,infrastructures,NOM,infrastructure,FR,lemmesAccessibilitéFR
w_FR_BE_2010_45978,FR_BE,BE,2010,45978,infrastructures,NOM,infrastructure,FR,lemmesAccessibilitéFR
w_FR_BE_2010_48551,FR_BE,BE,2010,48551,infrastructure,NOM,infrastructure,FR,lemmesAccessibilitéFR
w_FR_BE_2010_51361,FR_BE,BE,2010,51361,infrastructures,NOM,infrastructure,FR,lemmesAccessibilitéFR
w_FR_BE_2010_51396,FR_BE,BE,2010,51396,infrastructure,NOM,infrastructure,FR,lemmesAccessibilitéFR
w_FR_BE_2010_58281,FR_BE,BE,2010,58281,infrastructures,NOM,infrastructure,FR,lemmesAccessibilitéFR
w_FR_BE_2010_58867,FR_BE,BE,2010,58867,infrastructures,NOM,infrastructure,FR,lemmesAccessibilitéFR
w_FR_BE_2010_60233,FR_BE,BE,2010,60233,infrastructures,NOM,infrastructure,FR,lemmesAccessibilitéFR
w_FR_BE_2010_60260,FR_BE,BE,2010,60260,infrastructures,NOM,infrastructure,FR,lemmesAccessibilitéFR
w_FR_BE_2010_60373,FR_BE,BE,2010,60373,infrastructure,NOM,infrastructure,FR,lemmesAccessibilitéFR
w_FR_BE_2010_60508,FR_BE,BE,2010,60508,infrastructure,NOM,infrastructure,FR,lemmesAccessibilitéFR
w_FR_BE_2010_61387,FR_BE,BE,2010,61387,infrastructures,NOM,infrastructure,FR,lemmesAccessibilitéFR
w_FR_BE_2010_61513,FR_BE,BE,2010,61513,infrastructures,NOM,infrastructure,FR,lemmesAccessibilitéFR
w_FR_BE_2010_61572,FR_BE,BE,2010,61572,infrastructures,NOM,infrastructure,FR,lemmesAccessibilitéFR
w_FR_BE_2010_61948,FR_BE,BE,2010,61948,Infrastructure,NOM,infrastructure,FR,lemmesAccessibilitéFR
w_FR_BE_2010_62282,FR_BE,BE,2010,62282,Infrastructure,NOM,infrastructure,FR,lemmesAccessibilitéFR
w_FR_BE_2010_66333,FR_BE,BE,2010,66333,infrastructures,NOM,infrastructure,FR,lemmesAccessibilitéFR
w_FR_BE_2010_66781,FR_BE,BE,2010,66781,Infrastructures,NOM,infrastructure,FR,lemmesAccessibilitéFR
w_FR_BE_2010_69087,FR_BE,BE,2010,69087,infrastructures,NOM,infrastructure,FR,lemmesAccessibilitéFR
w_FR_BE_2010_70258,FR_BE,BE,2010,70258,infrastructures,NOM,infrastructure,FR,lemmesAccessibilitéFR
w_FR_BE_2010_72493,FR_BE,BE,2010,72493,infrastructures,NOM,infrastructure,FR,lemmesAccessibilitéFR
w_FR_BE_2010_75176,FR_BE,BE,2010,75176,infrastructures,NOM,infrastructure,FR,lemmesAccessibilitéFR
w_FR_BE_2010_78850,FR_BE,BE,2010,78850,infrastructures,NOM,infrastructure,FR,lemmesAccessibilitéFR
w_FR_BE_2010_78926,FR_BE,BE,2010,78926,infrastructures,NOM,infrastructure,FR,lemmesAccessibilitéFR
w_FR_BE_2010_81237,FR_BE,BE,2010,81237,infrastructures,NOM,infrastructure,FR,lemmesAccessibilitéFR
w_FR_BE_2010_85126,FR_BE,BE,2010,85126,infrastructures,NOM,infrastructure,FR,lemmesAccessibilitéFR
w_FR_BE_2010_85231,FR_BE,BE,2010,85231,infrastructures,NOM,infrastructure,FR,lemmesAccessibilitéFR
w_FR_BE_2010_85254,FR_BE,BE,2010,85254,infrastructures,NOM,infrastructure,FR,lemmesAccessibilitéFR
w_FR_BE_2010_86225,FR_BE,BE,2010,86225,infrastructures,NOM,infrastructure,FR,lemmesAccessibilitéFR
w_FR_BE_2010_89294,FR_BE,BE,2010,89294,infrastructures,NOM,infrastructure,FR,lemmesAccessibilitéFR
w_FR_BE_2010_90358,FR_BE,BE,2010,90358,infrastructures,NOM,infrastructure,FR,lemmesAccessibilitéFR
w_FR_BE_2010_90677,FR_BE,BE,2010,90677,infrastructure,NOM,infrastructure,FR,lemmesAccessibilitéFR
w_FR_BE_2010_91118,FR_BE,BE,2010,91118,infrastructures,NOM,infrastructure,FR,lemmesAccessibilitéFR
w_FR_BE_2010_103342,FR_BE,BE,2010,103342,infrastructures,NOM,infrastructure,FR,lemmesAccessibilitéFR
w_FR_BE_2010_107362,FR_BE,BE,2010,107362,infrastructures,NOM,infrastructure,FR,lemmesAccessibilitéFR
w_FR_BE_2010_109001,FR_BE,BE,2010,109001,infrastructure,NOM,infrastructure,FR,lemmesAccessibilitéFR
w_FR_BE_2010_109035,FR_BE,BE,2010,109035,infrastructure,NOM,infrastructure,FR,lemmesAccessibilitéFR
w_FR_BE_2010_109242,FR_BE,BE,2010,109242,infrastructure,NOM,infrastructure,FR,lemmesAccessibilitéFR
w_FR_BE_2010_109276,FR_BE,BE,2010,109276,infrastructure,NOM,infrastructure,FR,lemmesAccessibilitéFR
w_FR_BE_2010_109382,FR_BE,BE,2010,109382,Infrastructure,NOM,infrastructure,FR,lemmesAccessibilitéFR
w_FR_BE_2010_109521,FR_BE,BE,2010,109521,infrastructure,NOM,infrastructure,FR,lemmesAccessibilitéFR
w_FR_BE_2010_109555,FR_BE,BE,2010,109555,infrastructure,NOM,infrastructure,FR,lemmesAccessibilitéFR
w_FR_BE_2010_109658,FR_BE,BE,2010,109658,infrastructure,NOM,infrastructure,FR,lemmesAccessibilitéFR
w_FR_BE_2010_109692,FR_BE,BE,2010,109692,infrastructure,NOM,infrastructure,FR,lemmesAccessibilitéFR
w_FR_BE_2010_109803,FR_BE,BE,2010,109803,infrastructure,NOM,infrastructure,FR,lemmesAccessibilitéFR
w_FR_BE_2010_109845,FR_BE,BE,2010,109845,infrastructure,NOM,infrastructure,FR,lemmesAccessibilitéFR
w_FR_VD_2016_2340,FR_VD,VD,2016,2340,Infrastructures,NOM,infrastructure,FR,lemmesAccessibilitéFR
w_FR_VD_2016_3697,FR_VD,VD,2016,3697,Infrastructures,NOM,infrastructure,FR,lemmesAccessibilitéFR
w_FR_VD_2016_7688,FR_VD,VD,2016,7688,infrastructures,NOM,infrastructure,FR,lemmesAccessibilitéFR
w_FR_VD_2016_19054,FR_VD,VD,2016,19054,infrastructures,NOM,infrastructure,FR,lemmesAccessibilitéFR
w_FR_VD_2016_20049,FR_VD,VD,2016,20049,infrastructures,NOM,infrastructure,FR,lemmesAccessibilitéFR
w_FR_VD_2016_22232,FR_VD,VD,2016,22232,infrastructures,NOM,infrastructure,FR,lemmesAccessibilitéFR
w_FR_VD_2016_24244,FR_VD,VD,2016,24244,infrastructures,NOM,infrastructure,FR,lemmesAccessibilitéFR
w_FR_VD_2016_25086,FR_VD,VD,2016,25086,infrastructures,NOM,infrastructure,FR,lemmesAccessibilitéFR
w_FR_VD_2016_25814,FR_VD,VD,2016,25814,infrastructure,NOM,infrastructure,FR,lemmesAccessibilitéFR
w_FR_VD_2016_26139,FR_VD,VD,2016,26139,infrastructures,NOM,infrastructure,FR,lemmesAccessibilitéFR
w_FR_VD_2016_26345,FR_VD,VD,2016,26345,infrastructures,NOM,infrastructure,FR,lemmesAccessibilitéFR
w_FR_VD_2016_26715,FR_VD,VD,2016,26715,Infrastructures,NOM,infrastructure,FR,lemmesAccessibilitéFR
w_FR_VD_2016_26835,FR_VD,VD,2016,26835,infrastructures,NOM,infrastructure,FR,lemmesAccessibilitéFR
w_FR_VD_2016_27438,FR_VD,VD,2016,27438,Infrastructures,NOM,infrastructure,FR,lemmesAccessibilitéFR
w_FR_VD_2016_27861,FR_VD,VD,2016,27861,infrastructures,NOM,infrastructure,FR,lemmesAccessibilitéFR
w_FR_VD_2016_27867,FR_VD,VD,2016,27867,Infrastructures,NOM,infrastructure,FR,lemmesAccessibilitéFR
w_FR_VD_2016_28089,FR_VD,VD,2016,28089,infrastructures,NOM,infrastructure,FR,lemmesAccessibilitéFR
w_FR_VD_2016_28390,FR_VD,VD,2016,28390,Infrastructures,NOM,infrastructure,FR,lemmesAccessibilitéFR
w_FR_VD_2016_28420,FR_VD,VD,2016,28420,Infrastructures,NOM,infrastructure,FR,lemmesAccessibilitéFR
w_FR_VD_2016_28461,FR_VD,VD,2016,28461,infrastructure,NOM,infrastructure,FR,lemmesAccessibilitéFR
w_FR_VD_2016_28480,FR_VD,VD,2016,28480,infrastructures,NOM,infrastructure,FR,lemmesAccessibilitéFR
w_FR_VD_2016_28654,FR_VD,VD,2016,28654,infrastructures,NOM,infrastructure,FR,lemmesAccessibilitéFR
w_FR_VD_2016_28761,FR_VD,VD,2016,28761,Infrastructures,NOM,infrastructure,FR,lemmesAccessibilitéFR
w_FR_VD_2016_28914,FR_VD,VD,2016,28914,infrastructures,NOM,infrastructure,FR,lemmesAccessibilitéFR
w_FR_VD_2016_29134,FR_VD,VD,2016,29134,Infrastructures,NOM,infrastructure,FR,lemmesAccessibilitéFR
w_FR_VD_2016_29166,FR_VD,VD,2016,29166,infrastructures,NOM,infrastructure,FR,lemmesAccessibilitéFR
w_FR_VD_2016_29653,FR_VD,VD,2016,29653,Infrastructures,NOM,infrastructure,FR,lemmesAccessibilitéFR
w_FR_VD_2016_30214,FR_VD,VD,2016,30214,Infrastructures,NOM,infrastructure,FR,lemmesAccessibilitéFR
w_FR_VD_2016_30350,FR_VD,VD,2016,30350,infrastructure,NOM,infrastructure,FR,lemmesAccessibilitéFR
w_FR_VD_2016_30499,FR_VD,VD,2016,30499,infrastructures,NOM,infrastructure,FR,lemmesAccessibilitéFR
w_FR_VD_2016_30546,FR_VD,VD,2016,30546,infrastructures,NOM,infrastructure,FR,lemmesAccessibilitéFR
w_FR_VD_2016_30766,FR_VD,VD,2016,30766,infrastructures,NOM,infrastructure,FR,lemmesAccessibilitéFR
w_FR_VD_2016_30828,FR_VD,VD,2016,30828,Infrastructures,NOM,infrastructure,FR,lemmesAccessibilitéFR
w_FR_VD_2016_31321,FR_VD,VD,2016,31321,Infrastructures,NOM,infrastructure,FR,lemmesAccessibilitéFR
w_FR_VD_2016_31503,FR_VD,VD,2016,31503,infrastructures,NOM,infrastructure,FR,lemmesAccessibilitéFR
w_FR_VD_2016_31563,FR_VD,VD,2016,31563,Infrastructures,NOM,infrastructure,FR,lemmesAccessibilitéFR
w_FR_VD_2016_31962,FR_VD,VD,2016,31962,infrastructures,NOM,infrastructure,FR,lemmesAccessibilitéFR
w_FR_VD_2016_32631,FR_VD,VD,2016,32631,infrastructures,NOM,infrastructure,FR,lemmesAccessibilitéFR
w_FR_VD_2016_32720,FR_VD,VD,2016,32720,infrastructure,NOM,infrastructure,FR,lemmesAccessibilitéFR
w_FR_VD_2016_33458,FR_VD,VD,2016,33458,infrastructures,NOM,infrastructure,FR,lemmesAccessibilitéFR
w_FR_VD_2016_36332,FR_VD,VD,2016,36332,infrastructures,NOM,infrastructure,FR,lemmesAccessibilitéFR
w_FR_VD_2016_36374,FR_VD,VD,2016,36374,infrastructures,NOM,infrastructure,FR,lemmesAccessibilitéFR
w_FR_VD_2016_36595,FR_VD,VD,2016,36595,infrastructures,NOM,infrastructure,FR,lemmesAccessibilitéFR
w_FR_VD_2016_37920,FR_VD,VD,2016,37920,infrastructures,NOM,infrastructure,FR,lemmesAccessibilitéFR
w_FR_VD_2016_38242,FR_VD,VD,2016,38242,infrastructures,NOM,infrastructure,FR,lemmesAccessibilitéFR
w_FR_VD_2016_40061,FR_VD,VD,2016,40061,infrastructures,NOM,infrastructure,FR,lemmesAccessibilitéFR
w_FR_VD_2016_41012,FR_VD,VD,2016,41012,infrastructures,NOM,infrastructure,FR,lemmesAccessibilitéFR
w_FR_VD_2016_41361,FR_VD,VD,2016,41361,infrastructures,NOM,infrastructure,FR,lemmesAccessibilitéFR
w_FR_VD_2016_49020,FR_VD,VD,2016,49020,infrastructures,NOM,infrastructure,FR,lemmesAccessibilitéFR
w_FR_VD_2016_49200,FR_VD,VD,2016,49200,infrastructures,NOM,infrastructure,FR,lemmesAccessibilitéFR
w_FR_VD_2016_49328,FR_VD,VD,2016,49328,infrastructures,NOM,infrastructure,FR,lemmesAccessibilitéFR
w_FR_VD_2016_49443,FR_VD,VD,2016,49443,infrastructures,NOM,infrastructure,FR,lemmesAccessibilitéFR
w_FR_VD_2016_49970,FR_VD,VD,2016,49970,infrastructures,NOM,infrastructure,FR,lemmesAccessibilitéFR
w_FR_VD_2016_50000,FR_VD,VD,2016,50000,infrastructures,NOM,infrastructure,FR,lemmesAccessibilitéFR
w_FR_VD_2016_50288,FR_VD,VD,2016,50288,infrastructures,NOM,infrastructure,FR,lemmesAccessibilitéFR
w_FR_VD_2016_50801,FR_VD,VD,2016,50801,infrastructures,NOM,infrastructure,FR,lemmesAccessibilitéFR
w_FR_VD_2016_50811,FR_VD,VD,2016,50811,infrastructures,NOM,infrastructure,FR,lemmesAccessibilitéFR
w_FR_VD_2016_51144,FR_VD,VD,2016,51144,infrastructures,NOM,infrastructure,FR,lemmesAccessibilitéFR
w_FR_VD_2016_52777,FR_VD,VD,2016,52777,infrastructures,NOM,infrastructure,FR,lemmesAccessibilitéFR
w_FR_VD_2016_53046,FR_VD,VD,2016,53046,infrastructures,NOM,infrastructure,FR,lemmesAccessibilitéFR
w_FR_VD_2016_60815,FR_VD,VD,2016,60815,infrastructures,NOM,infrastructure,FR,lemmesAccessibilitéFR
w_FR_VD_2016_61403,FR_VD,VD,2016,61403,infrastructures,NOM,infrastructure,FR,lemmesAccessibilitéFR
w_FR_VD_2016_62604,FR_VD,VD,2016,62604,Infrastructures,NOM,infrastructure,FR,lemmesAccessibilitéFR
w_FR_VD_2016_62677,FR_VD,VD,2016,62677,infrastructure,NOM,infrastructure,FR,lemmesAccessibilitéFR
w_FR_VD_2016_62698,FR_VD,VD,2016,62698,infrastructure,NOM,infrastructure,FR,lemmesAccessibilitéFR
w_FR_VD_2016_62722,FR_VD,VD,2016,62722,infrastructure,NOM,infrastructure,FR,lemmesAccessibilitéFR
w_FR_VD_2016_62753,FR_VD,VD,2016,62753,infrastructures,NOM,infrastructure,FR,lemmesAccessibilitéFR
w_FR_VD_2016_62765,FR_VD,VD,2016,62765,infrastructure,NOM,infrastructure,FR,lemmesAccessibilitéFR
w_FR_VD_2016_63006,FR_VD,VD,2016,63006,infrastructures,NOM,infrastructure,FR,lemmesAccessibilitéFR
w_FR_VD_2016_63185,FR_VD,VD,2016,63185,infrastructures,NOM,infrastructure,FR,lemmesAccessibilitéFR
w_FR_VD_2016_63266,FR_VD,VD,2016,63266,infrastructures,NOM,infrastructure,FR,lemmesAccessibilitéFR
w_FR_VD_2016_63496,FR_VD,VD,2016,63496,infrastructure,NOM,infrastructure,FR,lemmesAccessibilitéFR
w_FR_VD_2016_63522,FR_VD,VD,2016,63522,infrastructures,NOM,infrastructure,FR,lemmesAccessibilitéFR
w_FR_VD_2016_63886,FR_VD,VD,2016,63886,infrastructures,NOM,infrastructure,FR,lemmesAccessibilitéFR
w_FR_VD_2016_63986,FR_VD,VD,2016,63986,infrastructure,NOM,infrastructure,FR,lemmesAccessibilitéFR
w_FR_VD_2016_64001,FR_VD,VD,2016,64001,infrastructures,NOM,infrastructure,FR,lemmesAccessibilitéFR
w_FR_VD_2016_70260,FR_VD,VD,2016,70260,infrastructure,NOM,infrastructure,FR,lemmesAccessibilitéFR
w_FR_VD_2016_74416,FR_VD,VD,2016,74416,infrastructures,NOM,infrastructure,FR,lemmesAccessibilitéFR
w_FR_VD_2016_86578,FR_VD,VD,2016,86578,infrastructures,NOM,infrastructure,FR,lemmesAccessibilitéFR
w_FR_VD_2016_93167,FR_VD,VD,2016,93167,infrastructures,NOM,infrastructure,FR,lemmesAccessibilitéFR
w_FR_VD_2016_94143,FR_VD,VD,2016,94143,infrastructures,NOM,infrastructure,FR,lemmesAccessibilitéFR
w_FR_VD_2016_95083,FR_VD,VD,2016,95083,infrastructures,NOM,infrastructure,FR,lemmesAccessibilitéFR
w_FR_VD_2016_96190,FR_VD,VD,2016,96190,infrastructures,NOM,infrastructure,FR,lemmesAccessibilitéFR
w_FR_VD_2016_128291,FR_VD,VD,2016,128291,infrastructures,NOM,infrastructure,FR,lemmesAccessibilitéFR
w_FR_VD_2016_128756,FR_VD,VD,2016,128756,infrastructures,NOM,infrastructure,FR,lemmesAccessibilitéFR
w_FR_VD_2016_130986,FR_VD,VD,2016,130986,infrastructures,NOM,infrastructure,FR,lemmesAccessibilitéFR
w_FR_VD_2016_132943,FR_VD,VD,2016,132943,Infrastructures,NOM,infrastructure,FR,lemmesAccessibilitéFR
w_FR_VD_2016_139572,FR_VD,VD,2016,139572,infrastructures,NOM,infrastructure,FR,lemmesAccessibilitéFR
w_FR_VD_2016_140136,FR_VD,VD,2016,140136,infrastructures,NOM,infrastructure,FR,lemmesAccessibilitéFR
w_FR_VD_2016_141158,FR_VD,VD,2016,141158,infrastructure,NOM,infrastructure,FR,lemmesAccessibilitéFR
w_FR_VD_2016_145698,FR_VD,VD,2016,145698,infrastructures,NOM,infrastructure,FR,lemmesAccessibilitéFR
w_FR_VD_2016_149866,FR_VD,VD,2016,149866,infrastructures,NOM,infrastructure,FR,lemmesAccessibilitéFR
w_FR_VD_2016_154462,FR_VD,VD,2016,154462,infrastructures,NOM,infrastructure,FR,lemmesAccessibilitéFR
w_FR_VD_2016_154713,FR_VD,VD,2016,154713,infrastructures,NOM,infrastructure,FR,lemmesAccessibilitéFR
w_FR_VD_2016_155522,FR_VD,VD,2016,155522,infrastructures,NOM,infrastructure,FR,lemmesAccessibilitéFR
w_FR_VD_2016_156980,FR_VD,VD,2016,156980,infrastructures,NOM,infrastructure,FR,lemmesAccessibilitéFR
w_FR_VD_2016_157723,FR_VD,VD,2016,157723,infrastructures,NOM,infrastructure,FR,lemmesAccessibilitéFR
w_FR_VD_2016_158560,FR_VD,VD,2016,158560,Infrastructures,NOM,infrastructure,FR,lemmesAccessibilitéFR
w_FR_VD_2016_160959,FR_VD,VD,2016,160959,infrastructure,NOM,infrastructure,FR,lemmesAccessibilitéFR
w_FR_VD_2016_162203,FR_VD,VD,2016,162203,Infrastructures,NOM,infrastructure,FR,lemmesAccessibilitéFR
w_FR_VD_2016_164052,FR_VD,VD,2016,164052,infrastructure,NOM,infrastructure,FR,lemmesAccessibilitéFR
w_FR_VD_2016_164973,FR_VD,VD,2016,164973,infrastructures,NOM,infrastructure,FR,lemmesAccessibilitéFR
w_FR_VD_2016_165720,FR_VD,VD,2016,165720,Infrastructures,NOM,infrastructure,FR,lemmesAccessibilitéFR
w_FR_VD_2016_165895,FR_VD,VD,2016,165895,infrastructures,NOM,infrastructure,FR,lemmesAccessibilitéFR
w_FR_VD_2016_166046,FR_VD,VD,2016,166046,infrastructures,NOM,infrastructure,FR,lemmesAccessibilitéFR
w_FR_VD_2016_167628,FR_VD,VD,2016,167628,infrastructure,NOM,infrastructure,FR,lemmesAccessibilitéFR
w_FR_VD_2016_169364,FR_VD,VD,2016,169364,Infrastructures,NOM,infrastructure,FR,lemmesAccessibilitéFR
w_FR_VD_2016_169672,FR_VD,VD,2016,169672,infrastructures,NOM,infrastructure,FR,lemmesAccessibilitéFR
w_FR_VD_2016_169819,FR_VD,VD,2016,169819,infrastructures,NOM,infrastructure,FR,lemmesAccessibilitéFR
w_FR_VD_2016_171311,FR_VD,VD,2016,171311,infrastructure,NOM,infrastructure,FR,lemmesAccessibilitéFR
w_FR_VD_2016_173251,FR_VD,VD,2016,173251,Infrastructures,NOM,infrastructure,FR,lemmesAccessibilitéFR
w_FR_VD_2016_173667,FR_VD,VD,2016,173667,infrastructures,NOM,infrastructure,FR,lemmesAccessibilitéFR
w_FR_VD_2016_175947,FR_VD,VD,2016,175947,infrastructure,NOM,infrastructure,FR,lemmesAccessibilitéFR
w_FR_VD_2016_176813,FR_VD,VD,2016,176813,infrastructure,NOM,infrastructure,FR,lemmesAccessibilitéFR
w_FR_VD_2016_179477,FR_VD,VD,2016,179477,infrastructures,NOM,infrastructure,FR,lemmesAccessibilitéFR
w_FR_VD_2016_181781,FR_VD,VD,2016,181781,infrastructures,NOM,infrastructure,FR,lemmesAccessibilitéFR
w_FR_VD_2016_183678,FR_VD,VD,2016,183678,infrastructures,NOM,infrastructure,FR,lemmesAccessibilitéFR
w_FR_VD_2016_185787,FR_VD,VD,2016,185787,infrastructures,NOM,infrastructure,FR,lemmesAccessibilitéFR
w_FR_VD_2016_187496,FR_VD,VD,2016,187496,infrastructure,NOM,infrastructure,FR,lemmesAccessibilitéFR
w_FR_VD_2016_189557,FR_VD,VD,2016,189557,INFRASTRUCTURES,NOM,infrastructure,FR,lemmesAccessibilitéFR
w_FR_VD_2016_189701,FR_VD,VD,2016,189701,Infrastructures,NOM,infrastructure,FR,lemmesAccessibilitéFR
w_FR_VD_2016_189721,FR_VD,VD,2016,189721,Infrastructures,NOM,infrastructure,FR,lemmesAccessibilitéFR
w_FR_VD_2016_189945,FR_VD,VD,2016,189945,Infrastructures,NOM,infrastructure,FR,lemmesAccessibilitéFR
w_FR_VD_2016_189952,FR_VD,VD,2016,189952,infrastructure,NOM,infrastructure,FR,lemmesAccessibilitéFR
w_FR_BE_2024_1909,FR_BE,BE,2024,1909,Infrastructures,NOM,infrastructure,FR,lemmesAccessibilitéFR
w_FR_BE_2024_1925,FR_BE,BE,2024,1925,infrastructures,NOM,infrastructure,FR,lemmesAccessibilitéFR
w_FR_BE_2024_8572,FR_BE,BE,2024,8572,infrastructure,NOM,infrastructure,FR,lemmesAccessibilitéFR
w_FR_BE_2024_8700,FR_BE,BE,2024,8700,infrastructure,NOM,infrastructure,FR,lemmesAccessibilitéFR
w_FR_BE_2024_8854,FR_BE,BE,2024,8854,infrastructures,NOM,infrastructure,FR,lemmesAccessibilitéFR
w_FR_BE_2024_9769,FR_BE,BE,2024,9769,infrastructures,NOM,infrastructure,FR,lemmesAccessibilitéFR
w_FR_BE_2024_9885,FR_BE,BE,2024,9885,infrastructures,NOM,infrastructure,FR,lemmesAccessibilitéFR
w_FR_BE_2024_11076,FR_BE,BE,2024,11076,infrastructures,NOM,infrastructure,FR,lemmesAccessibilitéFR
w_FR_BE_2024_12081,FR_BE,BE,2024,12081,infrastructures,NOM,infrastructure,FR,lemmesAccessibilitéFR
w_FR_BE_2024_12116,FR_BE,BE,2024,12116,infrastructures,NOM,infrastructure,FR,lemmesAccessibilitéFR
w_FR_BE_2024_14622,FR_BE,BE,2024,14622,infrastructures,NOM,infrastructure,FR,lemmesAccessibilitéFR
w_FR_BE_2024_14758,FR_BE,BE,2024,14758,infrastructures,NOM,infrastructure,FR,lemmesAccessibilitéFR
w_FR_BE_2024_14793,FR_BE,BE,2024,14793,infrastructures,NOM,infrastructure,FR,lemmesAccessibilitéFR
w_FR_BE_2024_15082,FR_BE,BE,2024,15082,infrastructures,NOM,infrastructure,FR,lemmesAccessibilitéFR
w_FR_BE_2024_15428,FR_BE,BE,2024,15428,infrastructures,NOM,infrastructure,FR,lemmesAccessibilitéFR
w_FR_BE_2024_15644,FR_BE,BE,2024,15644,infrastructures,NOM,infrastructure,FR,lemmesAccessibilitéFR
w_FR_BE_2024_15705,FR_BE,BE,2024,15705,infrastructures,NOM,infrastructure,FR,lemmesAccessibilitéFR
w_FR_BE_2024_15819,FR_BE,BE,2024,15819,infrastructures,NOM,infrastructure,FR,lemmesAccessibilitéFR
w_FR_BE_2024_15841,FR_BE,BE,2024,15841,infrastructures,NOM,infrastructure,FR,lemmesAccessibilitéFR
w_FR_BE_2024_15906,FR_BE,BE,2024,15906,infrastructures,NOM,infrastructure,FR,lemmesAccessibilitéFR
w_FR_BE_2024_15945,FR_BE,BE,2024,15945,infrastructures,NOM,infrastructure,FR,lemmesAccessibilitéFR
w_FR_BE_2024_16029,FR_BE,BE,2024,16029,infrastructures,NOM,infrastructure,FR,lemmesAccessibilitéFR
w_FR_BE_2024_16059,FR_BE,BE,2024,16059,infrastructures,NOM,infrastructure,FR,lemmesAccessibilitéFR
w_FR_BE_2024_16066,FR_BE,BE,2024,16066,infrastructures,NOM,infrastructure,FR,lemmesAccessibilitéFR
w_FR_BE_2024_16127,FR_BE,BE,2024,16127,infrastructures,NOM,infrastructure,FR,lemmesAccessibilitéFR
w_FR_BE_2024_16145,FR_BE,BE,2024,16145,infrastructures,NOM,infrastructure,FR,lemmesAccessibilitéFR
w_FR_BE_2024_16185,FR_BE,BE,2024,16185,infrastructures,NOM,infrastructure,FR,lemmesAccessibilitéFR
w_FR_BE_2024_16219,FR_BE,BE,2024,16219,infrastructures,NOM,infrastructure,FR,lemmesAccessibilitéFR
w_FR_BE_2024_16268,FR_BE,BE,2024,16268,infrastructures,NOM,infrastructure,FR,lemmesAccessibilitéFR
w_FR_BE_2024_16324,FR_BE,BE,2024,16324,infrastructures,NOM,infrastructure,FR,lemmesAccessibilitéFR
w_FR_BE_2024_17083,FR_BE,BE,2024,17083,infrastructures,NOM,infrastructure,FR,lemmesAccessibilitéFR
w_FR_BE_2024_17169,FR_BE,BE,2024,17169,infrastructures,NOM,infrastructure,FR,lemmesAccessibilitéFR
w_FR_BE_2024_17235,FR_BE,BE,2024,17235,infrastructures,NOM,infrastructure,FR,lemmesAccessibilitéFR
w_FR_BE_2024_17255,FR_BE,BE,2024,17255,infrastructures,NOM,infrastructure,FR,lemmesAccessibilitéFR
w_FR_BE_2024_17273,FR_BE,BE,2024,17273,Infrastructures,NOM,infrastructure,FR,lemmesAccessibilitéFR
w_FR_BE_2024_17399,FR_BE,BE,2024,17399,infrastructures,NOM,infrastructure,FR,lemmesAccessibilitéFR
w_FR_BE_2024_18196,FR_BE,BE,2024,18196,infrastructures,NOM,infrastructure,FR,lemmesAccessibilitéFR
w_FR_BE_2024_18410,FR_BE,BE,2024,18410,infrastructures,NOM,infrastructure,FR,lemmesAccessibilitéFR
w_FR_BE_2024_18689,FR_BE,BE,2024,18689,infrastructures,NOM,infrastructure,FR,lemmesAccessibilitéFR
w_FR_BE_2024_18711,FR_BE,BE,2024,18711,infrastructures,NOM,infrastructure,FR,lemmesAccessibilitéFR
w_FR_BE_2024_18759,FR_BE,BE,2024,18759,infrastructures,NOM,infrastructure,FR,lemmesAccessibilitéFR
w_FR_BE_2024_18846,FR_BE,BE,2024,18846,infrastructures,NOM,infrastructure,FR,lemmesAccessibilitéFR
w_FR_BE_2024_19038,FR_BE,BE,2024,19038,infrastructure,NOM,infrastructure,FR,lemmesAccessibilitéFR
w_FR_BE_2024_19059,FR_BE,BE,2024,19059,infrastructure,NOM,infrastructure,FR,lemmesAccessibilitéFR
w_FR_BE_2024_19140,FR_BE,BE,2024,19140,infrastructures,NOM,infrastructure,FR,lemmesAccessibilitéFR
w_FR_BE_2024_19904,FR_BE,BE,2024,19904,infrastructures,NOM,infrastructure,FR,lemmesAccessibilitéFR
w_FR_BE_2024_20045,FR_BE,BE,2024,20045,infrastructures,NOM,infrastructure,FR,lemmesAccessibilitéFR
w_FR_BE_2024_20127,FR_BE,BE,2024,20127,infrastructures,NOM,infrastructure,FR,lemmesAccessibilitéFR
w_FR_BE_2024_20161,FR_BE,BE,2024,20161,infrastructures,NOM,infrastructure,FR,lemmesAccessibilitéFR
w_FR_BE_2024_20176,FR_BE,BE,2024,20176,infrastructures,NOM,infrastructure,FR,lemmesAccessibilitéFR
w_FR_BE_2024_20210,FR_BE,BE,2024,20210,infrastructures,NOM,infrastructure,FR,lemmesAccessibilitéFR
w_FR_BE_2024_20238,FR_BE,BE,2024,20238,infrastructures,NOM,infrastructure,FR,lemmesAccessibilitéFR
w_FR_BE_2024_20667,FR_BE,BE,2024,20667,infrastructures,NOM,infrastructure,FR,lemmesAccessibilitéFR
w_FR_BE_2024_20712,FR_BE,BE,2024,20712,infrastructures,NOM,infrastructure,FR,lemmesAccessibilitéFR
w_FR_BE_2024_21452,FR_BE,BE,2024,21452,infrastructures,NOM,infrastructure,FR,lemmesAccessibilitéFR
w_FR_BE_2024_21620,FR_BE,BE,2024,21620,infrastructures,NOM,infrastructure,FR,lemmesAccessibilitéFR
w_FR_BE_2024_21694,FR_BE,BE,2024,21694,infrastructures,NOM,infrastructure,FR,lemmesAccessibilitéFR
w_FR_BE_2024_21840,FR_BE,BE,2024,21840,infrastructures,NOM,infrastructure,FR,lemmesAccessibilitéFR
w_FR_BE_2024_21994,FR_BE,BE,2024,21994,infrastructures,NOM,infrastructure,FR,lemmesAccessibilitéFR
w_FR_BE_2024_22085,FR_BE,BE,2024,22085,infrastructures,NOM,infrastructure,FR,lemmesAccessibilitéFR
w_FR_BE_2024_22310,FR_BE,BE,2024,22310,infrastructures,NOM,infrastructure,FR,lemmesAccessibilitéFR
w_FR_BE_2024_22319,FR_BE,BE,2024,22319,infrastructures,NOM,infrastructure,FR,lemmesAccessibilitéFR
w_FR_BE_2024_22409,FR_BE,BE,2024,22409,infrastructures,NOM,infrastructure,FR,lemmesAccessibilitéFR
w_FR_BE_2024_22467,FR_BE,BE,2024,22467,infrastructure,NOM,infrastructure,FR,lemmesAccessibilitéFR
w_FR_BE_2024_22573,FR_BE,BE,2024,22573,infrastructures,NOM,infrastructure,FR,lemmesAccessibilitéFR
w_FR_BE_2024_23606,FR_BE,BE,2024,23606,infrastructures,NOM,infrastructure,FR,lemmesAccessibilitéFR
w_FR_BE_2024_23974,FR_BE,BE,2024,23974,infrastructure,NOM,infrastructure,FR,lemmesAccessibilitéFR
w_FR_BE_2024_23998,FR_BE,BE,2024,23998,Infrastructure,NOM,infrastructure,FR,lemmesAccessibilitéFR
w_FR_BE_2024_24106,FR_BE,BE,2024,24106,infrastructures,NOM,infrastructure,FR,lemmesAccessibilitéFR
w_FR_BE_2024_24234,FR_BE,BE,2024,24234,infrastructure,NOM,infrastructure,FR,lemmesAccessibilitéFR
w_FR_BE_2024_24450,FR_BE,BE,2024,24450,infrastructure,NOM,infrastructure,FR,lemmesAccessibilitéFR
w_FR_BE_2024_24514,FR_BE,BE,2024,24514,infrastructures,NOM,infrastructure,FR,lemmesAccessibilitéFR
w_FR_BE_2024_24523,FR_BE,BE,2024,24523,infrastructures,NOM,infrastructure,FR,lemmesAccessibilitéFR
w_FR_BE_2024_24910,FR_BE,BE,2024,24910,infrastructure,NOM,infrastructure,FR,lemmesAccessibilitéFR
w_FR_BE_2024_25032,FR_BE,BE,2024,25032,infrastructures,NOM,infrastructure,FR,lemmesAccessibilitéFR
w_FR_BE_2024_25660,FR_BE,BE,2024,25660,infrastructures,NOM,infrastructure,FR,lemmesAccessibilitéFR
w_FR_BE_2024_25984,FR_BE,BE,2024,25984,infrastructures,NOM,infrastructure,FR,lemmesAccessibilitéFR
w_FR_BE_2024_26170,FR_BE,BE,2024,26170,infrastructures,NOM,infrastructure,FR,lemmesAccessibilitéFR
w_FR_BE_2024_26440,FR_BE,BE,2024,26440,infrastructures,NOM,infrastructure,FR,lemmesAccessibilitéFR
w_FR_BE_2024_26595,FR_BE,BE,2024,26595,infrastructures,NOM,infrastructure,FR,lemmesAccessibilitéFR
w_FR_BE_2024_26700,FR_BE,BE,2024,26700,infrastructures,NOM,infrastructure,FR,lemmesAccessibilitéFR
w_FR_BE_2024_27958,FR_BE,BE,2024,27958,infrastructures,NOM,infrastructure,FR,lemmesAccessibilitéFR
w_FR_BE_2024_28346,FR_BE,BE,2024,28346,infrastructures,NOM,infrastructure,FR,lemmesAccessibilitéFR
w_FR_BE_2024_28572,FR_BE,BE,2024,28572,infrastructures,NOM,infrastructure,FR,lemmesAccessibilitéFR
w_FR_BE_2024_28587,FR_BE,BE,2024,28587,infrastructures,NOM,infrastructure,FR,lemmesAccessibilitéFR
w_FR_BE_2024_28948,FR_BE,BE,2024,28948,infrastructures,NOM,infrastructure,FR,lemmesAccessibilitéFR
w_FR_BE_2024_32196,FR_BE,BE,2024,32196,infrastructures,NOM,infrastructure,FR,lemmesAccessibilitéFR
w_FR_BE_2024_32269,FR_BE,BE,2024,32269,infrastructures,NOM,infrastructure,FR,lemmesAccessibilitéFR
w_FR_BE_2024_32279,FR_BE,BE,2024,32279,infrastructures,NOM,infrastructure,FR,lemmesAccessibilitéFR
w_FR_BE_2024_35414,FR_BE,BE,2024,35414,infrastructure,NOM,infrastructure,FR,lemmesAccessibilitéFR
w_FR_BE_2024_36355,FR_BE,BE,2024,36355,infrastructures,NOM,infrastructure,FR,lemmesAccessibilitéFR
w_FR_BE_2024_41709,FR_BE,BE,2024,41709,infrastructure,NOM,infrastructure,FR,lemmesAccessibilitéFR
w_FR_BE_2024_43114,FR_BE,BE,2024,43114,infrastructures,NOM,infrastructure,FR,lemmesAccessibilitéFR
w_FR_BE_2024_43216,FR_BE,BE,2024,43216,infrastructures,NOM,infrastructure,FR,lemmesAccessibilitéFR
w_FR_BE_2024_45199,FR_BE,BE,2024,45199,infrastructure,NOM,infrastructure,FR,lemmesAccessibilitéFR
w_FR_BE_2024_46752,FR_BE,BE,2024,46752,infrastructures,NOM,infrastructure,FR,lemmesAccessibilitéFR
w_FR_BE_2024_46957,FR_BE,BE,2024,46957,Infrastructure,NOM,infrastructure,FR,lemmesAccessibilitéFR
w_FR_BE_2024_47025,FR_BE,BE,2024,47025,infrastructures,NOM,infrastructure,FR,lemmesAccessibilitéFR
w_FR_BE_2024_49323,FR_BE,BE,2024,49323,infrastructures,NOM,infrastructure,FR,lemmesAccessibilitéFR
w_FR_BE_2024_50696,FR_BE,BE,2024,50696,infrastructure,NOM,infrastructure,FR,lemmesAccessibilitéFR
w_FR_BE_2024_51022,FR_BE,BE,2024,51022,Infrastructure,NOM,infrastructure,FR,lemmesAccessibilitéFR
w_FR_BE_2024_52601,FR_BE,BE,2024,52601,infrastructures,NOM,infrastructure,FR,lemmesAccessibilitéFR
w_FR_BE_2024_52772,FR_BE,BE,2024,52772,infrastructures,NOM,infrastructure,FR,lemmesAccessibilitéFR
w_FR_BE_2024_53668,FR_BE,BE,2024,53668,infrastructures,NOM,infrastructure,FR,lemmesAccessibilitéFR
w_FR_BE_2024_55449,FR_BE,BE,2024,55449,infrastructure,NOM,infrastructure,FR,lemmesAccessibilitéFR
w_FR_BE_2024_56572,FR_BE,BE,2024,56572,infrastructures,NOM,infrastructure,FR,lemmesAccessibilitéFR
w_FR_BE_2024_56598,FR_BE,BE,2024,56598,infrastructures,NOM,infrastructure,FR,lemmesAccessibilitéFR
w_FR_BE_2024_60983,FR_BE,BE,2024,60983,infrastructures,NOM,infrastructure,FR,lemmesAccessibilitéFR
w_FR_BE_2024_65703,FR_BE,BE,2024,65703,infrastructures,NOM,infrastructure,FR,lemmesAccessibilitéFR
w_FR_BE_2024_65753,FR_BE,BE,2024,65753,infrastructures,NOM,infrastructure,FR,lemmesAccessibilitéFR
w_FR_BE_2024_68624,FR_BE,BE,2024,68624,infrastructures,NOM,infrastructure,FR,lemmesAccessibilitéFR
w_FR_BE_2024_68729,FR_BE,BE,2024,68729,infrastructures,NOM,infrastructure,FR,lemmesAccessibilitéFR
w_FR_BE_2024_68752,FR_BE,BE,2024,68752,infrastructures,NOM,infrastructure,FR,lemmesAccessibilitéFR
w_FR_BE_2024_69305,FR_BE,BE,2024,69305,infrastructure,NOM,infrastructure,FR,lemmesAccessibilitéFR
w_FR_BE_2024_74051,FR_BE,BE,2024,74051,infrastructures,NOM,infrastructure,FR,lemmesAccessibilitéFR
w_FR_BE_2024_76428,FR_BE,BE,2024,76428,infrastructures,NOM,infrastructure,FR,lemmesAccessibilitéFR
w_FR_BE_2024_76744,FR_BE,BE,2024,76744,infrastructure,NOM,infrastructure,FR,lemmesAccessibilitéFR
w_FR_BE_2024_77144,FR_BE,BE,2024,77144,infrastructures,NOM,infrastructure,FR,lemmesAccessibilitéFR
w_FR_BE_2024_81437,FR_BE,BE,2024,81437,infrastructure,NOM,infrastructure,FR,lemmesAccessibilitéFR
w_FR_BE_2024_87337,FR_BE,BE,2024,87337,infrastructure,NOM,infrastructure,FR,lemmesAccessibilitéFR
w_FR_BE_2024_89245,FR_BE,BE,2024,89245,infrastructures,NOM,infrastructure,FR,lemmesAccessibilitéFR
w_FR_BE_2024_90330,FR_BE,BE,2024,90330,infrastructures,NOM,infrastructure,FR,lemmesAccessibilitéFR
w_FR_BE_2024_90745,FR_BE,BE,2024,90745,infrastructures,NOM,infrastructure,FR,lemmesAccessibilitéFR
w_FR_BE_2024_91612,FR_BE,BE,2024,91612,infrastructure,NOM,infrastructure,FR,lemmesAccessibilitéFR
w_FR_BE_2024_91762,FR_BE,BE,2024,91762,infrastructures,NOM,infrastructure,FR,lemmesAccessibilitéFR
w_FR_BE_2024_93169,FR_BE,BE,2024,93169,Infrastructure,NOM,infrastructure,FR,lemmesAccessibilitéFR
w_FR_BE_2024_93191,FR_BE,BE,2024,93191,Infrastructure,NOM,infrastructure,FR,lemmesAccessibilitéFR
w_FR_BE_2024_93212,FR_BE,BE,2024,93212,Infrastructure,NOM,infrastructure,FR,lemmesAccessibilitéFR
w_FR_BE_2024_93224,FR_BE,BE,2024,93224,Infrastructure,NOM,infrastructure,FR,lemmesAccessibilitéFR
w_FR_BE_2024_93230,FR_BE,BE,2024,93230,Infrastructure,NOM,infrastructure,FR,lemmesAccessibilitéFR
w_FR_VD_2013_2349,FR_VD,VD,2013,2349,Infrastructures,NOM,infrastructure,FR,lemmesAccessibilitéFR
w_FR_VD_2013_4765,FR_VD,VD,2013,4765,Infrastructures,NOM,infrastructure,FR,lemmesAccessibilitéFR
w_FR_VD_2013_7715,FR_VD,VD,2013,7715,infrastructures,NOM,infrastructure,FR,lemmesAccessibilitéFR
w_FR_VD_2013_18811,FR_VD,VD,2013,18811,infrastructures,NOM,infrastructure,FR,lemmesAccessibilitéFR
w_FR_VD_2013_19797,FR_VD,VD,2013,19797,infrastructures,NOM,infrastructure,FR,lemmesAccessibilitéFR
w_FR_VD_2013_21931,FR_VD,VD,2013,21931,infrastructures,NOM,infrastructure,FR,lemmesAccessibilitéFR
w_FR_VD_2013_23893,FR_VD,VD,2013,23893,infrastructures,NOM,infrastructure,FR,lemmesAccessibilitéFR
w_FR_VD_2013_24726,FR_VD,VD,2013,24726,infrastructures,NOM,infrastructure,FR,lemmesAccessibilitéFR
w_FR_VD_2013_25445,FR_VD,VD,2013,25445,infrastructure,NOM,infrastructure,FR,lemmesAccessibilitéFR
w_FR_VD_2013_25770,FR_VD,VD,2013,25770,infrastructures,NOM,infrastructure,FR,lemmesAccessibilitéFR
w_FR_VD_2013_25976,FR_VD,VD,2013,25976,infrastructures,NOM,infrastructure,FR,lemmesAccessibilitéFR
w_FR_VD_2013_26337,FR_VD,VD,2013,26337,Infrastructures,NOM,infrastructure,FR,lemmesAccessibilitéFR
w_FR_VD_2013_26455,FR_VD,VD,2013,26455,infrastructures,NOM,infrastructure,FR,lemmesAccessibilitéFR
w_FR_VD_2013_27038,FR_VD,VD,2013,27038,Infrastructures,NOM,infrastructure,FR,lemmesAccessibilitéFR
w_FR_VD_2013_27201,FR_VD,VD,2013,27201,infrastructures,NOM,infrastructure,FR,lemmesAccessibilitéFR
w_FR_VD_2013_27369,FR_VD,VD,2013,27369,Infrastructures,NOM,infrastructure,FR,lemmesAccessibilitéFR
w_FR_VD_2013_27396,FR_VD,VD,2013,27396,infrastructures,NOM,infrastructure,FR,lemmesAccessibilitéFR
w_FR_VD_2013_27709,FR_VD,VD,2013,27709,Infrastructures,NOM,infrastructure,FR,lemmesAccessibilitéFR
w_FR_VD_2013_28134,FR_VD,VD,2013,28134,Infrastructures,NOM,infrastructure,FR,lemmesAccessibilitéFR
w_FR_VD_2013_28159,FR_VD,VD,2013,28159,infrastructures,NOM,infrastructure,FR,lemmesAccessibilitéFR
w_FR_VD_2013_28425,FR_VD,VD,2013,28425,Infrastructures,NOM,infrastructure,FR,lemmesAccessibilitéFR
w_FR_VD_2013_28494,FR_VD,VD,2013,28494,infrastructures,NOM,infrastructure,FR,lemmesAccessibilitéFR
w_FR_VD_2013_28517,FR_VD,VD,2013,28517,infrastructure,NOM,infrastructure,FR,lemmesAccessibilitéFR
w_FR_VD_2013_28531,FR_VD,VD,2013,28531,infrastructure,NOM,infrastructure,FR,lemmesAccessibilitéFR
w_FR_VD_2013_28563,FR_VD,VD,2013,28563,infrastructure,NOM,infrastructure,FR,lemmesAccessibilitéFR
w_FR_VD_2013_28577,FR_VD,VD,2013,28577,infrastructure,NOM,infrastructure,FR,lemmesAccessibilitéFR
w_FR_VD_2013_28757,FR_VD,VD,2013,28757,Infrastructures,NOM,infrastructure,FR,lemmesAccessibilitéFR
w_FR_VD_2013_29041,FR_VD,VD,2013,29041,infrastructures,NOM,infrastructure,FR,lemmesAccessibilitéFR
w_FR_VD_2013_29088,FR_VD,VD,2013,29088,infrastructures,NOM,infrastructure,FR,lemmesAccessibilitéFR
w_FR_VD_2013_29309,FR_VD,VD,2013,29309,infrastructures,NOM,infrastructure,FR,lemmesAccessibilitéFR
w_FR_VD_2013_29347,FR_VD,VD,2013,29347,Infrastructures,NOM,infrastructure,FR,lemmesAccessibilitéFR
w_FR_VD_2013_29850,FR_VD,VD,2013,29850,Infrastructures,NOM,infrastructure,FR,lemmesAccessibilitéFR
w_FR_VD_2013_30039,FR_VD,VD,2013,30039,infrastructures,NOM,infrastructure,FR,lemmesAccessibilitéFR
w_FR_VD_2013_30102,FR_VD,VD,2013,30102,Infrastructures,NOM,infrastructure,FR,lemmesAccessibilitéFR
w_FR_VD_2013_30487,FR_VD,VD,2013,30487,infrastructures,NOM,infrastructure,FR,lemmesAccessibilitéFR
w_FR_VD_2013_30922,FR_VD,VD,2013,30922,infrastructures,NOM,infrastructure,FR,lemmesAccessibilitéFR
w_FR_VD_2013_31049,FR_VD,VD,2013,31049,infrastructures,NOM,infrastructure,FR,lemmesAccessibilitéFR
w_FR_VD_2013_31108,FR_VD,VD,2013,31108,infrastructures,NOM,infrastructure,FR,lemmesAccessibilitéFR
w_FR_VD_2013_31180,FR_VD,VD,2013,31180,infrastructures,NOM,infrastructure,FR,lemmesAccessibilitéFR
w_FR_VD_2013_31214,FR_VD,VD,2013,31214,infrastructures,NOM,infrastructure,FR,lemmesAccessibilitéFR
w_FR_VD_2013_31250,FR_VD,VD,2013,31250,infrastructures,NOM,infrastructure,FR,lemmesAccessibilitéFR
w_FR_VD_2013_31291,FR_VD,VD,2013,31291,infrastructure,NOM,infrastructure,FR,lemmesAccessibilitéFR
w_FR_VD_2013_31315,FR_VD,VD,2013,31315,infrastructures,NOM,infrastructure,FR,lemmesAccessibilitéFR
w_FR_VD_2013_31373,FR_VD,VD,2013,31373,infrastructure,NOM,infrastructure,FR,lemmesAccessibilitéFR
w_FR_VD_2013_31463,FR_VD,VD,2013,31463,infrastructures,NOM,infrastructure,FR,lemmesAccessibilitéFR
w_FR_VD_2013_31570,FR_VD,VD,2013,31570,infrastructure,NOM,infrastructure,FR,lemmesAccessibilitéFR
w_FR_VD_2013_32304,FR_VD,VD,2013,32304,infrastructures,NOM,infrastructure,FR,lemmesAccessibilitéFR
w_FR_VD_2013_32880,FR_VD,VD,2013,32880,infrastructures,NOM,infrastructure,FR,lemmesAccessibilitéFR
w_FR_VD_2013_32900,FR_VD,VD,2013,32900,infrastructures,NOM,infrastructure,FR,lemmesAccessibilitéFR
w_FR_VD_2013_32927,FR_VD,VD,2013,32927,infrastructures,NOM,infrastructure,FR,lemmesAccessibilitéFR
w_FR_VD_2013_32945,FR_VD,VD,2013,32945,infrastructures,NOM,infrastructure,FR,lemmesAccessibilitéFR
w_FR_VD_2013_32983,FR_VD,VD,2013,32983,infrastructures,NOM,infrastructure,FR,lemmesAccessibilitéFR
w_FR_VD_2013_33054,FR_VD,VD,2013,33054,infrastructures,NOM,infrastructure,FR,lemmesAccessibilitéFR
w_FR_VD_2013_33088,FR_VD,VD,2013,33088,infrastructures,NOM,infrastructure,FR,lemmesAccessibilitéFR
w_FR_VD_2013_33124,FR_VD,VD,2013,33124,infrastructures,NOM,infrastructure,FR,lemmesAccessibilitéFR
w_FR_VD_2013_33165,FR_VD,VD,2013,33165,infrastructure,NOM,infrastructure,FR,lemmesAccessibilitéFR
w_FR_VD_2013_33282,FR_VD,VD,2013,33282,infrastructures,NOM,infrastructure,FR,lemmesAccessibilitéFR
w_FR_VD_2013_35139,FR_VD,VD,2013,35139,infrastructures,NOM,infrastructure,FR,lemmesAccessibilitéFR
w_FR_VD_2013_35207,FR_VD,VD,2013,35207,infrastructures,NOM,infrastructure,FR,lemmesAccessibilitéFR
w_FR_VD_2013_35413,FR_VD,VD,2013,35413,infrastructures,NOM,infrastructure,FR,lemmesAccessibilitéFR
w_FR_VD_2013_36646,FR_VD,VD,2013,36646,infrastructures,NOM,infrastructure,FR,lemmesAccessibilitéFR
w_FR_VD_2013_36993,FR_VD,VD,2013,36993,infrastructures,NOM,infrastructure,FR,lemmesAccessibilitéFR
w_FR_VD_2013_38765,FR_VD,VD,2013,38765,infrastructures,NOM,infrastructure,FR,lemmesAccessibilitéFR
w_FR_VD_2013_39702,FR_VD,VD,2013,39702,infrastructures,NOM,infrastructure,FR,lemmesAccessibilitéFR
w_FR_VD_2013_40053,FR_VD,VD,2013,40053,infrastructures,NOM,infrastructure,FR,lemmesAccessibilitéFR
w_FR_VD_2013_47388,FR_VD,VD,2013,47388,infrastructures,NOM,infrastructure,FR,lemmesAccessibilitéFR
w_FR_VD_2013_47568,FR_VD,VD,2013,47568,infrastructures,NOM,infrastructure,FR,lemmesAccessibilitéFR
w_FR_VD_2013_47692,FR_VD,VD,2013,47692,infrastructures,NOM,infrastructure,FR,lemmesAccessibilitéFR
w_FR_VD_2013_47807,FR_VD,VD,2013,47807,infrastructures,NOM,infrastructure,FR,lemmesAccessibilitéFR
w_FR_VD_2013_48325,FR_VD,VD,2013,48325,infrastructures,NOM,infrastructure,FR,lemmesAccessibilitéFR
w_FR_VD_2013_48355,FR_VD,VD,2013,48355,infrastructures,NOM,infrastructure,FR,lemmesAccessibilitéFR
w_FR_VD_2013_48638,FR_VD,VD,2013,48638,infrastructures,NOM,infrastructure,FR,lemmesAccessibilitéFR
w_FR_VD_2013_49154,FR_VD,VD,2013,49154,infrastructures,NOM,infrastructure,FR,lemmesAccessibilitéFR
w_FR_VD_2013_51078,FR_VD,VD,2013,51078,infrastructures,NOM,infrastructure,FR,lemmesAccessibilitéFR
w_FR_VD_2013_51441,FR_VD,VD,2013,51441,infrastructures,NOM,infrastructure,FR,lemmesAccessibilitéFR
w_FR_VD_2013_59565,FR_VD,VD,2013,59565,infrastructures,NOM,infrastructure,FR,lemmesAccessibilitéFR
w_FR_VD_2013_60142,FR_VD,VD,2013,60142,infrastructures,NOM,infrastructure,FR,lemmesAccessibilitéFR
w_FR_VD_2013_61326,FR_VD,VD,2013,61326,Infrastructures,NOM,infrastructure,FR,lemmesAccessibilitéFR
w_FR_VD_2013_61401,FR_VD,VD,2013,61401,infrastructure,NOM,infrastructure,FR,lemmesAccessibilitéFR
w_FR_VD_2013_61422,FR_VD,VD,2013,61422,infrastructure,NOM,infrastructure,FR,lemmesAccessibilitéFR
w_FR_VD_2013_61446,FR_VD,VD,2013,61446,infrastructure,NOM,infrastructure,FR,lemmesAccessibilitéFR
w_FR_VD_2013_61477,FR_VD,VD,2013,61477,infrastructures,NOM,infrastructure,FR,lemmesAccessibilitéFR
w_FR_VD_2013_61489,FR_VD,VD,2013,61489,infrastructure,NOM,infrastructure,FR,lemmesAccessibilitéFR
w_FR_VD_2013_61730,FR_VD,VD,2013,61730,infrastructures,NOM,infrastructure,FR,lemmesAccessibilitéFR
w_FR_VD_2013_61909,FR_VD,VD,2013,61909,infrastructures,NOM,infrastructure,FR,lemmesAccessibilitéFR
w_FR_VD_2013_61965,FR_VD,VD,2013,61965,infrastructures,NOM,infrastructure,FR,lemmesAccessibilitéFR
w_FR_VD_2013_62211,FR_VD,VD,2013,62211,infrastructure,NOM,infrastructure,FR,lemmesAccessibilitéFR
w_FR_VD_2013_62237,FR_VD,VD,2013,62237,infrastructures,NOM,infrastructure,FR,lemmesAccessibilitéFR
w_FR_VD_2013_62596,FR_VD,VD,2013,62596,infrastructures,NOM,infrastructure,FR,lemmesAccessibilitéFR
w_FR_VD_2013_62696,FR_VD,VD,2013,62696,infrastructure,NOM,infrastructure,FR,lemmesAccessibilitéFR
w_FR_VD_2013_62711,FR_VD,VD,2013,62711,infrastructures,NOM,infrastructure,FR,lemmesAccessibilitéFR
w_FR_VD_2013_65953,FR_VD,VD,2013,65953,infrastructures,NOM,infrastructure,FR,lemmesAccessibilitéFR
w_FR_VD_2013_69646,FR_VD,VD,2013,69646,infrastructure,NOM,infrastructure,FR,lemmesAccessibilitéFR
w_FR_VD_2013_73755,FR_VD,VD,2013,73755,infrastructures,NOM,infrastructure,FR,lemmesAccessibilitéFR
w_FR_VD_2013_84352,FR_VD,VD,2013,84352,infrastructures,NOM,infrastructure,FR,lemmesAccessibilitéFR
w_FR_VD_2013_89275,FR_VD,VD,2013,89275,infrastructures,NOM,infrastructure,FR,lemmesAccessibilitéFR
w_FR_VD_2013_90068,FR_VD,VD,2013,90068,infrastructures,NOM,infrastructure,FR,lemmesAccessibilitéFR
w_FR_VD_2013_91522,FR_VD,VD,2013,91522,infrastructures,NOM,infrastructure,FR,lemmesAccessibilitéFR
w_FR_VD_2013_118466,FR_VD,VD,2013,118466,infrastructures,NOM,infrastructure,FR,lemmesAccessibilitéFR
w_FR_VD_2013_118907,FR_VD,VD,2013,118907,infrastructures,NOM,infrastructure,FR,lemmesAccessibilitéFR
w_FR_VD_2013_121056,FR_VD,VD,2013,121056,infrastructures,NOM,infrastructure,FR,lemmesAccessibilitéFR
w_FR_VD_2013_122993,FR_VD,VD,2013,122993,Infrastructures,NOM,infrastructure,FR,lemmesAccessibilitéFR
w_FR_VD_2013_129571,FR_VD,VD,2013,129571,infrastructures,NOM,infrastructure,FR,lemmesAccessibilitéFR
w_FR_VD_2013_130130,FR_VD,VD,2013,130130,infrastructures,NOM,infrastructure,FR,lemmesAccessibilitéFR
w_FR_VD_2013_131134,FR_VD,VD,2013,131134,infrastructure,NOM,infrastructure,FR,lemmesAccessibilitéFR
w_FR_VD_2013_135622,FR_VD,VD,2013,135622,infrastructures,NOM,infrastructure,FR,lemmesAccessibilitéFR
w_FR_VD_2013_139743,FR_VD,VD,2013,139743,infrastructures,NOM,infrastructure,FR,lemmesAccessibilitéFR
w_FR_VD_2013_144180,FR_VD,VD,2013,144180,infrastructures,NOM,infrastructure,FR,lemmesAccessibilitéFR
w_FR_VD_2013_144419,FR_VD,VD,2013,144419,infrastructures,NOM,infrastructure,FR,lemmesAccessibilitéFR
w_FR_VD_2013_145225,FR_VD,VD,2013,145225,infrastructures,NOM,infrastructure,FR,lemmesAccessibilitéFR
w_FR_VD_2013_146750,FR_VD,VD,2013,146750,infrastructures,NOM,infrastructure,FR,lemmesAccessibilitéFR
w_FR_VD_2013_147540,FR_VD,VD,2013,147540,infrastructures,NOM,infrastructure,FR,lemmesAccessibilitéFR
w_FR_VD_2013_147679,FR_VD,VD,2013,147679,infrastructures,NOM,infrastructure,FR,lemmesAccessibilitéFR
w_FR_VD_2013_147875,FR_VD,VD,2013,147875,infrastructure,NOM,infrastructure,FR,lemmesAccessibilitéFR
w_FR_VD_2013_148355,FR_VD,VD,2013,148355,infrastructures,NOM,infrastructure,FR,lemmesAccessibilitéFR
w_FR_VD_2013_148573,FR_VD,VD,2013,148573,infrastructures,NOM,infrastructure,FR,lemmesAccessibilitéFR
w_FR_VD_2013_149850,FR_VD,VD,2013,149850,infrastructure,NOM,infrastructure,FR,lemmesAccessibilitéFR
w_FR_VD_2013_152161,FR_VD,VD,2013,152161,infrastructure,NOM,infrastructure,FR,lemmesAccessibilitéFR
w_FR_VD_2013_152195,FR_VD,VD,2013,152195,infrastructure,NOM,infrastructure,FR,lemmesAccessibilitéFR
w_FR_VD_2013_152511,FR_VD,VD,2013,152511,infrastructure,NOM,infrastructure,FR,lemmesAccessibilitéFR
w_FR_VD_2013_153962,FR_VD,VD,2013,153962,infrastructure,NOM,infrastructure,FR,lemmesAccessibilitéFR
w_FR_VD_2013_155824,FR_VD,VD,2013,155824,infrastructure,NOM,infrastructure,FR,lemmesAccessibilitéFR
w_FR_VD_2013_157032,FR_VD,VD,2013,157032,infrastructures,NOM,infrastructure,FR,lemmesAccessibilitéFR
w_FR_VD_2013_160111,FR_VD,VD,2013,160111,infrastructures,NOM,infrastructure,FR,lemmesAccessibilitéFR
w_FR_VD_2013_161299,FR_VD,VD,2013,161299,infrastructure,NOM,infrastructure,FR,lemmesAccessibilitéFR
w_FR_VD_2013_163945,FR_VD,VD,2013,163945,infrastructures,NOM,infrastructure,FR,lemmesAccessibilitéFR
w_FR_VD_2013_166218,FR_VD,VD,2013,166218,infrastructures,NOM,infrastructure,FR,lemmesAccessibilitéFR
w_FR_VD_2013_168017,FR_VD,VD,2013,168017,infrastructures,NOM,infrastructure,FR,lemmesAccessibilitéFR
w_FR_VD_2013_170106,FR_VD,VD,2013,170106,infrastructures,NOM,infrastructure,FR,lemmesAccessibilitéFR
w_FR_VD_2013_171790,FR_VD,VD,2013,171790,infrastructure,NOM,infrastructure,FR,lemmesAccessibilitéFR
w_FR_VD_2013_173579,FR_VD,VD,2013,173579,INFRASTRUCTURES,NOM,infrastructure,FR,lemmesAccessibilitéFR
w_FR_VD_2013_173703,FR_VD,VD,2013,173703,Infrastructures,NOM,infrastructure,FR,lemmesAccessibilitéFR
w_FR_VD_2013_173720,FR_VD,VD,2013,173720,Infrastructures,NOM,infrastructure,FR,lemmesAccessibilitéFR
w_FR_VD_2013_173930,FR_VD,VD,2013,173930,Infrastructures,NOM,infrastructure,FR,lemmesAccessibilitéFR
w_FR_VD_2013_173937,FR_VD,VD,2013,173937,infrastructure,NOM,infrastructure,FR,lemmesAccessibilitéFR
w_FR_VD_2012_3735,FR_VD,VD,2012,3735,117,NUM,@card@,FR,lemmesAccessibilitéFR
w_FR_VD_2012_3737,FR_VD,VD,2012,3737,Réseaux,NOM,réseau,FR,lemmesAccessibilitéFR
w_FR_VD_2012_3760,FR_VD,VD,2012,3760,118,NUM,@card@,FR,lemmesAccessibilitéFR
w_FR_VD_2012_3762,FR_VD,VD,2012,3762,Réseau,NOM,réseau,FR,lemmesAccessibilitéFR
w_FR_VD_2012_9469,FR_VD,VD,2012,9469,que,KON,que,FR,lemmesAccessibilitéFR
w_FR_VD_2012_9471,FR_VD,VD,2012,9471,réseaux,NOM,réseau,FR,lemmesAccessibilitéFR
w_FR_VD_2012_13051,FR_VD,VD,2012,13051,qualité,NOM,qualité,FR,lemmesAccessibilitéFR
w_FR_VD_2012_13053,FR_VD,VD,2012,13053,réseaux,NOM,réseau,FR,lemmesAccessibilitéFR
w_FR_VD_2012_14606,FR_VD,VD,2012,14606,accès,NOM,accès,FR,lemmesAccessibilitéFR
w_FR_VD_2012_14608,FR_VD,VD,2012,14608,réseaux,NOM,réseau,FR,lemmesAccessibilitéFR
w_FR_VD_2012_15063,FR_VD,VD,2012,15063,par,PRP,par,FR,lemmesAccessibilitéFR
w_FR_VD_2012_15065,FR_VD,VD,2012,15065,réseau,NOM,réseau,FR,lemmesAccessibilitéFR
w_FR_VD_2012_15161,FR_VD,VD,2012,15161,sur,PRP,sur,FR,lemmesAccessibilitéFR
w_FR_VD_2012_15163,FR_VD,VD,2012,15163,réseau,NOM,réseau,FR,lemmesAccessibilitéFR
w_FR_VD_2012_15387,FR_VD,VD,2012,15387,d',PRP,de,FR,lemmesAccessibilitéFR
w_FR_VD_2012_15389,FR_VD,VD,2012,15389,réseau,NOM,réseau,FR,lemmesAccessibilitéFR
w_FR_VD_2012_18569,FR_VD,VD,2012,18569,saturation,NOM,saturation,FR,lemmesAccessibilitéFR
w_FR_VD_2012_18571,FR_VD,VD,2012,18571,réseaux,NOM,réseau,FR,lemmesAccessibilitéFR
w_FR_VD_2012_18690,FR_VD,VD,2012,18690,saturation,NOM,saturation,FR,lemmesAccessibilitéFR
w_FR_VD_2012_18692,FR_VD,VD,2012,18692,réseaux,NOM,réseau,FR,lemmesAccessibilitéFR
w_FR_VD_2012_26079,FR_VD,VD,2012,26079,sur,PRP,sur,FR,lemmesAccessibilitéFR
w_FR_VD_2012_26081,FR_VD,VD,2012,26081,réseau,NOM,réseau,FR,lemmesAccessibilitéFR
w_FR_VD_2012_29355,FR_VD,VD,2012,29355,planification,NOM,planification,FR,lemmesAccessibilitéFR
w_FR_VD_2012_29357,FR_VD,VD,2012,29357,réseau,NOM,réseau,FR,lemmesAccessibilitéFR
w_FR_VD_2012_44351,FR_VD,VD,2012,44351,accès,NOM,accès,FR,lemmesAccessibilitéFR
w_FR_VD_2012_44353,FR_VD,VD,2012,44353,réseaux,NOM,réseau,FR,lemmesAccessibilitéFR
w_FR_VD_2012_46112,FR_VD,VD,2012,46112,intégration,NOM,intégration,FR,lemmesAccessibilitéFR
w_FR_VD_2012_46114,FR_VD,VD,2012,46114,réseaux,NOM,réseau,FR,lemmesAccessibilitéFR
w_FR_VD_2012_47107,FR_VD,VD,2012,47107,performances,NOM,performance,FR,lemmesAccessibilitéFR
w_FR_VD_2012_47109,FR_VD,VD,2012,47109,réseaux,NOM,réseau,FR,lemmesAccessibilitéFR
w_FR_VD_2012_47447,FR_VD,VD,2012,47447,MESURE,VER:pres,mesurer,FR,lemmesAccessibilitéFR
w_FR_VD_2012_47449,FR_VD,VD,2012,47449,Réseaux,NOM,réseau,FR,lemmesAccessibilitéFR
w_FR_VD_2012_47966,FR_VD,VD,2012,47966,B21,ABR,B@card@,FR,lemmesAccessibilitéFR
w_FR_VD_2012_47968,FR_VD,VD,2012,47968,Réseaux,NOM,réseau,FR,lemmesAccessibilitéFR
w_FR_VD_2012_48191,FR_VD,VD,2012,48191,B21,NAM,B21,FR,lemmesAccessibilitéFR
w_FR_VD_2012_48193,FR_VD,VD,2012,48193,Réseaux,NOM,réseau,FR,lemmesAccessibilitéFR
w_FR_VD_2012_48496,FR_VD,VD,2012,48496,B21,ABR,B@card@,FR,lemmesAccessibilitéFR
w_FR_VD_2012_48498,FR_VD,VD,2012,48498,Réseaux,NOM,réseau,FR,lemmesAccessibilitéFR
w_FR_VD_2012_48517,FR_VD,VD,2012,48517,des,PRP:det,du,FR,lemmesAccessibilitéFR
w_FR_VD_2012_48519,FR_VD,VD,2012,48519,Réseau,NOM,réseau,FR,lemmesAccessibilitéFR
w_FR_VD_2012_49094,FR_VD,VD,2012,49094,B22,NAM,B22,FR,lemmesAccessibilitéFR
w_FR_VD_2012_49096,FR_VD,VD,2012,49096,Réseau,NOM,réseau,FR,lemmesAccessibilitéFR
w_FR_VD_2012_49494,FR_VD,VD,2012,49494,B22,ABR,B@card@,FR,lemmesAccessibilitéFR
w_FR_VD_2012_49496,FR_VD,VD,2012,49496,Réseau,NOM,réseau,FR,lemmesAccessibilitéFR
w_FR_VD_2012_49621,FR_VD,VD,2012,49621,B22,ABR,B@card@,FR,lemmesAccessibilitéFR
w_FR_VD_2012_49623,FR_VD,VD,2012,49623,Réseau,NOM,réseau,FR,lemmesAccessibilitéFR
w_FR_VD_2012_59378,FR_VD,VD,2012,59378,par,PRP,par,FR,lemmesAccessibilitéFR
w_FR_VD_2012_59380,FR_VD,VD,2012,59380,réseaux,NOM,réseau,FR,lemmesAccessibilitéFR
w_FR_VD_2012_148497,FR_VD,VD,2012,148497,1,NUM,@card@,FR,lemmesAccessibilitéFR
w_FR_VD_2012_148499,FR_VD,VD,2012,148499,Réseau,NOM,réseau,FR,lemmesAccessibilitéFR
w_FR_VD_2012_151256,FR_VD,VD,2012,151256,ET,KON,et,FR,lemmesAccessibilitéFR
w_FR_VD_2012_151258,FR_VD,VD,2012,151258,Réseau,NOM,réseau,FR,lemmesAccessibilitéFR
w_FR_VD_2012_153341,FR_VD,VD,2012,153341,concernant,VER:ppre,concerner,FR,lemmesAccessibilitéFR
w_FR_VD_2012_153343,FR_VD,VD,2012,153343,réseaux,NOM,réseau,FR,lemmesAccessibilitéFR
w_FR_VD_2012_158426,FR_VD,VD,2012,158426,sens,NOM,sens|sen,FR,lemmesAccessibilitéFR
w_FR_VD_2012_158428,FR_VD,VD,2012,158428,Réseau,NOM,réseau,FR,lemmesAccessibilitéFR
w_FR_VD_2012_167993,FR_VD,VD,2012,167993,et,KON,et,FR,lemmesAccessibilitéFR
w_FR_VD_2012_167995,FR_VD,VD,2012,167995,réseaux,NOM,réseau,FR,lemmesAccessibilitéFR
w_FR_BE_2013_11483,FR_BE,BE,2013,11483,espaces,NOM,espace,FR,lemmesAccessibilitéFR
w_FR_BE_2013_11485,FR_BE,BE,2013,11485,réseaux,NOM,réseau,FR,lemmesAccessibilitéFR
w_FR_BE_2013_12410,FR_BE,BE,2013,12410,raccordement,NOM,raccordement,FR,lemmesAccessibilitéFR
w_FR_BE_2013_12412,FR_BE,BE,2013,12412,réseau,NOM,réseau,FR,lemmesAccessibilitéFR
w_FR_BE_2013_17705,FR_BE,BE,2013,17705,raccordement,NOM,raccordement,FR,lemmesAccessibilitéFR
w_FR_BE_2013_17707,FR_BE,BE,2013,17707,réseau,NOM,réseau,FR,lemmesAccessibilitéFR
w_FR_BE_2013_17832,FR_BE,BE,2013,17832,de,PRP,de,FR,lemmesAccessibilitéFR
w_FR_BE_2013_17834,FR_BE,BE,2013,17834,réseaux,NOM,réseau,FR,lemmesAccessibilitéFR
w_FR_BE_2013_18493,FR_BE,BE,2013,18493,dans,PRP,dans,FR,lemmesAccessibilitéFR
w_FR_BE_2013_18495,FR_BE,BE,2013,18495,réseaux,NOM,réseau,FR,lemmesAccessibilitéFR
w_FR_BE_2013_19659,FR_BE,BE,2013,19659,dans,PRP,dans,FR,lemmesAccessibilitéFR
w_FR_BE_2013_19661,FR_BE,BE,2013,19661,réseau,NOM,réseau,FR,lemmesAccessibilitéFR
w_FR_BE_2013_24349,FR_BE,BE,2013,24349,régions,NOM,région,FR,lemmesAccessibilitéFR
w_FR_BE_2013_24351,FR_BE,BE,2013,24351,réseau,NOM,réseau,FR,lemmesAccessibilitéFR
w_FR_BE_2013_89683,FR_BE,BE,2013,89683,raccordement,NOM,raccordement,FR,lemmesAccessibilitéFR
w_FR_BE_2013_89685,FR_BE,BE,2013,89685,réseau,NOM,réseau,FR,lemmesAccessibilitéFR
w_FR_BE_2013_92847,FR_BE,BE,2013,92847,densification,NOM,densification,FR,lemmesAccessibilitéFR
w_FR_BE_2013_92849,FR_BE,BE,2013,92849,réseau,NOM,réseau,FR,lemmesAccessibilitéFR
w_FR_GE_2024_21462,FR_GE,GE,2024,21462,dans,PRP,dans,FR,lemmesAccessibilitéFR
w_FR_GE_2024_21464,FR_GE,GE,2024,21464,réseau,NOM,réseau,FR,lemmesAccessibilitéFR
w_FR_GE_2024_22804,FR_GE,GE,2024,22804,d’,PRP,de,FR,lemmesAccessibilitéFR
w_FR_GE_2024_22806,FR_GE,GE,2024,22806,réseau,NOM,réseau,FR,lemmesAccessibilitéFR
w_FR_GE_2024_23371,FR_GE,GE,2024,23371,aménagement,NOM,aménagement,FR,lemmesAccessibilitéFR
w_FR_GE_2024_23373,FR_GE,GE,2024,23373,réseaux,NOM,réseau,FR,lemmesAccessibilitéFR
w_FR_GE_2024_23807,FR_GE,GE,2024,23807,développement,NOM,développement,FR,lemmesAccessibilitéFR
w_FR_GE_2024_23809,FR_GE,GE,2024,23809,réseau,NOM,réseau,FR,lemmesAccessibilitéFR
w_FR_GE_2024_23890,FR_GE,GE,2024,23890,développement,NOM,développement,FR,lemmesAccessibilitéFR
w_FR_GE_2024_23892,FR_GE,GE,2024,23892,réseau,NOM,réseau,FR,lemmesAccessibilitéFR
w_FR_GE_2024_23978,FR_GE,GE,2024,23978,renforcement,NOM,renforcement,FR,lemmesAccessibilitéFR
w_FR_GE_2024_23980,FR_GE,GE,2024,23980,réseau,NOM,réseau,FR,lemmesAccessibilitéFR
w_FR_GE_2024_24069,FR_GE,GE,2024,24069,raccordement,NOM,raccordement,FR,lemmesAccessibilitéFR
w_FR_GE_2024_24071,FR_GE,GE,2024,24071,réseaux,NOM,réseau,FR,lemmesAccessibilitéFR
w_FR_GE_2024_24096,FR_GE,GE,2024,24096,avec,PRP,avec,FR,lemmesAccessibilitéFR
w_FR_GE_2024_24098,FR_GE,GE,2024,24098,réseaux,NOM,réseau,FR,lemmesAccessibilitéFR
w_FR_GE_2024_24779,FR_GE,GE,2024,24779,développement,NOM,développement,FR,lemmesAccessibilitéFR
w_FR_GE_2024_24781,FR_GE,GE,2024,24781,réseau,NOM,réseau,FR,lemmesAccessibilitéFR
w_FR_GE_2024_24808,FR_GE,GE,2024,24808,",",PUN,",",FR,lemmesAccessibilitéFR
w_FR_GE_2024_24810,FR_GE,GE,2024,24810,réseau,NOM,réseau,FR,lemmesAccessibilitéFR
w_FR_GE_2024_25496,FR_GE,GE,2024,25496,.,SENT,.,FR,lemmesAccessibilitéFR
w_FR_GE_2024_25498,FR_GE,GE,2024,25498,réseau,NOM,réseau,FR,lemmesAccessibilitéFR
w_FR_GE_2024_25535,FR_GE,GE,2024,25535,complet,ADJ,complet,FR,lemmesAccessibilitéFR
w_FR_GE_2024_25537,FR_GE,GE,2024,25537,réseau,NOM,réseau,FR,lemmesAccessibilitéFR
w_FR_GE_2024_36376,FR_GE,GE,2024,36376,sur,PRP,sur,FR,lemmesAccessibilitéFR
w_FR_GE_2024_36378,FR_GE,GE,2024,36378,réseau,NOM,réseau,FR,lemmesAccessibilitéFR
w_FR_GE_2024_67330,FR_GE,GE,2024,67330,avec,PRP,avec,FR,lemmesAccessibilitéFR
w_FR_GE_2024_67332,FR_GE,GE,2024,67332,réseau,NOM,réseau,FR,lemmesAccessibilitéFR
w_FR_GE_2024_75761,FR_GE,GE,2024,75761,sur,PRP,sur,FR,lemmesAccessibilitéFR
w_FR_GE_2024_75763,FR_GE,GE,2024,75763,réseaux,NOM,réseau,FR,lemmesAccessibilitéFR
w_FR_GE_2024_76754,FR_GE,GE,2024,76754,sur,PRP,sur,FR,lemmesAccessibilitéFR
w_FR_GE_2024_76756,FR_GE,GE,2024,76756,réseau,NOM,réseau,FR,lemmesAccessibilitéFR
w_FR_GE_2024_106400,FR_GE,GE,2024,106400,et,KON,et,FR,lemmesAccessibilitéFR
w_FR_GE_2024_106402,FR_GE,GE,2024,106402,réseaux,NOM,réseau,FR,lemmesAccessibilitéFR
w_FR_GE_2024_111281,FR_GE,GE,2024,111281,entre,PRP,entre,FR,lemmesAccessibilitéFR
w_FR_GE_2024_111283,FR_GE,GE,2024,111283,réseau,NOM,réseau,FR,lemmesAccessibilitéFR
w_FR_GE_2024_113115,FR_GE,GE,2024,113115,motorisés,VER:pper,motoriser,FR,lemmesAccessibilitéFR
w_FR_GE_2024_113117,FR_GE,GE,2024,113117,réseau,NOM,réseau,FR,lemmesAccessibilitéFR
w_FR_GE_2024_113155,FR_GE,GE,2024,113155,raccordement,NOM,raccordement,FR,lemmesAccessibilitéFR
w_FR_GE_2024_113157,FR_GE,GE,2024,113157,réseaux,NOM,réseau,FR,lemmesAccessibilitéFR
w_FR_GE_2024_113331,FR_GE,GE,2024,113331,avec,PRP,avec,FR,lemmesAccessibilitéFR
w_FR_GE_2024_113333,FR_GE,GE,2024,113333,réseaux,NOM,réseau,FR,lemmesAccessibilitéFR
w_FR_GE_2024_113345,FR_GE,GE,2024,113345,principale,ADJ,principal,FR,lemmesAccessibilitéFR
w_FR_GE_2024_113347,FR_GE,GE,2024,113347,réseau,NOM,réseau,FR,lemmesAccessibilitéFR
w_FR_GE_2024_113422,FR_GE,GE,2024,113422,avec,PRP,avec,FR,lemmesAccessibilitéFR
w_FR_GE_2024_113424,FR_GE,GE,2024,113424,réseau,NOM,réseau,FR,lemmesAccessibilitéFR
w_FR_GE_2024_114598,FR_GE,GE,2024,114598,sur,PRP,sur,FR,lemmesAccessibilitéFR
w_FR_GE_2024_114600,FR_GE,GE,2024,114600,réseau,NOM,réseau,FR,lemmesAccessibilitéFR
w_FR_GE_2024_114616,FR_GE,GE,2024,114616,sur,PRP,sur,FR,lemmesAccessibilitéFR
w_FR_GE_2024_114618,FR_GE,GE,2024,114618,réseau,NOM,réseau,FR,lemmesAccessibilitéFR
w_FR_GE_2024_117979,FR_GE,GE,2024,117979,développement,NOM,développement,FR,lemmesAccessibilitéFR
w_FR_GE_2024_117981,FR_GE,GE,2024,117981,réseau,NOM,réseau,FR,lemmesAccessibilitéFR
w_FR_GE_2024_118842,FR_GE,GE,2024,118842,sur,PRP,sur,FR,lemmesAccessibilitéFR
w_FR_GE_2024_118844,FR_GE,GE,2024,118844,réseau,NOM,réseau,FR,lemmesAccessibilitéFR
w_FR_GE_2024_119406,FR_GE,GE,2024,119406,",",PUN,",",FR,lemmesAccessibilitéFR
w_FR_GE_2024_119408,FR_GE,GE,2024,119408,réseau,NOM,réseau,FR,lemmesAccessibilitéFR
w_FR_GE_2024_119465,FR_GE,GE,2024,119465,développement,NOM,développement,FR,lemmesAccessibilitéFR
w_FR_GE_2024_119467,FR_GE,GE,2024,119467,réseau,NOM,réseau,FR,lemmesAccessibilitéFR
w_FR_GE_2024_121688,FR_GE,GE,2024,121688,sur,PRP,sur,FR,lemmesAccessibilitéFR
w_FR_GE_2024_121690,FR_GE,GE,2024,121690,réseau,NOM,réseau,FR,lemmesAccessibilitéFR
w_FR_GE_2024_121889,FR_GE,GE,2024,121889,sur,PRP,sur,FR,lemmesAccessibilitéFR
w_FR_GE_2024_121891,FR_GE,GE,2024,121891,réseau,NOM,réseau,FR,lemmesAccessibilitéFR
w_FR_GE_2024_123671,FR_GE,GE,2024,123671,développement,NOM,développement,FR,lemmesAccessibilitéFR
w_FR_GE_2024_123673,FR_GE,GE,2024,123673,réseau,NOM,réseau,FR,lemmesAccessibilitéFR
w_FR_GE_2024_126376,FR_GE,GE,2024,126376,d’,PRP,de,FR,lemmesAccessibilitéFR
w_FR_GE_2024_126378,FR_GE,GE,2024,126378,réseau,NOM,réseau,FR,lemmesAccessibilitéFR
w_FR_GE_2024_128800,FR_GE,GE,2024,128800,AMÉNAGEMENT,NOM,aménagement,FR,lemmesAccessibilitéFR
w_FR_GE_2024_128802,FR_GE,GE,2024,128802,réseau,NOM,réseau,FR,lemmesAccessibilitéFR
w_FR_GE_2024_132183,FR_GE,GE,2024,132183,développement,NOM,développement,FR,lemmesAccessibilitéFR
w_FR_GE_2024_132185,FR_GE,GE,2024,132185,réseau,NOM,réseau,FR,lemmesAccessibilitéFR
w_FR_GE_2024_133257,FR_GE,GE,2024,133257,décharger,VER:infi,décharger,FR,lemmesAccessibilitéFR
w_FR_GE_2024_133259,FR_GE,GE,2024,133259,réseaux,NOM,réseau,FR,lemmesAccessibilitéFR
w_FR_GE_2024_136690,FR_GE,GE,2024,136690,raccordement,NOM,raccordement,FR,lemmesAccessibilitéFR
w_FR_GE_2024_136692,FR_GE,GE,2024,136692,réseaux,NOM,réseau,FR,lemmesAccessibilitéFR
w_FR_GE_2024_136771,FR_GE,GE,2024,136771,dans,PRP,dans,FR,lemmesAccessibilitéFR
w_FR_GE_2024_136773,FR_GE,GE,2024,136773,réseau,NOM,réseau,FR,lemmesAccessibilitéFR
w_FR_GE_2024_137728,FR_GE,GE,2024,137728,dans,PRP,dans,FR,lemmesAccessibilitéFR
w_FR_GE_2024_137730,FR_GE,GE,2024,137730,réseau,NOM,réseau,FR,lemmesAccessibilitéFR
w_FR_GE_2024_138825,FR_GE,GE,2024,138825,développement,NOM,développement,FR,lemmesAccessibilitéFR
w_FR_GE_2024_138827,FR_GE,GE,2024,138827,réseau,NOM,réseau,FR,lemmesAccessibilitéFR
w_FR_GE_2024_138839,FR_GE,GE,2024,138839,raccordement,NOM,raccordement,FR,lemmesAccessibilitéFR
w_FR_GE_2024_138841,FR_GE,GE,2024,138841,réseaux,NOM,réseau,FR,lemmesAccessibilitéFR
w_FR_GE_2024_161941,FR_GE,GE,2024,161941,développement,NOM,développement,FR,lemmesAccessibilitéFR
w_FR_GE_2024_161943,FR_GE,GE,2024,161943,réseau,NOM,réseau,FR,lemmesAccessibilitéFR
w_FR_GE_2024_185393,FR_GE,GE,2024,185393,modélisation,NOM,modélisation,FR,lemmesAccessibilitéFR
w_FR_GE_2024_185395,FR_GE,GE,2024,185395,réseaux,NOM,réseau,FR,lemmesAccessibilitéFR
w_FR_GE_2024_189686,FR_GE,GE,2024,189686,cement,NOM,cement,FR,lemmesAccessibilitéFR
w_FR_GE_2024_189688,FR_GE,GE,2024,189688,réseau,NOM,réseau,FR,lemmesAccessibilitéFR
w_FR_GE_2024_191575,FR_GE,GE,2024,191575,connecté,VER:pper,connecter,FR,lemmesAccessibilitéFR
w_FR_GE_2024_191577,FR_GE,GE,2024,191577,réseau,NOM,réseau,FR,lemmesAccessibilitéFR
w_FR_BE_2016_2268,FR_BE,BE,2016,2268,dans,PRP,dans,FR,lemmesAccessibilitéFR
w_FR_BE_2016_2270,FR_BE,BE,2016,2270,réseau,NOM,réseau,FR,lemmesAccessibilitéFR
w_FR_BE_2016_9275,FR_BE,BE,2016,9275,raccordement,NOM,raccordement,FR,lemmesAccessibilitéFR
w_FR_BE_2016_9277,FR_BE,BE,2016,9277,réseaux,NOM,réseau,FR,lemmesAccessibilitéFR
w_FR_BE_2016_10446,FR_BE,BE,2016,10446,par,PRP,par,FR,lemmesAccessibilitéFR
w_FR_BE_2016_10448,FR_BE,BE,2016,10448,réseaux,NOM,réseau,FR,lemmesAccessibilitéFR
w_FR_BE_2016_17001,FR_BE,BE,2016,17001,Défis,VER:simp,défaire,FR,lemmesAccessibilitéFR
w_FR_BE_2016_17003,FR_BE,BE,2016,17003,réseau,NOM,réseau,FR,lemmesAccessibilitéFR
w_FR_BE_2016_17194,FR_BE,BE,2016,17194,efficace,ADJ,efficace,FR,lemmesAccessibilitéFR
w_FR_BE_2016_17196,FR_BE,BE,2016,17196,réseau,NOM,réseau,FR,lemmesAccessibilitéFR
w_FR_BE_2016_23817,FR_BE,BE,2016,23817,de,PRP,de,FR,lemmesAccessibilitéFR
w_FR_BE_2016_23819,FR_BE,BE,2016,23819,réseaux,NOM,réseau,FR,lemmesAccessibilitéFR
w_FR_BE_2016_24492,FR_BE,BE,2016,24492,dans,PRP,dans,FR,lemmesAccessibilitéFR
w_FR_BE_2016_24494,FR_BE,BE,2016,24494,réseaux,NOM,réseau,FR,lemmesAccessibilitéFR
w_FR_BE_2016_25705,FR_BE,BE,2016,25705,dans,PRP,dans,FR,lemmesAccessibilitéFR
w_FR_BE_2016_25707,FR_BE,BE,2016,25707,réseau,NOM,réseau,FR,lemmesAccessibilitéFR
w_FR_BE_2016_30715,FR_BE,BE,2016,30715,régions,NOM,région,FR,lemmesAccessibilitéFR
w_FR_BE_2016_30717,FR_BE,BE,2016,30717,réseau,NOM,réseau,FR,lemmesAccessibilitéFR
w_FR_BE_2016_109263,FR_BE,BE,2016,109263,raccordement,NOM,raccordement,FR,lemmesAccessibilitéFR
w_FR_BE_2016_109265,FR_BE,BE,2016,109265,réseau,NOM,réseau,FR,lemmesAccessibilitéFR
w_FR_BE_2016_113326,FR_BE,BE,2016,113326,densification,NOM,densification,FR,lemmesAccessibilitéFR
w_FR_BE_2016_113328,FR_BE,BE,2016,113328,réseau,NOM,réseau,FR,lemmesAccessibilitéFR
w_FR_JU_2018_2938,FR_JU,JU,2018,2938,avec,PRP,avec,FR,lemmesAccessibilitéFR
w_FR_JU_2018_2940,FR_JU,JU,2018,2940,réseaux,NOM,réseau,FR,lemmesAccessibilitéFR
w_FR_JU_2018_4856,FR_JU,JU,2018,4856,utilisation,NOM,utilisation,FR,lemmesAccessibilitéFR
w_FR_JU_2018_4858,FR_JU,JU,2018,4858,réseaux,NOM,réseau,FR,lemmesAccessibilitéFR
w_FR_JU_2018_5231,FR_JU,JU,2018,5231,les,DET:ART,le,FR,lemmesAccessibilitéFR
w_FR_JU_2018_5233,FR_JU,JU,2018,5233,réseaux,NOM,réseau,FR,lemmesAccessibilitéFR
w_FR_JU_2018_8391,FR_JU,JU,2018,8391,avec,PRP,avec,FR,lemmesAccessibilitéFR
w_FR_JU_2018_8393,FR_JU,JU,2018,8393,réseaux,NOM,réseau,FR,lemmesAccessibilitéFR
w_FR_JU_2018_8431,FR_JU,JU,2018,8431,par,PRP,par,FR,lemmesAccessibilitéFR
w_FR_JU_2018_8433,FR_JU,JU,2018,8433,réseau,NOM,réseau,FR,lemmesAccessibilitéFR
w_FR_JU_2018_10142,FR_JU,JU,2018,10142,par,PRP,par,FR,lemmesAccessibilitéFR
w_FR_JU_2018_10144,FR_JU,JU,2018,10144,réseau,NOM,réseau,FR,lemmesAccessibilitéFR
w_FR_JU_2018_15499,FR_JU,JU,2018,15499,.,SENT,.,FR,lemmesAccessibilitéFR
w_FR_JU_2018_15501,FR_JU,JU,2018,15501,réseau,NOM,réseau,FR,lemmesAccessibilitéFR
w_FR_VD_2011_11826,FR_VD,VD,2011,11826,planification,NOM,planification,FR,lemmesAccessibilitéFR
w_FR_VD_2011_11828,FR_VD,VD,2011,11828,réseau,NOM,réseau,FR,lemmesAccessibilitéFR
w_FR_VD_2011_25235,FR_VD,VD,2011,25235,accès,NOM,accès,FR,lemmesAccessibilitéFR
w_FR_VD_2011_25237,FR_VD,VD,2011,25237,réseaux,NOM,réseau,FR,lemmesAccessibilitéFR
w_FR_VD_2011_27112,FR_VD,VD,2011,27112,intégration,NOM,intégration,FR,lemmesAccessibilitéFR
w_FR_VD_2011_27114,FR_VD,VD,2011,27114,réseaux,NOM,réseau,FR,lemmesAccessibilitéFR
w_FR_VD_2011_28151,FR_VD,VD,2011,28151,B21,NAM,B21,FR,lemmesAccessibilitéFR
w_FR_VD_2011_28153,FR_VD,VD,2011,28153,Réseaux,NOM,réseau,FR,lemmesAccessibilitéFR
w_FR_VD_2011_28172,FR_VD,VD,2011,28172,B21,NAM,B21,FR,lemmesAccessibilitéFR
w_FR_VD_2011_28174,FR_VD,VD,2011,28174,Réseaux,NOM,réseau,FR,lemmesAccessibilitéFR
w_FR_VD_2011_28813,FR_VD,VD,2011,28813,B21,NAM,B21,FR,lemmesAccessibilitéFR
w_FR_VD_2011_28815,FR_VD,VD,2011,28815,Réseaux,NOM,réseau,FR,lemmesAccessibilitéFR
w_FR_VD_2011_28887,FR_VD,VD,2011,28887,B21,NAM,B21,FR,lemmesAccessibilitéFR
w_FR_VD_2011_28889,FR_VD,VD,2011,28889,Réseaux,NOM,réseau,FR,lemmesAccessibilitéFR
w_FR_VD_2011_29275,FR_VD,VD,2011,29275,B21,NAM,B21,FR,lemmesAccessibilitéFR
w_FR_VD_2011_29277,FR_VD,VD,2011,29277,Réseaux,NOM,réseau,FR,lemmesAccessibilitéFR
w_FR_VD_2011_29291,FR_VD,VD,2011,29291,sein,NOM,sein,FR,lemmesAccessibilitéFR
w_FR_VD_2011_29293,FR_VD,VD,2011,29293,réseaux,NOM,réseau,FR,lemmesAccessibilitéFR
w_FR_VD_2011_29337,FR_VD,VD,2011,29337,B22,NAM,B22,FR,lemmesAccessibilitéFR
w_FR_VD_2011_29339,FR_VD,VD,2011,29339,Réseau,NOM,réseau,FR,lemmesAccessibilitéFR
w_FR_VD_2011_29357,FR_VD,VD,2011,29357,B22,NAM,B22,FR,lemmesAccessibilitéFR
w_FR_VD_2011_29359,FR_VD,VD,2011,29359,Réseau,NOM,réseau,FR,lemmesAccessibilitéFR
w_FR_VD_2011_29961,FR_VD,VD,2011,29961,B22,NAM,B22,FR,lemmesAccessibilitéFR
w_FR_VD_2011_29963,FR_VD,VD,2011,29963,Réseau,NOM,réseau,FR,lemmesAccessibilitéFR
w_FR_VD_2011_30373,FR_VD,VD,2011,30373,B22,NAM,B22,FR,lemmesAccessibilitéFR
w_FR_VD_2011_30375,FR_VD,VD,2011,30375,Réseau,NOM,réseau,FR,lemmesAccessibilitéFR
w_FR_VD_2011_30498,FR_VD,VD,2011,30498,sein,NOM,sein,FR,lemmesAccessibilitéFR
w_FR_VD_2011_30500,FR_VD,VD,2011,30500,réseaux,NOM,réseau,FR,lemmesAccessibilitéFR
w_FR_VD_2011_119868,FR_VD,VD,2011,119868,1,NUM,@card@,FR,lemmesAccessibilitéFR
w_FR_VD_2011_119870,FR_VD,VD,2011,119870,Réseau,NOM,réseau,FR,lemmesAccessibilitéFR
w_FR_VD_2011_122626,FR_VD,VD,2011,122626,ET,KON,et,FR,lemmesAccessibilitéFR
w_FR_VD_2011_122628,FR_VD,VD,2011,122628,Réseau,NOM,réseau,FR,lemmesAccessibilitéFR
w_FR_VD_2011_124714,FR_VD,VD,2011,124714,concernant,VER:ppre,concerner,FR,lemmesAccessibilitéFR
w_FR_VD_2011_124716,FR_VD,VD,2011,124716,réseaux,NOM,réseau,FR,lemmesAccessibilitéFR
w_FR_VD_2011_129840,FR_VD,VD,2011,129840,sens,NOM,sens|sen,FR,lemmesAccessibilitéFR
w_FR_VD_2011_129842,FR_VD,VD,2011,129842,Réseau,NOM,réseau,FR,lemmesAccessibilitéFR
w_FR_VD_2011_139659,FR_VD,VD,2011,139659,52,NUM,@card@,FR,lemmesAccessibilitéFR
w_FR_VD_2011_139661,FR_VD,VD,2011,139661,Réseaux,NOM,réseau,FR,lemmesAccessibilitéFR
w_FR_VD_2011_139680,FR_VD,VD,2011,139680,53,NUM,@card@,FR,lemmesAccessibilitéFR
w_FR_VD_2011_139682,FR_VD,VD,2011,139682,Réseau,NOM,réseau,FR,lemmesAccessibilitéFR
w_FR_VD_2011_146352,FR_VD,VD,2011,146352,que,KON,que,FR,lemmesAccessibilitéFR
w_FR_VD_2011_146354,FR_VD,VD,2011,146354,réseaux,NOM,réseau,FR,lemmesAccessibilitéFR
w_FR_VD_2011_149796,FR_VD,VD,2011,149796,qualité,NOM,qualité,FR,lemmesAccessibilitéFR
w_FR_VD_2011_149798,FR_VD,VD,2011,149798,réseaux,NOM,réseau,FR,lemmesAccessibilitéFR
w_FR_VD_2011_150796,FR_VD,VD,2011,150796,accès,NOM,accès,FR,lemmesAccessibilitéFR
w_FR_VD_2011_150798,FR_VD,VD,2011,150798,réseaux,NOM,réseau,FR,lemmesAccessibilitéFR
w_FR_VD_2011_151222,FR_VD,VD,2011,151222,par,PRP,par,FR,lemmesAccessibilitéFR
w_FR_VD_2011_151224,FR_VD,VD,2011,151224,réseau,NOM,réseau,FR,lemmesAccessibilitéFR
w_FR_VD_2011_151477,FR_VD,VD,2011,151477,sur,PRP,sur,FR,lemmesAccessibilitéFR
w_FR_VD_2011_151479,FR_VD,VD,2011,151479,réseau,NOM,réseau,FR,lemmesAccessibilitéFR
w_FR_VD_2011_152729,FR_VD,VD,2011,152729,saturation,NOM,saturation,FR,lemmesAccessibilitéFR
w_FR_VD_2011_152731,FR_VD,VD,2011,152731,réseaux,NOM,réseau,FR,lemmesAccessibilitéFR
w_FR_VD_2011_152850,FR_VD,VD,2011,152850,saturation,NOM,saturation,FR,lemmesAccessibilitéFR
w_FR_VD_2011_152852,FR_VD,VD,2011,152852,réseaux,NOM,réseau,FR,lemmesAccessibilitéFR
w_FR_VD_2011_155433,FR_VD,VD,2011,155433,sur,PRP,sur,FR,lemmesAccessibilitéFR
w_FR_VD_2011_155435,FR_VD,VD,2011,155435,réseau,NOM,réseau,FR,lemmesAccessibilitéFR
w_FR_VD_2011_158596,FR_VD,VD,2011,158596,intégration,NOM,intégration,FR,lemmesAccessibilitéFR
w_FR_VD_2011_158598,FR_VD,VD,2011,158598,réseaux,NOM,réseau,FR,lemmesAccessibilitéFR
w_FR_VD_2011_158617,FR_VD,VD,2011,158617,performances,NOM,performance,FR,lemmesAccessibilitéFR
w_FR_VD_2011_158619,FR_VD,VD,2011,158619,réseaux,NOM,réseau,FR,lemmesAccessibilitéFR
w_FR_VD_2011_158939,FR_VD,VD,2011,158939,MESURE,VER:pres,mesurer,FR,lemmesAccessibilitéFR
w_FR_VD_2011_158941,FR_VD,VD,2011,158941,RÉSEAUX,NOM,réseau,FR,lemmesAccessibilitéFR
w_FR_VD_2011_159109,FR_VD,VD,2011,159109,ACTION,NOM,action,FR,lemmesAccessibilitéFR
w_FR_VD_2011_159111,FR_VD,VD,2011,159111,RÉSEAU,NOM,réseau,FR,lemmesAccessibilitéFR
w_FR_VD_2011_161148,FR_VD,VD,2011,161148,par,PRP,par,FR,lemmesAccessibilitéFR
w_FR_VD_2011_161150,FR_VD,VD,2011,161150,réseaux,NOM,réseau,FR,lemmesAccessibilitéFR
w_FR_VD_2011_177780,FR_VD,VD,2011,177780,et,KON,et,FR,lemmesAccessibilitéFR
w_FR_VD_2011_177782,FR_VD,VD,2011,177782,réseaux,NOM,réseau,FR,lemmesAccessibilitéFR
w_FR_VD_2011_181169,FR_VD,VD,2011,181169,sein,NOM,sein,FR,lemmesAccessibilitéFR
w_FR_VD_2011_181171,FR_VD,VD,2011,181171,réseaux,NOM,réseau,FR,lemmesAccessibilitéFR
w_FR_BE_2012_11500,FR_BE,BE,2012,11500,espaces,NOM,espace,FR,lemmesAccessibilitéFR
w_FR_BE_2012_11502,FR_BE,BE,2012,11502,réseaux,NOM,réseau,FR,lemmesAccessibilitéFR
w_FR_BE_2012_12427,FR_BE,BE,2012,12427,raccordement,NOM,raccordement,FR,lemmesAccessibilitéFR
w_FR_BE_2012_12429,FR_BE,BE,2012,12429,réseau,NOM,réseau,FR,lemmesAccessibilitéFR
w_FR_BE_2012_17722,FR_BE,BE,2012,17722,raccordement,NOM,raccordement,FR,lemmesAccessibilitéFR
w_FR_BE_2012_17724,FR_BE,BE,2012,17724,réseau,NOM,réseau,FR,lemmesAccessibilitéFR
w_FR_BE_2012_17849,FR_BE,BE,2012,17849,de,PRP,de,FR,lemmesAccessibilitéFR
w_FR_BE_2012_17851,FR_BE,BE,2012,17851,réseaux,NOM,réseau,FR,lemmesAccessibilitéFR
w_FR_BE_2012_18510,FR_BE,BE,2012,18510,dans,PRP,dans,FR,lemmesAccessibilitéFR
w_FR_BE_2012_18512,FR_BE,BE,2012,18512,réseaux,NOM,réseau,FR,lemmesAccessibilitéFR
w_FR_BE_2012_19676,FR_BE,BE,2012,19676,dans,PRP,dans,FR,lemmesAccessibilitéFR
w_FR_BE_2012_19678,FR_BE,BE,2012,19678,réseau,NOM,réseau,FR,lemmesAccessibilitéFR
w_FR_BE_2012_24366,FR_BE,BE,2012,24366,régions,NOM,région,FR,lemmesAccessibilitéFR
w_FR_BE_2012_24368,FR_BE,BE,2012,24368,réseau,NOM,réseau,FR,lemmesAccessibilitéFR
w_FR_BE_2012_90714,FR_BE,BE,2012,90714,raccordement,NOM,raccordement,FR,lemmesAccessibilitéFR
w_FR_BE_2012_90716,FR_BE,BE,2012,90716,réseau,NOM,réseau,FR,lemmesAccessibilitéFR
w_FR_BE_2012_94394,FR_BE,BE,2012,94394,densification,NOM,densification,FR,lemmesAccessibilitéFR
w_FR_BE_2012_94396,FR_BE,BE,2012,94396,réseau,NOM,réseau,FR,lemmesAccessibilitéFR
w_FR_FR_2002_2045,FR_FR,FR,2002,2045,effets,NOM,effet,FR,lemmesAccessibilitéFR
w_FR_FR_2002_2047,FR_FR,FR,2002,2047,réseaux,NOM,réseau,FR,lemmesAccessibilitéFR
w_FR_FR_2002_4937,FR_FR,FR,2002,4937,·,ABR,·,FR,lemmesAccessibilitéFR
w_FR_FR_2002_4939,FR_FR,FR,2002,4939,réseau,NOM,réseau,FR,lemmesAccessibilitéFR
w_FR_FR_2002_27375,FR_FR,FR,2002,27375,place,NOM,place,FR,lemmesAccessibilitéFR
w_FR_FR_2002_27377,FR_FR,FR,2002,27377,réseau,NOM,réseau,FR,lemmesAccessibilitéFR
w_FR_FR_2002_27425,FR_FR,FR,2002,27425,du,PRP:det,du,FR,lemmesAccessibilitéFR
w_FR_FR_2002_27427,FR_FR,FR,2002,27427,réseau,NOM,réseau,FR,lemmesAccessibilitéFR
w_FR_FR_2002_27486,FR_FR,FR,2002,27486,du,PRP:det,du,FR,lemmesAccessibilitéFR
w_FR_FR_2002_27488,FR_FR,FR,2002,27488,réseau,NOM,réseau,FR,lemmesAccessibilitéFR
w_FR_FR_2002_30348,FR_FR,FR,2002,30348,de,PRP,de,FR,lemmesAccessibilitéFR
w_FR_FR_2002_30350,FR_FR,FR,2002,30350,Réseau,NOM,réseau,FR,lemmesAccessibilitéFR
w_FR_FR_2002_30353,FR_FR,FR,2002,30353,publics,ADJ,public,FR,lemmesAccessibilitéFR
w_FR_FR_2002_30355,FR_FR,FR,2002,30355,réseau,NOM,réseau,FR,lemmesAccessibilitéFR
w_FR_FR_2002_30579,FR_FR,FR,2002,30579,efficace,ADJ,efficace,FR,lemmesAccessibilitéFR
w_FR_FR_2002_30581,FR_FR,FR,2002,30581,réseau,NOM,réseau,FR,lemmesAccessibilitéFR
w_FR_FR_2002_30586,FR_FR,FR,2002,30586,particulier,NOM,particulier,FR,lemmesAccessibilitéFR
w_FR_FR_2002_30588,FR_FR,FR,2002,30588,réseau,NOM,réseau,FR,lemmesAccessibilitéFR
w_FR_FR_2002_30605,FR_FR,FR,2002,30605,rapport,NOM,rapport,FR,lemmesAccessibilitéFR
w_FR_FR_2002_30607,FR_FR,FR,2002,30607,réseau,NOM,réseau,FR,lemmesAccessibilitéFR
w_FR_FR_2002_30972,FR_FR,FR,2002,30972,Le,DET:ART,le,FR,lemmesAccessibilitéFR
w_FR_FR_2002_30973,FR_FR,FR,2002,30973,réseau,NOM,réseau,FR,lemmesAccessibilitéFR
w_FR_FR_2002_70953,FR_FR,FR,2002,70953,accessibilité,NOM,accessibilité,FR,lemmesAccessibilitéFR
w_FR_FR_2002_70955,FR_FR,FR,2002,70955,réseau,NOM,réseau,FR,lemmesAccessibilitéFR
w_FR_FR_2002_70965,FR_FR,FR,2002,70965,central,ADJ,central,FR,lemmesAccessibilitéFR
w_FR_FR_2002_70967,FR_FR,FR,2002,70967,réseau,NOM,réseau,FR,lemmesAccessibilitéFR
w_FR_FR_2002_71170,FR_FR,FR,2002,71170,important,ADJ,important,FR,lemmesAccessibilitéFR
w_FR_FR_2002_71172,FR_FR,FR,2002,71172,réseau,NOM,réseau,FR,lemmesAccessibilitéFR
w_FR_FR_2002_72635,FR_FR,FR,2002,72635,à,PRP,à,FR,lemmesAccessibilitéFR
w_FR_FR_2002_72637,FR_FR,FR,2002,72637,réseau,NOM,réseau,FR,lemmesAccessibilitéFR
w_FR_FR_2002_72644,FR_FR,FR,2002,72644,.,SENT,.,FR,lemmesAccessibilitéFR
w_FR_FR_2002_72646,FR_FR,FR,2002,72646,réseau,NOM,réseau,FR,lemmesAccessibilitéFR
w_FR_FR_2002_89215,FR_FR,FR,2002,89215,et,KON,et,FR,lemmesAccessibilitéFR
w_FR_FR_2002_89217,FR_FR,FR,2002,89217,réseau,NOM,réseau,FR,lemmesAccessibilitéFR
w_FR_FR_2002_106252,FR_FR,FR,2002,106252,fonction,NOM,fonction,FR,lemmesAccessibilitéFR
w_FR_FR_2002_106254,FR_FR,FR,2002,106254,réseau,NOM,réseau,FR,lemmesAccessibilitéFR
w_FR_FR_2002_106467,FR_FR,FR,2002,106467,reliées,VER:pper,relier,FR,lemmesAccessibilitéFR
w_FR_FR_2002_106469,FR_FR,FR,2002,106469,réseaux,NOM,réseau,FR,lemmesAccessibilitéFR
w_FR_FR_2002_107213,FR_FR,FR,2002,107213,planification,NOM,planification,FR,lemmesAccessibilitéFR
w_FR_FR_2002_107215,FR_FR,FR,2002,107215,réseaux,NOM,réseau,FR,lemmesAccessibilitéFR
w_FR_FR_2002_109777,FR_FR,FR,2002,109777,planification,NOM,planification,FR,lemmesAccessibilitéFR
w_FR_FR_2002_109779,FR_FR,FR,2002,109779,réseaux,NOM,réseau,FR,lemmesAccessibilitéFR
w_FR_FR_2002_120872,FR_FR,FR,2002,120872,.,SENT,.,FR,lemmesAccessibilitéFR
w_FR_FR_2002_120874,FR_FR,FR,2002,120874,réseau,NOM,réseau,FR,lemmesAccessibilitéFR
w_FR_FR_2002_121111,FR_FR,FR,2002,121111,dans,PRP,dans,FR,lemmesAccessibilitéFR
w_FR_FR_2002_121113,FR_FR,FR,2002,121113,réseaux,NOM,réseau,FR,lemmesAccessibilitéFR
w_FR_FR_2002_121129,FR_FR,FR,2002,121129,dans,PRP,dans,FR,lemmesAccessibilitéFR
w_FR_FR_2002_121131,FR_FR,FR,2002,121131,réseau,NOM,réseau,FR,lemmesAccessibilitéFR
w_FR_FR_2002_121156,FR_FR,FR,2002,121156,intégration,NOM,intégration,FR,lemmesAccessibilitéFR
w_FR_FR_2002_121158,FR_FR,FR,2002,121158,réseau,NOM,réseau,FR,lemmesAccessibilitéFR
w_FR_FR_2002_121239,FR_FR,FR,2002,121239,optimale,ADJ,optimal,FR,lemmesAccessibilitéFR
w_FR_FR_2002_121241,FR_FR,FR,2002,121241,réseau,NOM,réseau,FR,lemmesAccessibilitéFR
w_FR_FR_2002_121261,FR_FR,FR,2002,121261,que,KON,que,FR,lemmesAccessibilitéFR
w_FR_FR_2002_121263,FR_FR,FR,2002,121263,réseau,NOM,réseau,FR,lemmesAccessibilitéFR
w_FR_FR_2002_121730,FR_FR,FR,2002,121730,publiques,ADJ,publique,FR,lemmesAccessibilitéFR
w_FR_FR_2002_121732,FR_FR,FR,2002,121732,réseau,NOM,réseau,FR,lemmesAccessibilitéFR
w_FR_FR_2002_122199,FR_FR,FR,2002,122199,publiques,ADJ,publique,FR,lemmesAccessibilitéFR
w_FR_FR_2002_122201,FR_FR,FR,2002,122201,réseau,NOM,réseau,FR,lemmesAccessibilitéFR
w_FR_FR_2002_122248,FR_FR,FR,2002,122248,de,PRP,de,FR,lemmesAccessibilitéFR
w_FR_FR_2002_122250,FR_FR,FR,2002,122250,réseaux,NOM,réseau,FR,lemmesAccessibilitéFR
w_FR_FR_2002_122280,FR_FR,FR,2002,122280,de,PRP,de,FR,lemmesAccessibilitéFR
w_FR_FR_2002_122282,FR_FR,FR,2002,122282,réseaux,NOM,réseau,FR,lemmesAccessibilitéFR
w_FR_FR_2002_122628,FR_FR,FR,2002,122628,coordination,NOM,coordination,FR,lemmesAccessibilitéFR
w_FR_FR_2002_122630,FR_FR,FR,2002,122630,réseaux,NOM,réseau,FR,lemmesAccessibilitéFR
w_FR_FR_2002_123521,FR_FR,FR,2002,123521,surcharge,NOM,surcharge,FR,lemmesAccessibilitéFR
w_FR_FR_2002_123523,FR_FR,FR,2002,123523,réseaux,NOM,réseau,FR,lemmesAccessibilitéFR
w_FR_FR_2002_125334,FR_FR,FR,2002,125334,comment,ADV,comment,FR,lemmesAccessibilitéFR
w_FR_FR_2002_125336,FR_FR,FR,2002,125336,réseau,NOM,réseau,FR,lemmesAccessibilitéFR
w_FR_FR_2002_126350,FR_FR,FR,2002,126350,le,DET:ART,le,FR,lemmesAccessibilitéFR
w_FR_FR_2002_126352,FR_FR,FR,2002,126352,réseau,NOM,réseau,FR,lemmesAccessibilitéFR
w_FR_FR_2002_127581,FR_FR,FR,2002,127581,le,DET:ART,le,FR,lemmesAccessibilitéFR
w_FR_FR_2002_127583,FR_FR,FR,2002,127583,réseau,NOM,réseau,FR,lemmesAccessibilitéFR
w_FR_FR_2002_128976,FR_FR,FR,2002,128976,connexion,NOM,connexion,FR,lemmesAccessibilitéFR
w_FR_FR_2002_128978,FR_FR,FR,2002,128978,réseau,NOM,réseau,FR,lemmesAccessibilitéFR
w_FR_FR_2002_129429,FR_FR,FR,2002,129429,niveaux,NOM,niveau,FR,lemmesAccessibilitéFR
w_FR_FR_2002_129431,FR_FR,FR,2002,129431,réseau,NOM,réseau,FR,lemmesAccessibilitéFR
w_FR_FR_2002_129708,FR_FR,FR,2002,129708,»,PUN:cit,»,FR,lemmesAccessibilitéFR
w_FR_FR_2002_129710,FR_FR,FR,2002,129710,Réseau,NOM,réseau,FR,lemmesAccessibilitéFR
w_FR_FR_2002_129713,FR_FR,FR,2002,129713,publics,ADJ,public,FR,lemmesAccessibilitéFR
w_FR_FR_2002_129715,FR_FR,FR,2002,129715,réseau,NOM,réseau,FR,lemmesAccessibilitéFR
w_FR_FR_2002_129755,FR_FR,FR,2002,129755,·,ADJ,·,FR,lemmesAccessibilitéFR
w_FR_FR_2002_129757,FR_FR,FR,2002,129757,réseau,NOM,réseau,FR,lemmesAccessibilitéFR
w_FR_FR_2002_130344,FR_FR,FR,2002,130344,desserte,NOM,desserte,FR,lemmesAccessibilitéFR
w_FR_FR_2002_130346,FR_FR,FR,2002,130346,réseau,NOM,réseau,FR,lemmesAccessibilitéFR
w_FR_FR_2002_130814,FR_FR,FR,2002,130814,finance,VER:pres,financer,FR,lemmesAccessibilitéFR
w_FR_FR_2002_130816,FR_FR,FR,2002,130816,réseau,NOM,réseau,FR,lemmesAccessibilitéFR
w_FR_FR_2002_131015,FR_FR,FR,2002,131015,Adapte,VER:pres,adapter,FR,lemmesAccessibilitéFR
w_FR_FR_2002_131017,FR_FR,FR,2002,131017,réseau,NOM,réseau,FR,lemmesAccessibilitéFR
w_FR_FR_2002_131069,FR_FR,FR,2002,131069,desserte,NOM,desserte,FR,lemmesAccessibilitéFR
w_FR_FR_2002_131071,FR_FR,FR,2002,131071,réseau,NOM,réseau,FR,lemmesAccessibilitéFR
w_FR_FR_2002_131448,FR_FR,FR,2002,131448,notamment,ADV,notamment,FR,lemmesAccessibilitéFR
w_FR_FR_2002_131450,FR_FR,FR,2002,131450,réseau,NOM,réseau,FR,lemmesAccessibilitéFR
w_FR_FR_2002_133733,FR_FR,FR,2002,133733,et,KON,et,FR,lemmesAccessibilitéFR
w_FR_FR_2002_133735,FR_FR,FR,2002,133735,réseau,NOM,réseau,FR,lemmesAccessibilitéFR
w_FR_FR_2002_139220,FR_FR,FR,2002,139220,d’,PRP,de,FR,lemmesAccessibilitéFR
w_FR_FR_2002_139222,FR_FR,FR,2002,139222,réseau,NOM,réseau,FR,lemmesAccessibilitéFR
w_FR_FR_2002_139456,FR_FR,FR,2002,139456,Garantir,VER:infi,garantir,FR,lemmesAccessibilitéFR
w_FR_FR_2002_139458,FR_FR,FR,2002,139458,réseau,NOM,réseau,FR,lemmesAccessibilitéFR
w_FR_VD_2022_3653,FR_VD,VD,2022,3653,119,NUM,@card@,FR,lemmesAccessibilitéFR
w_FR_VD_2022_3655,FR_VD,VD,2022,3655,Réseaux,NOM,réseau,FR,lemmesAccessibilitéFR
w_FR_VD_2022_9812,FR_VD,VD,2022,9812,que,KON,que,FR,lemmesAccessibilitéFR
w_FR_VD_2022_9814,FR_VD,VD,2022,9814,réseaux,NOM,réseau,FR,lemmesAccessibilitéFR
w_FR_VD_2022_13501,FR_VD,VD,2022,13501,qualité,NOM,qualité,FR,lemmesAccessibilitéFR
w_FR_VD_2022_13503,FR_VD,VD,2022,13503,réseaux,NOM,réseau,FR,lemmesAccessibilitéFR
w_FR_VD_2022_15126,FR_VD,VD,2022,15126,accès,NOM,accès,FR,lemmesAccessibilitéFR
w_FR_VD_2022_15128,FR_VD,VD,2022,15128,réseaux,NOM,réseau,FR,lemmesAccessibilitéFR
w_FR_VD_2022_15749,FR_VD,VD,2022,15749,par,PRP,par,FR,lemmesAccessibilitéFR
w_FR_VD_2022_15751,FR_VD,VD,2022,15751,réseau,NOM,réseau,FR,lemmesAccessibilitéFR
w_FR_VD_2022_15853,FR_VD,VD,2022,15853,sur,PRP,sur,FR,lemmesAccessibilitéFR
w_FR_VD_2022_15855,FR_VD,VD,2022,15855,réseau,NOM,réseau,FR,lemmesAccessibilitéFR
w_FR_VD_2022_16124,FR_VD,VD,2022,16124,d',PRP,de,FR,lemmesAccessibilitéFR
w_FR_VD_2022_16126,FR_VD,VD,2022,16126,réseau,NOM,réseau,FR,lemmesAccessibilitéFR
w_FR_VD_2022_26352,FR_VD,VD,2022,26352,sur,PRP,sur,FR,lemmesAccessibilitéFR
w_FR_VD_2022_26354,FR_VD,VD,2022,26354,réseau,NOM,réseau,FR,lemmesAccessibilitéFR
w_FR_VD_2022_30817,FR_VD,VD,2022,30817,planification,NOM,planification,FR,lemmesAccessibilitéFR
w_FR_VD_2022_30819,FR_VD,VD,2022,30819,réseau,NOM,réseau,FR,lemmesAccessibilitéFR
w_FR_VD_2022_32338,FR_VD,VD,2022,32338,",",PUN,",",FR,lemmesAccessibilitéFR
w_FR_VD_2022_32340,FR_VD,VD,2022,32340,réseaux,NOM,réseau,FR,lemmesAccessibilitéFR
w_FR_VD_2022_49643,FR_VD,VD,2022,49643,intégration,NOM,intégration,FR,lemmesAccessibilitéFR
w_FR_VD_2022_49645,FR_VD,VD,2022,49645,réseaux,NOM,réseau,FR,lemmesAccessibilitéFR
w_FR_VD_2022_50841,FR_VD,VD,2022,50841,performances,NOM,performance,FR,lemmesAccessibilitéFR
w_FR_VD_2022_50843,FR_VD,VD,2022,50843,réseaux,NOM,réseau,FR,lemmesAccessibilitéFR
w_FR_VD_2022_51155,FR_VD,VD,2022,51155,:,PUN,:,FR,lemmesAccessibilitéFR
w_FR_VD_2022_51157,FR_VD,VD,2022,51157,Réseaux,NOM,réseau,FR,lemmesAccessibilitéFR
w_FR_VD_2022_51198,FR_VD,VD,2022,51198,CENTRES,NOM,centre,FR,lemmesAccessibilitéFR
w_FR_VD_2022_51200,FR_VD,VD,2022,51200,Réseaux,NOM,réseau,FR,lemmesAccessibilitéFR
w_FR_VD_2022_51724,FR_VD,VD,2022,51724,B21,ABR,B@card@,FR,lemmesAccessibilitéFR
w_FR_VD_2022_51726,FR_VD,VD,2022,51726,Réseaux,NOM,réseau,FR,lemmesAccessibilitéFR
w_FR_VD_2022_51751,FR_VD,VD,2022,51751,B21,NAM,B21,FR,lemmesAccessibilitéFR
w_FR_VD_2022_51753,FR_VD,VD,2022,51753,Réseaux,NOM,réseau,FR,lemmesAccessibilitéFR
w_FR_VD_2022_51995,FR_VD,VD,2022,51995,B21,NAM,B21,FR,lemmesAccessibilitéFR
w_FR_VD_2022_51997,FR_VD,VD,2022,51997,Réseaux,NOM,réseau,FR,lemmesAccessibilitéFR
w_FR_VD_2022_52306,FR_VD,VD,2022,52306,B21,ABR,B@card@,FR,lemmesAccessibilitéFR
w_FR_VD_2022_52308,FR_VD,VD,2022,52308,Réseaux,NOM,réseau,FR,lemmesAccessibilitéFR
w_FR_VD_2022_63116,FR_VD,VD,2022,63116,par,PRP,par,FR,lemmesAccessibilitéFR
w_FR_VD_2022_63118,FR_VD,VD,2022,63118,réseaux,NOM,réseau,FR,lemmesAccessibilitéFR
w_FR_VD_2022_96865,FR_VD,VD,2022,96865,dans,PRP,dans,FR,lemmesAccessibilitéFR
w_FR_VD_2022_96867,FR_VD,VD,2022,96867,réseaux,NOM,réseau,FR,lemmesAccessibilitéFR
w_FR_VD_2022_168319,FR_VD,VD,2022,168319,connexions,NOM,connexion,FR,lemmesAccessibilitéFR
w_FR_VD_2022_168321,FR_VD,VD,2022,168321,réseaux,NOM,réseau,FR,lemmesAccessibilitéFR
w_FR_VD_2022_168501,FR_VD,VD,2022,168501,d’,PRP,de,FR,lemmesAccessibilitéFR
w_FR_VD_2022_168503,FR_VD,VD,2022,168503,réseau,NOM,réseau,FR,lemmesAccessibilitéFR
w_FR_VD_2022_168903,FR_VD,VD,2022,168903,restructuration,NOM,restructuration,FR,lemmesAccessibilitéFR
w_FR_VD_2022_168905,FR_VD,VD,2022,168905,réseau,NOM,réseau,FR,lemmesAccessibilitéFR
w_FR_VD_2022_169192,FR_VD,VD,2022,169192,développer,VER:infi,développer,FR,lemmesAccessibilitéFR
w_FR_VD_2022_169194,FR_VD,VD,2022,169194,réseaux,NOM,réseau,FR,lemmesAccessibilitéFR
w_FR_VD_2022_169990,FR_VD,VD,2022,169990,),PUN,),FR,lemmesAccessibilitéFR
w_FR_VD_2022_169992,FR_VD,VD,2022,169992,réseau,NOM,réseau,FR,lemmesAccessibilitéFR
w_FR_VD_2022_170111,FR_VD,VD,2022,170111,réorganisation,NOM,réorganisation,FR,lemmesAccessibilitéFR
w_FR_VD_2022_170113,FR_VD,VD,2022,170113,réseau,NOM,réseau,FR,lemmesAccessibilitéFR
w_FR_VD_2022_175944,FR_VD,VD,2022,175944,sur,PRP,sur,FR,lemmesAccessibilitéFR
w_FR_VD_2022_175946,FR_VD,VD,2022,175946,réseaux,NOM,réseau,FR,lemmesAccessibilitéFR
w_FR_VD_2022_176147,FR_VD,VD,2022,176147,et,KON,et,FR,lemmesAccessibilitéFR
w_FR_VD_2022_176149,FR_VD,VD,2022,176149,réseaux,NOM,réseau,FR,lemmesAccessibilitéFR
w_FR_VD_2022_176157,FR_VD,VD,2022,176157,.,SENT,.,FR,lemmesAccessibilitéFR
w_FR_VD_2022_176159,FR_VD,VD,2022,176159,réseaux,NOM,réseau,FR,lemmesAccessibilitéFR
w_FR_VD_2022_185577,FR_VD,VD,2022,185577,et,KON,et,FR,lemmesAccessibilitéFR
w_FR_VD_2022_185579,FR_VD,VD,2022,185579,réseaux,NOM,réseau,FR,lemmesAccessibilitéFR
w_FR_VS_2019_8794,FR_VS,VS,2019,8794,raccordement,NOM,raccordement,FR,lemmesAccessibilitéFR
w_FR_VS_2019_8796,FR_VS,VS,2019,8796,réseaux,NOM,réseau,FR,lemmesAccessibilitéFR
w_FR_VS_2019_12111,FR_VS,VS,2019,12111,avec,PRP,avec,FR,lemmesAccessibilitéFR
w_FR_VS_2019_12113,FR_VS,VS,2019,12113,réseau,NOM,réseau,FR,lemmesAccessibilitéFR
w_FR_VS_2019_78066,FR_VS,VS,2019,78066,zones,NOM,zone,FR,lemmesAccessibilitéFR
w_FR_VS_2019_78068,FR_VS,VS,2019,78068,réseau,NOM,réseau,FR,lemmesAccessibilitéFR
w_FR_VS_2019_86274,FR_VS,VS,2019,86274,",",PUN,",",FR,lemmesAccessibilitéFR
w_FR_VS_2019_86276,FR_VS,VS,2019,86276,réseau,NOM,réseau,FR,lemmesAccessibilitéFR
w_FR_VS_2019_92664,FR_VS,VS,2019,92664,d',PRP,de,FR,lemmesAccessibilitéFR
w_FR_VS_2019_92666,FR_VS,VS,2019,92666,réseau,NOM,réseau,FR,lemmesAccessibilitéFR
w_FR_VS_2019_93523,FR_VS,VS,2019,93523,nécessaires,ADJ,nécessaire,FR,lemmesAccessibilitéFR
w_FR_VS_2019_93525,FR_VS,VS,2019,93525,réseau,NOM,réseau,FR,lemmesAccessibilitéFR
w_FR_VS_2019_93867,FR_VS,VS,2019,93867,développent,VER:pres,développer,FR,lemmesAccessibilitéFR
w_FR_VS_2019_93869,FR_VS,VS,2019,93869,réseau,NOM,réseau,FR,lemmesAccessibilitéFR
w_FR_VS_2019_95223,FR_VS,VS,2019,95223,entre,PRP,entre,FR,lemmesAccessibilitéFR
w_FR_VS_2019_95225,FR_VS,VS,2019,95225,réseaux,NOM,réseau,FR,lemmesAccessibilitéFR
w_FR_VS_2019_96429,FR_VS,VS,2019,96429,raccordement,NOM,raccordement,FR,lemmesAccessibilitéFR
w_FR_VS_2019_96431,FR_VS,VS,2019,96431,réseaux,NOM,réseau,FR,lemmesAccessibilitéFR
w_FR_VS_2019_96678,FR_VS,VS,2019,96678,d’,PRP,de,FR,lemmesAccessibilitéFR
w_FR_VS_2019_96680,FR_VS,VS,2019,96680,réseau,NOM,réseau,FR,lemmesAccessibilitéFR
w_FR_VS_2019_103916,FR_VS,VS,2019,103916,",",PUN,",",FR,lemmesAccessibilitéFR
w_FR_VS_2019_103918,FR_VS,VS,2019,103918,réseaux,NOM,réseau,FR,lemmesAccessibilitéFR
w_FR_VS_2019_104678,FR_VS,VS,2019,104678,avec,PRP,avec,FR,lemmesAccessibilitéFR
w_FR_VS_2019_104680,FR_VS,VS,2019,104680,réseaux,NOM,réseau,FR,lemmesAccessibilitéFR
w_FR_VS_2019_114250,FR_VS,VS,2019,114250,relatives,ADJ,relatif,FR,lemmesAccessibilitéFR
w_FR_VS_2019_114252,FR_VS,VS,2019,114252,réseaux,NOM,réseau,FR,lemmesAccessibilitéFR
w_FR_VS_2019_120097,FR_VS,VS,2019,120097,sur,PRP,sur,FR,lemmesAccessibilitéFR
w_FR_VS_2019_120099,FR_VS,VS,2019,120099,réseaux,NOM,réseau,FR,lemmesAccessibilitéFR
w_FR_VS_2019_122581,FR_VS,VS,2019,122581,sur,PRP,sur,FR,lemmesAccessibilitéFR
w_FR_VS_2019_122583,FR_VS,VS,2019,122583,réseaux,NOM,réseau,FR,lemmesAccessibilitéFR
w_FR_VS_2019_124593,FR_VS,VS,2019,124593,avec,PRP,avec,FR,lemmesAccessibilitéFR
w_FR_VS_2019_124595,FR_VS,VS,2019,124595,réseaux,NOM,réseau,FR,lemmesAccessibilitéFR
w_FR_VS_2019_124774,FR_VS,VS,2019,124774,.,SENT,.,FR,lemmesAccessibilitéFR
w_FR_VS_2019_124776,FR_VS,VS,2019,124776,réseau,NOM,réseau,FR,lemmesAccessibilitéFR
w_FR_VS_2019_124840,FR_VS,VS,2019,124840,son,DET:POS,son,FR,lemmesAccessibilitéFR
w_FR_VS_2019_124842,FR_VS,VS,2019,124842,réseau,NOM,réseau,FR,lemmesAccessibilitéFR
w_FR_VS_2019_125560,FR_VS,VS,2019,125560,restructuration,NOM,restructuration,FR,lemmesAccessibilitéFR
w_FR_VS_2019_125562,FR_VS,VS,2019,125562,réseau,NOM,réseau,FR,lemmesAccessibilitéFR
w_FR_VS_2019_126556,FR_VS,VS,2019,126556,cantonal,ADJ,cantonal,FR,lemmesAccessibilitéFR
w_FR_VS_2019_126558,FR_VS,VS,2019,126558,réseaux,NOM,réseau,FR,lemmesAccessibilitéFR
w_FR_VS_2019_126773,FR_VS,VS,2019,126773,Adapter,VER:infi,adapter,FR,lemmesAccessibilitéFR
w_FR_VS_2019_126775,FR_VS,VS,2019,126775,réseau,NOM,réseau,FR,lemmesAccessibilitéFR
w_FR_BE_2008_11358,FR_BE,BE,2008,11358,espaces,NOM,espace,FR,lemmesAccessibilitéFR
w_FR_BE_2008_11360,FR_BE,BE,2008,11360,réseaux,NOM,réseau,FR,lemmesAccessibilitéFR
w_FR_BE_2008_12298,FR_BE,BE,2008,12298,raccordement,NOM,raccordement,FR,lemmesAccessibilitéFR
w_FR_BE_2008_12300,FR_BE,BE,2008,12300,réseau,NOM,réseau,FR,lemmesAccessibilitéFR
w_FR_BE_2008_19352,FR_BE,BE,2008,19352,dans,PRP,dans,FR,lemmesAccessibilitéFR
w_FR_BE_2008_19354,FR_BE,BE,2008,19354,réseau,NOM,réseau,FR,lemmesAccessibilitéFR
w_FR_BE_2008_22576,FR_BE,BE,2008,22576,agissant,VER:ppre,agir,FR,lemmesAccessibilitéFR
w_FR_BE_2008_22578,FR_BE,BE,2008,22578,réseaux,NOM,réseau,FR,lemmesAccessibilitéFR
w_FR_BE_2008_24031,FR_BE,BE,2008,24031,régions,NOM,région,FR,lemmesAccessibilitéFR
w_FR_BE_2008_24033,FR_BE,BE,2008,24033,réseau,NOM,réseau,FR,lemmesAccessibilitéFR
w_FR_BE_2008_82852,FR_BE,BE,2008,82852,densification,NOM,densification,FR,lemmesAccessibilitéFR
w_FR_BE_2008_82854,FR_BE,BE,2008,82854,réseau,NOM,réseau,FR,lemmesAccessibilitéFR
w_FR_VD_2008_421,FR_VD,VD,2008,421,B21,NAM,B21,FR,lemmesAccessibilitéFR
w_FR_VD_2008_423,FR_VD,VD,2008,423,RÉSEAUX,NOM,réseau,FR,lemmesAccessibilitéFR
w_FR_VD_2008_429,FR_VD,VD,2008,429,B22,NAM,B22,FR,lemmesAccessibilitéFR
w_FR_VD_2008_431,FR_VD,VD,2008,431,RÉSEAU,NOM,réseau,FR,lemmesAccessibilitéFR
w_FR_VD_2008_10609,FR_VD,VD,2008,10609,planification,NOM,planification,FR,lemmesAccessibilitéFR
w_FR_VD_2008_10611,FR_VD,VD,2008,10611,réseau,NOM,réseau,FR,lemmesAccessibilitéFR
w_FR_VD_2008_23072,FR_VD,VD,2008,23072,accès,NOM,accès,FR,lemmesAccessibilitéFR
w_FR_VD_2008_23074,FR_VD,VD,2008,23074,réseaux,NOM,réseau,FR,lemmesAccessibilitéFR
w_FR_VD_2008_24736,FR_VD,VD,2008,24736,intégration,NOM,intégration,FR,lemmesAccessibilitéFR
w_FR_VD_2008_24738,FR_VD,VD,2008,24738,réseaux,NOM,réseau,FR,lemmesAccessibilitéFR
w_FR_VD_2008_25768,FR_VD,VD,2008,25768,B21,NAM,B21,FR,lemmesAccessibilitéFR
w_FR_VD_2008_25770,FR_VD,VD,2008,25770,Réseaux,NOM,réseau,FR,lemmesAccessibilitéFR
w_FR_VD_2008_26857,FR_VD,VD,2008,26857,sein,NOM,sein,FR,lemmesAccessibilitéFR
w_FR_VD_2008_26859,FR_VD,VD,2008,26859,réseaux,NOM,réseau,FR,lemmesAccessibilitéFR
w_FR_VD_2008_26914,FR_VD,VD,2008,26914,B22,NAM,B22,FR,lemmesAccessibilitéFR
w_FR_VD_2008_26916,FR_VD,VD,2008,26916,Réseau,NOM,réseau,FR,lemmesAccessibilitéFR
w_FR_VD_2008_27896,FR_VD,VD,2008,27896,sein,NOM,sein,FR,lemmesAccessibilitéFR
w_FR_VD_2008_27898,FR_VD,VD,2008,27898,réseaux,NOM,réseau,FR,lemmesAccessibilitéFR
w_FR_VD_2008_106664,FR_VD,VD,2008,106664,de,PRP,de,FR,lemmesAccessibilitéFR
w_FR_VD_2008_106666,FR_VD,VD,2008,106666,Réseau,NOM,réseau,FR,lemmesAccessibilitéFR
w_FR_VD_2008_116193,FR_VD,VD,2008,116193,52,NUM,@card@,FR,lemmesAccessibilitéFR
w_FR_VD_2008_116195,FR_VD,VD,2008,116195,Réseaux,NOM,réseau,FR,lemmesAccessibilitéFR
w_FR_VD_2008_116214,FR_VD,VD,2008,116214,53,NUM,@card@,FR,lemmesAccessibilitéFR
w_FR_VD_2008_116216,FR_VD,VD,2008,116216,Réseau,NOM,réseau,FR,lemmesAccessibilitéFR
w_FR_VD_2008_122261,FR_VD,VD,2008,122261,que,KON,que,FR,lemmesAccessibilitéFR
w_FR_VD_2008_122263,FR_VD,VD,2008,122263,réseaux,NOM,réseau,FR,lemmesAccessibilitéFR
w_FR_VD_2008_125705,FR_VD,VD,2008,125705,qualité,NOM,qualité,FR,lemmesAccessibilitéFR
w_FR_VD_2008_125707,FR_VD,VD,2008,125707,réseaux,NOM,réseau,FR,lemmesAccessibilitéFR
w_FR_VD_2008_126705,FR_VD,VD,2008,126705,accès,NOM,accès,FR,lemmesAccessibilitéFR
w_FR_VD_2008_126707,FR_VD,VD,2008,126707,réseaux,NOM,réseau,FR,lemmesAccessibilitéFR
w_FR_VD_2008_127131,FR_VD,VD,2008,127131,par,PRP,par,FR,lemmesAccessibilitéFR
w_FR_VD_2008_127133,FR_VD,VD,2008,127133,réseau,NOM,réseau,FR,lemmesAccessibilitéFR
w_FR_VD_2008_127386,FR_VD,VD,2008,127386,sur,PRP,sur,FR,lemmesAccessibilitéFR
w_FR_VD_2008_127388,FR_VD,VD,2008,127388,réseau,NOM,réseau,FR,lemmesAccessibilitéFR
w_FR_VD_2008_128638,FR_VD,VD,2008,128638,saturation,NOM,saturation,FR,lemmesAccessibilitéFR
w_FR_VD_2008_128640,FR_VD,VD,2008,128640,réseaux,NOM,réseau,FR,lemmesAccessibilitéFR
w_FR_VD_2008_128759,FR_VD,VD,2008,128759,saturation,NOM,saturation,FR,lemmesAccessibilitéFR
w_FR_VD_2008_128761,FR_VD,VD,2008,128761,réseaux,NOM,réseau,FR,lemmesAccessibilitéFR
w_FR_VD_2008_131343,FR_VD,VD,2008,131343,sur,PRP,sur,FR,lemmesAccessibilitéFR
w_FR_VD_2008_131345,FR_VD,VD,2008,131345,réseau,NOM,réseau,FR,lemmesAccessibilitéFR
w_FR_VD_2008_134504,FR_VD,VD,2008,134504,intégration,NOM,intégration,FR,lemmesAccessibilitéFR
w_FR_VD_2008_134506,FR_VD,VD,2008,134506,réseaux,NOM,réseau,FR,lemmesAccessibilitéFR
w_FR_VD_2008_134525,FR_VD,VD,2008,134525,performances,NOM,performance,FR,lemmesAccessibilitéFR
w_FR_VD_2008_134527,FR_VD,VD,2008,134527,réseaux,NOM,réseau,FR,lemmesAccessibilitéFR
w_FR_VD_2008_134847,FR_VD,VD,2008,134847,MESURE,VER:pres,mesurer,FR,lemmesAccessibilitéFR
w_FR_VD_2008_134849,FR_VD,VD,2008,134849,RÉSEAUX,NOM,réseau,FR,lemmesAccessibilitéFR
w_FR_VD_2008_135017,FR_VD,VD,2008,135017,ACTION,NOM,action,FR,lemmesAccessibilitéFR
w_FR_VD_2008_135019,FR_VD,VD,2008,135019,RÉSEAU,NOM,réseau,FR,lemmesAccessibilitéFR
w_FR_VD_2008_137058,FR_VD,VD,2008,137058,par,PRP,par,FR,lemmesAccessibilitéFR
w_FR_VD_2008_137060,FR_VD,VD,2008,137060,réseaux,NOM,réseau,FR,lemmesAccessibilitéFR
w_FR_VD_2008_150951,FR_VD,VD,2008,150951,de,PRP,de,FR,lemmesAccessibilitéFR
w_FR_VD_2008_150953,FR_VD,VD,2008,150953,Réseau,NOM,réseau,FR,lemmesAccessibilitéFR
w_FR_VD_2008_156184,FR_VD,VD,2008,156184,et,KON,et,FR,lemmesAccessibilitéFR
w_FR_VD_2008_156186,FR_VD,VD,2008,156186,réseaux,NOM,réseau,FR,lemmesAccessibilitéFR
w_FR_VD_2008_159573,FR_VD,VD,2008,159573,sein,NOM,sein,FR,lemmesAccessibilitéFR
w_FR_VD_2008_159575,FR_VD,VD,2008,159575,réseaux,NOM,réseau,FR,lemmesAccessibilitéFR
w_FR_NE_2011_11824,FR_NE,NE,2011,11824,Réaménagement,NOM,réaménagement,FR,lemmesAccessibilitéFR
w_FR_NE_2011_11826,FR_NE,NE,2011,11826,réseau,NOM,réseau,FR,lemmesAccessibilitéFR
w_FR_BE_2002_11303,FR_BE,BE,2002,11303,espaces,NOM,espace,FR,lemmesAccessibilitéFR
w_FR_BE_2002_11305,FR_BE,BE,2002,11305,réseaux,NOM,réseau,FR,lemmesAccessibilitéFR
w_FR_BE_2002_12243,FR_BE,BE,2002,12243,raccordement,NOM,raccordement,FR,lemmesAccessibilitéFR
w_FR_BE_2002_12245,FR_BE,BE,2002,12245,réseau,NOM,réseau,FR,lemmesAccessibilitéFR
w_FR_BE_2002_18355,FR_BE,BE,2002,18355,dans,PRP,dans,FR,lemmesAccessibilitéFR
w_FR_BE_2002_18357,FR_BE,BE,2002,18357,réseau,NOM,réseau,FR,lemmesAccessibilitéFR
w_FR_BE_2002_21494,FR_BE,BE,2002,21494,agissant,VER:ppre,agir,FR,lemmesAccessibilitéFR
w_FR_BE_2002_21496,FR_BE,BE,2002,21496,réseaux,NOM,réseau,FR,lemmesAccessibilitéFR
w_FR_BE_2002_45778,FR_BE,BE,2002,45778,directement,ADV,directement,FR,lemmesAccessibilitéFR
w_FR_BE_2002_45780,FR_BE,BE,2002,45780,réseau,NOM,réseau,FR,lemmesAccessibilitéFR
w_FR_BE_2002_71453,FR_BE,BE,2002,71453,densification,NOM,densification,FR,lemmesAccessibilitéFR
w_FR_BE_2002_71455,FR_BE,BE,2002,71455,réseau,NOM,réseau,FR,lemmesAccessibilitéFR
w_FR_FR_2024_6614,FR_FR,FR,2024,6614,adaptation,NOM,adaptation,FR,lemmesAccessibilitéFR
w_FR_FR_2024_6616,FR_FR,FR,2024,6616,réseau,NOM,réseau,FR,lemmesAccessibilitéFR
w_FR_FR_2024_16774,FR_FR,FR,2024,16774,surcharge,NOM,surcharge,FR,lemmesAccessibilitéFR
w_FR_FR_2024_16776,FR_FR,FR,2024,16776,réseaux,NOM,réseau,FR,lemmesAccessibilitéFR
w_FR_FR_2024_18163,FR_FR,FR,2024,18163,surcharge,NOM,surcharge,FR,lemmesAccessibilitéFR
w_FR_FR_2024_18165,FR_FR,FR,2024,18165,réseaux,NOM,réseau,FR,lemmesAccessibilitéFR
w_FR_FR_2024_44476,FR_FR,FR,2024,44476,planification,NOM,planification,FR,lemmesAccessibilitéFR
w_FR_FR_2024_44478,FR_FR,FR,2024,44478,réseaux,NOM,réseau,FR,lemmesAccessibilitéFR
w_FR_FR_2024_47283,FR_FR,FR,2024,47283,planification,NOM,planification,FR,lemmesAccessibilitéFR
w_FR_FR_2024_47285,FR_FR,FR,2024,47285,réseaux,NOM,réseau,FR,lemmesAccessibilitéFR
w_FR_FR_2024_55897,FR_FR,FR,2024,55897,canton,NOM,canton,FR,lemmesAccessibilitéFR
w_FR_FR_2024_55899,FR_FR,FR,2024,55899,Réseau,NOM,réseau,FR,lemmesAccessibilitéFR
w_FR_FR_2024_56810,FR_FR,FR,2024,56810,Transports,NOM,transport,FR,lemmesAccessibilitéFR
w_FR_FR_2024_56812,FR_FR,FR,2024,56812,Réseau,NOM,réseau,FR,lemmesAccessibilitéFR
w_FR_FR_2024_57406,FR_FR,FR,2024,57406,Transports,NOM,transport,FR,lemmesAccessibilitéFR
w_FR_FR_2024_57408,FR_FR,FR,2024,57408,Réseau,NOM,réseau,FR,lemmesAccessibilitéFR
w_FR_FR_2024_60305,FR_FR,FR,2024,60305,.,SENT,.,FR,lemmesAccessibilitéFR
w_FR_FR_2024_60307,FR_FR,FR,2024,60307,Réseau,NOM,réseau,FR,lemmesAccessibilitéFR
w_FR_FR_2024_66750,FR_FR,FR,2024,66750,importants,ADJ,important,FR,lemmesAccessibilitéFR
w_FR_FR_2024_66752,FR_FR,FR,2024,66752,réseau,NOM,réseau,FR,lemmesAccessibilitéFR
w_FR_FR_2024_76064,FR_FR,FR,2024,76064,Garantir,VER:infi,garantir,FR,lemmesAccessibilitéFR
w_FR_FR_2024_76066,FR_FR,FR,2024,76066,réseau,NOM,réseau,FR,lemmesAccessibilitéFR
w_FR_FR_2024_76488,FR_FR,FR,2024,76488,d’,PRP,de,FR,lemmesAccessibilitéFR
w_FR_FR_2024_76490,FR_FR,FR,2024,76490,réseau,NOM,réseau,FR,lemmesAccessibilitéFR
w_FR_VD_2018_3620,FR_VD,VD,2018,3620,117,NUM,@card@,FR,lemmesAccessibilitéFR
w_FR_VD_2018_3622,FR_VD,VD,2018,3622,Réseaux,NOM,réseau,FR,lemmesAccessibilitéFR
w_FR_VD_2018_9522,FR_VD,VD,2018,9522,que,KON,que,FR,lemmesAccessibilitéFR
w_FR_VD_2018_9524,FR_VD,VD,2018,9524,réseaux,NOM,réseau,FR,lemmesAccessibilitéFR
w_FR_VD_2018_13195,FR_VD,VD,2018,13195,qualité,NOM,qualité,FR,lemmesAccessibilitéFR
w_FR_VD_2018_13197,FR_VD,VD,2018,13197,réseaux,NOM,réseau,FR,lemmesAccessibilitéFR
w_FR_VD_2018_14812,FR_VD,VD,2018,14812,accès,NOM,accès,FR,lemmesAccessibilitéFR
w_FR_VD_2018_14814,FR_VD,VD,2018,14814,réseaux,NOM,réseau,FR,lemmesAccessibilitéFR
w_FR_VD_2018_15425,FR_VD,VD,2018,15425,par,PRP,par,FR,lemmesAccessibilitéFR
w_FR_VD_2018_15427,FR_VD,VD,2018,15427,réseau,NOM,réseau,FR,lemmesAccessibilitéFR
w_FR_VD_2018_15525,FR_VD,VD,2018,15525,sur,PRP,sur,FR,lemmesAccessibilitéFR
w_FR_VD_2018_15527,FR_VD,VD,2018,15527,réseau,NOM,réseau,FR,lemmesAccessibilitéFR
w_FR_VD_2018_15784,FR_VD,VD,2018,15784,d',PRP,de,FR,lemmesAccessibilitéFR
w_FR_VD_2018_15786,FR_VD,VD,2018,15786,réseau,NOM,réseau,FR,lemmesAccessibilitéFR
w_FR_VD_2018_25892,FR_VD,VD,2018,25892,sur,PRP,sur,FR,lemmesAccessibilitéFR
w_FR_VD_2018_25894,FR_VD,VD,2018,25894,réseau,NOM,réseau,FR,lemmesAccessibilitéFR
w_FR_VD_2018_30293,FR_VD,VD,2018,30293,planification,NOM,planification,FR,lemmesAccessibilitéFR
w_FR_VD_2018_30295,FR_VD,VD,2018,30295,réseau,NOM,réseau,FR,lemmesAccessibilitéFR
w_FR_VD_2018_31799,FR_VD,VD,2018,31799,",",PUN,",",FR,lemmesAccessibilitéFR
w_FR_VD_2018_31801,FR_VD,VD,2018,31801,réseaux,NOM,réseau,FR,lemmesAccessibilitéFR
w_FR_VD_2018_48889,FR_VD,VD,2018,48889,intégration,NOM,intégration,FR,lemmesAccessibilitéFR
w_FR_VD_2018_48891,FR_VD,VD,2018,48891,réseaux,NOM,réseau,FR,lemmesAccessibilitéFR
w_FR_VD_2018_50066,FR_VD,VD,2018,50066,performances,NOM,performance,FR,lemmesAccessibilitéFR
w_FR_VD_2018_50068,FR_VD,VD,2018,50068,réseaux,NOM,réseau,FR,lemmesAccessibilitéFR
w_FR_VD_2018_50380,FR_VD,VD,2018,50380,:,PUN,:,FR,lemmesAccessibilitéFR
w_FR_VD_2018_50382,FR_VD,VD,2018,50382,Réseaux,NOM,réseau,FR,lemmesAccessibilitéFR
w_FR_VD_2018_50423,FR_VD,VD,2018,50423,MESURE,NOM,mesure,FR,lemmesAccessibilitéFR
w_FR_VD_2018_50425,FR_VD,VD,2018,50425,Réseaux,NOM,réseau,FR,lemmesAccessibilitéFR
w_FR_VD_2018_50945,FR_VD,VD,2018,50945,B21,ABR,B@card@,FR,lemmesAccessibilitéFR
w_FR_VD_2018_50947,FR_VD,VD,2018,50947,Réseaux,NOM,réseau,FR,lemmesAccessibilitéFR
w_FR_VD_2018_50971,FR_VD,VD,2018,50971,B21,NAM,B21,FR,lemmesAccessibilitéFR
w_FR_VD_2018_50973,FR_VD,VD,2018,50973,Réseaux,NOM,réseau,FR,lemmesAccessibilitéFR
w_FR_VD_2018_51212,FR_VD,VD,2018,51212,B21,NAM,B21,FR,lemmesAccessibilitéFR
w_FR_VD_2018_51214,FR_VD,VD,2018,51214,Réseaux,NOM,réseau,FR,lemmesAccessibilitéFR
w_FR_VD_2018_51520,FR_VD,VD,2018,51520,B21,ABR,B@card@,FR,lemmesAccessibilitéFR
w_FR_VD_2018_51522,FR_VD,VD,2018,51522,Réseaux,NOM,réseau,FR,lemmesAccessibilitéFR
w_FR_VD_2018_62221,FR_VD,VD,2018,62221,par,PRP,par,FR,lemmesAccessibilitéFR
w_FR_VD_2018_62223,FR_VD,VD,2018,62223,réseaux,NOM,réseau,FR,lemmesAccessibilitéFR
w_FR_VD_2018_95331,FR_VD,VD,2018,95331,dans,PRP,dans,FR,lemmesAccessibilitéFR
w_FR_VD_2018_95333,FR_VD,VD,2018,95333,réseaux,NOM,réseau,FR,lemmesAccessibilitéFR
w_FR_VD_2018_168448,FR_VD,VD,2018,168448,un,DET:ART,un,FR,lemmesAccessibilitéFR
w_FR_VD_2018_168450,FR_VD,VD,2018,168450,réseau,NOM,réseau,FR,lemmesAccessibilitéFR
w_FR_VD_2018_168815,FR_VD,VD,2018,168815,place,NOM,place,FR,lemmesAccessibilitéFR
w_FR_VD_2018_168817,FR_VD,VD,2018,168817,réseau,NOM,réseau,FR,lemmesAccessibilitéFR
w_FR_VD_2018_169291,FR_VD,VD,2018,169291,restructuration,NOM,restructuration,FR,lemmesAccessibilitéFR
w_FR_VD_2018_169293,FR_VD,VD,2018,169293,réseau,NOM,réseau,FR,lemmesAccessibilitéFR
w_FR_VD_2018_169538,FR_VD,VD,2018,169538,),PUN,),FR,lemmesAccessibilitéFR
w_FR_VD_2018_169540,FR_VD,VD,2018,169540,réseau,NOM,réseau,FR,lemmesAccessibilitéFR
w_FR_VD_2018_176854,FR_VD,VD,2018,176854,et,KON,et,FR,lemmesAccessibilitéFR
w_FR_VD_2018_176856,FR_VD,VD,2018,176856,réseaux,NOM,réseau,FR,lemmesAccessibilitéFR
w_FR_VD_2018_176879,FR_VD,VD,2018,176879,armature,NOM,armature,FR,lemmesAccessibilitéFR
w_FR_VD_2018_176881,FR_VD,VD,2018,176881,réseaux,NOM,réseau,FR,lemmesAccessibilitéFR
w_FR_VD_2018_176888,FR_VD,VD,2018,176888,",",PUN,",",FR,lemmesAccessibilitéFR
w_FR_VD_2018_176890,FR_VD,VD,2018,176890,réseaux,NOM,réseau,FR,lemmesAccessibilitéFR
w_FR_VD_2018_187285,FR_VD,VD,2018,187285,et,KON,et,FR,lemmesAccessibilitéFR
w_FR_VD_2018_187287,FR_VD,VD,2018,187287,réseaux,NOM,réseau,FR,lemmesAccessibilitéFR
w_FR_BE_2006_11356,FR_BE,BE,2006,11356,espaces,NOM,espace,FR,lemmesAccessibilitéFR
w_FR_BE_2006_11358,FR_BE,BE,2006,11358,réseaux,NOM,réseau,FR,lemmesAccessibilitéFR
w_FR_BE_2006_12296,FR_BE,BE,2006,12296,raccordement,NOM,raccordement,FR,lemmesAccessibilitéFR
w_FR_BE_2006_12298,FR_BE,BE,2006,12298,réseau,NOM,réseau,FR,lemmesAccessibilitéFR
w_FR_BE_2006_19350,FR_BE,BE,2006,19350,dans,PRP,dans,FR,lemmesAccessibilitéFR
w_FR_BE_2006_19352,FR_BE,BE,2006,19352,réseau,NOM,réseau,FR,lemmesAccessibilitéFR
w_FR_BE_2006_22574,FR_BE,BE,2006,22574,agissant,VER:ppre,agir,FR,lemmesAccessibilitéFR
w_FR_BE_2006_22576,FR_BE,BE,2006,22576,réseaux,NOM,réseau,FR,lemmesAccessibilitéFR
w_FR_BE_2006_24029,FR_BE,BE,2006,24029,régions,NOM,région,FR,lemmesAccessibilitéFR
w_FR_BE_2006_24031,FR_BE,BE,2006,24031,réseau,NOM,réseau,FR,lemmesAccessibilitéFR
w_FR_BE_2006_82407,FR_BE,BE,2006,82407,densification,NOM,densification,FR,lemmesAccessibilitéFR
w_FR_BE_2006_82409,FR_BE,BE,2006,82409,réseau,NOM,réseau,FR,lemmesAccessibilitéFR
w_FR_BE_2010_11489,FR_BE,BE,2010,11489,espaces,NOM,espace,FR,lemmesAccessibilitéFR
w_FR_BE_2010_11491,FR_BE,BE,2010,11491,réseaux,NOM,réseau,FR,lemmesAccessibilitéFR
w_FR_BE_2010_12416,FR_BE,BE,2010,12416,raccordement,NOM,raccordement,FR,lemmesAccessibilitéFR
w_FR_BE_2010_12418,FR_BE,BE,2010,12418,réseau,NOM,réseau,FR,lemmesAccessibilitéFR
w_FR_BE_2010_17711,FR_BE,BE,2010,17711,raccordement,NOM,raccordement,FR,lemmesAccessibilitéFR
w_FR_BE_2010_17713,FR_BE,BE,2010,17713,réseau,NOM,réseau,FR,lemmesAccessibilitéFR
w_FR_BE_2010_17838,FR_BE,BE,2010,17838,de,PRP,de,FR,lemmesAccessibilitéFR
w_FR_BE_2010_17840,FR_BE,BE,2010,17840,réseaux,NOM,réseau,FR,lemmesAccessibilitéFR
w_FR_BE_2010_18499,FR_BE,BE,2010,18499,dans,PRP,dans,FR,lemmesAccessibilitéFR
w_FR_BE_2010_18501,FR_BE,BE,2010,18501,réseaux,NOM,réseau,FR,lemmesAccessibilitéFR
w_FR_BE_2010_19665,FR_BE,BE,2010,19665,dans,PRP,dans,FR,lemmesAccessibilitéFR
w_FR_BE_2010_19667,FR_BE,BE,2010,19667,réseau,NOM,réseau,FR,lemmesAccessibilitéFR
w_FR_BE_2010_24355,FR_BE,BE,2010,24355,régions,NOM,région,FR,lemmesAccessibilitéFR
w_FR_BE_2010_24357,FR_BE,BE,2010,24357,réseau,NOM,réseau,FR,lemmesAccessibilitéFR
w_FR_BE_2010_90691,FR_BE,BE,2010,90691,raccordement,NOM,raccordement,FR,lemmesAccessibilitéFR
w_FR_BE_2010_90693,FR_BE,BE,2010,90693,réseau,NOM,réseau,FR,lemmesAccessibilitéFR
w_FR_BE_2010_94371,FR_BE,BE,2010,94371,densification,NOM,densification,FR,lemmesAccessibilitéFR
w_FR_BE_2010_94373,FR_BE,BE,2010,94373,réseau,NOM,réseau,FR,lemmesAccessibilitéFR
w_FR_VD_2016_3393,FR_VD,VD,2016,3393,117,NUM,@card@,FR,lemmesAccessibilitéFR
w_FR_VD_2016_3395,FR_VD,VD,2016,3395,Réseaux,NOM,réseau,FR,lemmesAccessibilitéFR
w_FR_VD_2016_9735,FR_VD,VD,2016,9735,que,KON,que,FR,lemmesAccessibilitéFR
w_FR_VD_2016_9737,FR_VD,VD,2016,9737,réseaux,NOM,réseau,FR,lemmesAccessibilitéFR
w_FR_VD_2016_13355,FR_VD,VD,2016,13355,qualité,NOM,qualité,FR,lemmesAccessibilitéFR
w_FR_VD_2016_13357,FR_VD,VD,2016,13357,réseaux,NOM,réseau,FR,lemmesAccessibilitéFR
w_FR_VD_2016_14931,FR_VD,VD,2016,14931,accès,NOM,accès,FR,lemmesAccessibilitéFR
w_FR_VD_2016_14933,FR_VD,VD,2016,14933,réseaux,NOM,réseau,FR,lemmesAccessibilitéFR
w_FR_VD_2016_15393,FR_VD,VD,2016,15393,par,PRP,par,FR,lemmesAccessibilitéFR
w_FR_VD_2016_15395,FR_VD,VD,2016,15395,réseau,NOM,réseau,FR,lemmesAccessibilitéFR
w_FR_VD_2016_15493,FR_VD,VD,2016,15493,sur,PRP,sur,FR,lemmesAccessibilitéFR
w_FR_VD_2016_15495,FR_VD,VD,2016,15495,réseau,NOM,réseau,FR,lemmesAccessibilitéFR
w_FR_VD_2016_15724,FR_VD,VD,2016,15724,d',PRP,de,FR,lemmesAccessibilitéFR
w_FR_VD_2016_15726,FR_VD,VD,2016,15726,réseau,NOM,réseau,FR,lemmesAccessibilitéFR
w_FR_VD_2016_18951,FR_VD,VD,2016,18951,saturation,NOM,saturation,FR,lemmesAccessibilitéFR
w_FR_VD_2016_18953,FR_VD,VD,2016,18953,réseaux,NOM,réseau,FR,lemmesAccessibilitéFR
w_FR_VD_2016_19072,FR_VD,VD,2016,19072,saturation,NOM,saturation,FR,lemmesAccessibilitéFR
w_FR_VD_2016_19074,FR_VD,VD,2016,19074,réseaux,NOM,réseau,FR,lemmesAccessibilitéFR
w_FR_VD_2016_26601,FR_VD,VD,2016,26601,sur,PRP,sur,FR,lemmesAccessibilitéFR
w_FR_VD_2016_26603,FR_VD,VD,2016,26603,réseau,NOM,réseau,FR,lemmesAccessibilitéFR
w_FR_VD_2016_30970,FR_VD,VD,2016,30970,planification,NOM,planification,FR,lemmesAccessibilitéFR
w_FR_VD_2016_30972,FR_VD,VD,2016,30972,réseau,NOM,réseau,FR,lemmesAccessibilitéFR
w_FR_VD_2016_45868,FR_VD,VD,2016,45868,accès,NOM,accès,FR,lemmesAccessibilitéFR
w_FR_VD_2016_45870,FR_VD,VD,2016,45870,réseaux,NOM,réseau,FR,lemmesAccessibilitéFR
w_FR_VD_2016_47935,FR_VD,VD,2016,47935,intégration,NOM,intégration,FR,lemmesAccessibilitéFR
w_FR_VD_2016_47937,FR_VD,VD,2016,47937,réseaux,NOM,réseau,FR,lemmesAccessibilitéFR
w_FR_VD_2016_48922,FR_VD,VD,2016,48922,performances,NOM,performance,FR,lemmesAccessibilitéFR
w_FR_VD_2016_48924,FR_VD,VD,2016,48924,réseaux,NOM,réseau,FR,lemmesAccessibilitéFR
w_FR_VD_2016_49265,FR_VD,VD,2016,49265,CENTRES,NOM,centre,FR,lemmesAccessibilitéFR
w_FR_VD_2016_49267,FR_VD,VD,2016,49267,Réseaux,NOM,réseau,FR,lemmesAccessibilitéFR
w_FR_VD_2016_49789,FR_VD,VD,2016,49789,B21,ABR,B@card@,FR,lemmesAccessibilitéFR
w_FR_VD_2016_49791,FR_VD,VD,2016,49791,Réseaux,NOM,réseau,FR,lemmesAccessibilitéFR
w_FR_VD_2016_50054,FR_VD,VD,2016,50054,B21,ABR,B@card@,FR,lemmesAccessibilitéFR
w_FR_VD_2016_50056,FR_VD,VD,2016,50056,Réseaux,NOM,réseau,FR,lemmesAccessibilitéFR
w_FR_VD_2016_50334,FR_VD,VD,2016,50334,B21,ABR,B@card@,FR,lemmesAccessibilitéFR
w_FR_VD_2016_50336,FR_VD,VD,2016,50336,Réseaux,NOM,réseau,FR,lemmesAccessibilitéFR
w_FR_VD_2016_60834,FR_VD,VD,2016,60834,par,PRP,par,FR,lemmesAccessibilitéFR
w_FR_VD_2016_60836,FR_VD,VD,2016,60836,réseaux,NOM,réseau,FR,lemmesAccessibilitéFR
w_FR_VD_2016_91419,FR_VD,VD,2016,91419,dans,PRP,dans,FR,lemmesAccessibilitéFR
w_FR_VD_2016_91421,FR_VD,VD,2016,91421,réseaux,NOM,réseau,FR,lemmesAccessibilitéFR
w_FR_VD_2016_164628,FR_VD,VD,2016,164628,un,DET:ART,un,FR,lemmesAccessibilitéFR
w_FR_VD_2016_164630,FR_VD,VD,2016,164630,réseau,NOM,réseau,FR,lemmesAccessibilitéFR
w_FR_VD_2016_164996,FR_VD,VD,2016,164996,place,NOM,place,FR,lemmesAccessibilitéFR
w_FR_VD_2016_164998,FR_VD,VD,2016,164998,réseau,NOM,réseau,FR,lemmesAccessibilitéFR
w_FR_VD_2016_165478,FR_VD,VD,2016,165478,restructuration,NOM,restructuration,FR,lemmesAccessibilitéFR
w_FR_VD_2016_165480,FR_VD,VD,2016,165480,réseau,NOM,réseau,FR,lemmesAccessibilitéFR
w_FR_VD_2016_165732,FR_VD,VD,2016,165732,),PUN,),FR,lemmesAccessibilitéFR
w_FR_VD_2016_165734,FR_VD,VD,2016,165734,réseau,NOM,réseau,FR,lemmesAccessibilitéFR
w_FR_VD_2016_173160,FR_VD,VD,2016,173160,et,KON,et,FR,lemmesAccessibilitéFR
w_FR_VD_2016_173162,FR_VD,VD,2016,173162,réseaux,NOM,réseau,FR,lemmesAccessibilitéFR
w_FR_VD_2016_173185,FR_VD,VD,2016,173185,armature,NOM,armature,FR,lemmesAccessibilitéFR
w_FR_VD_2016_173187,FR_VD,VD,2016,173187,réseaux,NOM,réseau,FR,lemmesAccessibilitéFR
w_FR_VD_2016_173194,FR_VD,VD,2016,173194,",",PUN,",",FR,lemmesAccessibilitéFR
w_FR_VD_2016_173196,FR_VD,VD,2016,173196,réseaux,NOM,réseau,FR,lemmesAccessibilitéFR
w_FR_VD_2016_183530,FR_VD,VD,2016,183530,et,KON,et,FR,lemmesAccessibilitéFR
w_FR_VD_2016_183532,FR_VD,VD,2016,183532,réseaux,NOM,réseau,FR,lemmesAccessibilitéFR
w_FR_BE_2024_1682,FR_BE,BE,2024,1682,dans,PRP,dans,FR,lemmesAccessibilitéFR
w_FR_BE_2024_1684,FR_BE,BE,2024,1684,réseau,NOM,réseau,FR,lemmesAccessibilitéFR
w_FR_BE_2024_8608,FR_BE,BE,2024,8608,raccordement,NOM,raccordement,FR,lemmesAccessibilitéFR
w_FR_BE_2024_8610,FR_BE,BE,2024,8610,réseaux,NOM,réseau,FR,lemmesAccessibilitéFR
w_FR_BE_2024_9672,FR_BE,BE,2024,9672,par,PRP,par,FR,lemmesAccessibilitéFR
w_FR_BE_2024_9674,FR_BE,BE,2024,9674,réseaux,NOM,réseau,FR,lemmesAccessibilitéFR
w_FR_BE_2024_14113,FR_BE,BE,2024,14113,nature,NOM,nature,FR,lemmesAccessibilitéFR
w_FR_BE_2024_14115,FR_BE,BE,2024,14115,réseaux,NOM,réseau,FR,lemmesAccessibilitéFR
w_FR_BE_2024_14145,FR_BE,BE,2024,14145,d’,PRP,de,FR,lemmesAccessibilitéFR
w_FR_BE_2024_14147,FR_BE,BE,2024,14147,réseau,NOM,réseau,FR,lemmesAccessibilitéFR
w_FR_BE_2024_15058,FR_BE,BE,2024,15058,raccordements,NOM,raccordement,FR,lemmesAccessibilitéFR
w_FR_BE_2024_15060,FR_BE,BE,2024,15060,réseaux,NOM,réseau,FR,lemmesAccessibilitéFR
w_FR_BE_2024_18087,FR_BE,BE,2024,18087,fournissent,VER:pres,fournir,FR,lemmesAccessibilitéFR
w_FR_BE_2024_18089,FR_BE,BE,2024,18089,réseau,NOM,réseau,FR,lemmesAccessibilitéFR
w_FR_BE_2024_18329,FR_BE,BE,2024,18329,structure,NOM,structure,FR,lemmesAccessibilitéFR
w_FR_BE_2024_18331,FR_BE,BE,2024,18331,réseau,NOM,réseau,FR,lemmesAccessibilitéFR
w_FR_BE_2024_18959,FR_BE,BE,2024,18959,centres,NOM,centre,FR,lemmesAccessibilitéFR
w_FR_BE_2024_18961,FR_BE,BE,2024,18961,réseau,NOM,réseau,FR,lemmesAccessibilitéFR
w_FR_BE_2024_23011,FR_BE,BE,2024,23011,dans,PRP,dans,FR,lemmesAccessibilitéFR
w_FR_BE_2024_23013,FR_BE,BE,2024,23013,réseau,NOM,réseau,FR,lemmesAccessibilitéFR
w_FR_BE_2024_23071,FR_BE,BE,2024,23071,entre,PRP,entre,FR,lemmesAccessibilitéFR
w_FR_BE_2024_23073,FR_BE,BE,2024,23073,réseaux,NOM,réseau,FR,lemmesAccessibilitéFR
w_FR_BE_2024_23097,FR_BE,BE,2024,23097,efficace,ADJ,efficace,FR,lemmesAccessibilitéFR
w_FR_BE_2024_23099,FR_BE,BE,2024,23099,réseaux,NOM,réseau,FR,lemmesAccessibilitéFR
w_FR_BE_2024_45027,FR_BE,BE,2024,45027,par,PRP,par,FR,lemmesAccessibilitéFR
w_FR_BE_2024_45029,FR_BE,BE,2024,45029,réseau,NOM,réseau,FR,lemmesAccessibilitéFR
w_FR_BE_2024_76758,FR_BE,BE,2024,76758,raccordement,NOM,raccordement,FR,lemmesAccessibilitéFR
w_FR_BE_2024_76760,FR_BE,BE,2024,76760,réseau,NOM,réseau,FR,lemmesAccessibilitéFR
w_FR_BE_2024_82013,FR_BE,BE,2024,82013,densification,NOM,densification,FR,lemmesAccessibilitéFR
w_FR_BE_2024_82015,FR_BE,BE,2024,82015,réseau,NOM,réseau,FR,lemmesAccessibilitéFR
w_FR_VD_2013_4408,FR_VD,VD,2013,4408,117,NUM,@card@,FR,lemmesAccessibilitéFR
w_FR_VD_2013_4410,FR_VD,VD,2013,4410,Réseaux,NOM,réseau,FR,lemmesAccessibilitéFR
w_FR_VD_2013_4433,FR_VD,VD,2013,4433,118,NUM,@card@,FR,lemmesAccessibilitéFR
w_FR_VD_2013_4435,FR_VD,VD,2013,4435,Réseau,NOM,réseau,FR,lemmesAccessibilitéFR
w_FR_VD_2013_9590,FR_VD,VD,2013,9590,que,KON,que,FR,lemmesAccessibilitéFR
w_FR_VD_2013_9592,FR_VD,VD,2013,9592,réseaux,NOM,réseau,FR,lemmesAccessibilitéFR
w_FR_VD_2013_13189,FR_VD,VD,2013,13189,qualité,NOM,qualité,FR,lemmesAccessibilitéFR
w_FR_VD_2013_13191,FR_VD,VD,2013,13191,réseaux,NOM,réseau,FR,lemmesAccessibilitéFR
w_FR_VD_2013_14745,FR_VD,VD,2013,14745,accès,NOM,accès,FR,lemmesAccessibilitéFR
w_FR_VD_2013_14747,FR_VD,VD,2013,14747,réseaux,NOM,réseau,FR,lemmesAccessibilitéFR
w_FR_VD_2013_15202,FR_VD,VD,2013,15202,par,PRP,par,FR,lemmesAccessibilitéFR
w_FR_VD_2013_15204,FR_VD,VD,2013,15204,réseau,NOM,réseau,FR,lemmesAccessibilitéFR
w_FR_VD_2013_15302,FR_VD,VD,2013,15302,sur,PRP,sur,FR,lemmesAccessibilitéFR
w_FR_VD_2013_15304,FR_VD,VD,2013,15304,réseau,NOM,réseau,FR,lemmesAccessibilitéFR
w_FR_VD_2013_15534,FR_VD,VD,2013,15534,d',PRP,de,FR,lemmesAccessibilitéFR
w_FR_VD_2013_15536,FR_VD,VD,2013,15536,réseau,NOM,réseau,FR,lemmesAccessibilitéFR
w_FR_VD_2013_18708,FR_VD,VD,2013,18708,saturation,NOM,saturation,FR,lemmesAccessibilitéFR
w_FR_VD_2013_18710,FR_VD,VD,2013,18710,réseaux,NOM,réseau,FR,lemmesAccessibilitéFR
w_FR_VD_2013_18829,FR_VD,VD,2013,18829,saturation,NOM,saturation,FR,lemmesAccessibilitéFR
w_FR_VD_2013_18831,FR_VD,VD,2013,18831,réseaux,NOM,réseau,FR,lemmesAccessibilitéFR
w_FR_VD_2013_26227,FR_VD,VD,2013,26227,sur,PRP,sur,FR,lemmesAccessibilitéFR
w_FR_VD_2013_26229,FR_VD,VD,2013,26229,réseau,NOM,réseau,FR,lemmesAccessibilitéFR
w_FR_VD_2013_29503,FR_VD,VD,2013,29503,planification,NOM,planification,FR,lemmesAccessibilitéFR
w_FR_VD_2013_29505,FR_VD,VD,2013,29505,réseau,NOM,réseau,FR,lemmesAccessibilitéFR
w_FR_VD_2013_44524,FR_VD,VD,2013,44524,accès,NOM,accès,FR,lemmesAccessibilitéFR
w_FR_VD_2013_44526,FR_VD,VD,2013,44526,réseaux,NOM,réseau,FR,lemmesAccessibilitéFR
w_FR_VD_2013_46292,FR_VD,VD,2013,46292,intégration,NOM,intégration,FR,lemmesAccessibilitéFR
w_FR_VD_2013_46294,FR_VD,VD,2013,46294,réseaux,NOM,réseau,FR,lemmesAccessibilitéFR
w_FR_VD_2013_47290,FR_VD,VD,2013,47290,performances,NOM,performance,FR,lemmesAccessibilitéFR
w_FR_VD_2013_47292,FR_VD,VD,2013,47292,réseaux,NOM,réseau,FR,lemmesAccessibilitéFR
w_FR_VD_2013_47630,FR_VD,VD,2013,47630,MESURE,VER:pres,mesurer,FR,lemmesAccessibilitéFR
w_FR_VD_2013_47632,FR_VD,VD,2013,47632,Réseaux,NOM,réseau,FR,lemmesAccessibilitéFR
w_FR_VD_2013_48149,FR_VD,VD,2013,48149,B21,ABR,B@card@,FR,lemmesAccessibilitéFR
w_FR_VD_2013_48151,FR_VD,VD,2013,48151,Réseaux,NOM,réseau,FR,lemmesAccessibilitéFR
w_FR_VD_2013_48391,FR_VD,VD,2013,48391,B21,NAM,B21,FR,lemmesAccessibilitéFR
w_FR_VD_2013_48393,FR_VD,VD,2013,48393,Réseaux,NOM,réseau,FR,lemmesAccessibilitéFR
w_FR_VD_2013_48684,FR_VD,VD,2013,48684,B21,ABR,B@card@,FR,lemmesAccessibilitéFR
w_FR_VD_2013_48686,FR_VD,VD,2013,48686,Réseaux,NOM,réseau,FR,lemmesAccessibilitéFR
w_FR_VD_2013_48705,FR_VD,VD,2013,48705,des,PRP:det,du,FR,lemmesAccessibilitéFR
w_FR_VD_2013_48707,FR_VD,VD,2013,48707,Réseau,NOM,réseau,FR,lemmesAccessibilitéFR
w_FR_VD_2013_49282,FR_VD,VD,2013,49282,B22,NAM,B22,FR,lemmesAccessibilitéFR
w_FR_VD_2013_49284,FR_VD,VD,2013,49284,Réseau,NOM,réseau,FR,lemmesAccessibilitéFR
w_FR_VD_2013_49685,FR_VD,VD,2013,49685,B22,ABR,B@card@,FR,lemmesAccessibilitéFR
w_FR_VD_2013_49687,FR_VD,VD,2013,49687,Réseau,NOM,réseau,FR,lemmesAccessibilitéFR
w_FR_VD_2013_49813,FR_VD,VD,2013,49813,B22,ABR,B@card@,FR,lemmesAccessibilitéFR
w_FR_VD_2013_49815,FR_VD,VD,2013,49815,Réseau,NOM,réseau,FR,lemmesAccessibilitéFR
w_FR_VD_2013_59584,FR_VD,VD,2013,59584,par,PRP,par,FR,lemmesAccessibilitéFR
w_FR_VD_2013_59586,FR_VD,VD,2013,59586,réseaux,NOM,réseau,FR,lemmesAccessibilitéFR
w_FR_VD_2013_148292,FR_VD,VD,2013,148292,1,NUM,@card@,FR,lemmesAccessibilitéFR
w_FR_VD_2013_148294,FR_VD,VD,2013,148294,Réseau,NOM,réseau,FR,lemmesAccessibilitéFR
w_FR_VD_2013_151050,FR_VD,VD,2013,151050,ET,KON,et,FR,lemmesAccessibilitéFR
w_FR_VD_2013_151052,FR_VD,VD,2013,151052,Réseau,NOM,réseau,FR,lemmesAccessibilitéFR
w_FR_VD_2013_153139,FR_VD,VD,2013,153139,concernant,VER:ppre,concerner,FR,lemmesAccessibilitéFR
w_FR_VD_2013_153141,FR_VD,VD,2013,153141,réseaux,NOM,réseau,FR,lemmesAccessibilitéFR
w_FR_VD_2013_158252,FR_VD,VD,2013,158252,sens,NOM,sens|sen,FR,lemmesAccessibilitéFR
w_FR_VD_2013_158254,FR_VD,VD,2013,158254,Réseau,NOM,réseau,FR,lemmesAccessibilitéFR
w_FR_VD_2013_167856,FR_VD,VD,2013,167856,et,KON,et,FR,lemmesAccessibilitéFR
w_FR_VD_2013_167858,FR_VD,VD,2013,167858,réseaux,NOM,réseau,FR,lemmesAccessibilitéFR
w_FR_BE_2002_20456,FR_BE,BE,2002,20456,",",PUN,",",FR,lemmesMotiliteFR
w_FR_BE_2002_20458,FR_BE,BE,2002,20458,Stratégies,NOM,stratégie,FR,lemmesMotiliteFR
w_FR_VD_2012_27171,FR_VD,VD,2012,27171,minutes,NOM,minute,FR,lemmesTempsChronoFR
w_FR_VD_2012_27183,FR_VD,VD,2012,27183,minutes,NOM,minute,FR,lemmesTempsChronoFR
w_FR_VD_2012_27740,FR_VD,VD,2012,27740,minutes,NOM,minute,FR,lemmesTempsChronoFR
w_FR_VD_2012_27767,FR_VD,VD,2012,27767,minutes,NOM,minute,FR,lemmesTempsChronoFR
w_FR_VD_2012_27830,FR_VD,VD,2012,27830,minutes,NOM,minute,FR,lemmesTempsChronoFR
w_FR_VD_2012_27981,FR_VD,VD,2012,27981,minutes,NOM,minute,FR,lemmesTempsChronoFR
w_FR_VD_2012_28145,FR_VD,VD,2012,28145,minutes,NOM,minute,FR,lemmesTempsChronoFR
w_FR_VD_2012_34722,FR_VD,VD,2012,34722,minutes,NOM,minute,FR,lemmesTempsChronoFR
w_FR_VD_2012_45356,FR_VD,VD,2012,45356,minutes,NOM,minute,FR,lemmesTempsChronoFR
w_FR_VD_2012_46596,FR_VD,VD,2012,46596,minutes,NOM,minute,FR,lemmesTempsChronoFR
w_FR_VD_2012_148521,FR_VD,VD,2012,148521,minutes,NOM,minute,FR,lemmesTempsChronoFR
w_FR_VD_2012_148544,FR_VD,VD,2012,148544,minutes,NOM,minute,FR,lemmesTempsChronoFR
w_FR_VD_2012_151302,FR_VD,VD,2012,151302,minutes,NOM,minute,FR,lemmesTempsChronoFR
w_FR_VD_2012_153252,FR_VD,VD,2012,153252,minutes,NOM,minute,FR,lemmesTempsChronoFR
w_FR_BE_2013_62700,FR_BE,BE,2013,62700,minutes,NOM,minute,FR,lemmesTempsChronoFR
w_FR_GE_2024_2299,FR_GE,GE,2024,2299,minutes,NOM,minute,FR,lemmesTempsChronoFR
w_FR_GE_2024_101252,FR_GE,GE,2024,101252,minutes,NOM,minute,FR,lemmesTempsChronoFR
w_FR_GE_2024_115096,FR_GE,GE,2024,115096,minutes,NOM,minute,FR,lemmesTempsChronoFR
w_FR_GE_2024_116027,FR_GE,GE,2024,116027,minutes,NOM,minute,FR,lemmesTempsChronoFR
w_FR_GE_2024_131077,FR_GE,GE,2024,131077,minutes,NOM,minute,FR,lemmesTempsChronoFR
w_FR_GE_2024_131093,FR_GE,GE,2024,131093,minutes,NOM,minute,FR,lemmesTempsChronoFR
w_FR_BE_2016_72797,FR_BE,BE,2016,72797,minutes,NOM,minute,FR,lemmesTempsChronoFR
w_FR_VD_2011_9649,FR_VD,VD,2011,9649,minutes,NOM,minute,FR,lemmesTempsChronoFR
w_FR_VD_2011_9661,FR_VD,VD,2011,9661,minutes,NOM,minute,FR,lemmesTempsChronoFR
w_FR_VD_2011_10216,FR_VD,VD,2011,10216,minutes,NOM,minute,FR,lemmesTempsChronoFR
w_FR_VD_2011_10243,FR_VD,VD,2011,10243,minutes,NOM,minute,FR,lemmesTempsChronoFR
w_FR_VD_2011_10306,FR_VD,VD,2011,10306,minutes,NOM,minute,FR,lemmesTempsChronoFR
w_FR_VD_2011_10457,FR_VD,VD,2011,10457,minutes,NOM,minute,FR,lemmesTempsChronoFR
w_FR_VD_2011_10619,FR_VD,VD,2011,10619,minutes,NOM,minute,FR,lemmesTempsChronoFR
w_FR_VD_2011_16817,FR_VD,VD,2011,16817,minutes,NOM,minute,FR,lemmesTempsChronoFR
w_FR_VD_2011_26240,FR_VD,VD,2011,26240,minutes,NOM,minute,FR,lemmesTempsChronoFR
w_FR_VD_2011_27576,FR_VD,VD,2011,27576,minutes,NOM,minute,FR,lemmesTempsChronoFR
w_FR_VD_2011_28688,FR_VD,VD,2011,28688,minutes,NOM,minute,FR,lemmesTempsChronoFR
w_FR_VD_2011_28725,FR_VD,VD,2011,28725,minutes,NOM,minute,FR,lemmesTempsChronoFR
w_FR_VD_2011_119892,FR_VD,VD,2011,119892,minutes,NOM,minute,FR,lemmesTempsChronoFR
w_FR_VD_2011_119915,FR_VD,VD,2011,119915,minutes,NOM,minute,FR,lemmesTempsChronoFR
w_FR_VD_2011_122671,FR_VD,VD,2011,122671,minutes,NOM,minute,FR,lemmesTempsChronoFR
w_FR_VD_2011_155602,FR_VD,VD,2011,155602,minutes,NOM,minute,FR,lemmesTempsChronoFR
w_FR_VD_2011_155614,FR_VD,VD,2011,155614,minutes,NOM,minute,FR,lemmesTempsChronoFR
w_FR_BE_2012_61931,FR_BE,BE,2012,61931,minutes,NOM,minute,FR,lemmesTempsChronoFR
w_FR_FR_2002_31339,FR_FR,FR,2002,31339,minutes,NOM,minute,FR,lemmesTempsChronoFR
w_FR_FR_2002_48316,FR_FR,FR,2002,48316,minutes,NOM,minute,FR,lemmesTempsChronoFR
w_FR_FR_2002_71006,FR_FR,FR,2002,71006,minutes,NOM,minute,FR,lemmesTempsChronoFR
w_FR_FR_2002_129151,FR_FR,FR,2002,129151,minutes,NOM,minute,FR,lemmesTempsChronoFR
w_FR_FR_2002_130181,FR_FR,FR,2002,130181,minutes,NOM,minute,FR,lemmesTempsChronoFR
w_FR_VD_2022_27807,FR_VD,VD,2022,27807,minutes,NOM,minute,FR,lemmesTempsChronoFR
w_FR_VD_2022_27820,FR_VD,VD,2022,27820,minutes,NOM,minute,FR,lemmesTempsChronoFR
w_FR_VD_2022_28336,FR_VD,VD,2022,28336,minutes,NOM,minute,FR,lemmesTempsChronoFR
w_FR_VD_2022_28373,FR_VD,VD,2022,28373,minutes,NOM,minute,FR,lemmesTempsChronoFR
w_FR_VD_2022_28874,FR_VD,VD,2022,28874,minutes,NOM,minute,FR,lemmesTempsChronoFR
w_FR_VD_2022_28909,FR_VD,VD,2022,28909,minutes,NOM,minute,FR,lemmesTempsChronoFR
w_FR_VD_2022_38031,FR_VD,VD,2022,38031,minutes,NOM,minute,FR,lemmesTempsChronoFR
w_FR_VD_2022_48460,FR_VD,VD,2022,48460,minutes,NOM,minute,FR,lemmesTempsChronoFR
w_FR_VD_2022_50281,FR_VD,VD,2022,50281,minutes,NOM,minute,FR,lemmesTempsChronoFR
w_FR_BE_2008_58023,FR_BE,BE,2008,58023,minutes,NOM,minute,FR,lemmesTempsChronoFR
w_FR_VD_2008_9305,FR_VD,VD,2008,9305,minutes,NOM,minute,FR,lemmesTempsChronoFR
w_FR_VD_2008_9317,FR_VD,VD,2008,9317,minutes,NOM,minute,FR,lemmesTempsChronoFR
w_FR_VD_2008_9840,FR_VD,VD,2008,9840,minutes,NOM,minute,FR,lemmesTempsChronoFR
w_FR_VD_2008_14965,FR_VD,VD,2008,14965,minutes,NOM,minute,FR,lemmesTempsChronoFR
w_FR_VD_2008_24067,FR_VD,VD,2008,24067,minutes,NOM,minute,FR,lemmesTempsChronoFR
w_FR_VD_2008_25194,FR_VD,VD,2008,25194,minutes,NOM,minute,FR,lemmesTempsChronoFR
w_FR_VD_2008_26284,FR_VD,VD,2008,26284,minutes,NOM,minute,FR,lemmesTempsChronoFR
w_FR_VD_2008_26321,FR_VD,VD,2008,26321,minutes,NOM,minute,FR,lemmesTempsChronoFR
w_FR_VD_2008_106694,FR_VD,VD,2008,106694,minutes,NOM,minute,FR,lemmesTempsChronoFR
w_FR_VD_2008_106717,FR_VD,VD,2008,106717,minutes,NOM,minute,FR,lemmesTempsChronoFR
w_FR_VD_2008_131512,FR_VD,VD,2008,131512,minutes,NOM,minute,FR,lemmesTempsChronoFR
w_FR_VD_2008_131524,FR_VD,VD,2008,131524,minutes,NOM,minute,FR,lemmesTempsChronoFR
w_FR_VD_2008_150981,FR_VD,VD,2008,150981,minutes,NOM,minute,FR,lemmesTempsChronoFR
w_FR_VD_2008_151004,FR_VD,VD,2008,151004,minutes,NOM,minute,FR,lemmesTempsChronoFR
w_FR_NE_2011_4732,FR_NE,NE,2011,4732,minutes,NOM,minute,FR,lemmesTempsChronoFR
w_FR_NE_2011_4741,FR_NE,NE,2011,4741,minutes,NOM,minute,FR,lemmesTempsChronoFR
w_FR_NE_2011_9498,FR_NE,NE,2011,9498,minutes,NOM,minute,FR,lemmesTempsChronoFR
w_FR_NE_2011_280035,FR_NE,NE,2011,280035,minutes,NOM,minute,FR,lemmesTempsChronoFR
w_FR_NE_2011_281641,FR_NE,NE,2011,281641,minutes,NOM,minute,FR,lemmesTempsChronoFR
w_FR_BE_2002_52853,FR_BE,BE,2002,52853,minutes,NOM,minute,FR,lemmesTempsChronoFR
w_FR_FR_2024_56170,FR_FR,FR,2024,56170,minutes,NOM,minute,FR,lemmesTempsChronoFR
w_FR_FR_2024_57353,FR_FR,FR,2024,57353,minutes,NOM,minute,FR,lemmesTempsChronoFR
w_FR_FR_2024_57392,FR_FR,FR,2024,57392,minutes,NOM,minute,FR,lemmesTempsChronoFR
w_FR_VD_2018_27342,FR_VD,VD,2018,27342,minutes,NOM,minute,FR,lemmesTempsChronoFR
w_FR_VD_2018_27355,FR_VD,VD,2018,27355,minutes,NOM,minute,FR,lemmesTempsChronoFR
w_FR_VD_2018_27868,FR_VD,VD,2018,27868,minutes,NOM,minute,FR,lemmesTempsChronoFR
w_FR_VD_2018_27904,FR_VD,VD,2018,27904,minutes,NOM,minute,FR,lemmesTempsChronoFR
w_FR_VD_2018_28401,FR_VD,VD,2018,28401,minutes,NOM,minute,FR,lemmesTempsChronoFR
w_FR_VD_2018_28435,FR_VD,VD,2018,28435,minutes,NOM,minute,FR,lemmesTempsChronoFR
w_FR_VD_2018_37411,FR_VD,VD,2018,37411,minutes,NOM,minute,FR,lemmesTempsChronoFR
w_FR_VD_2018_47731,FR_VD,VD,2018,47731,minutes,NOM,minute,FR,lemmesTempsChronoFR
w_FR_VD_2018_49516,FR_VD,VD,2018,49516,minutes,NOM,minute,FR,lemmesTempsChronoFR
w_FR_BE_2006_58376,FR_BE,BE,2006,58376,minutes,NOM,minute,FR,lemmesTempsChronoFR
w_FR_BE_2010_61941,FR_BE,BE,2010,61941,minutes,NOM,minute,FR,lemmesTempsChronoFR
w_FR_VD_2016_28043,FR_VD,VD,2016,28043,minutes,NOM,minute,FR,lemmesTempsChronoFR
w_FR_VD_2016_28056,FR_VD,VD,2016,28056,minutes,NOM,minute,FR,lemmesTempsChronoFR
w_FR_VD_2016_28518,FR_VD,VD,2016,28518,minutes,NOM,minute,FR,lemmesTempsChronoFR
w_FR_VD_2016_28554,FR_VD,VD,2016,28554,minutes,NOM,minute,FR,lemmesTempsChronoFR
w_FR_VD_2016_29053,FR_VD,VD,2016,29053,minutes,NOM,minute,FR,lemmesTempsChronoFR
w_FR_VD_2016_29087,FR_VD,VD,2016,29087,minutes,NOM,minute,FR,lemmesTempsChronoFR
w_FR_VD_2016_36036,FR_VD,VD,2016,36036,minutes,NOM,minute,FR,lemmesTempsChronoFR
w_FR_VD_2016_46920,FR_VD,VD,2016,46920,minutes,NOM,minute,FR,lemmesTempsChronoFR
w_FR_VD_2016_48405,FR_VD,VD,2016,48405,minutes,NOM,minute,FR,lemmesTempsChronoFR
w_FR_VD_2013_27319,FR_VD,VD,2013,27319,minutes,NOM,minute,FR,lemmesTempsChronoFR
w_FR_VD_2013_27331,FR_VD,VD,2013,27331,minutes,NOM,minute,FR,lemmesTempsChronoFR
w_FR_VD_2013_27890,FR_VD,VD,2013,27890,minutes,NOM,minute,FR,lemmesTempsChronoFR
w_FR_VD_2013_27917,FR_VD,VD,2013,27917,minutes,NOM,minute,FR,lemmesTempsChronoFR
w_FR_VD_2013_27980,FR_VD,VD,2013,27980,minutes,NOM,minute,FR,lemmesTempsChronoFR
w_FR_VD_2013_28129,FR_VD,VD,2013,28129,minutes,NOM,minute,FR,lemmesTempsChronoFR
w_FR_VD_2013_28295,FR_VD,VD,2013,28295,minutes,NOM,minute,FR,lemmesTempsChronoFR
w_FR_VD_2013_34879,FR_VD,VD,2013,34879,minutes,NOM,minute,FR,lemmesTempsChronoFR
w_FR_VD_2013_45533,FR_VD,VD,2013,45533,minutes,NOM,minute,FR,lemmesTempsChronoFR
w_FR_VD_2013_46776,FR_VD,VD,2013,46776,minutes,NOM,minute,FR,lemmesTempsChronoFR
w_FR_VD_2013_148316,FR_VD,VD,2013,148316,minutes,NOM,minute,FR,lemmesTempsChronoFR
w_FR_VD_2013_148339,FR_VD,VD,2013,148339,minutes,NOM,minute,FR,lemmesTempsChronoFR
w_FR_VD_2013_151096,FR_VD,VD,2013,151096,minutes,NOM,minute,FR,lemmesTempsChronoFR
w_FR_VD_2013_153050,FR_VD,VD,2013,153050,minutes,NOM,minute,FR,lemmesTempsChronoFR
w_FR_VD_2012_26750,FR_VD,VD,2012,26750,heures,NOM,heure,FR,lemmesTempsChronoFR
w_FR_VD_2012_27464,FR_VD,VD,2012,27464,heure,NOM,heure,FR,lemmesTempsChronoFR
w_FR_VD_2012_27803,FR_VD,VD,2012,27803,h,ABR,heure,FR,lemmesTempsChronoFR
w_FR_VD_2012_27832,FR_VD,VD,2012,27832,heures,NOM,heure,FR,lemmesTempsChronoFR
w_FR_VD_2012_27856,FR_VD,VD,2012,27856,heures,NOM,heure,FR,lemmesTempsChronoFR
w_FR_VD_2012_28084,FR_VD,VD,2012,28084,heure,NOM,heure,FR,lemmesTempsChronoFR
w_FR_VD_2012_28118,FR_VD,VD,2012,28118,heure,NOM,heure,FR,lemmesTempsChronoFR
w_FR_VD_2012_28154,FR_VD,VD,2012,28154,heure,NOM,heure,FR,lemmesTempsChronoFR
w_FR_VD_2012_28161,FR_VD,VD,2012,28161,heures,NOM,heure,FR,lemmesTempsChronoFR
w_FR_VD_2012_28176,FR_VD,VD,2012,28176,heure,NOM,heure,FR,lemmesTempsChronoFR
w_FR_VD_2012_30218,FR_VD,VD,2012,30218,heures,NOM,heure,FR,lemmesTempsChronoFR
w_FR_VD_2012_45339,FR_VD,VD,2012,45339,heure,NOM,heure,FR,lemmesTempsChronoFR
w_FR_VD_2012_46296,FR_VD,VD,2012,46296,heure,NOM,heure,FR,lemmesTempsChronoFR
w_FR_VD_2012_46581,FR_VD,VD,2012,46581,heure,NOM,heure,FR,lemmesTempsChronoFR
w_FR_VD_2012_47199,FR_VD,VD,2012,47199,heure,NOM,heure,FR,lemmesTempsChronoFR
w_FR_VD_2012_47494,FR_VD,VD,2012,47494,heure,NOM,heure,FR,lemmesTempsChronoFR
w_FR_VD_2012_48126,FR_VD,VD,2012,48126,heures,NOM,heure,FR,lemmesTempsChronoFR
w_FR_VD_2012_59921,FR_VD,VD,2012,59921,heures,NOM,heure,FR,lemmesTempsChronoFR
w_FR_VD_2012_133208,FR_VD,VD,2012,133208,heure,NOM,heure,FR,lemmesTempsChronoFR
w_FR_VD_2012_147588,FR_VD,VD,2012,147588,heures,NOM,heure,FR,lemmesTempsChronoFR
w_FR_VD_2012_148546,FR_VD,VD,2012,148546,heures,NOM,heure,FR,lemmesTempsChronoFR
w_FR_VD_2012_158490,FR_VD,VD,2012,158490,heure,NOM,heure,FR,lemmesTempsChronoFR
w_FR_BE_2013_1535,FR_BE,BE,2013,1535,H,ABR,heure,FR,lemmesTempsChronoFR
w_FR_BE_2013_9387,FR_BE,BE,2013,9387,heure,NOM,heure,FR,lemmesTempsChronoFR
w_FR_BE_2013_9879,FR_BE,BE,2013,9879,heure,NOM,heure,FR,lemmesTempsChronoFR
w_FR_BE_2013_13672,FR_BE,BE,2013,13672,H,ABR,heure,FR,lemmesTempsChronoFR
w_FR_BE_2013_21964,FR_BE,BE,2013,21964,heures,NOM,heure,FR,lemmesTempsChronoFR
w_FR_BE_2013_23704,FR_BE,BE,2013,23704,heures,NOM,heure,FR,lemmesTempsChronoFR
w_FR_BE_2013_45150,FR_BE,BE,2013,45150,H,ABR,heure,FR,lemmesTempsChronoFR
w_FR_BE_2013_45152,FR_BE,BE,2013,45152,H,ABR,heure,FR,lemmesTempsChronoFR
w_FR_BE_2013_45749,FR_BE,BE,2013,45749,H,ABR,heure,FR,lemmesTempsChronoFR
w_FR_BE_2013_50074,FR_BE,BE,2013,50074,H,ABR,heure,FR,lemmesTempsChronoFR
w_FR_BE_2013_61726,FR_BE,BE,2013,61726,heures,NOM,heure,FR,lemmesTempsChronoFR
w_FR_BE_2013_62883,FR_BE,BE,2013,62883,H,ABR,heure,FR,lemmesTempsChronoFR
w_FR_BE_2013_68429,FR_BE,BE,2013,68429,heures,NOM,heure,FR,lemmesTempsChronoFR
w_FR_BE_2013_68432,FR_BE,BE,2013,68432,heures,NOM,heure,FR,lemmesTempsChronoFR
w_FR_BE_2013_68786,FR_BE,BE,2013,68786,heures,NOM,heure,FR,lemmesTempsChronoFR
w_FR_BE_2013_69504,FR_BE,BE,2013,69504,H,ABR,heure,FR,lemmesTempsChronoFR
w_FR_BE_2013_71285,FR_BE,BE,2013,71285,H,ABR,heure,FR,lemmesTempsChronoFR
w_FR_BE_2013_91773,FR_BE,BE,2013,91773,H,ABR,heure,FR,lemmesTempsChronoFR
w_FR_BE_2013_101448,FR_BE,BE,2013,101448,H,ABR,heure,FR,lemmesTempsChronoFR
w_FR_BE_2013_110070,FR_BE,BE,2013,110070,H,ABR,heure,FR,lemmesTempsChronoFR
w_FR_GE_2024_22635,FR_GE,GE,2024,22635,heures,NOM,heure,FR,lemmesTempsChronoFR
w_FR_GE_2024_41379,FR_GE,GE,2024,41379,heure,NOM,heure,FR,lemmesTempsChronoFR
w_FR_GE_2024_76760,FR_GE,GE,2024,76760,H,ABR,heure,FR,lemmesTempsChronoFR
w_FR_GE_2024_107568,FR_GE,GE,2024,107568,H,ABR,heure,FR,lemmesTempsChronoFR
w_FR_GE_2024_111352,FR_GE,GE,2024,111352,heures,NOM,heure,FR,lemmesTempsChronoFR
w_FR_GE_2024_114604,FR_GE,GE,2024,114604,H,ABR,heure,FR,lemmesTempsChronoFR
w_FR_GE_2024_114622,FR_GE,GE,2024,114622,H,ABR,heure,FR,lemmesTempsChronoFR
w_FR_GE_2024_114637,FR_GE,GE,2024,114637,H,ABR,heure,FR,lemmesTempsChronoFR
w_FR_GE_2024_114655,FR_GE,GE,2024,114655,H,ABR,heure,FR,lemmesTempsChronoFR
w_FR_GE_2024_115108,FR_GE,GE,2024,115108,heure,NOM,heure,FR,lemmesTempsChronoFR
w_FR_GE_2024_115119,FR_GE,GE,2024,115119,heure,NOM,heure,FR,lemmesTempsChronoFR
w_FR_GE_2024_116017,FR_GE,GE,2024,116017,heure,NOM,heure,FR,lemmesTempsChronoFR
w_FR_GE_2024_116157,FR_GE,GE,2024,116157,heure,NOM,heure,FR,lemmesTempsChronoFR
w_FR_GE_2024_116197,FR_GE,GE,2024,116197,heure,NOM,heure,FR,lemmesTempsChronoFR
w_FR_GE_2024_116211,FR_GE,GE,2024,116211,heure,NOM,heure,FR,lemmesTempsChronoFR
w_FR_GE_2024_116658,FR_GE,GE,2024,116658,H,ABR,heure,FR,lemmesTempsChronoFR
w_FR_GE_2024_117383,FR_GE,GE,2024,117383,heure,NOM,heure,FR,lemmesTempsChronoFR
w_FR_GE_2024_117426,FR_GE,GE,2024,117426,heure,NOM,heure,FR,lemmesTempsChronoFR
w_FR_GE_2024_118848,FR_GE,GE,2024,118848,H,ABR,heure,FR,lemmesTempsChronoFR
w_FR_GE_2024_118866,FR_GE,GE,2024,118866,H,ABR,heure,FR,lemmesTempsChronoFR
w_FR_GE_2024_119016,FR_GE,GE,2024,119016,H,ABR,heure,FR,lemmesTempsChronoFR
w_FR_GE_2024_119549,FR_GE,GE,2024,119549,H,ABR,heure,FR,lemmesTempsChronoFR
w_FR_GE_2024_121678,FR_GE,GE,2024,121678,H,ABR,heure,FR,lemmesTempsChronoFR
w_FR_GE_2024_121899,FR_GE,GE,2024,121899,H,ABR,heure,FR,lemmesTempsChronoFR
w_FR_GE_2024_122031,FR_GE,GE,2024,122031,heures,NOM,heure,FR,lemmesTempsChronoFR
w_FR_GE_2024_122179,FR_GE,GE,2024,122179,H,ABR,heure,FR,lemmesTempsChronoFR
w_FR_GE_2024_124826,FR_GE,GE,2024,124826,H,ABR,heure,FR,lemmesTempsChronoFR
w_FR_GE_2024_127699,FR_GE,GE,2024,127699,heures,NOM,heure,FR,lemmesTempsChronoFR
w_FR_GE_2024_129505,FR_GE,GE,2024,129505,H,ABR,heure,FR,lemmesTempsChronoFR
w_FR_GE_2024_129513,FR_GE,GE,2024,129513,H,ABR,heure,FR,lemmesTempsChronoFR
w_FR_GE_2024_129558,FR_GE,GE,2024,129558,H,ABR,heure,FR,lemmesTempsChronoFR
w_FR_GE_2024_129571,FR_GE,GE,2024,129571,H,ABR,heure,FR,lemmesTempsChronoFR
w_FR_GE_2024_132818,FR_GE,GE,2024,132818,H,ABR,heure,FR,lemmesTempsChronoFR
w_FR_GE_2024_132918,FR_GE,GE,2024,132918,H,ABR,heure,FR,lemmesTempsChronoFR
w_FR_GE_2024_133033,FR_GE,GE,2024,133033,H,ABR,heure,FR,lemmesTempsChronoFR
w_FR_GE_2024_134162,FR_GE,GE,2024,134162,h,ABR,heure,FR,lemmesTempsChronoFR
w_FR_GE_2024_134166,FR_GE,GE,2024,134166,h,ABR,heure,FR,lemmesTempsChronoFR
w_FR_GE_2024_137521,FR_GE,GE,2024,137521,H,ABR,heure,FR,lemmesTempsChronoFR
w_FR_GE_2024_139519,FR_GE,GE,2024,139519,H,ABR,heure,FR,lemmesTempsChronoFR
w_FR_GE_2024_149037,FR_GE,GE,2024,149037,H,ABR,heure,FR,lemmesTempsChronoFR
w_FR_GE_2024_154243,FR_GE,GE,2024,154243,H,ABR,heure,FR,lemmesTempsChronoFR
w_FR_GE_2024_157543,FR_GE,GE,2024,157543,h,ABR,heure,FR,lemmesTempsChronoFR
w_FR_GE_2024_162295,FR_GE,GE,2024,162295,H,ABR,heure,FR,lemmesTempsChronoFR
w_FR_GE_2024_169046,FR_GE,GE,2024,169046,h,ABR,heure,FR,lemmesTempsChronoFR
w_FR_GE_2024_191917,FR_GE,GE,2024,191917,h,ABR,heure,FR,lemmesTempsChronoFR
w_FR_GE_2024_196683,FR_GE,GE,2024,196683,H,ABR,heure,FR,lemmesTempsChronoFR
w_FR_GE_2024_199408,FR_GE,GE,2024,199408,heures,NOM,heure,FR,lemmesTempsChronoFR
w_FR_BE_2016_642,FR_BE,BE,2016,642,H,ABR,heure,FR,lemmesTempsChronoFR
w_FR_BE_2016_8556,FR_BE,BE,2016,8556,heures,NOM,heure,FR,lemmesTempsChronoFR
w_FR_BE_2016_13417,FR_BE,BE,2016,13417,H,ABR,heure,FR,lemmesTempsChronoFR
w_FR_BE_2016_28411,FR_BE,BE,2016,28411,heures,NOM,heure,FR,lemmesTempsChronoFR
w_FR_BE_2016_30161,FR_BE,BE,2016,30161,heures,NOM,heure,FR,lemmesTempsChronoFR
w_FR_BE_2016_33438,FR_BE,BE,2016,33438,heure,NOM,heure,FR,lemmesTempsChronoFR
w_FR_BE_2016_41422,FR_BE,BE,2016,41422,heure,NOM,heure,FR,lemmesTempsChronoFR
w_FR_BE_2016_52693,FR_BE,BE,2016,52693,H,ABR,heure,FR,lemmesTempsChronoFR
w_FR_BE_2016_52695,FR_BE,BE,2016,52695,H,ABR,heure,FR,lemmesTempsChronoFR
w_FR_BE_2016_53293,FR_BE,BE,2016,53293,H,ABR,heure,FR,lemmesTempsChronoFR
w_FR_BE_2016_57084,FR_BE,BE,2016,57084,H,ABR,heure,FR,lemmesTempsChronoFR
w_FR_BE_2016_71895,FR_BE,BE,2016,71895,heures,NOM,heure,FR,lemmesTempsChronoFR
w_FR_BE_2016_72999,FR_BE,BE,2016,72999,H,ABR,heure,FR,lemmesTempsChronoFR
w_FR_BE_2016_78168,FR_BE,BE,2016,78168,heures,NOM,heure,FR,lemmesTempsChronoFR
w_FR_BE_2016_78171,FR_BE,BE,2016,78171,heures,NOM,heure,FR,lemmesTempsChronoFR
w_FR_BE_2016_78525,FR_BE,BE,2016,78525,heures,NOM,heure,FR,lemmesTempsChronoFR
w_FR_BE_2016_82058,FR_BE,BE,2016,82058,H,ABR,heure,FR,lemmesTempsChronoFR
w_FR_BE_2016_84690,FR_BE,BE,2016,84690,H,ABR,heure,FR,lemmesTempsChronoFR
w_FR_BE_2016_100397,FR_BE,BE,2016,100397,heure,NOM,heure,FR,lemmesTempsChronoFR
w_FR_BE_2016_111653,FR_BE,BE,2016,111653,H,ABR,heure,FR,lemmesTempsChronoFR
w_FR_BE_2016_120893,FR_BE,BE,2016,120893,H,ABR,heure,FR,lemmesTempsChronoFR
w_FR_BE_2016_130391,FR_BE,BE,2016,130391,H,ABR,heure,FR,lemmesTempsChronoFR
w_FR_JU_2018_8139,FR_JU,JU,2018,8139,heures,NOM,heure,FR,lemmesTempsChronoFR
w_FR_VD_2011_9229,FR_VD,VD,2011,9229,heures,NOM,heure,FR,lemmesTempsChronoFR
w_FR_VD_2011_9940,FR_VD,VD,2011,9940,heure,NOM,heure,FR,lemmesTempsChronoFR
w_FR_VD_2011_10279,FR_VD,VD,2011,10279,h,ABR,heure,FR,lemmesTempsChronoFR
w_FR_VD_2011_10308,FR_VD,VD,2011,10308,heures,NOM,heure,FR,lemmesTempsChronoFR
w_FR_VD_2011_10332,FR_VD,VD,2011,10332,heures,NOM,heure,FR,lemmesTempsChronoFR
w_FR_VD_2011_10558,FR_VD,VD,2011,10558,heure,NOM,heure,FR,lemmesTempsChronoFR
w_FR_VD_2011_10592,FR_VD,VD,2011,10592,heure,NOM,heure,FR,lemmesTempsChronoFR
w_FR_VD_2011_10628,FR_VD,VD,2011,10628,heure,NOM,heure,FR,lemmesTempsChronoFR
w_FR_VD_2011_10635,FR_VD,VD,2011,10635,heures,NOM,heure,FR,lemmesTempsChronoFR
w_FR_VD_2011_10650,FR_VD,VD,2011,10650,heure,NOM,heure,FR,lemmesTempsChronoFR
w_FR_VD_2011_12808,FR_VD,VD,2011,12808,heures,NOM,heure,FR,lemmesTempsChronoFR
w_FR_VD_2011_26223,FR_VD,VD,2011,26223,heure,NOM,heure,FR,lemmesTempsChronoFR
w_FR_VD_2011_27282,FR_VD,VD,2011,27282,heure,NOM,heure,FR,lemmesTempsChronoFR
w_FR_VD_2011_27561,FR_VD,VD,2011,27561,heure,NOM,heure,FR,lemmesTempsChronoFR
w_FR_VD_2011_28219,FR_VD,VD,2011,28219,heure,NOM,heure,FR,lemmesTempsChronoFR
w_FR_VD_2011_28458,FR_VD,VD,2011,28458,heures,NOM,heure,FR,lemmesTempsChronoFR
w_FR_VD_2011_28795,FR_VD,VD,2011,28795,heures,NOM,heure,FR,lemmesTempsChronoFR
w_FR_VD_2011_39801,FR_VD,VD,2011,39801,heures,NOM,heure,FR,lemmesTempsChronoFR
w_FR_VD_2011_105974,FR_VD,VD,2011,105974,heure,NOM,heure,FR,lemmesTempsChronoFR
w_FR_VD_2011_118953,FR_VD,VD,2011,118953,heures,NOM,heure,FR,lemmesTempsChronoFR
w_FR_VD_2011_119917,FR_VD,VD,2011,119917,heures,NOM,heure,FR,lemmesTempsChronoFR
w_FR_VD_2011_129883,FR_VD,VD,2011,129883,heure,NOM,heure,FR,lemmesTempsChronoFR
w_FR_VD_2011_158714,FR_VD,VD,2011,158714,heure,NOM,heure,FR,lemmesTempsChronoFR
w_FR_VD_2011_185476,FR_VD,VD,2011,185476,H,ABR,heure,FR,lemmesTempsChronoFR
w_FR_BE_2012_1552,FR_BE,BE,2012,1552,H,ABR,heure,FR,lemmesTempsChronoFR
w_FR_BE_2012_9404,FR_BE,BE,2012,9404,heure,NOM,heure,FR,lemmesTempsChronoFR
w_FR_BE_2012_9896,FR_BE,BE,2012,9896,heure,NOM,heure,FR,lemmesTempsChronoFR
w_FR_BE_2012_13689,FR_BE,BE,2012,13689,H,ABR,heure,FR,lemmesTempsChronoFR
w_FR_BE_2012_21981,FR_BE,BE,2012,21981,heures,NOM,heure,FR,lemmesTempsChronoFR
w_FR_BE_2012_23721,FR_BE,BE,2012,23721,heures,NOM,heure,FR,lemmesTempsChronoFR
w_FR_BE_2012_45167,FR_BE,BE,2012,45167,H,ABR,heure,FR,lemmesTempsChronoFR
w_FR_BE_2012_45169,FR_BE,BE,2012,45169,H,ABR,heure,FR,lemmesTempsChronoFR
w_FR_BE_2012_45766,FR_BE,BE,2012,45766,H,ABR,heure,FR,lemmesTempsChronoFR
w_FR_BE_2012_50091,FR_BE,BE,2012,50091,H,ABR,heure,FR,lemmesTempsChronoFR
w_FR_BE_2012_60978,FR_BE,BE,2012,60978,heures,NOM,heure,FR,lemmesTempsChronoFR
w_FR_BE_2012_62074,FR_BE,BE,2012,62074,H,ABR,heure,FR,lemmesTempsChronoFR
w_FR_BE_2012_67787,FR_BE,BE,2012,67787,heures,NOM,heure,FR,lemmesTempsChronoFR
w_FR_BE_2012_67790,FR_BE,BE,2012,67790,heures,NOM,heure,FR,lemmesTempsChronoFR
w_FR_BE_2012_68144,FR_BE,BE,2012,68144,heures,NOM,heure,FR,lemmesTempsChronoFR
w_FR_BE_2012_68845,FR_BE,BE,2012,68845,H,ABR,heure,FR,lemmesTempsChronoFR
w_FR_BE_2012_70626,FR_BE,BE,2012,70626,H,ABR,heure,FR,lemmesTempsChronoFR
w_FR_BE_2012_92796,FR_BE,BE,2012,92796,H,ABR,heure,FR,lemmesTempsChronoFR
w_FR_BE_2012_93747,FR_BE,BE,2012,93747,heure,NOM,heure,FR,lemmesTempsChronoFR
w_FR_BE_2012_93796,FR_BE,BE,2012,93796,heure,NOM,heure,FR,lemmesTempsChronoFR
w_FR_BE_2012_94021,FR_BE,BE,2012,94021,heure,NOM,heure,FR,lemmesTempsChronoFR
w_FR_BE_2012_104594,FR_BE,BE,2012,104594,H,ABR,heure,FR,lemmesTempsChronoFR
w_FR_BE_2012_113303,FR_BE,BE,2012,113303,H,ABR,heure,FR,lemmesTempsChronoFR
w_FR_FR_2002_1245,FR_FR,FR,2002,1245,heure,NOM,heure,FR,lemmesTempsChronoFR
w_FR_FR_2002_3608,FR_FR,FR,2002,3608,h,ABR,heure,FR,lemmesTempsChronoFR
w_FR_FR_2002_4194,FR_FR,FR,2002,4194,h,ABR,heure,FR,lemmesTempsChronoFR
w_FR_FR_2002_4715,FR_FR,FR,2002,4715,h,ABR,heure,FR,lemmesTempsChronoFR
w_FR_FR_2002_5181,FR_FR,FR,2002,5181,h,ABR,heure,FR,lemmesTempsChronoFR
w_FR_FR_2002_9817,FR_FR,FR,2002,9817,h,ABR,heure,FR,lemmesTempsChronoFR
w_FR_FR_2002_11647,FR_FR,FR,2002,11647,heure,NOM,heure,FR,lemmesTempsChronoFR
w_FR_FR_2002_15992,FR_FR,FR,2002,15992,h,ABR,heure,FR,lemmesTempsChronoFR
w_FR_FR_2002_16002,FR_FR,FR,2002,16002,h,ABR,heure,FR,lemmesTempsChronoFR
w_FR_FR_2002_16008,FR_FR,FR,2002,16008,h,ABR,heure,FR,lemmesTempsChronoFR
w_FR_FR_2002_16603,FR_FR,FR,2002,16603,h,ABR,heure,FR,lemmesTempsChronoFR
w_FR_FR_2002_16613,FR_FR,FR,2002,16613,h,ABR,heure,FR,lemmesTempsChronoFR
w_FR_FR_2002_16619,FR_FR,FR,2002,16619,h,ABR,heure,FR,lemmesTempsChronoFR
w_FR_FR_2002_16996,FR_FR,FR,2002,16996,H,ABR,heure,FR,lemmesTempsChronoFR
w_FR_FR_2002_17521,FR_FR,FR,2002,17521,H,ABR,heure,FR,lemmesTempsChronoFR
w_FR_FR_2002_30181,FR_FR,FR,2002,30181,H,ABR,heure,FR,lemmesTempsChronoFR
w_FR_FR_2002_30744,FR_FR,FR,2002,30744,heures,NOM,heure,FR,lemmesTempsChronoFR
w_FR_FR_2002_32804,FR_FR,FR,2002,32804,h,ABR,heure,FR,lemmesTempsChronoFR
w_FR_FR_2002_33115,FR_FR,FR,2002,33115,h,ABR,heure,FR,lemmesTempsChronoFR
w_FR_FR_2002_36136,FR_FR,FR,2002,36136,h,ABR,heure,FR,lemmesTempsChronoFR
w_FR_FR_2002_40848,FR_FR,FR,2002,40848,h,ABR,heure,FR,lemmesTempsChronoFR
w_FR_FR_2002_41426,FR_FR,FR,2002,41426,h,ABR,heure,FR,lemmesTempsChronoFR
w_FR_FR_2002_41980,FR_FR,FR,2002,41980,h,ABR,heure,FR,lemmesTempsChronoFR
w_FR_FR_2002_47772,FR_FR,FR,2002,47772,heure,NOM,heure,FR,lemmesTempsChronoFR
w_FR_FR_2002_56354,FR_FR,FR,2002,56354,h,ABR,heure,FR,lemmesTempsChronoFR
w_FR_FR_2002_64646,FR_FR,FR,2002,64646,h,ABR,heure,FR,lemmesTempsChronoFR
w_FR_FR_2002_64659,FR_FR,FR,2002,64659,h,ABR,heure,FR,lemmesTempsChronoFR
w_FR_FR_2002_65138,FR_FR,FR,2002,65138,h,ABR,heure,FR,lemmesTempsChronoFR
w_FR_FR_2002_65151,FR_FR,FR,2002,65151,h,ABR,heure,FR,lemmesTempsChronoFR
w_FR_FR_2002_67564,FR_FR,FR,2002,67564,heure,NOM,heure,FR,lemmesTempsChronoFR
w_FR_FR_2002_71243,FR_FR,FR,2002,71243,heure,NOM,heure,FR,lemmesTempsChronoFR
w_FR_FR_2002_71555,FR_FR,FR,2002,71555,heure,NOM,heure,FR,lemmesTempsChronoFR
w_FR_FR_2002_73139,FR_FR,FR,2002,73139,heure,NOM,heure,FR,lemmesTempsChronoFR
w_FR_FR_2002_74178,FR_FR,FR,2002,74178,h,ABR,heure,FR,lemmesTempsChronoFR
w_FR_FR_2002_74849,FR_FR,FR,2002,74849,h,ABR,heure,FR,lemmesTempsChronoFR
w_FR_FR_2002_75365,FR_FR,FR,2002,75365,h,ABR,heure,FR,lemmesTempsChronoFR
w_FR_FR_2002_75848,FR_FR,FR,2002,75848,h,ABR,heure,FR,lemmesTempsChronoFR
w_FR_FR_2002_76339,FR_FR,FR,2002,76339,h,ABR,heure,FR,lemmesTempsChronoFR
w_FR_FR_2002_82192,FR_FR,FR,2002,82192,heures,NOM,heure,FR,lemmesTempsChronoFR
w_FR_FR_2002_90052,FR_FR,FR,2002,90052,heure,NOM,heure,FR,lemmesTempsChronoFR
w_FR_FR_2002_101923,FR_FR,FR,2002,101923,h,ABR,heure,FR,lemmesTempsChronoFR
w_FR_FR_2002_101933,FR_FR,FR,2002,101933,h,ABR,heure,FR,lemmesTempsChronoFR
w_FR_FR_2002_101939,FR_FR,FR,2002,101939,h,ABR,heure,FR,lemmesTempsChronoFR
w_FR_FR_2002_102439,FR_FR,FR,2002,102439,h,ABR,heure,FR,lemmesTempsChronoFR
w_FR_FR_2002_102449,FR_FR,FR,2002,102449,h,ABR,heure,FR,lemmesTempsChronoFR
w_FR_FR_2002_102455,FR_FR,FR,2002,102455,h,ABR,heure,FR,lemmesTempsChronoFR
w_FR_FR_2002_102895,FR_FR,FR,2002,102895,h,ABR,heure,FR,lemmesTempsChronoFR
w_FR_FR_2002_102905,FR_FR,FR,2002,102905,h,ABR,heure,FR,lemmesTempsChronoFR
w_FR_FR_2002_102911,FR_FR,FR,2002,102911,h,ABR,heure,FR,lemmesTempsChronoFR
w_FR_FR_2002_103329,FR_FR,FR,2002,103329,h,ABR,heure,FR,lemmesTempsChronoFR
w_FR_FR_2002_103339,FR_FR,FR,2002,103339,h,ABR,heure,FR,lemmesTempsChronoFR
w_FR_FR_2002_103345,FR_FR,FR,2002,103345,h,ABR,heure,FR,lemmesTempsChronoFR
w_FR_FR_2002_103430,FR_FR,FR,2002,103430,H,ABR,heure,FR,lemmesTempsChronoFR
w_FR_FR_2002_103936,FR_FR,FR,2002,103936,H,ABR,heure,FR,lemmesTempsChronoFR
w_FR_FR_2002_104294,FR_FR,FR,2002,104294,H,ABR,heure,FR,lemmesTempsChronoFR
w_FR_FR_2002_104658,FR_FR,FR,2002,104658,H,ABR,heure,FR,lemmesTempsChronoFR
w_FR_FR_2002_104950,FR_FR,FR,2002,104950,H,ABR,heure,FR,lemmesTempsChronoFR
w_FR_FR_2002_119182,FR_FR,FR,2002,119182,heure,NOM,heure,FR,lemmesTempsChronoFR
w_FR_FR_2002_129139,FR_FR,FR,2002,129139,heure,NOM,heure,FR,lemmesTempsChronoFR
w_FR_FR_2002_129674,FR_FR,FR,2002,129674,heure,NOM,heure,FR,lemmesTempsChronoFR
w_FR_FR_2002_129935,FR_FR,FR,2002,129935,heures,NOM,heure,FR,lemmesTempsChronoFR
w_FR_FR_2002_129938,FR_FR,FR,2002,129938,heures,NOM,heure,FR,lemmesTempsChronoFR
w_FR_FR_2002_130020,FR_FR,FR,2002,130020,heures,NOM,heure,FR,lemmesTempsChronoFR
w_FR_FR_2002_130027,FR_FR,FR,2002,130027,heures,NOM,heure,FR,lemmesTempsChronoFR
w_FR_FR_2002_130030,FR_FR,FR,2002,130030,heures,NOM,heure,FR,lemmesTempsChronoFR
w_FR_FR_2002_130190,FR_FR,FR,2002,130190,heures,NOM,heure,FR,lemmesTempsChronoFR
w_FR_FR_2002_139172,FR_FR,FR,2002,139172,h,ABR,heure,FR,lemmesTempsChronoFR
w_FR_FR_2002_139680,FR_FR,FR,2002,139680,h,ABR,heure,FR,lemmesTempsChronoFR
w_FR_FR_2002_145840,FR_FR,FR,2002,145840,H,ABR,heure,FR,lemmesTempsChronoFR
w_FR_FR_2002_145847,FR_FR,FR,2002,145847,h,ABR,heure,FR,lemmesTempsChronoFR
w_FR_FR_2002_146426,FR_FR,FR,2002,146426,H,ABR,heure,FR,lemmesTempsChronoFR
w_FR_FR_2002_146433,FR_FR,FR,2002,146433,h,ABR,heure,FR,lemmesTempsChronoFR
w_FR_FR_2002_146901,FR_FR,FR,2002,146901,H,ABR,heure,FR,lemmesTempsChronoFR
w_FR_FR_2002_146908,FR_FR,FR,2002,146908,h,ABR,heure,FR,lemmesTempsChronoFR
w_FR_FR_2002_147170,FR_FR,FR,2002,147170,h,ABR,heure,FR,lemmesTempsChronoFR
w_FR_FR_2002_147735,FR_FR,FR,2002,147735,h,ABR,heure,FR,lemmesTempsChronoFR
w_FR_FR_2002_148095,FR_FR,FR,2002,148095,h,ABR,heure,FR,lemmesTempsChronoFR
w_FR_FR_2002_160100,FR_FR,FR,2002,160100,h,ABR,heure,FR,lemmesTempsChronoFR
w_FR_FR_2002_160672,FR_FR,FR,2002,160672,h,ABR,heure,FR,lemmesTempsChronoFR
w_FR_FR_2002_161065,FR_FR,FR,2002,161065,h,ABR,heure,FR,lemmesTempsChronoFR
w_FR_FR_2002_161202,FR_FR,FR,2002,161202,h,ABR,heure,FR,lemmesTempsChronoFR
w_FR_FR_2002_174582,FR_FR,FR,2002,174582,h,ABR,heure,FR,lemmesTempsChronoFR
w_FR_FR_2002_175219,FR_FR,FR,2002,175219,h,ABR,heure,FR,lemmesTempsChronoFR
w_FR_FR_2002_175702,FR_FR,FR,2002,175702,h,ABR,heure,FR,lemmesTempsChronoFR
w_FR_FR_2002_176178,FR_FR,FR,2002,176178,h,ABR,heure,FR,lemmesTempsChronoFR
w_FR_FR_2002_176781,FR_FR,FR,2002,176781,h,ABR,heure,FR,lemmesTempsChronoFR
w_FR_FR_2002_177349,FR_FR,FR,2002,177349,h,ABR,heure,FR,lemmesTempsChronoFR
w_FR_FR_2002_177826,FR_FR,FR,2002,177826,h,ABR,heure,FR,lemmesTempsChronoFR
w_FR_FR_2002_178322,FR_FR,FR,2002,178322,h,ABR,heure,FR,lemmesTempsChronoFR
w_FR_FR_2002_178759,FR_FR,FR,2002,178759,h,ABR,heure,FR,lemmesTempsChronoFR
w_FR_FR_2002_179239,FR_FR,FR,2002,179239,h,ABR,heure,FR,lemmesTempsChronoFR
w_FR_FR_2002_179731,FR_FR,FR,2002,179731,h,ABR,heure,FR,lemmesTempsChronoFR
w_FR_FR_2002_200061,FR_FR,FR,2002,200061,heure,NOM,heure,FR,lemmesTempsChronoFR
w_FR_FR_2002_208936,FR_FR,FR,2002,208936,h,ABR,heure,FR,lemmesTempsChronoFR
w_FR_FR_2002_209558,FR_FR,FR,2002,209558,h,ABR,heure,FR,lemmesTempsChronoFR
w_FR_FR_2002_209939,FR_FR,FR,2002,209939,h,ABR,heure,FR,lemmesTempsChronoFR
w_FR_FR_2002_210351,FR_FR,FR,2002,210351,h,ABR,heure,FR,lemmesTempsChronoFR
w_FR_FR_2002_210769,FR_FR,FR,2002,210769,h,ABR,heure,FR,lemmesTempsChronoFR
w_FR_FR_2002_211203,FR_FR,FR,2002,211203,h,ABR,heure,FR,lemmesTempsChronoFR
w_FR_FR_2002_211639,FR_FR,FR,2002,211639,h,ABR,heure,FR,lemmesTempsChronoFR
w_FR_FR_2002_212002,FR_FR,FR,2002,212002,h,ABR,heure,FR,lemmesTempsChronoFR
w_FR_FR_2002_212446,FR_FR,FR,2002,212446,h,ABR,heure,FR,lemmesTempsChronoFR
w_FR_FR_2002_212934,FR_FR,FR,2002,212934,h,ABR,heure,FR,lemmesTempsChronoFR
w_FR_VD_2022_22199,FR_VD,VD,2022,22199,heure,NOM,heure,FR,lemmesTempsChronoFR
w_FR_VD_2022_27299,FR_VD,VD,2022,27299,heures,NOM,heure,FR,lemmesTempsChronoFR
w_FR_VD_2022_28388,FR_VD,VD,2022,28388,heure,NOM,heure,FR,lemmesTempsChronoFR
w_FR_VD_2022_28407,FR_VD,VD,2022,28407,heures,NOM,heure,FR,lemmesTempsChronoFR
w_FR_VD_2022_28425,FR_VD,VD,2022,28425,heure,NOM,heure,FR,lemmesTempsChronoFR
w_FR_VD_2022_29182,FR_VD,VD,2022,29182,heure,NOM,heure,FR,lemmesTempsChronoFR
w_FR_VD_2022_48441,FR_VD,VD,2022,48441,heure,NOM,heure,FR,lemmesTempsChronoFR
w_FR_VD_2022_49867,FR_VD,VD,2022,49867,heure,NOM,heure,FR,lemmesTempsChronoFR
w_FR_VD_2022_50254,FR_VD,VD,2022,50254,heure,NOM,heure,FR,lemmesTempsChronoFR
w_FR_VD_2022_50933,FR_VD,VD,2022,50933,heure,NOM,heure,FR,lemmesTempsChronoFR
w_FR_VD_2022_51246,FR_VD,VD,2022,51246,heure,NOM,heure,FR,lemmesTempsChronoFR
w_FR_VD_2022_51927,FR_VD,VD,2022,51927,heures,NOM,heure,FR,lemmesTempsChronoFR
w_FR_VD_2022_63683,FR_VD,VD,2022,63683,heures,NOM,heure,FR,lemmesTempsChronoFR
w_FR_VD_2022_161399,FR_VD,VD,2022,161399,heures,NOM,heure,FR,lemmesTempsChronoFR
w_FR_VS_2019_15931,FR_VS,VS,2019,15931,h,ABR,heure,FR,lemmesTempsChronoFR
w_FR_VS_2019_23407,FR_VS,VS,2019,23407,heure,NOM,heure,FR,lemmesTempsChronoFR
w_FR_VS_2019_28661,FR_VS,VS,2019,28661,heures,NOM,heure,FR,lemmesTempsChronoFR
w_FR_VS_2019_93679,FR_VS,VS,2019,93679,heures,NOM,heure,FR,lemmesTempsChronoFR
w_FR_VS_2019_94469,FR_VS,VS,2019,94469,heures,NOM,heure,FR,lemmesTempsChronoFR
w_FR_VS_2019_106885,FR_VS,VS,2019,106885,heures,NOM,heure,FR,lemmesTempsChronoFR
w_FR_BE_2008_1575,FR_BE,BE,2008,1575,H,ABR,heure,FR,lemmesTempsChronoFR
w_FR_BE_2008_9268,FR_BE,BE,2008,9268,heure,NOM,heure,FR,lemmesTempsChronoFR
w_FR_BE_2008_9754,FR_BE,BE,2008,9754,heure,NOM,heure,FR,lemmesTempsChronoFR
w_FR_BE_2008_13562,FR_BE,BE,2008,13562,H,ABR,heure,FR,lemmesTempsChronoFR
w_FR_BE_2008_17325,FR_BE,BE,2008,17325,heure,NOM,heure,FR,lemmesTempsChronoFR
w_FR_BE_2008_20583,FR_BE,BE,2008,20583,heures,NOM,heure,FR,lemmesTempsChronoFR
w_FR_BE_2008_22377,FR_BE,BE,2008,22377,heures,NOM,heure,FR,lemmesTempsChronoFR
w_FR_BE_2008_41992,FR_BE,BE,2008,41992,H,ABR,heure,FR,lemmesTempsChronoFR
w_FR_BE_2008_41994,FR_BE,BE,2008,41994,H,ABR,heure,FR,lemmesTempsChronoFR
w_FR_BE_2008_42591,FR_BE,BE,2008,42591,H,ABR,heure,FR,lemmesTempsChronoFR
w_FR_BE_2008_46663,FR_BE,BE,2008,46663,H,ABR,heure,FR,lemmesTempsChronoFR
w_FR_BE_2008_57076,FR_BE,BE,2008,57076,heures,NOM,heure,FR,lemmesTempsChronoFR
w_FR_BE_2008_64034,FR_BE,BE,2008,64034,heures,NOM,heure,FR,lemmesTempsChronoFR
w_FR_BE_2008_64037,FR_BE,BE,2008,64037,heures,NOM,heure,FR,lemmesTempsChronoFR
w_FR_BE_2008_64476,FR_BE,BE,2008,64476,H,ABR,heure,FR,lemmesTempsChronoFR
w_FR_BE_2008_65852,FR_BE,BE,2008,65852,H,ABR,heure,FR,lemmesTempsChronoFR
w_FR_BE_2008_76395,FR_BE,BE,2008,76395,heure,NOM,heure,FR,lemmesTempsChronoFR
w_FR_BE_2008_81491,FR_BE,BE,2008,81491,H,ABR,heure,FR,lemmesTempsChronoFR
w_FR_BE_2008_88272,FR_BE,BE,2008,88272,H,ABR,heure,FR,lemmesTempsChronoFR
w_FR_VD_2008_8947,FR_VD,VD,2008,8947,heures,NOM,heure,FR,lemmesTempsChronoFR
w_FR_VD_2008_9574,FR_VD,VD,2008,9574,heure,NOM,heure,FR,lemmesTempsChronoFR
w_FR_VD_2008_9627,FR_VD,VD,2008,9627,heures,NOM,heure,FR,lemmesTempsChronoFR
w_FR_VD_2008_9705,FR_VD,VD,2008,9705,heure,NOM,heure,FR,lemmesTempsChronoFR
w_FR_VD_2008_9786,FR_VD,VD,2008,9786,heure,NOM,heure,FR,lemmesTempsChronoFR
w_FR_VD_2008_9820,FR_VD,VD,2008,9820,heure,NOM,heure,FR,lemmesTempsChronoFR
w_FR_VD_2008_9849,FR_VD,VD,2008,9849,heure,NOM,heure,FR,lemmesTempsChronoFR
w_FR_VD_2008_9856,FR_VD,VD,2008,9856,heures,NOM,heure,FR,lemmesTempsChronoFR
w_FR_VD_2008_9871,FR_VD,VD,2008,9871,heure,NOM,heure,FR,lemmesTempsChronoFR
w_FR_VD_2008_11547,FR_VD,VD,2008,11547,heures,NOM,heure,FR,lemmesTempsChronoFR
w_FR_VD_2008_24050,FR_VD,VD,2008,24050,heure,NOM,heure,FR,lemmesTempsChronoFR
w_FR_VD_2008_24906,FR_VD,VD,2008,24906,heure,NOM,heure,FR,lemmesTempsChronoFR
w_FR_VD_2008_25179,FR_VD,VD,2008,25179,heure,NOM,heure,FR,lemmesTempsChronoFR
w_FR_VD_2008_25815,FR_VD,VD,2008,25815,heure,NOM,heure,FR,lemmesTempsChronoFR
w_FR_VD_2008_26054,FR_VD,VD,2008,26054,heures,NOM,heure,FR,lemmesTempsChronoFR
w_FR_VD_2008_26391,FR_VD,VD,2008,26391,heures,NOM,heure,FR,lemmesTempsChronoFR
w_FR_VD_2008_36677,FR_VD,VD,2008,36677,heures,NOM,heure,FR,lemmesTempsChronoFR
w_FR_VD_2008_94963,FR_VD,VD,2008,94963,heure,NOM,heure,FR,lemmesTempsChronoFR
w_FR_VD_2008_105370,FR_VD,VD,2008,105370,heures,NOM,heure,FR,lemmesTempsChronoFR
w_FR_VD_2008_106719,FR_VD,VD,2008,106719,heures,NOM,heure,FR,lemmesTempsChronoFR
w_FR_VD_2008_134622,FR_VD,VD,2008,134622,heure,NOM,heure,FR,lemmesTempsChronoFR
w_FR_VD_2008_151006,FR_VD,VD,2008,151006,heures,NOM,heure,FR,lemmesTempsChronoFR
w_FR_VD_2008_163880,FR_VD,VD,2008,163880,H,ABR,heure,FR,lemmesTempsChronoFR
w_FR_NE_2011_4696,FR_NE,NE,2011,4696,heure,NOM,heure,FR,lemmesTempsChronoFR
w_FR_NE_2011_4712,FR_NE,NE,2011,4712,heure,NOM,heure,FR,lemmesTempsChronoFR
w_FR_NE_2011_4772,FR_NE,NE,2011,4772,heure,NOM,heure,FR,lemmesTempsChronoFR
w_FR_NE_2011_4898,FR_NE,NE,2011,4898,heures,NOM,heure,FR,lemmesTempsChronoFR
w_FR_NE_2011_9505,FR_NE,NE,2011,9505,heure,NOM,heure,FR,lemmesTempsChronoFR
w_FR_NE_2011_10101,FR_NE,NE,2011,10101,heure,NOM,heure,FR,lemmesTempsChronoFR
w_FR_NE_2011_10667,FR_NE,NE,2011,10667,heure,NOM,heure,FR,lemmesTempsChronoFR
w_FR_NE_2011_16785,FR_NE,NE,2011,16785,h,ABR,heure,FR,lemmesTempsChronoFR
w_FR_NE_2011_17117,FR_NE,NE,2011,17117,H,ABR,heure,FR,lemmesTempsChronoFR
w_FR_NE_2011_17692,FR_NE,NE,2011,17692,heure,NOM,heure,FR,lemmesTempsChronoFR
w_FR_NE_2011_18499,FR_NE,NE,2011,18499,h,ABR,heure,FR,lemmesTempsChronoFR
w_FR_NE_2011_27591,FR_NE,NE,2011,27591,H,ABR,heure,FR,lemmesTempsChronoFR
w_FR_NE_2011_46721,FR_NE,NE,2011,46721,h,ABR,heure,FR,lemmesTempsChronoFR
w_FR_NE_2011_52480,FR_NE,NE,2011,52480,heure,NOM,heure,FR,lemmesTempsChronoFR
w_FR_NE_2011_52778,FR_NE,NE,2011,52778,heure,NOM,heure,FR,lemmesTempsChronoFR
w_FR_NE_2011_63065,FR_NE,NE,2011,63065,heures,NOM,heure,FR,lemmesTempsChronoFR
w_FR_NE_2011_87854,FR_NE,NE,2011,87854,heure,NOM,heure,FR,lemmesTempsChronoFR
w_FR_NE_2011_103956,FR_NE,NE,2011,103956,H,ABR,heure,FR,lemmesTempsChronoFR
w_FR_NE_2011_105778,FR_NE,NE,2011,105778,H,ABR,heure,FR,lemmesTempsChronoFR
w_FR_NE_2011_105836,FR_NE,NE,2011,105836,heures,NOM,heure,FR,lemmesTempsChronoFR
w_FR_NE_2011_117055,FR_NE,NE,2011,117055,h,ABR,heure,FR,lemmesTempsChronoFR
w_FR_NE_2011_117609,FR_NE,NE,2011,117609,h,ABR,heure,FR,lemmesTempsChronoFR
w_FR_NE_2011_132959,FR_NE,NE,2011,132959,h,ABR,heure,FR,lemmesTempsChronoFR
w_FR_NE_2011_146322,FR_NE,NE,2011,146322,heure,NOM,heure,FR,lemmesTempsChronoFR
w_FR_NE_2011_171900,FR_NE,NE,2011,171900,h,ABR,heure,FR,lemmesTempsChronoFR
w_FR_NE_2011_179577,FR_NE,NE,2011,179577,h,ABR,heure,FR,lemmesTempsChronoFR
w_FR_NE_2011_179587,FR_NE,NE,2011,179587,h,ABR,heure,FR,lemmesTempsChronoFR
w_FR_NE_2011_197544,FR_NE,NE,2011,197544,H,ABR,heure,FR,lemmesTempsChronoFR
w_FR_NE_2011_198282,FR_NE,NE,2011,198282,H,ABR,heure,FR,lemmesTempsChronoFR
w_FR_NE_2011_198297,FR_NE,NE,2011,198297,H,ABR,heure,FR,lemmesTempsChronoFR
w_FR_NE_2011_198309,FR_NE,NE,2011,198309,H,ABR,heure,FR,lemmesTempsChronoFR
w_FR_NE_2011_199109,FR_NE,NE,2011,199109,H,ABR,heure,FR,lemmesTempsChronoFR
w_FR_NE_2011_200810,FR_NE,NE,2011,200810,H,ABR,heure,FR,lemmesTempsChronoFR
w_FR_NE_2011_207976,FR_NE,NE,2011,207976,h,ABR,heure,FR,lemmesTempsChronoFR
w_FR_NE_2011_212044,FR_NE,NE,2011,212044,h,ABR,heure,FR,lemmesTempsChronoFR
w_FR_NE_2011_214749,FR_NE,NE,2011,214749,H,ABR,heure,FR,lemmesTempsChronoFR
w_FR_NE_2011_226584,FR_NE,NE,2011,226584,h,ABR,heure,FR,lemmesTempsChronoFR
w_FR_NE_2011_226601,FR_NE,NE,2011,226601,h,ABR,heure,FR,lemmesTempsChronoFR
w_FR_NE_2011_232811,FR_NE,NE,2011,232811,H,ABR,heure,FR,lemmesTempsChronoFR
w_FR_NE_2011_249861,FR_NE,NE,2011,249861,heure,NOM,heure,FR,lemmesTempsChronoFR
w_FR_NE_2011_275205,FR_NE,NE,2011,275205,heures,NOM,heure,FR,lemmesTempsChronoFR
w_FR_NE_2011_280030,FR_NE,NE,2011,280030,heures,NOM,heure,FR,lemmesTempsChronoFR
w_FR_NE_2011_280400,FR_NE,NE,2011,280400,h,ABR,heure,FR,lemmesTempsChronoFR
w_FR_NE_2011_281656,FR_NE,NE,2011,281656,heures,NOM,heure,FR,lemmesTempsChronoFR
w_FR_NE_2011_281739,FR_NE,NE,2011,281739,heures,NOM,heure,FR,lemmesTempsChronoFR
w_FR_NE_2011_281798,FR_NE,NE,2011,281798,heures,NOM,heure,FR,lemmesTempsChronoFR
w_FR_NE_2011_292040,FR_NE,NE,2011,292040,h,ABR,heure,FR,lemmesTempsChronoFR
w_FR_NE_2011_301705,FR_NE,NE,2011,301705,heures,NOM,heure,FR,lemmesTempsChronoFR
w_FR_NE_2011_301781,FR_NE,NE,2011,301781,heures,NOM,heure,FR,lemmesTempsChronoFR
w_FR_NE_2011_301883,FR_NE,NE,2011,301883,heures,NOM,heure,FR,lemmesTempsChronoFR
w_FR_NE_2011_301934,FR_NE,NE,2011,301934,heures,NOM,heure,FR,lemmesTempsChronoFR
w_FR_BE_2002_9213,FR_BE,BE,2002,9213,heure,NOM,heure,FR,lemmesTempsChronoFR
w_FR_BE_2002_9699,FR_BE,BE,2002,9699,heure,NOM,heure,FR,lemmesTempsChronoFR
w_FR_BE_2002_13507,FR_BE,BE,2002,13507,H,ABR,heure,FR,lemmesTempsChronoFR
w_FR_BE_2002_19485,FR_BE,BE,2002,19485,heures,NOM,heure,FR,lemmesTempsChronoFR
w_FR_BE_2002_21348,FR_BE,BE,2002,21348,heures,NOM,heure,FR,lemmesTempsChronoFR
w_FR_BE_2002_38798,FR_BE,BE,2002,38798,H,ABR,heure,FR,lemmesTempsChronoFR
w_FR_BE_2002_51703,FR_BE,BE,2002,51703,heures,NOM,heure,FR,lemmesTempsChronoFR
w_FR_BE_2002_56872,FR_BE,BE,2002,56872,H,ABR,heure,FR,lemmesTempsChronoFR
w_FR_BE_2002_58386,FR_BE,BE,2002,58386,H,ABR,heure,FR,lemmesTempsChronoFR
w_FR_BE_2002_70166,FR_BE,BE,2002,70166,H,ABR,heure,FR,lemmesTempsChronoFR
w_FR_BE_2002_77106,FR_BE,BE,2002,77106,H,ABR,heure,FR,lemmesTempsChronoFR
w_FR_BE_2002_77512,FR_BE,BE,2002,77512,H,ABR,heure,FR,lemmesTempsChronoFR
w_FR_BE_2002_77935,FR_BE,BE,2002,77935,H,ABR,heure,FR,lemmesTempsChronoFR
w_FR_BE_2002_78852,FR_BE,BE,2002,78852,H,ABR,heure,FR,lemmesTempsChronoFR
w_FR_BE_2002_79899,FR_BE,BE,2002,79899,H,ABR,heure,FR,lemmesTempsChronoFR
w_FR_FR_2024_56102,FR_FR,FR,2024,56102,heure,NOM,heure,FR,lemmesTempsChronoFR
w_FR_FR_2024_57651,FR_FR,FR,2024,57651,heures,NOM,heure,FR,lemmesTempsChronoFR
w_FR_FR_2024_57873,FR_FR,FR,2024,57873,heure,NOM,heure,FR,lemmesTempsChronoFR
w_FR_FR_2024_58153,FR_FR,FR,2024,58153,h,ABR,heure,FR,lemmesTempsChronoFR
w_FR_FR_2024_60989,FR_FR,FR,2024,60989,h,ABR,heure,FR,lemmesTempsChronoFR
w_FR_FR_2024_61210,FR_FR,FR,2024,61210,h,ABR,heure,FR,lemmesTempsChronoFR
w_FR_FR_2024_65262,FR_FR,FR,2024,65262,heure,NOM,heure,FR,lemmesTempsChronoFR
w_FR_FR_2024_92042,FR_FR,FR,2024,92042,heure,NOM,heure,FR,lemmesTempsChronoFR
w_FR_FR_2024_134086,FR_FR,FR,2024,134086,heure,NOM,heure,FR,lemmesTempsChronoFR
w_FR_VD_2018_21792,FR_VD,VD,2018,21792,heure,NOM,heure,FR,lemmesTempsChronoFR
w_FR_VD_2018_26837,FR_VD,VD,2018,26837,heures,NOM,heure,FR,lemmesTempsChronoFR
w_FR_VD_2018_27918,FR_VD,VD,2018,27918,heure,NOM,heure,FR,lemmesTempsChronoFR
w_FR_VD_2018_27937,FR_VD,VD,2018,27937,heures,NOM,heure,FR,lemmesTempsChronoFR
w_FR_VD_2018_27954,FR_VD,VD,2018,27954,heure,NOM,heure,FR,lemmesTempsChronoFR
w_FR_VD_2018_28706,FR_VD,VD,2018,28706,heure,NOM,heure,FR,lemmesTempsChronoFR
w_FR_VD_2018_47712,FR_VD,VD,2018,47712,heure,NOM,heure,FR,lemmesTempsChronoFR
w_FR_VD_2018_49108,FR_VD,VD,2018,49108,heure,NOM,heure,FR,lemmesTempsChronoFR
w_FR_VD_2018_49489,FR_VD,VD,2018,49489,heure,NOM,heure,FR,lemmesTempsChronoFR
w_FR_VD_2018_50158,FR_VD,VD,2018,50158,heure,NOM,heure,FR,lemmesTempsChronoFR
w_FR_VD_2018_50470,FR_VD,VD,2018,50470,heure,NOM,heure,FR,lemmesTempsChronoFR
w_FR_VD_2018_51147,FR_VD,VD,2018,51147,heures,NOM,heure,FR,lemmesTempsChronoFR
w_FR_VD_2018_62780,FR_VD,VD,2018,62780,heures,NOM,heure,FR,lemmesTempsChronoFR
w_FR_VD_2018_147431,FR_VD,VD,2018,147431,heure,NOM,heure,FR,lemmesTempsChronoFR
w_FR_VD_2018_161476,FR_VD,VD,2018,161476,heures,NOM,heure,FR,lemmesTempsChronoFR
w_FR_VD_2018_177088,FR_VD,VD,2018,177088,heure,NOM,heure,FR,lemmesTempsChronoFR
w_FR_VD_2018_177112,FR_VD,VD,2018,177112,heure,NOM,heure,FR,lemmesTempsChronoFR
w_FR_VD_2018_177179,FR_VD,VD,2018,177179,heure,NOM,heure,FR,lemmesTempsChronoFR
w_FR_BE_2006_1573,FR_BE,BE,2006,1573,H,ABR,heure,FR,lemmesTempsChronoFR
w_FR_BE_2006_9266,FR_BE,BE,2006,9266,heure,NOM,heure,FR,lemmesTempsChronoFR
w_FR_BE_2006_9752,FR_BE,BE,2006,9752,heure,NOM,heure,FR,lemmesTempsChronoFR
w_FR_BE_2006_13560,FR_BE,BE,2006,13560,H,ABR,heure,FR,lemmesTempsChronoFR
w_FR_BE_2006_17323,FR_BE,BE,2006,17323,heure,NOM,heure,FR,lemmesTempsChronoFR
w_FR_BE_2006_20581,FR_BE,BE,2006,20581,heures,NOM,heure,FR,lemmesTempsChronoFR
w_FR_BE_2006_22375,FR_BE,BE,2006,22375,heures,NOM,heure,FR,lemmesTempsChronoFR
w_FR_BE_2006_41990,FR_BE,BE,2006,41990,H,ABR,heure,FR,lemmesTempsChronoFR
w_FR_BE_2006_41992,FR_BE,BE,2006,41992,H,ABR,heure,FR,lemmesTempsChronoFR
w_FR_BE_2006_42589,FR_BE,BE,2006,42589,H,ABR,heure,FR,lemmesTempsChronoFR
w_FR_BE_2006_46661,FR_BE,BE,2006,46661,H,ABR,heure,FR,lemmesTempsChronoFR
w_FR_BE_2006_57304,FR_BE,BE,2006,57304,heures,NOM,heure,FR,lemmesTempsChronoFR
w_FR_BE_2006_64359,FR_BE,BE,2006,64359,heures,NOM,heure,FR,lemmesTempsChronoFR
w_FR_BE_2006_64362,FR_BE,BE,2006,64362,heures,NOM,heure,FR,lemmesTempsChronoFR
w_FR_BE_2006_64801,FR_BE,BE,2006,64801,H,ABR,heure,FR,lemmesTempsChronoFR
w_FR_BE_2006_66177,FR_BE,BE,2006,66177,H,ABR,heure,FR,lemmesTempsChronoFR
w_FR_BE_2006_75951,FR_BE,BE,2006,75951,heure,NOM,heure,FR,lemmesTempsChronoFR
w_FR_BE_2006_81047,FR_BE,BE,2006,81047,H,ABR,heure,FR,lemmesTempsChronoFR
w_FR_BE_2006_87851,FR_BE,BE,2006,87851,H,ABR,heure,FR,lemmesTempsChronoFR
w_FR_BE_2010_1541,FR_BE,BE,2010,1541,H,ABR,heure,FR,lemmesTempsChronoFR
w_FR_BE_2010_9393,FR_BE,BE,2010,9393,heure,NOM,heure,FR,lemmesTempsChronoFR
w_FR_BE_2010_9885,FR_BE,BE,2010,9885,heure,NOM,heure,FR,lemmesTempsChronoFR
w_FR_BE_2010_13678,FR_BE,BE,2010,13678,H,ABR,heure,FR,lemmesTempsChronoFR
w_FR_BE_2010_21970,FR_BE,BE,2010,21970,heures,NOM,heure,FR,lemmesTempsChronoFR
w_FR_BE_2010_23710,FR_BE,BE,2010,23710,heures,NOM,heure,FR,lemmesTempsChronoFR
w_FR_BE_2010_45177,FR_BE,BE,2010,45177,H,ABR,heure,FR,lemmesTempsChronoFR
w_FR_BE_2010_45179,FR_BE,BE,2010,45179,H,ABR,heure,FR,lemmesTempsChronoFR
w_FR_BE_2010_45776,FR_BE,BE,2010,45776,H,ABR,heure,FR,lemmesTempsChronoFR
w_FR_BE_2010_50101,FR_BE,BE,2010,50101,H,ABR,heure,FR,lemmesTempsChronoFR
w_FR_BE_2010_60988,FR_BE,BE,2010,60988,heures,NOM,heure,FR,lemmesTempsChronoFR
w_FR_BE_2010_62084,FR_BE,BE,2010,62084,H,ABR,heure,FR,lemmesTempsChronoFR
w_FR_BE_2010_67797,FR_BE,BE,2010,67797,heures,NOM,heure,FR,lemmesTempsChronoFR
w_FR_BE_2010_67800,FR_BE,BE,2010,67800,heures,NOM,heure,FR,lemmesTempsChronoFR
w_FR_BE_2010_68154,FR_BE,BE,2010,68154,heures,NOM,heure,FR,lemmesTempsChronoFR
w_FR_BE_2010_68855,FR_BE,BE,2010,68855,H,ABR,heure,FR,lemmesTempsChronoFR
w_FR_BE_2010_70636,FR_BE,BE,2010,70636,H,ABR,heure,FR,lemmesTempsChronoFR
w_FR_BE_2010_92773,FR_BE,BE,2010,92773,H,ABR,heure,FR,lemmesTempsChronoFR
w_FR_BE_2010_93724,FR_BE,BE,2010,93724,heure,NOM,heure,FR,lemmesTempsChronoFR
w_FR_BE_2010_93773,FR_BE,BE,2010,93773,heure,NOM,heure,FR,lemmesTempsChronoFR
w_FR_BE_2010_93998,FR_BE,BE,2010,93998,heure,NOM,heure,FR,lemmesTempsChronoFR
w_FR_BE_2010_104571,FR_BE,BE,2010,104571,H,ABR,heure,FR,lemmesTempsChronoFR
w_FR_BE_2010_113280,FR_BE,BE,2010,113280,H,ABR,heure,FR,lemmesTempsChronoFR
w_FR_VD_2016_27533,FR_VD,VD,2016,27533,heures,NOM,heure,FR,lemmesTempsChronoFR
w_FR_VD_2016_28568,FR_VD,VD,2016,28568,heure,NOM,heure,FR,lemmesTempsChronoFR
w_FR_VD_2016_28587,FR_VD,VD,2016,28587,heures,NOM,heure,FR,lemmesTempsChronoFR
w_FR_VD_2016_28604,FR_VD,VD,2016,28604,heure,NOM,heure,FR,lemmesTempsChronoFR
w_FR_VD_2016_29366,FR_VD,VD,2016,29366,heure,NOM,heure,FR,lemmesTempsChronoFR
w_FR_VD_2016_31838,FR_VD,VD,2016,31838,heures,NOM,heure,FR,lemmesTempsChronoFR
w_FR_VD_2016_46903,FR_VD,VD,2016,46903,heure,NOM,heure,FR,lemmesTempsChronoFR
w_FR_VD_2016_48125,FR_VD,VD,2016,48125,heure,NOM,heure,FR,lemmesTempsChronoFR
w_FR_VD_2016_48390,FR_VD,VD,2016,48390,heure,NOM,heure,FR,lemmesTempsChronoFR
w_FR_VD_2016_49014,FR_VD,VD,2016,49014,heure,NOM,heure,FR,lemmesTempsChronoFR
w_FR_VD_2016_49313,FR_VD,VD,2016,49313,heure,NOM,heure,FR,lemmesTempsChronoFR
w_FR_VD_2016_49955,FR_VD,VD,2016,49955,heures,NOM,heure,FR,lemmesTempsChronoFR
w_FR_VD_2016_61387,FR_VD,VD,2016,61387,heures,NOM,heure,FR,lemmesTempsChronoFR
w_FR_VD_2016_143513,FR_VD,VD,2016,143513,heure,NOM,heure,FR,lemmesTempsChronoFR
w_FR_VD_2016_157562,FR_VD,VD,2016,157562,heures,NOM,heure,FR,lemmesTempsChronoFR
w_FR_VD_2016_173399,FR_VD,VD,2016,173399,heure,NOM,heure,FR,lemmesTempsChronoFR
w_FR_VD_2016_173423,FR_VD,VD,2016,173423,heure,NOM,heure,FR,lemmesTempsChronoFR
w_FR_VD_2016_173488,FR_VD,VD,2016,173488,heure,NOM,heure,FR,lemmesTempsChronoFR
w_FR_BE_2024_7970,FR_BE,BE,2024,7970,heures,NOM,heure,FR,lemmesTempsChronoFR
w_FR_BE_2024_12583,FR_BE,BE,2024,12583,H,ABR,heure,FR,lemmesTempsChronoFR
w_FR_BE_2024_14720,FR_BE,BE,2024,14720,heures,NOM,heure,FR,lemmesTempsChronoFR
w_FR_BE_2024_19464,FR_BE,BE,2024,19464,heure,NOM,heure,FR,lemmesTempsChronoFR
w_FR_BE_2024_19557,FR_BE,BE,2024,19557,heures,NOM,heure,FR,lemmesTempsChronoFR
w_FR_BE_2024_20364,FR_BE,BE,2024,20364,heure,NOM,heure,FR,lemmesTempsChronoFR
w_FR_BE_2024_20488,FR_BE,BE,2024,20488,heure,NOM,heure,FR,lemmesTempsChronoFR
w_FR_BE_2024_20539,FR_BE,BE,2024,20539,heure,NOM,heure,FR,lemmesTempsChronoFR
w_FR_BE_2024_31516,FR_BE,BE,2024,31516,H,ABR,heure,FR,lemmesTempsChronoFR
w_FR_BE_2024_31518,FR_BE,BE,2024,31518,H,ABR,heure,FR,lemmesTempsChronoFR
w_FR_BE_2024_32116,FR_BE,BE,2024,32116,H,ABR,heure,FR,lemmesTempsChronoFR
w_FR_BE_2024_50450,FR_BE,BE,2024,50450,heures,NOM,heure,FR,lemmesTempsChronoFR
w_FR_BE_2024_56353,FR_BE,BE,2024,56353,H,ABR,heure,FR,lemmesTempsChronoFR
w_FR_BE_2024_59100,FR_BE,BE,2024,59100,H,ABR,heure,FR,lemmesTempsChronoFR
w_FR_BE_2024_88298,FR_BE,BE,2024,88298,H,ABR,heure,FR,lemmesTempsChronoFR
w_FR_VD_2013_26897,FR_VD,VD,2013,26897,heures,NOM,heure,FR,lemmesTempsChronoFR
w_FR_VD_2013_27612,FR_VD,VD,2013,27612,heure,NOM,heure,FR,lemmesTempsChronoFR
w_FR_VD_2013_27953,FR_VD,VD,2013,27953,h,ABR,heure,FR,lemmesTempsChronoFR
w_FR_VD_2013_27982,FR_VD,VD,2013,27982,heures,NOM,heure,FR,lemmesTempsChronoFR
w_FR_VD_2013_28006,FR_VD,VD,2013,28006,heures,NOM,heure,FR,lemmesTempsChronoFR
w_FR_VD_2013_28234,FR_VD,VD,2013,28234,heure,NOM,heure,FR,lemmesTempsChronoFR
w_FR_VD_2013_28268,FR_VD,VD,2013,28268,heure,NOM,heure,FR,lemmesTempsChronoFR
w_FR_VD_2013_28304,FR_VD,VD,2013,28304,heure,NOM,heure,FR,lemmesTempsChronoFR
w_FR_VD_2013_28311,FR_VD,VD,2013,28311,heures,NOM,heure,FR,lemmesTempsChronoFR
w_FR_VD_2013_28326,FR_VD,VD,2013,28326,heure,NOM,heure,FR,lemmesTempsChronoFR
w_FR_VD_2013_30368,FR_VD,VD,2013,30368,heures,NOM,heure,FR,lemmesTempsChronoFR
w_FR_VD_2013_45516,FR_VD,VD,2013,45516,heure,NOM,heure,FR,lemmesTempsChronoFR
w_FR_VD_2013_46476,FR_VD,VD,2013,46476,heure,NOM,heure,FR,lemmesTempsChronoFR
w_FR_VD_2013_46761,FR_VD,VD,2013,46761,heure,NOM,heure,FR,lemmesTempsChronoFR
w_FR_VD_2013_47382,FR_VD,VD,2013,47382,heure,NOM,heure,FR,lemmesTempsChronoFR
w_FR_VD_2013_47677,FR_VD,VD,2013,47677,heure,NOM,heure,FR,lemmesTempsChronoFR
w_FR_VD_2013_48310,FR_VD,VD,2013,48310,heures,NOM,heure,FR,lemmesTempsChronoFR
w_FR_VD_2013_60126,FR_VD,VD,2013,60126,heures,NOM,heure,FR,lemmesTempsChronoFR
w_FR_VD_2013_133461,FR_VD,VD,2013,133461,heure,NOM,heure,FR,lemmesTempsChronoFR
w_FR_VD_2013_147382,FR_VD,VD,2013,147382,heures,NOM,heure,FR,lemmesTempsChronoFR
w_FR_VD_2013_148341,FR_VD,VD,2013,148341,heures,NOM,heure,FR,lemmesTempsChronoFR
w_FR_VD_2013_158295,FR_VD,VD,2013,158295,heure,NOM,heure,FR,lemmesTempsChronoFR
w_FR_VD_2012_7602,FR_VD,VD,2012,7602,durée,NOM,durée,FR,lemmesTempsChronoFR
w_FR_VD_2012_18451,FR_VD,VD,2012,18451,durée,NOM,durée,FR,lemmesTempsChronoFR
w_FR_VD_2012_23543,FR_VD,VD,2012,23543,durée,NOM,durée,FR,lemmesTempsChronoFR
w_FR_VD_2012_41780,FR_VD,VD,2012,41780,durée,NOM,durée,FR,lemmesTempsChronoFR
w_FR_VD_2012_68336,FR_VD,VD,2012,68336,durée,NOM,durée,FR,lemmesTempsChronoFR
w_FR_VD_2012_92904,FR_VD,VD,2012,92904,durée,NOM,durée,FR,lemmesTempsChronoFR
w_FR_VD_2012_96276,FR_VD,VD,2012,96276,durée,NOM,durée,FR,lemmesTempsChronoFR
w_FR_VD_2012_97932,FR_VD,VD,2012,97932,durée,NOM,durée,FR,lemmesTempsChronoFR
w_FR_VD_2012_98623,FR_VD,VD,2012,98623,durée,NOM,durée,FR,lemmesTempsChronoFR
w_FR_VD_2012_99449,FR_VD,VD,2012,99449,durée,NOM,durée,FR,lemmesTempsChronoFR
w_FR_VD_2012_99518,FR_VD,VD,2012,99518,durée,NOM,durée,FR,lemmesTempsChronoFR
w_FR_VD_2012_109076,FR_VD,VD,2012,109076,durée,NOM,durée,FR,lemmesTempsChronoFR
w_FR_VD_2012_117276,FR_VD,VD,2012,117276,durée,NOM,durée,FR,lemmesTempsChronoFR
w_FR_VD_2012_122651,FR_VD,VD,2012,122651,durée,NOM,durée,FR,lemmesTempsChronoFR
w_FR_VD_2012_142912,FR_VD,VD,2012,142912,durée,NOM,durée,FR,lemmesTempsChronoFR
w_FR_BE_2013_5308,FR_BE,BE,2013,5308,durée,NOM,durée,FR,lemmesTempsChronoFR
w_FR_BE_2013_5377,FR_BE,BE,2013,5377,durée,NOM,durée,FR,lemmesTempsChronoFR
w_FR_BE_2013_6864,FR_BE,BE,2013,6864,durée,NOM,durée,FR,lemmesTempsChronoFR
w_FR_BE_2013_19418,FR_BE,BE,2013,19418,durée,NOM,durée,FR,lemmesTempsChronoFR
w_FR_BE_2013_22514,FR_BE,BE,2013,22514,durée,NOM,durée,FR,lemmesTempsChronoFR
w_FR_BE_2013_30146,FR_BE,BE,2013,30146,durée,NOM,durée,FR,lemmesTempsChronoFR
w_FR_BE_2013_45498,FR_BE,BE,2013,45498,durée,NOM,durée,FR,lemmesTempsChronoFR
w_FR_BE_2013_47589,FR_BE,BE,2013,47589,durée,NOM,durée,FR,lemmesTempsChronoFR
w_FR_BE_2013_68781,FR_BE,BE,2013,68781,durée,NOM,durée,FR,lemmesTempsChronoFR
w_FR_BE_2013_68791,FR_BE,BE,2013,68791,durée,NOM,durée,FR,lemmesTempsChronoFR
w_FR_GE_2024_10850,FR_GE,GE,2024,10850,durée,NOM,durée,FR,lemmesTempsChronoFR
w_FR_GE_2024_17039,FR_GE,GE,2024,17039,durée,NOM,durée,FR,lemmesTempsChronoFR
w_FR_GE_2024_33815,FR_GE,GE,2024,33815,durée,NOM,durée,FR,lemmesTempsChronoFR
w_FR_GE_2024_51529,FR_GE,GE,2024,51529,durée,NOM,durée,FR,lemmesTempsChronoFR
w_FR_GE_2024_86322,FR_GE,GE,2024,86322,durée,NOM,durée,FR,lemmesTempsChronoFR
w_FR_GE_2024_94992,FR_GE,GE,2024,94992,durée,NOM,durée,FR,lemmesTempsChronoFR
w_FR_GE_2024_107824,FR_GE,GE,2024,107824,durée,NOM,durée,FR,lemmesTempsChronoFR
w_FR_GE_2024_121808,FR_GE,GE,2024,121808,durée,NOM,durée,FR,lemmesTempsChronoFR
w_FR_GE_2024_137757,FR_GE,GE,2024,137757,durée,NOM,durée,FR,lemmesTempsChronoFR
w_FR_GE_2024_155254,FR_GE,GE,2024,155254,durée,NOM,durée,FR,lemmesTempsChronoFR
w_FR_GE_2024_158235,FR_GE,GE,2024,158235,durée,NOM,durée,FR,lemmesTempsChronoFR
w_FR_GE_2024_158320,FR_GE,GE,2024,158320,durée,NOM,durée,FR,lemmesTempsChronoFR
w_FR_GE_2024_158457,FR_GE,GE,2024,158457,durée,NOM,durée,FR,lemmesTempsChronoFR
w_FR_GE_2024_184823,FR_GE,GE,2024,184823,durée,NOM,durée,FR,lemmesTempsChronoFR
w_FR_BE_2016_4392,FR_BE,BE,2016,4392,durée,NOM,durée,FR,lemmesTempsChronoFR
w_FR_BE_2016_5923,FR_BE,BE,2016,5923,durée,NOM,durée,FR,lemmesTempsChronoFR
w_FR_BE_2016_20675,FR_BE,BE,2016,20675,durée,NOM,durée,FR,lemmesTempsChronoFR
w_FR_BE_2016_28980,FR_BE,BE,2016,28980,durée,NOM,durée,FR,lemmesTempsChronoFR
w_FR_BE_2016_36619,FR_BE,BE,2016,36619,durée,NOM,durée,FR,lemmesTempsChronoFR
w_FR_BE_2016_53044,FR_BE,BE,2016,53044,durée,NOM,durée,FR,lemmesTempsChronoFR
w_FR_BE_2016_78520,FR_BE,BE,2016,78520,durée,NOM,durée,FR,lemmesTempsChronoFR
w_FR_BE_2016_78530,FR_BE,BE,2016,78530,durée,NOM,durée,FR,lemmesTempsChronoFR
w_FR_VD_2011_6780,FR_VD,VD,2011,6780,durée,NOM,durée,FR,lemmesTempsChronoFR
w_FR_VD_2011_22932,FR_VD,VD,2011,22932,durée,NOM,durée,FR,lemmesTempsChronoFR
w_FR_VD_2011_46397,FR_VD,VD,2011,46397,durée,NOM,durée,FR,lemmesTempsChronoFR
w_FR_VD_2011_69155,FR_VD,VD,2011,69155,durée,NOM,durée,FR,lemmesTempsChronoFR
w_FR_VD_2011_71436,FR_VD,VD,2011,71436,durée,NOM,durée,FR,lemmesTempsChronoFR
w_FR_VD_2011_73146,FR_VD,VD,2011,73146,durée,NOM,durée,FR,lemmesTempsChronoFR
w_FR_VD_2011_73840,FR_VD,VD,2011,73840,durée,NOM,durée,FR,lemmesTempsChronoFR
w_FR_VD_2011_74672,FR_VD,VD,2011,74672,durée,NOM,durée,FR,lemmesTempsChronoFR
w_FR_VD_2011_74741,FR_VD,VD,2011,74741,durée,NOM,durée,FR,lemmesTempsChronoFR
w_FR_VD_2011_84033,FR_VD,VD,2011,84033,durée,NOM,durée,FR,lemmesTempsChronoFR
w_FR_VD_2011_91940,FR_VD,VD,2011,91940,durée,NOM,durée,FR,lemmesTempsChronoFR
w_FR_VD_2011_96833,FR_VD,VD,2011,96833,durée,NOM,durée,FR,lemmesTempsChronoFR
w_FR_VD_2011_114406,FR_VD,VD,2011,114406,durée,NOM,durée,FR,lemmesTempsChronoFR
w_FR_VD_2011_144494,FR_VD,VD,2011,144494,durée,NOM,durée,FR,lemmesTempsChronoFR
w_FR_VD_2011_152621,FR_VD,VD,2011,152621,durée,NOM,durée,FR,lemmesTempsChronoFR
w_FR_VD_2011_167401,FR_VD,VD,2011,167401,durée,NOM,durée,FR,lemmesTempsChronoFR
w_FR_BE_2012_5325,FR_BE,BE,2012,5325,durée,NOM,durée,FR,lemmesTempsChronoFR
w_FR_BE_2012_5394,FR_BE,BE,2012,5394,durée,NOM,durée,FR,lemmesTempsChronoFR
w_FR_BE_2012_6881,FR_BE,BE,2012,6881,durée,NOM,durée,FR,lemmesTempsChronoFR
w_FR_BE_2012_19435,FR_BE,BE,2012,19435,durée,NOM,durée,FR,lemmesTempsChronoFR
w_FR_BE_2012_22531,FR_BE,BE,2012,22531,durée,NOM,durée,FR,lemmesTempsChronoFR
w_FR_BE_2012_30163,FR_BE,BE,2012,30163,durée,NOM,durée,FR,lemmesTempsChronoFR
w_FR_BE_2012_45515,FR_BE,BE,2012,45515,durée,NOM,durée,FR,lemmesTempsChronoFR
w_FR_BE_2012_47606,FR_BE,BE,2012,47606,durée,NOM,durée,FR,lemmesTempsChronoFR
w_FR_BE_2012_68139,FR_BE,BE,2012,68139,durée,NOM,durée,FR,lemmesTempsChronoFR
w_FR_BE_2012_68149,FR_BE,BE,2012,68149,durée,NOM,durée,FR,lemmesTempsChronoFR
w_FR_FR_2002_5449,FR_FR,FR,2002,5449,durée,NOM,durée,FR,lemmesTempsChronoFR
w_FR_FR_2002_20025,FR_FR,FR,2002,20025,durée,NOM,durée,FR,lemmesTempsChronoFR
w_FR_FR_2002_23065,FR_FR,FR,2002,23065,durée,NOM,durée,FR,lemmesTempsChronoFR
w_FR_FR_2002_45953,FR_FR,FR,2002,45953,durée,NOM,durée,FR,lemmesTempsChronoFR
w_FR_FR_2002_54321,FR_FR,FR,2002,54321,durée,NOM,durée,FR,lemmesTempsChronoFR
w_FR_FR_2002_66468,FR_FR,FR,2002,66468,durée,NOM,durée,FR,lemmesTempsChronoFR
w_FR_FR_2002_103602,FR_FR,FR,2002,103602,durée,NOM,durée,FR,lemmesTempsChronoFR
w_FR_FR_2002_106207,FR_FR,FR,2002,106207,durée,NOM,durée,FR,lemmesTempsChronoFR
w_FR_FR_2002_108589,FR_FR,FR,2002,108589,durée,NOM,durée,FR,lemmesTempsChronoFR
w_FR_FR_2002_109181,FR_FR,FR,2002,109181,durée,NOM,durée,FR,lemmesTempsChronoFR
w_FR_FR_2002_115850,FR_FR,FR,2002,115850,durée,NOM,durée,FR,lemmesTempsChronoFR
w_FR_FR_2002_116156,FR_FR,FR,2002,116156,durée,NOM,durée,FR,lemmesTempsChronoFR
w_FR_FR_2002_151737,FR_FR,FR,2002,151737,durée,NOM,durée,FR,lemmesTempsChronoFR
w_FR_FR_2002_167221,FR_FR,FR,2002,167221,durée,NOM,durée,FR,lemmesTempsChronoFR
w_FR_FR_2002_169851,FR_FR,FR,2002,169851,durée,NOM,durée,FR,lemmesTempsChronoFR
w_FR_FR_2002_175481,FR_FR,FR,2002,175481,durée,NOM,durée,FR,lemmesTempsChronoFR
w_FR_FR_2002_180921,FR_FR,FR,2002,180921,durée,NOM,durée,FR,lemmesTempsChronoFR
w_FR_FR_2002_209133,FR_FR,FR,2002,209133,durée,NOM,durée,FR,lemmesTempsChronoFR
w_FR_VD_2022_7832,FR_VD,VD,2022,7832,durée,NOM,durée,FR,lemmesTempsChronoFR
w_FR_VD_2022_23781,FR_VD,VD,2022,23781,durée,NOM,durée,FR,lemmesTempsChronoFR
w_FR_VD_2022_45265,FR_VD,VD,2022,45265,durée,NOM,durée,FR,lemmesTempsChronoFR
w_FR_VD_2022_73231,FR_VD,VD,2022,73231,durée,NOM,durée,FR,lemmesTempsChronoFR
w_FR_VD_2022_103325,FR_VD,VD,2022,103325,durée,NOM,durée,FR,lemmesTempsChronoFR
w_FR_VD_2022_106850,FR_VD,VD,2022,106850,durée,NOM,durée,FR,lemmesTempsChronoFR
w_FR_VD_2022_108316,FR_VD,VD,2022,108316,durée,NOM,durée,FR,lemmesTempsChronoFR
w_FR_VD_2022_108573,FR_VD,VD,2022,108573,durée,NOM,durée,FR,lemmesTempsChronoFR
w_FR_VD_2022_120901,FR_VD,VD,2022,120901,durée,NOM,durée,FR,lemmesTempsChronoFR
w_FR_VD_2022_170603,FR_VD,VD,2022,170603,durée,NOM,durée,FR,lemmesTempsChronoFR
w_FR_VS_2019_51031,FR_VS,VS,2019,51031,durée,NOM,durée,FR,lemmesTempsChronoFR
w_FR_VS_2019_56141,FR_VS,VS,2019,56141,durée,NOM,durée,FR,lemmesTempsChronoFR
w_FR_VS_2019_67522,FR_VS,VS,2019,67522,durée,NOM,durée,FR,lemmesTempsChronoFR
w_FR_VS_2019_85966,FR_VS,VS,2019,85966,durée,NOM,durée,FR,lemmesTempsChronoFR
w_FR_VS_2019_86675,FR_VS,VS,2019,86675,durée,NOM,durée,FR,lemmesTempsChronoFR
w_FR_VS_2019_86717,FR_VS,VS,2019,86717,durées,NOM,durée,FR,lemmesTempsChronoFR
w_FR_VS_2019_90634,FR_VS,VS,2019,90634,durée,NOM,durée,FR,lemmesTempsChronoFR
w_FR_VS_2019_94286,FR_VS,VS,2019,94286,durée,NOM,durée,FR,lemmesTempsChronoFR
w_FR_VS_2019_102192,FR_VS,VS,2019,102192,durée,NOM,durée,FR,lemmesTempsChronoFR
w_FR_VS_2019_123612,FR_VS,VS,2019,123612,durée,NOM,durée,FR,lemmesTempsChronoFR
w_FR_BE_2008_5315,FR_BE,BE,2008,5315,durée,NOM,durée,FR,lemmesTempsChronoFR
w_FR_BE_2008_5384,FR_BE,BE,2008,5384,durée,NOM,durée,FR,lemmesTempsChronoFR
w_FR_BE_2008_6871,FR_BE,BE,2008,6871,durée,NOM,durée,FR,lemmesTempsChronoFR
w_FR_BE_2008_27354,FR_BE,BE,2008,27354,durée,NOM,durée,FR,lemmesTempsChronoFR
w_FR_BE_2008_42340,FR_BE,BE,2008,42340,durée,NOM,durée,FR,lemmesTempsChronoFR
w_FR_BE_2008_44442,FR_BE,BE,2008,44442,durée,NOM,durée,FR,lemmesTempsChronoFR
w_FR_BE_2008_73399,FR_BE,BE,2008,73399,durée,NOM,durée,FR,lemmesTempsChronoFR
w_FR_BE_2008_83505,FR_BE,BE,2008,83505,durée,NOM,durée,FR,lemmesTempsChronoFR
w_FR_VD_2008_6536,FR_VD,VD,2008,6536,durée,NOM,durée,FR,lemmesTempsChronoFR
w_FR_VD_2008_20817,FR_VD,VD,2008,20817,durée,NOM,durée,FR,lemmesTempsChronoFR
w_FR_VD_2008_42802,FR_VD,VD,2008,42802,durée,NOM,durée,FR,lemmesTempsChronoFR
w_FR_VD_2008_65351,FR_VD,VD,2008,65351,durée,NOM,durée,FR,lemmesTempsChronoFR
w_FR_VD_2008_67327,FR_VD,VD,2008,67327,durée,NOM,durée,FR,lemmesTempsChronoFR
w_FR_VD_2008_68908,FR_VD,VD,2008,68908,durée,NOM,durée,FR,lemmesTempsChronoFR
w_FR_VD_2008_79617,FR_VD,VD,2008,79617,durée,NOM,durée,FR,lemmesTempsChronoFR
w_FR_VD_2008_120403,FR_VD,VD,2008,120403,durée,NOM,durée,FR,lemmesTempsChronoFR
w_FR_VD_2008_128530,FR_VD,VD,2008,128530,durée,NOM,durée,FR,lemmesTempsChronoFR
w_FR_NE_2011_41178,FR_NE,NE,2011,41178,durée,NOM,durée,FR,lemmesTempsChronoFR
w_FR_NE_2011_92440,FR_NE,NE,2011,92440,durée,NOM,durée,FR,lemmesTempsChronoFR
w_FR_NE_2011_148346,FR_NE,NE,2011,148346,durée,NOM,durée,FR,lemmesTempsChronoFR
w_FR_NE_2011_197004,FR_NE,NE,2011,197004,durée,NOM,durée,FR,lemmesTempsChronoFR
w_FR_NE_2011_258110,FR_NE,NE,2011,258110,durée,NOM,durée,FR,lemmesTempsChronoFR
w_FR_NE_2011_270008,FR_NE,NE,2011,270008,durée,NOM,durée,FR,lemmesTempsChronoFR
w_FR_NE_2011_281635,FR_NE,NE,2011,281635,durée,NOM,durée,FR,lemmesTempsChronoFR
w_FR_NE_2011_282738,FR_NE,NE,2011,282738,durée,NOM,durée,FR,lemmesTempsChronoFR
w_FR_NE_2011_299426,FR_NE,NE,2011,299426,durée,NOM,durée,FR,lemmesTempsChronoFR
w_FR_NE_2011_300279,FR_NE,NE,2011,300279,durée,NOM,durée,FR,lemmesTempsChronoFR
w_FR_NE_2011_301819,FR_NE,NE,2011,301819,durée,NOM,durée,FR,lemmesTempsChronoFR
w_FR_NE_2011_302909,FR_NE,NE,2011,302909,durées,NOM,durée,FR,lemmesTempsChronoFR
w_FR_NE_2011_303050,FR_NE,NE,2011,303050,durée,NOM,durée,FR,lemmesTempsChronoFR
w_FR_NE_2011_305434,FR_NE,NE,2011,305434,durée,NOM,durée,FR,lemmesTempsChronoFR
w_FR_NE_2011_305439,FR_NE,NE,2011,305439,durées,NOM,durée,FR,lemmesTempsChronoFR
w_FR_NE_2011_305662,FR_NE,NE,2011,305662,durée,NOM,durée,FR,lemmesTempsChronoFR
w_FR_BE_2002_5260,FR_BE,BE,2002,5260,durée,NOM,durée,FR,lemmesTempsChronoFR
w_FR_BE_2002_5329,FR_BE,BE,2002,5329,durée,NOM,durée,FR,lemmesTempsChronoFR
w_FR_BE_2002_6816,FR_BE,BE,2002,6816,durée,NOM,durée,FR,lemmesTempsChronoFR
w_FR_BE_2002_26064,FR_BE,BE,2002,26064,durée,NOM,durée,FR,lemmesTempsChronoFR
w_FR_BE_2002_39144,FR_BE,BE,2002,39144,durée,NOM,durée,FR,lemmesTempsChronoFR
w_FR_BE_2002_41329,FR_BE,BE,2002,41329,durée,NOM,durée,FR,lemmesTempsChronoFR
w_FR_BE_2002_71787,FR_BE,BE,2002,71787,durée,NOM,durée,FR,lemmesTempsChronoFR
w_FR_FR_2024_3532,FR_FR,FR,2024,3532,durée,NOM,durée,FR,lemmesTempsChronoFR
w_FR_FR_2024_37885,FR_FR,FR,2024,37885,durée,NOM,durée,FR,lemmesTempsChronoFR
w_FR_FR_2024_38481,FR_FR,FR,2024,38481,durée,NOM,durée,FR,lemmesTempsChronoFR
w_FR_FR_2024_38762,FR_FR,FR,2024,38762,durée,NOM,durée,FR,lemmesTempsChronoFR
w_FR_FR_2024_38967,FR_FR,FR,2024,38967,durée,NOM,durée,FR,lemmesTempsChronoFR
w_FR_FR_2024_63342,FR_FR,FR,2024,63342,durée,NOM,durée,FR,lemmesTempsChronoFR
w_FR_FR_2024_64552,FR_FR,FR,2024,64552,durée,NOM,durée,FR,lemmesTempsChronoFR
w_FR_FR_2024_64560,FR_FR,FR,2024,64560,durées,NOM,durée,FR,lemmesTempsChronoFR
w_FR_FR_2024_65143,FR_FR,FR,2024,65143,durée,NOM,durée,FR,lemmesTempsChronoFR
w_FR_FR_2024_93974,FR_FR,FR,2024,93974,durée,NOM,durée,FR,lemmesTempsChronoFR
w_FR_FR_2024_101404,FR_FR,FR,2024,101404,durée,NOM,durée,FR,lemmesTempsChronoFR
w_FR_FR_2024_141606,FR_FR,FR,2024,141606,durées,NOM,durée,FR,lemmesTempsChronoFR
w_FR_FR_2024_141651,FR_FR,FR,2024,141651,durée,NOM,durée,FR,lemmesTempsChronoFR
w_FR_FR_2024_142761,FR_FR,FR,2024,142761,durée,NOM,durée,FR,lemmesTempsChronoFR
w_FR_FR_2024_145080,FR_FR,FR,2024,145080,durée,NOM,durée,FR,lemmesTempsChronoFR
w_FR_VD_2018_7549,FR_VD,VD,2018,7549,durée,NOM,durée,FR,lemmesTempsChronoFR
w_FR_VD_2018_23352,FR_VD,VD,2018,23352,durée,NOM,durée,FR,lemmesTempsChronoFR
w_FR_VD_2018_44567,FR_VD,VD,2018,44567,durée,NOM,durée,FR,lemmesTempsChronoFR
w_FR_VD_2018_72215,FR_VD,VD,2018,72215,durée,NOM,durée,FR,lemmesTempsChronoFR
w_FR_VD_2018_101727,FR_VD,VD,2018,101727,durée,NOM,durée,FR,lemmesTempsChronoFR
w_FR_VD_2018_105205,FR_VD,VD,2018,105205,durée,NOM,durée,FR,lemmesTempsChronoFR
w_FR_VD_2018_106837,FR_VD,VD,2018,106837,durée,NOM,durée,FR,lemmesTempsChronoFR
w_FR_VD_2018_107528,FR_VD,VD,2018,107528,durée,NOM,durée,FR,lemmesTempsChronoFR
w_FR_VD_2018_108376,FR_VD,VD,2018,108376,durée,NOM,durée,FR,lemmesTempsChronoFR
w_FR_VD_2018_108445,FR_VD,VD,2018,108445,durée,NOM,durée,FR,lemmesTempsChronoFR
w_FR_VD_2018_119566,FR_VD,VD,2018,119566,durée,NOM,durée,FR,lemmesTempsChronoFR
w_FR_VD_2018_128105,FR_VD,VD,2018,128105,durée,NOM,durée,FR,lemmesTempsChronoFR
w_FR_BE_2006_5313,FR_BE,BE,2006,5313,durée,NOM,durée,FR,lemmesTempsChronoFR
w_FR_BE_2006_5382,FR_BE,BE,2006,5382,durée,NOM,durée,FR,lemmesTempsChronoFR
w_FR_BE_2006_6869,FR_BE,BE,2006,6869,durée,NOM,durée,FR,lemmesTempsChronoFR
w_FR_BE_2006_27352,FR_BE,BE,2006,27352,durée,NOM,durée,FR,lemmesTempsChronoFR
w_FR_BE_2006_42338,FR_BE,BE,2006,42338,durée,NOM,durée,FR,lemmesTempsChronoFR
w_FR_BE_2006_44440,FR_BE,BE,2006,44440,durée,NOM,durée,FR,lemmesTempsChronoFR
w_FR_BE_2006_71829,FR_BE,BE,2006,71829,durée,NOM,durée,FR,lemmesTempsChronoFR
w_FR_BE_2006_73476,FR_BE,BE,2006,73476,durée,NOM,durée,FR,lemmesTempsChronoFR
w_FR_BE_2006_83060,FR_BE,BE,2006,83060,durée,NOM,durée,FR,lemmesTempsChronoFR
w_FR_BE_2010_5314,FR_BE,BE,2010,5314,durée,NOM,durée,FR,lemmesTempsChronoFR
w_FR_BE_2010_5383,FR_BE,BE,2010,5383,durée,NOM,durée,FR,lemmesTempsChronoFR
w_FR_BE_2010_6870,FR_BE,BE,2010,6870,durée,NOM,durée,FR,lemmesTempsChronoFR
w_FR_BE_2010_19424,FR_BE,BE,2010,19424,durée,NOM,durée,FR,lemmesTempsChronoFR
w_FR_BE_2010_22520,FR_BE,BE,2010,22520,durée,NOM,durée,FR,lemmesTempsChronoFR
w_FR_BE_2010_30152,FR_BE,BE,2010,30152,durée,NOM,durée,FR,lemmesTempsChronoFR
w_FR_BE_2010_45525,FR_BE,BE,2010,45525,durée,NOM,durée,FR,lemmesTempsChronoFR
w_FR_BE_2010_47616,FR_BE,BE,2010,47616,durée,NOM,durée,FR,lemmesTempsChronoFR
w_FR_BE_2010_68149,FR_BE,BE,2010,68149,durée,NOM,durée,FR,lemmesTempsChronoFR
w_FR_BE_2010_68159,FR_BE,BE,2010,68159,durée,NOM,durée,FR,lemmesTempsChronoFR
w_FR_VD_2016_7675,FR_VD,VD,2016,7675,durée,NOM,durée,FR,lemmesTempsChronoFR
w_FR_VD_2016_18833,FR_VD,VD,2016,18833,durée,NOM,durée,FR,lemmesTempsChronoFR
w_FR_VD_2016_24034,FR_VD,VD,2016,24034,durée,NOM,durée,FR,lemmesTempsChronoFR
w_FR_VD_2016_43283,FR_VD,VD,2016,43283,durée,NOM,durée,FR,lemmesTempsChronoFR
w_FR_VD_2016_69189,FR_VD,VD,2016,69189,durée,NOM,durée,FR,lemmesTempsChronoFR
w_FR_VD_2016_97824,FR_VD,VD,2016,97824,durée,NOM,durée,FR,lemmesTempsChronoFR
w_FR_VD_2016_101334,FR_VD,VD,2016,101334,durée,NOM,durée,FR,lemmesTempsChronoFR
w_FR_VD_2016_102982,FR_VD,VD,2016,102982,durée,NOM,durée,FR,lemmesTempsChronoFR
w_FR_VD_2016_103680,FR_VD,VD,2016,103680,durée,NOM,durée,FR,lemmesTempsChronoFR
w_FR_VD_2016_104523,FR_VD,VD,2016,104523,durée,NOM,durée,FR,lemmesTempsChronoFR
w_FR_VD_2016_104592,FR_VD,VD,2016,104592,durée,NOM,durée,FR,lemmesTempsChronoFR
w_FR_VD_2016_115743,FR_VD,VD,2016,115743,durée,NOM,durée,FR,lemmesTempsChronoFR
w_FR_VD_2016_124305,FR_VD,VD,2016,124305,durée,NOM,durée,FR,lemmesTempsChronoFR
w_FR_VD_2016_132836,FR_VD,VD,2016,132836,durée,NOM,durée,FR,lemmesTempsChronoFR
w_FR_BE_2024_3806,FR_BE,BE,2024,3806,durée,NOM,durée,FR,lemmesTempsChronoFR
w_FR_BE_2024_5337,FR_BE,BE,2024,5337,durée,NOM,durée,FR,lemmesTempsChronoFR
w_FR_BE_2024_20081,FR_BE,BE,2024,20081,durée,NOM,durée,FR,lemmesTempsChronoFR
w_FR_BE_2024_22979,FR_BE,BE,2024,22979,durée,NOM,durée,FR,lemmesTempsChronoFR
w_FR_BE_2024_26288,FR_BE,BE,2024,26288,durée,NOM,durée,FR,lemmesTempsChronoFR
w_FR_BE_2024_31867,FR_BE,BE,2024,31867,durée,NOM,durée,FR,lemmesTempsChronoFR
w_FR_BE_2024_69408,FR_BE,BE,2024,69408,durée,NOM,durée,FR,lemmesTempsChronoFR
w_FR_BE_2024_69420,FR_BE,BE,2024,69420,durée,NOM,durée,FR,lemmesTempsChronoFR
w_FR_VD_2013_7702,FR_VD,VD,2013,7702,durée,NOM,durée,FR,lemmesTempsChronoFR
w_FR_VD_2013_18590,FR_VD,VD,2013,18590,durée,NOM,durée,FR,lemmesTempsChronoFR
w_FR_VD_2013_23688,FR_VD,VD,2013,23688,durée,NOM,durée,FR,lemmesTempsChronoFR
w_FR_VD_2013_41949,FR_VD,VD,2013,41949,durée,NOM,durée,FR,lemmesTempsChronoFR
w_FR_VD_2013_68554,FR_VD,VD,2013,68554,durée,NOM,durée,FR,lemmesTempsChronoFR
w_FR_VD_2013_93123,FR_VD,VD,2013,93123,durée,NOM,durée,FR,lemmesTempsChronoFR
w_FR_VD_2013_96519,FR_VD,VD,2013,96519,durée,NOM,durée,FR,lemmesTempsChronoFR
w_FR_VD_2013_98154,FR_VD,VD,2013,98154,durée,NOM,durée,FR,lemmesTempsChronoFR
w_FR_VD_2013_98847,FR_VD,VD,2013,98847,durée,NOM,durée,FR,lemmesTempsChronoFR
w_FR_VD_2013_99680,FR_VD,VD,2013,99680,durée,NOM,durée,FR,lemmesTempsChronoFR
w_FR_VD_2013_99749,FR_VD,VD,2013,99749,durée,NOM,durée,FR,lemmesTempsChronoFR
w_FR_VD_2013_109314,FR_VD,VD,2013,109314,durée,NOM,durée,FR,lemmesTempsChronoFR
w_FR_VD_2013_117507,FR_VD,VD,2013,117507,durée,NOM,durée,FR,lemmesTempsChronoFR
w_FR_VD_2013_122886,FR_VD,VD,2013,122886,durée,NOM,durée,FR,lemmesTempsChronoFR
w_FR_VD_2012_27797,FR_VD,VD,2012,27797,vitesse,NOM,vitesse,FR,lemmesTempsChronoFR
w_FR_VD_2012_30465,FR_VD,VD,2012,30465,vitesses,NOM,vitesse,FR,lemmesTempsChronoFR
w_FR_VD_2012_30578,FR_VD,VD,2012,30578,vitesses,NOM,vitesse,FR,lemmesTempsChronoFR
w_FR_VD_2012_45583,FR_VD,VD,2012,45583,vitesse,NOM,vitesse,FR,lemmesTempsChronoFR
w_FR_VD_2012_47158,FR_VD,VD,2012,47158,vitesse,NOM,vitesse,FR,lemmesTempsChronoFR
w_FR_VD_2012_47366,FR_VD,VD,2012,47366,vitesse,NOM,vitesse,FR,lemmesTempsChronoFR
w_FR_VD_2012_47573,FR_VD,VD,2012,47573,vitesse,NOM,vitesse,FR,lemmesTempsChronoFR
w_FR_VD_2012_47621,FR_VD,VD,2012,47621,vitesse,NOM,vitesse,FR,lemmesTempsChronoFR
w_FR_VD_2012_48380,FR_VD,VD,2012,48380,vitesse,NOM,vitesse,FR,lemmesTempsChronoFR
w_FR_VD_2012_54970,FR_VD,VD,2012,54970,vitesse,NOM,vitesse,FR,lemmesTempsChronoFR
w_FR_VD_2012_65793,FR_VD,VD,2012,65793,vitesse,NOM,vitesse,FR,lemmesTempsChronoFR
w_FR_VD_2012_142639,FR_VD,VD,2012,142639,Vitesse,NOM,vitesse,FR,lemmesTempsChronoFR
w_FR_VD_2012_149231,FR_VD,VD,2012,149231,vitesse,NOM,vitesse,FR,lemmesTempsChronoFR
w_FR_VD_2012_170704,FR_VD,VD,2012,170704,vitesses,NOM,vitesse,FR,lemmesTempsChronoFR
w_FR_VD_2012_172057,FR_VD,VD,2012,172057,vitesse,NOM,vitesse,FR,lemmesTempsChronoFR
w_FR_BE_2013_20372,FR_BE,BE,2013,20372,vitesse,NOM,vitesse,FR,lemmesTempsChronoFR
w_FR_BE_2013_21772,FR_BE,BE,2013,21772,vitesse,NOM,vitesse,FR,lemmesTempsChronoFR
w_FR_BE_2013_21790,FR_BE,BE,2013,21790,vitesse,NOM,vitesse,FR,lemmesTempsChronoFR
w_FR_BE_2013_21917,FR_BE,BE,2013,21917,vitesse,NOM,vitesse,FR,lemmesTempsChronoFR
w_FR_BE_2013_61270,FR_BE,BE,2013,61270,vitesse,NOM,vitesse,FR,lemmesTempsChronoFR
w_FR_BE_2013_68970,FR_BE,BE,2013,68970,vitesse,NOM,vitesse,FR,lemmesTempsChronoFR
w_FR_BE_2013_110575,FR_BE,BE,2013,110575,vitesse,NOM,vitesse,FR,lemmesTempsChronoFR
w_FR_GE_2024_23761,FR_GE,GE,2024,23761,vitesse,NOM,vitesse,FR,lemmesTempsChronoFR
w_FR_GE_2024_23959,FR_GE,GE,2024,23959,vitesse,NOM,vitesse,FR,lemmesTempsChronoFR
w_FR_GE_2024_42215,FR_GE,GE,2024,42215,vitesse,NOM,vitesse,FR,lemmesTempsChronoFR
w_FR_GE_2024_105131,FR_GE,GE,2024,105131,vitesse,NOM,vitesse,FR,lemmesTempsChronoFR
w_FR_GE_2024_117896,FR_GE,GE,2024,117896,vitesse,NOM,vitesse,FR,lemmesTempsChronoFR
w_FR_GE_2024_118547,FR_GE,GE,2024,118547,vitesse,NOM,vitesse,FR,lemmesTempsChronoFR
w_FR_GE_2024_119821,FR_GE,GE,2024,119821,vitesse,NOM,vitesse,FR,lemmesTempsChronoFR
w_FR_GE_2024_121228,FR_GE,GE,2024,121228,vitesses,NOM,vitesse,FR,lemmesTempsChronoFR
w_FR_GE_2024_122759,FR_GE,GE,2024,122759,vitesse,NOM,vitesse,FR,lemmesTempsChronoFR
w_FR_GE_2024_123556,FR_GE,GE,2024,123556,vitesse,NOM,vitesse,FR,lemmesTempsChronoFR
w_FR_GE_2024_126596,FR_GE,GE,2024,126596,vitesse,NOM,vitesse,FR,lemmesTempsChronoFR
w_FR_GE_2024_184104,FR_GE,GE,2024,184104,vitesse,NOM,vitesse,FR,lemmesTempsChronoFR
w_FR_GE_2024_185925,FR_GE,GE,2024,185925,vitesse,NOM,vitesse,FR,lemmesTempsChronoFR
w_FR_GE_2024_185939,FR_GE,GE,2024,185939,vitesse,NOM,vitesse,FR,lemmesTempsChronoFR
w_FR_GE_2024_197264,FR_GE,GE,2024,197264,vitesse,NOM,vitesse,FR,lemmesTempsChronoFR
w_FR_GE_2024_199066,FR_GE,GE,2024,199066,vitesse,NOM,vitesse,FR,lemmesTempsChronoFR
w_FR_BE_2016_26417,FR_BE,BE,2016,26417,vitesse,NOM,vitesse,FR,lemmesTempsChronoFR
w_FR_BE_2016_28247,FR_BE,BE,2016,28247,vitesse,NOM,vitesse,FR,lemmesTempsChronoFR
w_FR_BE_2016_28364,FR_BE,BE,2016,28364,vitesse,NOM,vitesse,FR,lemmesTempsChronoFR
w_FR_BE_2016_28552,FR_BE,BE,2016,28552,vitesse,NOM,vitesse,FR,lemmesTempsChronoFR
w_FR_BE_2016_71464,FR_BE,BE,2016,71464,vitesse,NOM,vitesse,FR,lemmesTempsChronoFR
w_FR_BE_2016_78681,FR_BE,BE,2016,78681,vitesse,NOM,vitesse,FR,lemmesTempsChronoFR
w_FR_BE_2016_97867,FR_BE,BE,2016,97867,vitesse,NOM,vitesse,FR,lemmesTempsChronoFR
w_FR_BE_2016_130937,FR_BE,BE,2016,130937,vitesse,NOM,vitesse,FR,lemmesTempsChronoFR
w_FR_JU_2018_6942,FR_JU,JU,2018,6942,vitesse,NOM,vitesse,FR,lemmesTempsChronoFR
w_FR_JU_2018_7614,FR_JU,JU,2018,7614,vitesse,NOM,vitesse,FR,lemmesTempsChronoFR
w_FR_VD_2011_10273,FR_VD,VD,2011,10273,vitesse,NOM,vitesse,FR,lemmesTempsChronoFR
w_FR_VD_2011_13034,FR_VD,VD,2011,13034,vitesses,NOM,vitesse,FR,lemmesTempsChronoFR
w_FR_VD_2011_13141,FR_VD,VD,2011,13141,vitesses,NOM,vitesse,FR,lemmesTempsChronoFR
w_FR_VD_2011_26467,FR_VD,VD,2011,26467,vitesse,NOM,vitesse,FR,lemmesTempsChronoFR
w_FR_VD_2011_28298,FR_VD,VD,2011,28298,vitesse,NOM,vitesse,FR,lemmesTempsChronoFR
w_FR_VD_2011_28346,FR_VD,VD,2011,28346,vitesse,NOM,vitesse,FR,lemmesTempsChronoFR
w_FR_VD_2011_29073,FR_VD,VD,2011,29073,vitesse,NOM,vitesse,FR,lemmesTempsChronoFR
w_FR_VD_2011_35049,FR_VD,VD,2011,35049,vitesse,NOM,vitesse,FR,lemmesTempsChronoFR
w_FR_VD_2011_44956,FR_VD,VD,2011,44956,vitesse,NOM,vitesse,FR,lemmesTempsChronoFR
w_FR_VD_2011_114156,FR_VD,VD,2011,114156,Vitesse,NOM,vitesse,FR,lemmesTempsChronoFR
w_FR_VD_2011_120595,FR_VD,VD,2011,120595,vitesse,NOM,vitesse,FR,lemmesTempsChronoFR
w_FR_VD_2011_155883,FR_VD,VD,2011,155883,vitesses,NOM,vitesse,FR,lemmesTempsChronoFR
w_FR_VD_2011_158664,FR_VD,VD,2011,158664,vitesse,NOM,vitesse,FR,lemmesTempsChronoFR
w_FR_VD_2011_158882,FR_VD,VD,2011,158882,vitesse,NOM,vitesse,FR,lemmesTempsChronoFR
w_FR_VD_2011_160404,FR_VD,VD,2011,160404,vitesse,NOM,vitesse,FR,lemmesTempsChronoFR
w_FR_VD_2011_180283,FR_VD,VD,2011,180283,vitesses,NOM,vitesse,FR,lemmesTempsChronoFR
w_FR_VD_2011_182446,FR_VD,VD,2011,182446,vitesse,NOM,vitesse,FR,lemmesTempsChronoFR
w_FR_BE_2012_20389,FR_BE,BE,2012,20389,vitesse,NOM,vitesse,FR,lemmesTempsChronoFR
w_FR_BE_2012_21789,FR_BE,BE,2012,21789,vitesse,NOM,vitesse,FR,lemmesTempsChronoFR
w_FR_BE_2012_21807,FR_BE,BE,2012,21807,vitesse,NOM,vitesse,FR,lemmesTempsChronoFR
w_FR_BE_2012_21934,FR_BE,BE,2012,21934,vitesse,NOM,vitesse,FR,lemmesTempsChronoFR
w_FR_BE_2012_60521,FR_BE,BE,2012,60521,vitesse,NOM,vitesse,FR,lemmesTempsChronoFR
w_FR_BE_2012_68325,FR_BE,BE,2012,68325,vitesse,NOM,vitesse,FR,lemmesTempsChronoFR
w_FR_BE_2012_83765,FR_BE,BE,2012,83765,vitesse,NOM,vitesse,FR,lemmesTempsChronoFR
w_FR_BE_2012_113808,FR_BE,BE,2012,113808,vitesse,NOM,vitesse,FR,lemmesTempsChronoFR
w_FR_FR_2002_29388,FR_FR,FR,2002,29388,vitesse,NOM,vitesse,FR,lemmesTempsChronoFR
w_FR_FR_2002_29408,FR_FR,FR,2002,29408,vitesse,NOM,vitesse,FR,lemmesTempsChronoFR
w_FR_FR_2002_29426,FR_FR,FR,2002,29426,vitesse,NOM,vitesse,FR,lemmesTempsChronoFR
w_FR_FR_2002_29444,FR_FR,FR,2002,29444,vitesse,NOM,vitesse,FR,lemmesTempsChronoFR
w_FR_FR_2002_29462,FR_FR,FR,2002,29462,vitesse,NOM,vitesse,FR,lemmesTempsChronoFR
w_FR_FR_2002_29480,FR_FR,FR,2002,29480,vitesse,NOM,vitesse,FR,lemmesTempsChronoFR
w_FR_FR_2002_32773,FR_FR,FR,2002,32773,vitesse,NOM,vitesse,FR,lemmesTempsChronoFR
w_FR_FR_2002_32792,FR_FR,FR,2002,32792,vitesse,NOM,vitesse,FR,lemmesTempsChronoFR
w_FR_FR_2002_33078,FR_FR,FR,2002,33078,vitesse,NOM,vitesse,FR,lemmesTempsChronoFR
w_FR_FR_2002_33097,FR_FR,FR,2002,33097,vitesse,NOM,vitesse,FR,lemmesTempsChronoFR
w_FR_FR_2002_33108,FR_FR,FR,2002,33108,vitesse,NOM,vitesse,FR,lemmesTempsChronoFR
w_FR_FR_2002_33284,FR_FR,FR,2002,33284,vitesse,NOM,vitesse,FR,lemmesTempsChronoFR
w_FR_FR_2002_33505,FR_FR,FR,2002,33505,vitesse,NOM,vitesse,FR,lemmesTempsChronoFR
w_FR_FR_2002_35631,FR_FR,FR,2002,35631,vitesse,NOM,vitesse,FR,lemmesTempsChronoFR
w_FR_FR_2002_61079,FR_FR,FR,2002,61079,vitesse,NOM,vitesse,FR,lemmesTempsChronoFR
w_FR_FR_2002_95483,FR_FR,FR,2002,95483,vitesse,NOM,vitesse,FR,lemmesTempsChronoFR
w_FR_FR_2002_132325,FR_FR,FR,2002,132325,vitesse,NOM,vitesse,FR,lemmesTempsChronoFR
w_FR_FR_2002_132333,FR_FR,FR,2002,132333,vitesse,NOM,vitesse,FR,lemmesTempsChronoFR
w_FR_FR_2002_132398,FR_FR,FR,2002,132398,vitesse,NOM,vitesse,FR,lemmesTempsChronoFR
w_FR_FR_2002_132408,FR_FR,FR,2002,132408,vitesse,NOM,vitesse,FR,lemmesTempsChronoFR
w_FR_FR_2002_133438,FR_FR,FR,2002,133438,vitesse,NOM,vitesse,FR,lemmesTempsChronoFR
w_FR_FR_2002_134062,FR_FR,FR,2002,134062,vitesse,NOM,vitesse,FR,lemmesTempsChronoFR
w_FR_VD_2022_31943,FR_VD,VD,2022,31943,vitesses,NOM,vitesse,FR,lemmesTempsChronoFR
w_FR_VD_2022_32281,FR_VD,VD,2022,32281,vitesses,NOM,vitesse,FR,lemmesTempsChronoFR
w_FR_VD_2022_33127,FR_VD,VD,2022,33127,vitesses,NOM,vitesse,FR,lemmesTempsChronoFR
w_FR_VD_2022_48767,FR_VD,VD,2022,48767,vitesse,NOM,vitesse,FR,lemmesTempsChronoFR
w_FR_VD_2022_50892,FR_VD,VD,2022,50892,vitesse,NOM,vitesse,FR,lemmesTempsChronoFR
w_FR_VD_2022_51100,FR_VD,VD,2022,51100,vitesse,NOM,vitesse,FR,lemmesTempsChronoFR
w_FR_VD_2022_51325,FR_VD,VD,2022,51325,vitesse,NOM,vitesse,FR,lemmesTempsChronoFR
w_FR_VD_2022_51372,FR_VD,VD,2022,51372,vitesse,NOM,vitesse,FR,lemmesTempsChronoFR
w_FR_VD_2022_52190,FR_VD,VD,2022,52190,vitesse,NOM,vitesse,FR,lemmesTempsChronoFR
w_FR_VD_2022_59853,FR_VD,VD,2022,59853,vitesse,NOM,vitesse,FR,lemmesTempsChronoFR
w_FR_VD_2022_115751,FR_VD,VD,2022,115751,vitesse,NOM,vitesse,FR,lemmesTempsChronoFR
w_FR_VD_2022_162454,FR_VD,VD,2022,162454,vitesses,NOM,vitesse,FR,lemmesTempsChronoFR
w_FR_VD_2022_188340,FR_VD,VD,2022,188340,vitesses,NOM,vitesse,FR,lemmesTempsChronoFR
w_FR_VD_2022_190134,FR_VD,VD,2022,190134,vitesse,NOM,vitesse,FR,lemmesTempsChronoFR
w_FR_VS_2019_122387,FR_VS,VS,2019,122387,Vitesse,NOM,vitesse,FR,lemmesTempsChronoFR
w_FR_BE_2008_22015,FR_BE,BE,2008,22015,vitesse,NOM,vitesse,FR,lemmesTempsChronoFR
w_FR_BE_2008_22073,FR_BE,BE,2008,22073,vitesse,NOM,vitesse,FR,lemmesTempsChronoFR
w_FR_BE_2008_22080,FR_BE,BE,2008,22080,vitesse,NOM,vitesse,FR,lemmesTempsChronoFR
w_FR_BE_2008_22329,FR_BE,BE,2008,22329,vitesse,NOM,vitesse,FR,lemmesTempsChronoFR
w_FR_BE_2008_56695,FR_BE,BE,2008,56695,vitesse,NOM,vitesse,FR,lemmesTempsChronoFR
w_FR_BE_2008_93847,FR_BE,BE,2008,93847,vitesse,NOM,vitesse,FR,lemmesTempsChronoFR
w_FR_BE_2008_97811,FR_BE,BE,2008,97811,vitesse,NOM,vitesse,FR,lemmesTempsChronoFR
w_FR_VD_2008_11773,FR_VD,VD,2008,11773,vitesses,NOM,vitesse,FR,lemmesTempsChronoFR
w_FR_VD_2008_11880,FR_VD,VD,2008,11880,vitesses,NOM,vitesse,FR,lemmesTempsChronoFR
w_FR_VD_2008_25894,FR_VD,VD,2008,25894,vitesse,NOM,vitesse,FR,lemmesTempsChronoFR
w_FR_VD_2008_25942,FR_VD,VD,2008,25942,vitesse,NOM,vitesse,FR,lemmesTempsChronoFR
w_FR_VD_2008_26649,FR_VD,VD,2008,26649,vitesse,NOM,vitesse,FR,lemmesTempsChronoFR
w_FR_VD_2008_32404,FR_VD,VD,2008,32404,vitesse,NOM,vitesse,FR,lemmesTempsChronoFR
w_FR_VD_2008_41583,FR_VD,VD,2008,41583,vitesse,NOM,vitesse,FR,lemmesTempsChronoFR
w_FR_VD_2008_107659,FR_VD,VD,2008,107659,vitesse,NOM,vitesse,FR,lemmesTempsChronoFR
w_FR_VD_2008_131793,FR_VD,VD,2008,131793,vitesses,NOM,vitesse,FR,lemmesTempsChronoFR
w_FR_VD_2008_134572,FR_VD,VD,2008,134572,vitesse,NOM,vitesse,FR,lemmesTempsChronoFR
w_FR_VD_2008_134790,FR_VD,VD,2008,134790,vitesse,NOM,vitesse,FR,lemmesTempsChronoFR
w_FR_VD_2008_136314,FR_VD,VD,2008,136314,vitesse,NOM,vitesse,FR,lemmesTempsChronoFR
w_FR_VD_2008_151902,FR_VD,VD,2008,151902,vitesse,NOM,vitesse,FR,lemmesTempsChronoFR
w_FR_VD_2008_158687,FR_VD,VD,2008,158687,vitesses,NOM,vitesse,FR,lemmesTempsChronoFR
w_FR_VD_2008_160850,FR_VD,VD,2008,160850,vitesse,NOM,vitesse,FR,lemmesTempsChronoFR
w_FR_NE_2011_4287,FR_NE,NE,2011,4287,vitesse,NOM,vitesse,FR,lemmesTempsChronoFR
w_FR_NE_2011_13565,FR_NE,NE,2011,13565,vitesse,NOM,vitesse,FR,lemmesTempsChronoFR
w_FR_NE_2011_279197,FR_NE,NE,2011,279197,vitesse,NOM,vitesse,FR,lemmesTempsChronoFR
w_FR_NE_2011_279403,FR_NE,NE,2011,279403,vitesse,NOM,vitesse,FR,lemmesTempsChronoFR
w_FR_NE_2011_279481,FR_NE,NE,2011,279481,vitesse,NOM,vitesse,FR,lemmesTempsChronoFR
w_FR_NE_2011_279507,FR_NE,NE,2011,279507,vitesse,NOM,vitesse,FR,lemmesTempsChronoFR
w_FR_BE_2002_21046,FR_BE,BE,2002,21046,vitesse,NOM,vitesse,FR,lemmesTempsChronoFR
w_FR_BE_2002_21089,FR_BE,BE,2002,21089,vitesse,NOM,vitesse,FR,lemmesTempsChronoFR
w_FR_BE_2002_21096,FR_BE,BE,2002,21096,vitesse,NOM,vitesse,FR,lemmesTempsChronoFR
w_FR_BE_2002_21300,FR_BE,BE,2002,21300,vitesse,NOM,vitesse,FR,lemmesTempsChronoFR
w_FR_BE_2002_51448,FR_BE,BE,2002,51448,vitesse,NOM,vitesse,FR,lemmesTempsChronoFR
w_FR_BE_2002_90362,FR_BE,BE,2002,90362,vitesse,NOM,vitesse,FR,lemmesTempsChronoFR
w_FR_FR_2024_44043,FR_FR,FR,2024,44043,vitesse,NOM,vitesse,FR,lemmesTempsChronoFR
w_FR_FR_2024_57989,FR_FR,FR,2024,57989,vitesse,NOM,vitesse,FR,lemmesTempsChronoFR
w_FR_FR_2024_60980,FR_FR,FR,2024,60980,vitesse,NOM,vitesse,FR,lemmesTempsChronoFR
w_FR_FR_2024_61173,FR_FR,FR,2024,61173,vitesse,NOM,vitesse,FR,lemmesTempsChronoFR
w_FR_FR_2024_61192,FR_FR,FR,2024,61192,vitesse,NOM,vitesse,FR,lemmesTempsChronoFR
w_FR_FR_2024_61203,FR_FR,FR,2024,61203,vitesse,NOM,vitesse,FR,lemmesTempsChronoFR
w_FR_FR_2024_61520,FR_FR,FR,2024,61520,vitesse,NOM,vitesse,FR,lemmesTempsChronoFR
w_FR_FR_2024_62005,FR_FR,FR,2024,62005,vitesses,NOM,vitesse,FR,lemmesTempsChronoFR
w_FR_FR_2024_62035,FR_FR,FR,2024,62035,vitesses,NOM,vitesse,FR,lemmesTempsChronoFR
w_FR_VD_2018_31408,FR_VD,VD,2018,31408,vitesses,NOM,vitesse,FR,lemmesTempsChronoFR
w_FR_VD_2018_31742,FR_VD,VD,2018,31742,vitesses,NOM,vitesse,FR,lemmesTempsChronoFR
w_FR_VD_2018_32575,FR_VD,VD,2018,32575,vitesses,NOM,vitesse,FR,lemmesTempsChronoFR
w_FR_VD_2018_48032,FR_VD,VD,2018,48032,vitesse,NOM,vitesse,FR,lemmesTempsChronoFR
w_FR_VD_2018_50113,FR_VD,VD,2018,50113,vitesse,NOM,vitesse,FR,lemmesTempsChronoFR
w_FR_VD_2018_50325,FR_VD,VD,2018,50325,vitesse,NOM,vitesse,FR,lemmesTempsChronoFR
w_FR_VD_2018_50549,FR_VD,VD,2018,50549,vitesse,NOM,vitesse,FR,lemmesTempsChronoFR
w_FR_VD_2018_50596,FR_VD,VD,2018,50596,vitesse,NOM,vitesse,FR,lemmesTempsChronoFR
w_FR_VD_2018_51404,FR_VD,VD,2018,51404,vitesse,NOM,vitesse,FR,lemmesTempsChronoFR
w_FR_VD_2018_58989,FR_VD,VD,2018,58989,vitesse,NOM,vitesse,FR,lemmesTempsChronoFR
w_FR_VD_2018_114499,FR_VD,VD,2018,114499,vitesse,NOM,vitesse,FR,lemmesTempsChronoFR
w_FR_VD_2018_162514,FR_VD,VD,2018,162514,vitesses,NOM,vitesse,FR,lemmesTempsChronoFR
w_FR_VD_2018_163376,FR_VD,VD,2018,163376,vitesse,NOM,vitesse,FR,lemmesTempsChronoFR
w_FR_VD_2018_190042,FR_VD,VD,2018,190042,vitesses,NOM,vitesse,FR,lemmesTempsChronoFR
w_FR_VD_2018_191832,FR_VD,VD,2018,191832,vitesse,NOM,vitesse,FR,lemmesTempsChronoFR
w_FR_BE_2006_22013,FR_BE,BE,2006,22013,vitesse,NOM,vitesse,FR,lemmesTempsChronoFR
w_FR_BE_2006_22071,FR_BE,BE,2006,22071,vitesse,NOM,vitesse,FR,lemmesTempsChronoFR
w_FR_BE_2006_22078,FR_BE,BE,2006,22078,vitesse,NOM,vitesse,FR,lemmesTempsChronoFR
w_FR_BE_2006_22327,FR_BE,BE,2006,22327,vitesse,NOM,vitesse,FR,lemmesTempsChronoFR
w_FR_BE_2006_56912,FR_BE,BE,2006,56912,vitesse,NOM,vitesse,FR,lemmesTempsChronoFR
w_FR_BE_2006_93398,FR_BE,BE,2006,93398,vitesse,NOM,vitesse,FR,lemmesTempsChronoFR
w_FR_BE_2006_97362,FR_BE,BE,2006,97362,vitesse,NOM,vitesse,FR,lemmesTempsChronoFR
w_FR_BE_2010_20378,FR_BE,BE,2010,20378,vitesse,NOM,vitesse,FR,lemmesTempsChronoFR
w_FR_BE_2010_21778,FR_BE,BE,2010,21778,vitesse,NOM,vitesse,FR,lemmesTempsChronoFR
w_FR_BE_2010_21796,FR_BE,BE,2010,21796,vitesse,NOM,vitesse,FR,lemmesTempsChronoFR
w_FR_BE_2010_21923,FR_BE,BE,2010,21923,vitesse,NOM,vitesse,FR,lemmesTempsChronoFR
w_FR_BE_2010_60531,FR_BE,BE,2010,60531,vitesse,NOM,vitesse,FR,lemmesTempsChronoFR
w_FR_BE_2010_68335,FR_BE,BE,2010,68335,vitesse,NOM,vitesse,FR,lemmesTempsChronoFR
w_FR_BE_2010_83774,FR_BE,BE,2010,83774,vitesse,NOM,vitesse,FR,lemmesTempsChronoFR
w_FR_BE_2010_113785,FR_BE,BE,2010,113785,vitesse,NOM,vitesse,FR,lemmesTempsChronoFR
w_FR_VD_2016_32091,FR_VD,VD,2016,32091,vitesses,NOM,vitesse,FR,lemmesTempsChronoFR
w_FR_VD_2016_47214,FR_VD,VD,2016,47214,vitesse,NOM,vitesse,FR,lemmesTempsChronoFR
w_FR_VD_2016_48969,FR_VD,VD,2016,48969,vitesse,NOM,vitesse,FR,lemmesTempsChronoFR
w_FR_VD_2016_49181,FR_VD,VD,2016,49181,vitesse,NOM,vitesse,FR,lemmesTempsChronoFR
w_FR_VD_2016_49392,FR_VD,VD,2016,49392,vitesse,NOM,vitesse,FR,lemmesTempsChronoFR
w_FR_VD_2016_49439,FR_VD,VD,2016,49439,vitesse,NOM,vitesse,FR,lemmesTempsChronoFR
w_FR_VD_2016_50217,FR_VD,VD,2016,50217,vitesse,NOM,vitesse,FR,lemmesTempsChronoFR
w_FR_VD_2016_57568,FR_VD,VD,2016,57568,vitesse,NOM,vitesse,FR,lemmesTempsChronoFR
w_FR_VD_2016_110684,FR_VD,VD,2016,110684,vitesse,NOM,vitesse,FR,lemmesTempsChronoFR
w_FR_VD_2016_158610,FR_VD,VD,2016,158610,vitesses,NOM,vitesse,FR,lemmesTempsChronoFR
w_FR_VD_2016_159479,FR_VD,VD,2016,159479,vitesse,NOM,vitesse,FR,lemmesTempsChronoFR
w_FR_VD_2016_186253,FR_VD,VD,2016,186253,vitesses,NOM,vitesse,FR,lemmesTempsChronoFR
w_FR_VD_2016_187628,FR_VD,VD,2016,187628,vitesse,NOM,vitesse,FR,lemmesTempsChronoFR
w_FR_BE_2024_19150,FR_BE,BE,2024,19150,vitesse,NOM,vitesse,FR,lemmesTempsChronoFR
w_FR_BE_2024_19167,FR_BE,BE,2024,19167,vitesse,NOM,vitesse,FR,lemmesTempsChronoFR
w_FR_BE_2024_19525,FR_BE,BE,2024,19525,vitesse,NOM,vitesse,FR,lemmesTempsChronoFR
w_FR_BE_2024_22289,FR_BE,BE,2024,22289,vitesse,NOM,vitesse,FR,lemmesTempsChronoFR
w_FR_VD_2013_27947,FR_VD,VD,2013,27947,vitesse,NOM,vitesse,FR,lemmesTempsChronoFR
w_FR_VD_2013_30616,FR_VD,VD,2013,30616,vitesses,NOM,vitesse,FR,lemmesTempsChronoFR
w_FR_VD_2013_30729,FR_VD,VD,2013,30729,vitesses,NOM,vitesse,FR,lemmesTempsChronoFR
w_FR_VD_2013_45760,FR_VD,VD,2013,45760,vitesse,NOM,vitesse,FR,lemmesTempsChronoFR
w_FR_VD_2013_47341,FR_VD,VD,2013,47341,vitesse,NOM,vitesse,FR,lemmesTempsChronoFR
w_FR_VD_2013_47549,FR_VD,VD,2013,47549,vitesse,NOM,vitesse,FR,lemmesTempsChronoFR
w_FR_VD_2013_47756,FR_VD,VD,2013,47756,vitesse,NOM,vitesse,FR,lemmesTempsChronoFR
w_FR_VD_2013_47803,FR_VD,VD,2013,47803,vitesse,NOM,vitesse,FR,lemmesTempsChronoFR
w_FR_VD_2013_48567,FR_VD,VD,2013,48567,vitesse,NOM,vitesse,FR,lemmesTempsChronoFR
w_FR_VD_2013_55169,FR_VD,VD,2013,55169,vitesse,NOM,vitesse,FR,lemmesTempsChronoFR
w_FR_VD_2013_66009,FR_VD,VD,2013,66009,vitesse,NOM,vitesse,FR,lemmesTempsChronoFR
w_FR_VD_2013_149026,FR_VD,VD,2013,149026,vitesse,NOM,vitesse,FR,lemmesTempsChronoFR
w_FR_VD_2013_170567,FR_VD,VD,2013,170567,vitesses,NOM,vitesse,FR,lemmesTempsChronoFR
w_FR_VD_2013_171922,FR_VD,VD,2013,171922,vitesse,NOM,vitesse,FR,lemmesTempsChronoFR
w_FR_BE_2013_29480,FR_BE,BE,2013,29480,rapidité,NOM,rapidité,FR,lemmesTempsChronoFR
w_FR_BE_2013_29775,FR_BE,BE,2013,29775,rapidité,NOM,rapidité,FR,lemmesTempsChronoFR
w_FR_BE_2013_62646,FR_BE,BE,2013,62646,rapidité,NOM,rapidité,FR,lemmesTempsChronoFR
w_FR_GE_2024_99147,FR_GE,GE,2024,99147,rapidité,NOM,rapidité,FR,lemmesTempsChronoFR
w_FR_GE_2024_133764,FR_GE,GE,2024,133764,rapidité,NOM,rapidité,FR,lemmesTempsChronoFR
w_FR_BE_2016_8637,FR_BE,BE,2016,8637,Rapidité,NOM,rapidité,FR,lemmesTempsChronoFR
w_FR_BE_2016_36006,FR_BE,BE,2016,36006,rapidité,NOM,rapidité,FR,lemmesTempsChronoFR
w_FR_BE_2016_36334,FR_BE,BE,2016,36334,rapidité,NOM,rapidité,FR,lemmesTempsChronoFR
w_FR_BE_2016_72751,FR_BE,BE,2016,72751,rapidité,NOM,rapidité,FR,lemmesTempsChronoFR
w_FR_BE_2012_29497,FR_BE,BE,2012,29497,rapidité,NOM,rapidité,FR,lemmesTempsChronoFR
w_FR_BE_2012_29792,FR_BE,BE,2012,29792,rapidité,NOM,rapidité,FR,lemmesTempsChronoFR
w_FR_BE_2012_61877,FR_BE,BE,2012,61877,rapidité,NOM,rapidité,FR,lemmesTempsChronoFR
w_FR_BE_2008_26688,FR_BE,BE,2008,26688,rapidité,NOM,rapidité,FR,lemmesTempsChronoFR
w_FR_BE_2008_26983,FR_BE,BE,2008,26983,rapidité,NOM,rapidité,FR,lemmesTempsChronoFR
w_FR_BE_2008_57969,FR_BE,BE,2008,57969,rapidité,NOM,rapidité,FR,lemmesTempsChronoFR
w_FR_BE_2002_25406,FR_BE,BE,2002,25406,rapidité,NOM,rapidité,FR,lemmesTempsChronoFR
w_FR_BE_2002_25711,FR_BE,BE,2002,25711,rapidité,NOM,rapidité,FR,lemmesTempsChronoFR
w_FR_BE_2002_52809,FR_BE,BE,2002,52809,rapidité,NOM,rapidité,FR,lemmesTempsChronoFR
w_FR_FR_2024_101402,FR_FR,FR,2024,101402,rapidité,NOM,rapidité,FR,lemmesTempsChronoFR
w_FR_BE_2006_26686,FR_BE,BE,2006,26686,rapidité,NOM,rapidité,FR,lemmesTempsChronoFR
w_FR_BE_2006_26981,FR_BE,BE,2006,26981,rapidité,NOM,rapidité,FR,lemmesTempsChronoFR
w_FR_BE_2006_58322,FR_BE,BE,2006,58322,rapidité,NOM,rapidité,FR,lemmesTempsChronoFR
w_FR_BE_2010_29486,FR_BE,BE,2010,29486,rapidité,NOM,rapidité,FR,lemmesTempsChronoFR
w_FR_BE_2010_29781,FR_BE,BE,2010,29781,rapidité,NOM,rapidité,FR,lemmesTempsChronoFR
w_FR_BE_2010_61887,FR_BE,BE,2010,61887,rapidité,NOM,rapidité,FR,lemmesTempsChronoFR
w_FR_BE_2024_8051,FR_BE,BE,2024,8051,Rapidité,NOM,rapidité,FR,lemmesTempsChronoFR
w_FR_BE_2024_20347,FR_BE,BE,2024,20347,rapidité,NOM,rapidité,FR,lemmesTempsChronoFR
w_FR_GE_2024_119835,FR_GE,GE,2024,119835,ponctualité,NOM,ponctualité,FR,lemmesTempsChronoFR
w_FR_BE_2024_44436,FR_BE,BE,2024,44436,ponctualité,NOM,ponctualité,FR,lemmesTempsChronoFR
w_FR_BE_2013_28284,FR_BE,BE,2013,28284,retard,NOM,retard,FR,lemmesTempsChronoFR
w_FR_BE_2013_65839,FR_BE,BE,2013,65839,retard,NOM,retard,FR,lemmesTempsChronoFR
w_FR_BE_2013_92017,FR_BE,BE,2013,92017,retard,NOM,retard,FR,lemmesTempsChronoFR
w_FR_GE_2024_11767,FR_GE,GE,2024,11767,retard,NOM,retard,FR,lemmesTempsChronoFR
w_FR_GE_2024_22677,FR_GE,GE,2024,22677,retard,NOM,retard,FR,lemmesTempsChronoFR
w_FR_GE_2024_104005,FR_GE,GE,2024,104005,retard,NOM,retard,FR,lemmesTempsChronoFR
w_FR_BE_2016_34729,FR_BE,BE,2016,34729,retard,NOM,retard,FR,lemmesTempsChronoFR
w_FR_BE_2016_76213,FR_BE,BE,2016,76213,retard,NOM,retard,FR,lemmesTempsChronoFR
w_FR_BE_2016_111901,FR_BE,BE,2016,111901,retard,NOM,retard,FR,lemmesTempsChronoFR
w_FR_BE_2012_28301,FR_BE,BE,2012,28301,retard,NOM,retard,FR,lemmesTempsChronoFR
w_FR_BE_2012_65255,FR_BE,BE,2012,65255,retard,NOM,retard,FR,lemmesTempsChronoFR
w_FR_BE_2012_93043,FR_BE,BE,2012,93043,retard,NOM,retard,FR,lemmesTempsChronoFR
w_FR_FR_2002_69668,FR_FR,FR,2002,69668,retards,NOM,retard,FR,lemmesTempsChronoFR
w_FR_FR_2002_69805,FR_FR,FR,2002,69805,retards,NOM,retard,FR,lemmesTempsChronoFR
w_FR_FR_2002_158652,FR_FR,FR,2002,158652,retard,NOM,retard,FR,lemmesTempsChronoFR
w_FR_FR_2002_158682,FR_FR,FR,2002,158682,retard,NOM,retard,FR,lemmesTempsChronoFR
w_FR_FR_2002_165202,FR_FR,FR,2002,165202,retard,NOM,retard,FR,lemmesTempsChronoFR
w_FR_BE_2008_25492,FR_BE,BE,2008,25492,retard,NOM,retard,FR,lemmesTempsChronoFR
w_FR_BE_2008_61501,FR_BE,BE,2008,61501,retard,NOM,retard,FR,lemmesTempsChronoFR
w_FR_BE_2008_81411,FR_BE,BE,2008,81411,retard,NOM,retard,FR,lemmesTempsChronoFR
w_FR_NE_2011_270835,FR_NE,NE,2011,270835,retard,NOM,retard,FR,lemmesTempsChronoFR
w_FR_NE_2011_291772,FR_NE,NE,2011,291772,retard,NOM,retard,FR,lemmesTempsChronoFR
w_FR_NE_2011_292113,FR_NE,NE,2011,292113,retard,NOM,retard,FR,lemmesTempsChronoFR
w_FR_BE_2002_24227,FR_BE,BE,2002,24227,retard,NOM,retard,FR,lemmesTempsChronoFR
w_FR_BE_2002_56121,FR_BE,BE,2002,56121,retard,NOM,retard,FR,lemmesTempsChronoFR
w_FR_BE_2002_70086,FR_BE,BE,2002,70086,retard,NOM,retard,FR,lemmesTempsChronoFR
w_FR_BE_2006_25490,FR_BE,BE,2006,25490,retard,NOM,retard,FR,lemmesTempsChronoFR
w_FR_BE_2006_61877,FR_BE,BE,2006,61877,retard,NOM,retard,FR,lemmesTempsChronoFR
w_FR_BE_2006_80967,FR_BE,BE,2006,80967,retard,NOM,retard,FR,lemmesTempsChronoFR
w_FR_BE_2010_28290,FR_BE,BE,2010,28290,retard,NOM,retard,FR,lemmesTempsChronoFR
w_FR_BE_2010_65265,FR_BE,BE,2010,65265,retard,NOM,retard,FR,lemmesTempsChronoFR
w_FR_BE_2010_93020,FR_BE,BE,2010,93020,retard,NOM,retard,FR,lemmesTempsChronoFR
w_FR_VD_2012_15172,FR_VD,VD,2012,15172,kilomètres,NOM,kilomètre,FR,lemmesTempsChronoFR
w_FR_VD_2012_18459,FR_VD,VD,2012,18459,km,ABR,kilomètre,FR,lemmesTempsChronoFR
w_FR_VD_2012_18466,FR_VD,VD,2012,18466,km,ABR,kilomètre,FR,lemmesTempsChronoFR
w_FR_VD_2012_18473,FR_VD,VD,2012,18473,km,ABR,kilomètre,FR,lemmesTempsChronoFR
w_FR_VD_2012_25369,FR_VD,VD,2012,25369,km,ABR,kilomètre,FR,lemmesTempsChronoFR
w_FR_VD_2012_27806,FR_VD,VD,2012,27806,km,ABR,kilomètre,FR,lemmesTempsChronoFR
w_FR_VD_2012_30012,FR_VD,VD,2012,30012,km,ABR,kilomètre,FR,lemmesTempsChronoFR
w_FR_VD_2012_30017,FR_VD,VD,2012,30017,km,ABR,kilomètre,FR,lemmesTempsChronoFR
w_FR_VD_2012_30032,FR_VD,VD,2012,30032,km,ABR,kilomètre,FR,lemmesTempsChronoFR
w_FR_VD_2012_30064,FR_VD,VD,2012,30064,km,ABR,kilomètre,FR,lemmesTempsChronoFR
w_FR_VD_2012_31728,FR_VD,VD,2012,31728,km,ABR,kilomètre,FR,lemmesTempsChronoFR
w_FR_VD_2012_31801,FR_VD,VD,2012,31801,kilomètres,NOM,kilomètre,FR,lemmesTempsChronoFR
w_FR_VD_2012_31913,FR_VD,VD,2012,31913,km,ABR,kilomètre,FR,lemmesTempsChronoFR
w_FR_VD_2012_31937,FR_VD,VD,2012,31937,km,ABR,kilomètre,FR,lemmesTempsChronoFR
w_FR_VD_2012_31940,FR_VD,VD,2012,31940,km,ABR,kilomètre,FR,lemmesTempsChronoFR
w_FR_VD_2012_36482,FR_VD,VD,2012,36482,kilomètres,NOM,kilomètre,FR,lemmesTempsChronoFR
w_FR_VD_2012_38077,FR_VD,VD,2012,38077,km,ABR,kilomètre,FR,lemmesTempsChronoFR
w_FR_VD_2012_38095,FR_VD,VD,2012,38095,km,ABR,kilomètre,FR,lemmesTempsChronoFR
w_FR_VD_2012_38105,FR_VD,VD,2012,38105,km,ABR,kilomètre,FR,lemmesTempsChronoFR
w_FR_VD_2012_38191,FR_VD,VD,2012,38191,km,ABR,kilomètre,FR,lemmesTempsChronoFR
w_FR_VD_2012_39533,FR_VD,VD,2012,39533,kilomètres,NOM,kilomètre,FR,lemmesTempsChronoFR
w_FR_VD_2012_44083,FR_VD,VD,2012,44083,kilomètres,NOM,kilomètre,FR,lemmesTempsChronoFR
w_FR_VD_2012_47655,FR_VD,VD,2012,47655,km,ABR,kilomètre,FR,lemmesTempsChronoFR
w_FR_VD_2012_48755,FR_VD,VD,2012,48755,kilomètres,NOM,kilomètre,FR,lemmesTempsChronoFR
w_FR_VD_2012_81296,FR_VD,VD,2012,81296,km,ABR,kilomètre,FR,lemmesTempsChronoFR
w_FR_VD_2012_89603,FR_VD,VD,2012,89603,kilomètres,NOM,kilomètre,FR,lemmesTempsChronoFR
w_FR_VD_2012_105873,FR_VD,VD,2012,105873,km,ABR,kilomètre,FR,lemmesTempsChronoFR
w_FR_VD_2012_111219,FR_VD,VD,2012,111219,km,ABR,kilomètre,FR,lemmesTempsChronoFR
w_FR_VD_2012_111231,FR_VD,VD,2012,111231,km,ABR,kilomètre,FR,lemmesTempsChronoFR
w_FR_VD_2012_115744,FR_VD,VD,2012,115744,km,ABR,kilomètre,FR,lemmesTempsChronoFR
w_FR_VD_2012_116055,FR_VD,VD,2012,116055,km,ABR,kilomètre,FR,lemmesTempsChronoFR
w_FR_VD_2012_147737,FR_VD,VD,2012,147737,km,ABR,kilomètre,FR,lemmesTempsChronoFR
w_FR_BE_2013_20966,FR_BE,BE,2013,20966,kilomètres,NOM,kilomètre,FR,lemmesTempsChronoFR
w_FR_BE_2013_21951,FR_BE,BE,2013,21951,km,ABR,kilomètre,FR,lemmesTempsChronoFR
w_FR_BE_2013_58557,FR_BE,BE,2013,58557,km,ABR,kilomètre,FR,lemmesTempsChronoFR
w_FR_BE_2013_58620,FR_BE,BE,2013,58620,km,ABR,kilomètre,FR,lemmesTempsChronoFR
w_FR_BE_2013_58691,FR_BE,BE,2013,58691,km,ABR,kilomètre,FR,lemmesTempsChronoFR
w_FR_BE_2013_58737,FR_BE,BE,2013,58737,km,ABR,kilomètre,FR,lemmesTempsChronoFR
w_FR_BE_2013_58753,FR_BE,BE,2013,58753,km,ABR,kilomètre,FR,lemmesTempsChronoFR
w_FR_BE_2013_58810,FR_BE,BE,2013,58810,km,ABR,kilomètre,FR,lemmesTempsChronoFR
w_FR_BE_2013_59019,FR_BE,BE,2013,59019,km,ABR,kilomètre,FR,lemmesTempsChronoFR
w_FR_BE_2013_59029,FR_BE,BE,2013,59029,km,ABR,kilomètre,FR,lemmesTempsChronoFR
w_FR_BE_2013_59039,FR_BE,BE,2013,59039,km,ABR,kilomètre,FR,lemmesTempsChronoFR
w_FR_GE_2024_1387,FR_GE,GE,2024,1387,kilomètres,NOM,kilomètre,FR,lemmesTempsChronoFR
w_FR_GE_2024_3072,FR_GE,GE,2024,3072,kilomètre,NOM,kilomètre,FR,lemmesTempsChronoFR
w_FR_GE_2024_23088,FR_GE,GE,2024,23088,kilomètres,NOM,kilomètre,FR,lemmesTempsChronoFR
w_FR_GE_2024_24702,FR_GE,GE,2024,24702,kilomètres,NOM,kilomètre,FR,lemmesTempsChronoFR
w_FR_GE_2024_24970,FR_GE,GE,2024,24970,km,ABR,kilomètre,FR,lemmesTempsChronoFR
w_FR_GE_2024_26832,FR_GE,GE,2024,26832,km,ABR,kilomètre,FR,lemmesTempsChronoFR
w_FR_GE_2024_119273,FR_GE,GE,2024,119273,kilomètres,NOM,kilomètre,FR,lemmesTempsChronoFR
w_FR_GE_2024_119344,FR_GE,GE,2024,119344,kilomètres,NOM,kilomètre,FR,lemmesTempsChronoFR
w_FR_GE_2024_133341,FR_GE,GE,2024,133341,km,ABR,kilomètre,FR,lemmesTempsChronoFR
w_FR_GE_2024_138782,FR_GE,GE,2024,138782,kilomètre,NOM,kilomètre,FR,lemmesTempsChronoFR
w_FR_GE_2024_139098,FR_GE,GE,2024,139098,kilomètre,NOM,kilomètre,FR,lemmesTempsChronoFR
w_FR_GE_2024_140468,FR_GE,GE,2024,140468,kilomètre,NOM,kilomètre,FR,lemmesTempsChronoFR
w_FR_GE_2024_141009,FR_GE,GE,2024,141009,kilomètre,NOM,kilomètre,FR,lemmesTempsChronoFR
w_FR_GE_2024_141378,FR_GE,GE,2024,141378,kilomètre,NOM,kilomètre,FR,lemmesTempsChronoFR
w_FR_GE_2024_141408,FR_GE,GE,2024,141408,kilomètre,NOM,kilomètre,FR,lemmesTempsChronoFR
w_FR_GE_2024_141742,FR_GE,GE,2024,141742,kilomètre,NOM,kilomètre,FR,lemmesTempsChronoFR
w_FR_GE_2024_195197,FR_GE,GE,2024,195197,km,ABR,kilomètre,FR,lemmesTempsChronoFR
w_FR_BE_2016_27255,FR_BE,BE,2016,27255,kilomètres,NOM,kilomètre,FR,lemmesTempsChronoFR
w_FR_BE_2016_28398,FR_BE,BE,2016,28398,km,ABR,kilomètre,FR,lemmesTempsChronoFR
w_FR_BE_2016_33190,FR_BE,BE,2016,33190,kilomètres,NOM,kilomètre,FR,lemmesTempsChronoFR
w_FR_VD_2011_10282,FR_VD,VD,2011,10282,km,ABR,kilomètre,FR,lemmesTempsChronoFR
w_FR_VD_2011_12584,FR_VD,VD,2011,12584,km,ABR,kilomètre,FR,lemmesTempsChronoFR
w_FR_VD_2011_12589,FR_VD,VD,2011,12589,km,ABR,kilomètre,FR,lemmesTempsChronoFR
w_FR_VD_2011_12604,FR_VD,VD,2011,12604,km,ABR,kilomètre,FR,lemmesTempsChronoFR
w_FR_VD_2011_12636,FR_VD,VD,2011,12636,km,ABR,kilomètre,FR,lemmesTempsChronoFR
w_FR_VD_2011_14063,FR_VD,VD,2011,14063,km,ABR,kilomètre,FR,lemmesTempsChronoFR
w_FR_VD_2011_14136,FR_VD,VD,2011,14136,kilomètres,NOM,kilomètre,FR,lemmesTempsChronoFR
w_FR_VD_2011_14248,FR_VD,VD,2011,14248,km,ABR,kilomètre,FR,lemmesTempsChronoFR
w_FR_VD_2011_14272,FR_VD,VD,2011,14272,km,ABR,kilomètre,FR,lemmesTempsChronoFR
w_FR_VD_2011_14275,FR_VD,VD,2011,14275,km,ABR,kilomètre,FR,lemmesTempsChronoFR
w_FR_VD_2011_19458,FR_VD,VD,2011,19458,km,ABR,kilomètre,FR,lemmesTempsChronoFR
w_FR_VD_2011_19476,FR_VD,VD,2011,19476,km,ABR,kilomètre,FR,lemmesTempsChronoFR
w_FR_VD_2011_19486,FR_VD,VD,2011,19486,km,ABR,kilomètre,FR,lemmesTempsChronoFR
w_FR_VD_2011_20854,FR_VD,VD,2011,20854,kilomètres,NOM,kilomètre,FR,lemmesTempsChronoFR
w_FR_VD_2011_28380,FR_VD,VD,2011,28380,km,ABR,kilomètre,FR,lemmesTempsChronoFR
w_FR_VD_2011_29593,FR_VD,VD,2011,29593,kilomètres,NOM,kilomètre,FR,lemmesTempsChronoFR
w_FR_VD_2011_59434,FR_VD,VD,2011,59434,km,ABR,kilomètre,FR,lemmesTempsChronoFR
w_FR_VD_2011_67077,FR_VD,VD,2011,67077,kilomètres,NOM,kilomètre,FR,lemmesTempsChronoFR
w_FR_VD_2011_80830,FR_VD,VD,2011,80830,km,ABR,kilomètre,FR,lemmesTempsChronoFR
w_FR_VD_2011_85865,FR_VD,VD,2011,85865,km,ABR,kilomètre,FR,lemmesTempsChronoFR
w_FR_VD_2011_85877,FR_VD,VD,2011,85877,km,ABR,kilomètre,FR,lemmesTempsChronoFR
w_FR_VD_2011_90432,FR_VD,VD,2011,90432,km,ABR,kilomètre,FR,lemmesTempsChronoFR
w_FR_VD_2011_90719,FR_VD,VD,2011,90719,km,ABR,kilomètre,FR,lemmesTempsChronoFR
w_FR_VD_2011_119102,FR_VD,VD,2011,119102,km,ABR,kilomètre,FR,lemmesTempsChronoFR
w_FR_VD_2011_152629,FR_VD,VD,2011,152629,km,ABR,kilomètre,FR,lemmesTempsChronoFR
w_FR_VD_2011_152636,FR_VD,VD,2011,152636,km,ABR,kilomètre,FR,lemmesTempsChronoFR
w_FR_VD_2011_152643,FR_VD,VD,2011,152643,km,ABR,kilomètre,FR,lemmesTempsChronoFR
w_FR_VD_2011_154718,FR_VD,VD,2011,154718,km,ABR,kilomètre,FR,lemmesTempsChronoFR
w_FR_VD_2011_156803,FR_VD,VD,2011,156803,kilomètres,NOM,kilomètre,FR,lemmesTempsChronoFR
w_FR_VD_2011_158099,FR_VD,VD,2011,158099,kilomètres,NOM,kilomètre,FR,lemmesTempsChronoFR
w_FR_BE_2012_20983,FR_BE,BE,2012,20983,kilomètres,NOM,kilomètre,FR,lemmesTempsChronoFR
w_FR_BE_2012_21968,FR_BE,BE,2012,21968,km,ABR,kilomètre,FR,lemmesTempsChronoFR
w_FR_BE_2012_58588,FR_BE,BE,2012,58588,km,ABR,kilomètre,FR,lemmesTempsChronoFR
w_FR_BE_2012_58651,FR_BE,BE,2012,58651,km,ABR,kilomètre,FR,lemmesTempsChronoFR
w_FR_BE_2012_58722,FR_BE,BE,2012,58722,km,ABR,kilomètre,FR,lemmesTempsChronoFR
w_FR_BE_2012_58768,FR_BE,BE,2012,58768,km,ABR,kilomètre,FR,lemmesTempsChronoFR
w_FR_BE_2012_58784,FR_BE,BE,2012,58784,km,ABR,kilomètre,FR,lemmesTempsChronoFR
w_FR_BE_2012_58841,FR_BE,BE,2012,58841,km,ABR,kilomètre,FR,lemmesTempsChronoFR
w_FR_BE_2012_59050,FR_BE,BE,2012,59050,km,ABR,kilomètre,FR,lemmesTempsChronoFR
w_FR_BE_2012_59060,FR_BE,BE,2012,59060,km,ABR,kilomètre,FR,lemmesTempsChronoFR
w_FR_BE_2012_59070,FR_BE,BE,2012,59070,km,ABR,kilomètre,FR,lemmesTempsChronoFR
w_FR_FR_2002_12252,FR_FR,FR,2002,12252,km,ABR,kilomètre,FR,lemmesTempsChronoFR
w_FR_FR_2002_30206,FR_FR,FR,2002,30206,km,ABR,kilomètre,FR,lemmesTempsChronoFR
w_FR_FR_2002_31325,FR_FR,FR,2002,31325,km,ABR,kilomètre,FR,lemmesTempsChronoFR
w_FR_FR_2002_31336,FR_FR,FR,2002,31336,km,ABR,kilomètre,FR,lemmesTempsChronoFR
w_FR_FR_2002_31807,FR_FR,FR,2002,31807,km,ABR,kilomètre,FR,lemmesTempsChronoFR
w_FR_FR_2002_32802,FR_FR,FR,2002,32802,Km,ABR,kilomètre,FR,lemmesTempsChronoFR
w_FR_FR_2002_33113,FR_FR,FR,2002,33113,Km,ABR,kilomètre,FR,lemmesTempsChronoFR
w_FR_FR_2002_41804,FR_FR,FR,2002,41804,kilomètres,NOM,kilomètre,FR,lemmesTempsChronoFR
w_FR_FR_2002_56422,FR_FR,FR,2002,56422,km,ABR,kilomètre,FR,lemmesTempsChronoFR
w_FR_FR_2002_72368,FR_FR,FR,2002,72368,km,ABR,kilomètre,FR,lemmesTempsChronoFR
w_FR_FR_2002_81762,FR_FR,FR,2002,81762,km,ABR,kilomètre,FR,lemmesTempsChronoFR
w_FR_FR_2002_83350,FR_FR,FR,2002,83350,km,ABR,kilomètre,FR,lemmesTempsChronoFR
w_FR_FR_2002_87451,FR_FR,FR,2002,87451,km,ABR,kilomètre,FR,lemmesTempsChronoFR
w_FR_FR_2002_88964,FR_FR,FR,2002,88964,km,ABR,kilomètre,FR,lemmesTempsChronoFR
w_FR_FR_2002_89936,FR_FR,FR,2002,89936,km,ABR,kilomètre,FR,lemmesTempsChronoFR
w_FR_FR_2002_93537,FR_FR,FR,2002,93537,km,ABR,kilomètre,FR,lemmesTempsChronoFR
w_FR_FR_2002_95343,FR_FR,FR,2002,95343,km,ABR,kilomètre,FR,lemmesTempsChronoFR
w_FR_FR_2002_100515,FR_FR,FR,2002,100515,km,ABR,kilomètre,FR,lemmesTempsChronoFR
w_FR_FR_2002_105007,FR_FR,FR,2002,105007,km,ABR,kilomètre,FR,lemmesTempsChronoFR
w_FR_FR_2002_108879,FR_FR,FR,2002,108879,km,ABR,kilomètre,FR,lemmesTempsChronoFR
w_FR_FR_2002_111581,FR_FR,FR,2002,111581,km,ABR,kilomètre,FR,lemmesTempsChronoFR
w_FR_FR_2002_115001,FR_FR,FR,2002,115001,kilomètres,NOM,kilomètre,FR,lemmesTempsChronoFR
w_FR_FR_2002_115906,FR_FR,FR,2002,115906,kilomètres,NOM,kilomètre,FR,lemmesTempsChronoFR
w_FR_FR_2002_119013,FR_FR,FR,2002,119013,km,ABR,kilomètre,FR,lemmesTempsChronoFR
w_FR_FR_2002_128850,FR_FR,FR,2002,128850,km,ABR,kilomètre,FR,lemmesTempsChronoFR
w_FR_FR_2002_130218,FR_FR,FR,2002,130218,km,ABR,kilomètre,FR,lemmesTempsChronoFR
w_FR_FR_2002_131674,FR_FR,FR,2002,131674,km,ABR,kilomètre,FR,lemmesTempsChronoFR
w_FR_FR_2002_135207,FR_FR,FR,2002,135207,km,ABR,kilomètre,FR,lemmesTempsChronoFR
w_FR_FR_2002_136786,FR_FR,FR,2002,136786,km,ABR,kilomètre,FR,lemmesTempsChronoFR
w_FR_FR_2002_137945,FR_FR,FR,2002,137945,km,ABR,kilomètre,FR,lemmesTempsChronoFR
w_FR_FR_2002_151466,FR_FR,FR,2002,151466,km,ABR,kilomètre,FR,lemmesTempsChronoFR
w_FR_FR_2002_153954,FR_FR,FR,2002,153954,km,ABR,kilomètre,FR,lemmesTempsChronoFR
w_FR_FR_2002_160067,FR_FR,FR,2002,160067,km,ABR,kilomètre,FR,lemmesTempsChronoFR
w_FR_FR_2002_161255,FR_FR,FR,2002,161255,km,ABR,kilomètre,FR,lemmesTempsChronoFR
w_FR_FR_2002_164669,FR_FR,FR,2002,164669,km,ABR,kilomètre,FR,lemmesTempsChronoFR
w_FR_FR_2002_166088,FR_FR,FR,2002,166088,km,ABR,kilomètre,FR,lemmesTempsChronoFR
w_FR_FR_2002_168785,FR_FR,FR,2002,168785,km,ABR,kilomètre,FR,lemmesTempsChronoFR
w_FR_FR_2002_174551,FR_FR,FR,2002,174551,km,ABR,kilomètre,FR,lemmesTempsChronoFR
w_FR_FR_2002_179784,FR_FR,FR,2002,179784,km,ABR,kilomètre,FR,lemmesTempsChronoFR
w_FR_FR_2002_185824,FR_FR,FR,2002,185824,km,ABR,kilomètre,FR,lemmesTempsChronoFR
w_FR_FR_2002_197717,FR_FR,FR,2002,197717,km,ABR,kilomètre,FR,lemmesTempsChronoFR
w_FR_FR_2002_204938,FR_FR,FR,2002,204938,km,ABR,kilomètre,FR,lemmesTempsChronoFR
w_FR_FR_2002_206913,FR_FR,FR,2002,206913,km,ABR,kilomètre,FR,lemmesTempsChronoFR
w_FR_FR_2002_207530,FR_FR,FR,2002,207530,km,ABR,kilomètre,FR,lemmesTempsChronoFR
w_FR_FR_2002_207538,FR_FR,FR,2002,207538,km,ABR,kilomètre,FR,lemmesTempsChronoFR
w_FR_FR_2002_208914,FR_FR,FR,2002,208914,km,ABR,kilomètre,FR,lemmesTempsChronoFR
w_FR_FR_2002_210707,FR_FR,FR,2002,210707,km,ABR,kilomètre,FR,lemmesTempsChronoFR
w_FR_FR_2002_213023,FR_FR,FR,2002,213023,km,ABR,kilomètre,FR,lemmesTempsChronoFR
w_FR_VD_2022_15865,FR_VD,VD,2022,15865,kilomètres,NOM,kilomètre,FR,lemmesTempsChronoFR
w_FR_VD_2022_25599,FR_VD,VD,2022,25599,km,ABR,kilomètre,FR,lemmesTempsChronoFR
w_FR_VD_2022_31723,FR_VD,VD,2022,31723,kilomètres,NOM,kilomètre,FR,lemmesTempsChronoFR
w_FR_VD_2022_34956,FR_VD,VD,2022,34956,km,ABR,kilomètre,FR,lemmesTempsChronoFR
w_FR_VD_2022_35029,FR_VD,VD,2022,35029,kilomètres,NOM,kilomètre,FR,lemmesTempsChronoFR
w_FR_VD_2022_35141,FR_VD,VD,2022,35141,km,ABR,kilomètre,FR,lemmesTempsChronoFR
w_FR_VD_2022_35165,FR_VD,VD,2022,35165,km,ABR,kilomètre,FR,lemmesTempsChronoFR
w_FR_VD_2022_35168,FR_VD,VD,2022,35168,km,ABR,kilomètre,FR,lemmesTempsChronoFR
w_FR_VD_2022_39898,FR_VD,VD,2022,39898,kilomètres,NOM,kilomètre,FR,lemmesTempsChronoFR
w_FR_VD_2022_41516,FR_VD,VD,2022,41516,km,ABR,kilomètre,FR,lemmesTempsChronoFR
w_FR_VD_2022_41534,FR_VD,VD,2022,41534,km,ABR,kilomètre,FR,lemmesTempsChronoFR
w_FR_VD_2022_41544,FR_VD,VD,2022,41544,km,ABR,kilomètre,FR,lemmesTempsChronoFR
w_FR_VD_2022_41630,FR_VD,VD,2022,41630,km,ABR,kilomètre,FR,lemmesTempsChronoFR
w_FR_VD_2022_42986,FR_VD,VD,2022,42986,kilomètres,NOM,kilomètre,FR,lemmesTempsChronoFR
w_FR_VD_2022_51406,FR_VD,VD,2022,51406,km,ABR,kilomètre,FR,lemmesTempsChronoFR
w_FR_VD_2022_52534,FR_VD,VD,2022,52534,kilomètres,NOM,kilomètre,FR,lemmesTempsChronoFR
w_FR_VD_2022_96265,FR_VD,VD,2022,96265,km,ABR,kilomètre,FR,lemmesTempsChronoFR
w_FR_VD_2022_96271,FR_VD,VD,2022,96271,km,ABR,kilomètre,FR,lemmesTempsChronoFR
w_FR_VD_2022_96300,FR_VD,VD,2022,96300,km,ABR,kilomètre,FR,lemmesTempsChronoFR
w_FR_VD_2022_96306,FR_VD,VD,2022,96306,km,ABR,kilomètre,FR,lemmesTempsChronoFR
w_FR_VD_2022_96574,FR_VD,VD,2022,96574,km,ABR,kilomètre,FR,lemmesTempsChronoFR
w_FR_VD_2022_96576,FR_VD,VD,2022,96576,km,ABR,kilomètre,FR,lemmesTempsChronoFR
w_FR_VD_2022_99357,FR_VD,VD,2022,99357,kilomètres,NOM,kilomètre,FR,lemmesTempsChronoFR
w_FR_VD_2022_117287,FR_VD,VD,2022,117287,km,ABR,kilomètre,FR,lemmesTempsChronoFR
w_FR_VD_2022_123241,FR_VD,VD,2022,123241,km,ABR,kilomètre,FR,lemmesTempsChronoFR
w_FR_VD_2022_123253,FR_VD,VD,2022,123253,km,ABR,kilomètre,FR,lemmesTempsChronoFR
w_FR_VD_2022_128767,FR_VD,VD,2022,128767,km,ABR,kilomètre,FR,lemmesTempsChronoFR
w_FR_VD_2022_128899,FR_VD,VD,2022,128899,km,ABR,kilomètre,FR,lemmesTempsChronoFR
w_FR_VD_2022_129020,FR_VD,VD,2022,129020,km,ABR,kilomètre,FR,lemmesTempsChronoFR
w_FR_VS_2019_14926,FR_VS,VS,2019,14926,km,ABR,kilomètre,FR,lemmesTempsChronoFR
w_FR_VS_2019_26754,FR_VS,VS,2019,26754,km,ABR,kilomètre,FR,lemmesTempsChronoFR
w_FR_VS_2019_92676,FR_VS,VS,2019,92676,km,ABR,kilomètre,FR,lemmesTempsChronoFR
w_FR_VS_2019_97998,FR_VS,VS,2019,97998,km,ABR,kilomètre,FR,lemmesTempsChronoFR
w_FR_VS_2019_98004,FR_VS,VS,2019,98004,km,ABR,kilomètre,FR,lemmesTempsChronoFR
w_FR_BE_2008_21398,FR_BE,BE,2008,21398,kilomètres,NOM,kilomètre,FR,lemmesTempsChronoFR
w_FR_BE_2008_22364,FR_BE,BE,2008,22364,km,ABR,kilomètre,FR,lemmesTempsChronoFR
w_FR_BE_2008_54864,FR_BE,BE,2008,54864,km,ABR,kilomètre,FR,lemmesTempsChronoFR
w_FR_BE_2008_54927,FR_BE,BE,2008,54927,km,ABR,kilomètre,FR,lemmesTempsChronoFR
w_FR_BE_2008_54998,FR_BE,BE,2008,54998,km,ABR,kilomètre,FR,lemmesTempsChronoFR
w_FR_BE_2008_55044,FR_BE,BE,2008,55044,km,ABR,kilomètre,FR,lemmesTempsChronoFR
w_FR_BE_2008_55060,FR_BE,BE,2008,55060,km,ABR,kilomètre,FR,lemmesTempsChronoFR
w_FR_BE_2008_55117,FR_BE,BE,2008,55117,km,ABR,kilomètre,FR,lemmesTempsChronoFR
w_FR_BE_2008_55326,FR_BE,BE,2008,55326,km,ABR,kilomètre,FR,lemmesTempsChronoFR
w_FR_BE_2008_55336,FR_BE,BE,2008,55336,km,ABR,kilomètre,FR,lemmesTempsChronoFR
w_FR_BE_2008_55346,FR_BE,BE,2008,55346,km,ABR,kilomètre,FR,lemmesTempsChronoFR
w_FR_VD_2008_11329,FR_VD,VD,2008,11329,km,ABR,kilomètre,FR,lemmesTempsChronoFR
w_FR_VD_2008_11334,FR_VD,VD,2008,11334,km,ABR,kilomètre,FR,lemmesTempsChronoFR
w_FR_VD_2008_11349,FR_VD,VD,2008,11349,km,ABR,kilomètre,FR,lemmesTempsChronoFR
w_FR_VD_2008_11381,FR_VD,VD,2008,11381,km,ABR,kilomètre,FR,lemmesTempsChronoFR
w_FR_VD_2008_12550,FR_VD,VD,2008,12550,km,ABR,kilomètre,FR,lemmesTempsChronoFR
w_FR_VD_2008_12623,FR_VD,VD,2008,12623,kilomètres,NOM,kilomètre,FR,lemmesTempsChronoFR
w_FR_VD_2008_12735,FR_VD,VD,2008,12735,km,ABR,kilomètre,FR,lemmesTempsChronoFR
w_FR_VD_2008_12759,FR_VD,VD,2008,12759,km,ABR,kilomètre,FR,lemmesTempsChronoFR
w_FR_VD_2008_12762,FR_VD,VD,2008,12762,km,ABR,kilomètre,FR,lemmesTempsChronoFR
w_FR_VD_2008_17401,FR_VD,VD,2008,17401,km,ABR,kilomètre,FR,lemmesTempsChronoFR
w_FR_VD_2008_17419,FR_VD,VD,2008,17419,km,ABR,kilomètre,FR,lemmesTempsChronoFR
w_FR_VD_2008_17429,FR_VD,VD,2008,17429,km,ABR,kilomètre,FR,lemmesTempsChronoFR
w_FR_VD_2008_18781,FR_VD,VD,2008,18781,kilomètres,NOM,kilomètre,FR,lemmesTempsChronoFR
w_FR_VD_2008_25976,FR_VD,VD,2008,25976,km,ABR,kilomètre,FR,lemmesTempsChronoFR
w_FR_VD_2008_27150,FR_VD,VD,2008,27150,kilomètres,NOM,kilomètre,FR,lemmesTempsChronoFR
w_FR_VD_2008_63523,FR_VD,VD,2008,63523,kilomètres,NOM,kilomètre,FR,lemmesTempsChronoFR
w_FR_VD_2008_76475,FR_VD,VD,2008,76475,km,ABR,kilomètre,FR,lemmesTempsChronoFR
w_FR_VD_2008_81402,FR_VD,VD,2008,81402,km,ABR,kilomètre,FR,lemmesTempsChronoFR
w_FR_VD_2008_81414,FR_VD,VD,2008,81414,km,ABR,kilomètre,FR,lemmesTempsChronoFR
w_FR_VD_2008_105519,FR_VD,VD,2008,105519,km,ABR,kilomètre,FR,lemmesTempsChronoFR
w_FR_VD_2008_128538,FR_VD,VD,2008,128538,km,ABR,kilomètre,FR,lemmesTempsChronoFR
w_FR_VD_2008_128545,FR_VD,VD,2008,128545,km,ABR,kilomètre,FR,lemmesTempsChronoFR
w_FR_VD_2008_128552,FR_VD,VD,2008,128552,km,ABR,kilomètre,FR,lemmesTempsChronoFR
w_FR_VD_2008_130628,FR_VD,VD,2008,130628,km,ABR,kilomètre,FR,lemmesTempsChronoFR
w_FR_VD_2008_132713,FR_VD,VD,2008,132713,kilomètres,NOM,kilomètre,FR,lemmesTempsChronoFR
w_FR_VD_2008_134007,FR_VD,VD,2008,134007,kilomètres,NOM,kilomètre,FR,lemmesTempsChronoFR
w_FR_NE_2011_64220,FR_NE,NE,2011,64220,km,ABR,kilomètre,FR,lemmesTempsChronoFR
w_FR_NE_2011_98262,FR_NE,NE,2011,98262,km,ABR,kilomètre,FR,lemmesTempsChronoFR
w_FR_NE_2011_100660,FR_NE,NE,2011,100660,km,ABR,kilomètre,FR,lemmesTempsChronoFR
w_FR_NE_2011_100915,FR_NE,NE,2011,100915,km,ABR,kilomètre,FR,lemmesTempsChronoFR
w_FR_NE_2011_218965,FR_NE,NE,2011,218965,km,ABR,kilomètre,FR,lemmesTempsChronoFR
w_FR_NE_2011_230596,FR_NE,NE,2011,230596,km,ABR,kilomètre,FR,lemmesTempsChronoFR
w_FR_NE_2011_241174,FR_NE,NE,2011,241174,km,ABR,kilomètre,FR,lemmesTempsChronoFR
w_FR_NE_2011_274382,FR_NE,NE,2011,274382,kilomètres,NOM,kilomètre,FR,lemmesTempsChronoFR
w_FR_NE_2011_280398,FR_NE,NE,2011,280398,km,ABR,kilomètre,FR,lemmesTempsChronoFR
w_FR_NE_2011_280511,FR_NE,NE,2011,280511,km,ABR,kilomètre,FR,lemmesTempsChronoFR
w_FR_BE_2002_20497,FR_BE,BE,2002,20497,kilomètres,NOM,kilomètre,FR,lemmesTempsChronoFR
w_FR_BE_2002_21335,FR_BE,BE,2002,21335,km,ABR,kilomètre,FR,lemmesTempsChronoFR
w_FR_BE_2002_46876,FR_BE,BE,2002,46876,km,ABR,kilomètre,FR,lemmesTempsChronoFR
w_FR_BE_2002_49296,FR_BE,BE,2002,49296,km,ABR,kilomètre,FR,lemmesTempsChronoFR
w_FR_BE_2002_49359,FR_BE,BE,2002,49359,km,ABR,kilomètre,FR,lemmesTempsChronoFR
w_FR_BE_2002_49430,FR_BE,BE,2002,49430,km,ABR,kilomètre,FR,lemmesTempsChronoFR
w_FR_BE_2002_49476,FR_BE,BE,2002,49476,km,ABR,kilomètre,FR,lemmesTempsChronoFR
w_FR_BE_2002_49492,FR_BE,BE,2002,49492,km,ABR,kilomètre,FR,lemmesTempsChronoFR
w_FR_BE_2002_49549,FR_BE,BE,2002,49549,km,ABR,kilomètre,FR,lemmesTempsChronoFR
w_FR_BE_2002_49754,FR_BE,BE,2002,49754,km,ABR,kilomètre,FR,lemmesTempsChronoFR
w_FR_BE_2002_49763,FR_BE,BE,2002,49763,km,ABR,kilomètre,FR,lemmesTempsChronoFR
w_FR_BE_2002_49772,FR_BE,BE,2002,49772,km,ABR,kilomètre,FR,lemmesTempsChronoFR
w_FR_FR_2024_1130,FR_FR,FR,2024,1130,km,ABR,kilomètre,FR,lemmesTempsChronoFR
w_FR_FR_2024_21822,FR_FR,FR,2024,21822,km,ABR,kilomètre,FR,lemmesTempsChronoFR
w_FR_FR_2024_32786,FR_FR,FR,2024,32786,km,ABR,kilomètre,FR,lemmesTempsChronoFR
w_FR_FR_2024_34731,FR_FR,FR,2024,34731,km,ABR,kilomètre,FR,lemmesTempsChronoFR
w_FR_FR_2024_39742,FR_FR,FR,2024,39742,km,ABR,kilomètre,FR,lemmesTempsChronoFR
w_FR_FR_2024_45231,FR_FR,FR,2024,45231,km,ABR,kilomètre,FR,lemmesTempsChronoFR
w_FR_FR_2024_46837,FR_FR,FR,2024,46837,km,ABR,kilomètre,FR,lemmesTempsChronoFR
w_FR_FR_2024_48480,FR_FR,FR,2024,48480,km,ABR,kilomètre,FR,lemmesTempsChronoFR
w_FR_FR_2024_52463,FR_FR,FR,2024,52463,km,ABR,kilomètre,FR,lemmesTempsChronoFR
w_FR_FR_2024_56875,FR_FR,FR,2024,56875,km,ABR,kilomètre,FR,lemmesTempsChronoFR
w_FR_FR_2024_60321,FR_FR,FR,2024,60321,km,ABR,kilomètre,FR,lemmesTempsChronoFR
w_FR_FR_2024_60987,FR_FR,FR,2024,60987,km,ABR,kilomètre,FR,lemmesTempsChronoFR
w_FR_FR_2024_61208,FR_FR,FR,2024,61208,km,ABR,kilomètre,FR,lemmesTempsChronoFR
w_FR_FR_2024_62306,FR_FR,FR,2024,62306,km,ABR,kilomètre,FR,lemmesTempsChronoFR
w_FR_FR_2024_62312,FR_FR,FR,2024,62312,km,ABR,kilomètre,FR,lemmesTempsChronoFR
w_FR_FR_2024_62317,FR_FR,FR,2024,62317,km,ABR,kilomètre,FR,lemmesTempsChronoFR
w_FR_FR_2024_62322,FR_FR,FR,2024,62322,km,ABR,kilomètre,FR,lemmesTempsChronoFR
w_FR_FR_2024_62327,FR_FR,FR,2024,62327,km,ABR,kilomètre,FR,lemmesTempsChronoFR
w_FR_FR_2024_62332,FR_FR,FR,2024,62332,km,ABR,kilomètre,FR,lemmesTempsChronoFR
w_FR_FR_2024_62337,FR_FR,FR,2024,62337,km,ABR,kilomètre,FR,lemmesTempsChronoFR
w_FR_FR_2024_62342,FR_FR,FR,2024,62342,km,ABR,kilomètre,FR,lemmesTempsChronoFR
w_FR_FR_2024_65717,FR_FR,FR,2024,65717,km,ABR,kilomètre,FR,lemmesTempsChronoFR
w_FR_FR_2024_65722,FR_FR,FR,2024,65722,km,ABR,kilomètre,FR,lemmesTempsChronoFR
w_FR_FR_2024_65735,FR_FR,FR,2024,65735,km,ABR,kilomètre,FR,lemmesTempsChronoFR
w_FR_FR_2024_65741,FR_FR,FR,2024,65741,km,ABR,kilomètre,FR,lemmesTempsChronoFR
w_FR_FR_2024_67402,FR_FR,FR,2024,67402,km,ABR,kilomètre,FR,lemmesTempsChronoFR
w_FR_FR_2024_69803,FR_FR,FR,2024,69803,km,ABR,kilomètre,FR,lemmesTempsChronoFR
w_FR_FR_2024_75264,FR_FR,FR,2024,75264,km,ABR,kilomètre,FR,lemmesTempsChronoFR
w_FR_FR_2024_75523,FR_FR,FR,2024,75523,km,ABR,kilomètre,FR,lemmesTempsChronoFR
w_FR_FR_2024_77997,FR_FR,FR,2024,77997,km,ABR,kilomètre,FR,lemmesTempsChronoFR
w_FR_FR_2024_93194,FR_FR,FR,2024,93194,km,ABR,kilomètre,FR,lemmesTempsChronoFR
w_FR_FR_2024_98298,FR_FR,FR,2024,98298,km,ABR,kilomètre,FR,lemmesTempsChronoFR
w_FR_FR_2024_106564,FR_FR,FR,2024,106564,km,ABR,kilomètre,FR,lemmesTempsChronoFR
w_FR_FR_2024_109289,FR_FR,FR,2024,109289,km,ABR,kilomètre,FR,lemmesTempsChronoFR
w_FR_FR_2024_114226,FR_FR,FR,2024,114226,km,ABR,kilomètre,FR,lemmesTempsChronoFR
w_FR_FR_2024_117156,FR_FR,FR,2024,117156,km,ABR,kilomètre,FR,lemmesTempsChronoFR
w_FR_FR_2024_119116,FR_FR,FR,2024,119116,km,ABR,kilomètre,FR,lemmesTempsChronoFR
w_FR_FR_2024_119165,FR_FR,FR,2024,119165,km,ABR,kilomètre,FR,lemmesTempsChronoFR
w_FR_FR_2024_120539,FR_FR,FR,2024,120539,km,ABR,kilomètre,FR,lemmesTempsChronoFR
w_FR_FR_2024_139846,FR_FR,FR,2024,139846,km,ABR,kilomètre,FR,lemmesTempsChronoFR
w_FR_FR_2024_140916,FR_FR,FR,2024,140916,km,ABR,kilomètre,FR,lemmesTempsChronoFR
w_FR_FR_2024_142090,FR_FR,FR,2024,142090,km,ABR,kilomètre,FR,lemmesTempsChronoFR
w_FR_FR_2024_142163,FR_FR,FR,2024,142163,km,ABR,kilomètre,FR,lemmesTempsChronoFR
w_FR_FR_2024_143442,FR_FR,FR,2024,143442,km,ABR,kilomètre,FR,lemmesTempsChronoFR
w_FR_FR_2024_143485,FR_FR,FR,2024,143485,km,ABR,kilomètre,FR,lemmesTempsChronoFR
w_FR_FR_2024_145148,FR_FR,FR,2024,145148,km,ABR,kilomètre,FR,lemmesTempsChronoFR
w_FR_FR_2024_145470,FR_FR,FR,2024,145470,km,ABR,kilomètre,FR,lemmesTempsChronoFR
w_FR_VD_2018_15536,FR_VD,VD,2018,15536,kilomètres,NOM,kilomètre,FR,lemmesTempsChronoFR
w_FR_VD_2018_25143,FR_VD,VD,2018,25143,km,ABR,kilomètre,FR,lemmesTempsChronoFR
w_FR_VD_2018_31188,FR_VD,VD,2018,31188,kilomètres,NOM,kilomètre,FR,lemmesTempsChronoFR
w_FR_VD_2018_34360,FR_VD,VD,2018,34360,km,ABR,kilomètre,FR,lemmesTempsChronoFR
w_FR_VD_2018_34433,FR_VD,VD,2018,34433,kilomètres,NOM,kilomètre,FR,lemmesTempsChronoFR
w_FR_VD_2018_34547,FR_VD,VD,2018,34547,km,ABR,kilomètre,FR,lemmesTempsChronoFR
w_FR_VD_2018_34571,FR_VD,VD,2018,34571,km,ABR,kilomètre,FR,lemmesTempsChronoFR
w_FR_VD_2018_34574,FR_VD,VD,2018,34574,km,ABR,kilomètre,FR,lemmesTempsChronoFR
w_FR_VD_2018_39254,FR_VD,VD,2018,39254,kilomètres,NOM,kilomètre,FR,lemmesTempsChronoFR
w_FR_VD_2018_40863,FR_VD,VD,2018,40863,km,ABR,kilomètre,FR,lemmesTempsChronoFR
w_FR_VD_2018_40881,FR_VD,VD,2018,40881,km,ABR,kilomètre,FR,lemmesTempsChronoFR
w_FR_VD_2018_40891,FR_VD,VD,2018,40891,km,ABR,kilomètre,FR,lemmesTempsChronoFR
w_FR_VD_2018_40977,FR_VD,VD,2018,40977,km,ABR,kilomètre,FR,lemmesTempsChronoFR
w_FR_VD_2018_42318,FR_VD,VD,2018,42318,kilomètres,NOM,kilomètre,FR,lemmesTempsChronoFR
w_FR_VD_2018_50630,FR_VD,VD,2018,50630,km,ABR,kilomètre,FR,lemmesTempsChronoFR
w_FR_VD_2018_51745,FR_VD,VD,2018,51745,kilomètres,NOM,kilomètre,FR,lemmesTempsChronoFR
w_FR_VD_2018_85250,FR_VD,VD,2018,85250,km,ABR,kilomètre,FR,lemmesTempsChronoFR
w_FR_VD_2018_94738,FR_VD,VD,2018,94738,km,ABR,kilomètre,FR,lemmesTempsChronoFR
w_FR_VD_2018_94744,FR_VD,VD,2018,94744,km,ABR,kilomètre,FR,lemmesTempsChronoFR
w_FR_VD_2018_94773,FR_VD,VD,2018,94773,km,ABR,kilomètre,FR,lemmesTempsChronoFR
w_FR_VD_2018_94779,FR_VD,VD,2018,94779,km,ABR,kilomètre,FR,lemmesTempsChronoFR
w_FR_VD_2018_95047,FR_VD,VD,2018,95047,km,ABR,kilomètre,FR,lemmesTempsChronoFR
w_FR_VD_2018_95049,FR_VD,VD,2018,95049,km,ABR,kilomètre,FR,lemmesTempsChronoFR
w_FR_VD_2018_97788,FR_VD,VD,2018,97788,kilomètres,NOM,kilomètre,FR,lemmesTempsChronoFR
w_FR_VD_2018_116019,FR_VD,VD,2018,116019,km,ABR,kilomètre,FR,lemmesTempsChronoFR
w_FR_VD_2018_121850,FR_VD,VD,2018,121850,km,ABR,kilomètre,FR,lemmesTempsChronoFR
w_FR_VD_2018_121862,FR_VD,VD,2018,121862,km,ABR,kilomètre,FR,lemmesTempsChronoFR
w_FR_VD_2018_126578,FR_VD,VD,2018,126578,km,ABR,kilomètre,FR,lemmesTempsChronoFR
w_FR_VD_2018_126887,FR_VD,VD,2018,126887,km,ABR,kilomètre,FR,lemmesTempsChronoFR
w_FR_VD_2018_129393,FR_VD,VD,2018,129393,km,ABR,kilomètre,FR,lemmesTempsChronoFR
w_FR_VD_2018_129527,FR_VD,VD,2018,129527,km,ABR,kilomètre,FR,lemmesTempsChronoFR
w_FR_VD_2018_129649,FR_VD,VD,2018,129649,km,ABR,kilomètre,FR,lemmesTempsChronoFR
w_FR_BE_2006_21396,FR_BE,BE,2006,21396,kilomètres,NOM,kilomètre,FR,lemmesTempsChronoFR
w_FR_BE_2006_22362,FR_BE,BE,2006,22362,km,ABR,kilomètre,FR,lemmesTempsChronoFR
w_FR_BE_2006_54914,FR_BE,BE,2006,54914,km,ABR,kilomètre,FR,lemmesTempsChronoFR
w_FR_BE_2006_54977,FR_BE,BE,2006,54977,km,ABR,kilomètre,FR,lemmesTempsChronoFR
w_FR_BE_2006_55048,FR_BE,BE,2006,55048,km,ABR,kilomètre,FR,lemmesTempsChronoFR
w_FR_BE_2006_55094,FR_BE,BE,2006,55094,km,ABR,kilomètre,FR,lemmesTempsChronoFR
w_FR_BE_2006_55110,FR_BE,BE,2006,55110,km,ABR,kilomètre,FR,lemmesTempsChronoFR
w_FR_BE_2006_55167,FR_BE,BE,2006,55167,km,ABR,kilomètre,FR,lemmesTempsChronoFR
w_FR_BE_2006_55376,FR_BE,BE,2006,55376,km,ABR,kilomètre,FR,lemmesTempsChronoFR
w_FR_BE_2006_55386,FR_BE,BE,2006,55386,km,ABR,kilomètre,FR,lemmesTempsChronoFR
w_FR_BE_2006_55396,FR_BE,BE,2006,55396,km,ABR,kilomètre,FR,lemmesTempsChronoFR
w_FR_BE_2010_20972,FR_BE,BE,2010,20972,kilomètres,NOM,kilomètre,FR,lemmesTempsChronoFR
w_FR_BE_2010_21957,FR_BE,BE,2010,21957,km,ABR,kilomètre,FR,lemmesTempsChronoFR
w_FR_BE_2010_58598,FR_BE,BE,2010,58598,km,ABR,kilomètre,FR,lemmesTempsChronoFR
w_FR_BE_2010_58661,FR_BE,BE,2010,58661,km,ABR,kilomètre,FR,lemmesTempsChronoFR
w_FR_BE_2010_58732,FR_BE,BE,2010,58732,km,ABR,kilomètre,FR,lemmesTempsChronoFR
w_FR_BE_2010_58778,FR_BE,BE,2010,58778,km,ABR,kilomètre,FR,lemmesTempsChronoFR
w_FR_BE_2010_58794,FR_BE,BE,2010,58794,km,ABR,kilomètre,FR,lemmesTempsChronoFR
w_FR_BE_2010_58851,FR_BE,BE,2010,58851,km,ABR,kilomètre,FR,lemmesTempsChronoFR
w_FR_BE_2010_59060,FR_BE,BE,2010,59060,km,ABR,kilomètre,FR,lemmesTempsChronoFR
w_FR_BE_2010_59070,FR_BE,BE,2010,59070,km,ABR,kilomètre,FR,lemmesTempsChronoFR
w_FR_BE_2010_59080,FR_BE,BE,2010,59080,km,ABR,kilomètre,FR,lemmesTempsChronoFR
w_FR_VD_2016_15504,FR_VD,VD,2016,15504,kilomètres,NOM,kilomètre,FR,lemmesTempsChronoFR
w_FR_VD_2016_18841,FR_VD,VD,2016,18841,km,ABR,kilomètre,FR,lemmesTempsChronoFR
w_FR_VD_2016_18848,FR_VD,VD,2016,18848,km,ABR,kilomètre,FR,lemmesTempsChronoFR
w_FR_VD_2016_18855,FR_VD,VD,2016,18855,km,ABR,kilomètre,FR,lemmesTempsChronoFR
w_FR_VD_2016_25886,FR_VD,VD,2016,25886,km,ABR,kilomètre,FR,lemmesTempsChronoFR
w_FR_VD_2016_31628,FR_VD,VD,2016,31628,km,ABR,kilomètre,FR,lemmesTempsChronoFR
w_FR_VD_2016_31633,FR_VD,VD,2016,31633,km,ABR,kilomètre,FR,lemmesTempsChronoFR
w_FR_VD_2016_31648,FR_VD,VD,2016,31648,km,ABR,kilomètre,FR,lemmesTempsChronoFR
w_FR_VD_2016_31680,FR_VD,VD,2016,31680,km,ABR,kilomètre,FR,lemmesTempsChronoFR
w_FR_VD_2016_33033,FR_VD,VD,2016,33033,km,ABR,kilomètre,FR,lemmesTempsChronoFR
w_FR_VD_2016_33106,FR_VD,VD,2016,33106,kilomètres,NOM,kilomètre,FR,lemmesTempsChronoFR
w_FR_VD_2016_33220,FR_VD,VD,2016,33220,km,ABR,kilomètre,FR,lemmesTempsChronoFR
w_FR_VD_2016_33244,FR_VD,VD,2016,33244,km,ABR,kilomètre,FR,lemmesTempsChronoFR
w_FR_VD_2016_33247,FR_VD,VD,2016,33247,km,ABR,kilomètre,FR,lemmesTempsChronoFR
w_FR_VD_2016_37918,FR_VD,VD,2016,37918,kilomètres,NOM,kilomètre,FR,lemmesTempsChronoFR
w_FR_VD_2016_39541,FR_VD,VD,2016,39541,km,ABR,kilomètre,FR,lemmesTempsChronoFR
w_FR_VD_2016_39559,FR_VD,VD,2016,39559,km,ABR,kilomètre,FR,lemmesTempsChronoFR
w_FR_VD_2016_39569,FR_VD,VD,2016,39569,km,ABR,kilomètre,FR,lemmesTempsChronoFR
w_FR_VD_2016_39657,FR_VD,VD,2016,39657,km,ABR,kilomètre,FR,lemmesTempsChronoFR
w_FR_VD_2016_41010,FR_VD,VD,2016,41010,kilomètres,NOM,kilomètre,FR,lemmesTempsChronoFR
w_FR_VD_2016_45594,FR_VD,VD,2016,45594,kilomètres,NOM,kilomètre,FR,lemmesTempsChronoFR
w_FR_VD_2016_49473,FR_VD,VD,2016,49473,km,ABR,kilomètre,FR,lemmesTempsChronoFR
w_FR_VD_2016_50564,FR_VD,VD,2016,50564,kilomètres,NOM,kilomètre,FR,lemmesTempsChronoFR
w_FR_VD_2016_90827,FR_VD,VD,2016,90827,km,ABR,kilomètre,FR,lemmesTempsChronoFR
w_FR_VD_2016_90833,FR_VD,VD,2016,90833,km,ABR,kilomètre,FR,lemmesTempsChronoFR
w_FR_VD_2016_90862,FR_VD,VD,2016,90862,km,ABR,kilomètre,FR,lemmesTempsChronoFR
w_FR_VD_2016_90932,FR_VD,VD,2016,90932,km,ABR,kilomètre,FR,lemmesTempsChronoFR
w_FR_VD_2016_91129,FR_VD,VD,2016,91129,km,ABR,kilomètre,FR,lemmesTempsChronoFR
w_FR_VD_2016_91131,FR_VD,VD,2016,91131,km,ABR,kilomètre,FR,lemmesTempsChronoFR
w_FR_VD_2016_93898,FR_VD,VD,2016,93898,kilomètres,NOM,kilomètre,FR,lemmesTempsChronoFR
w_FR_VD_2016_112170,FR_VD,VD,2016,112170,km,ABR,kilomètre,FR,lemmesTempsChronoFR
w_FR_VD_2016_118013,FR_VD,VD,2016,118013,km,ABR,kilomètre,FR,lemmesTempsChronoFR
w_FR_VD_2016_118025,FR_VD,VD,2016,118025,km,ABR,kilomètre,FR,lemmesTempsChronoFR
w_FR_VD_2016_122762,FR_VD,VD,2016,122762,km,ABR,kilomètre,FR,lemmesTempsChronoFR
w_FR_VD_2016_123077,FR_VD,VD,2016,123077,km,ABR,kilomètre,FR,lemmesTempsChronoFR
w_FR_VD_2016_125559,FR_VD,VD,2016,125559,km,ABR,kilomètre,FR,lemmesTempsChronoFR
w_FR_VD_2016_125691,FR_VD,VD,2016,125691,km,ABR,kilomètre,FR,lemmesTempsChronoFR
w_FR_VD_2016_125812,FR_VD,VD,2016,125812,km,ABR,kilomètre,FR,lemmesTempsChronoFR
w_FR_BE_2024_51848,FR_BE,BE,2024,51848,kilomètres,NOM,kilomètre,FR,lemmesTempsChronoFR
w_FR_BE_2024_51862,FR_BE,BE,2024,51862,kilomètres,NOM,kilomètre,FR,lemmesTempsChronoFR
w_FR_BE_2024_91067,FR_BE,BE,2024,91067,km,ABR,kilomètre,FR,lemmesTempsChronoFR
w_FR_VD_2013_15313,FR_VD,VD,2013,15313,kilomètres,NOM,kilomètre,FR,lemmesTempsChronoFR
w_FR_VD_2013_18598,FR_VD,VD,2013,18598,km,ABR,kilomètre,FR,lemmesTempsChronoFR
w_FR_VD_2013_18605,FR_VD,VD,2013,18605,km,ABR,kilomètre,FR,lemmesTempsChronoFR
w_FR_VD_2013_18612,FR_VD,VD,2013,18612,km,ABR,kilomètre,FR,lemmesTempsChronoFR
w_FR_VD_2013_25517,FR_VD,VD,2013,25517,km,ABR,kilomètre,FR,lemmesTempsChronoFR
w_FR_VD_2013_27956,FR_VD,VD,2013,27956,km,ABR,kilomètre,FR,lemmesTempsChronoFR
w_FR_VD_2013_30162,FR_VD,VD,2013,30162,km,ABR,kilomètre,FR,lemmesTempsChronoFR
w_FR_VD_2013_30167,FR_VD,VD,2013,30167,km,ABR,kilomètre,FR,lemmesTempsChronoFR
w_FR_VD_2013_30182,FR_VD,VD,2013,30182,km,ABR,kilomètre,FR,lemmesTempsChronoFR
w_FR_VD_2013_30214,FR_VD,VD,2013,30214,km,ABR,kilomètre,FR,lemmesTempsChronoFR
w_FR_VD_2013_31881,FR_VD,VD,2013,31881,km,ABR,kilomètre,FR,lemmesTempsChronoFR
w_FR_VD_2013_31954,FR_VD,VD,2013,31954,kilomètres,NOM,kilomètre,FR,lemmesTempsChronoFR
w_FR_VD_2013_32066,FR_VD,VD,2013,32066,km,ABR,kilomètre,FR,lemmesTempsChronoFR
w_FR_VD_2013_32090,FR_VD,VD,2013,32090,km,ABR,kilomètre,FR,lemmesTempsChronoFR
w_FR_VD_2013_32093,FR_VD,VD,2013,32093,km,ABR,kilomètre,FR,lemmesTempsChronoFR
w_FR_VD_2013_36644,FR_VD,VD,2013,36644,kilomètres,NOM,kilomètre,FR,lemmesTempsChronoFR
w_FR_VD_2013_38242,FR_VD,VD,2013,38242,km,ABR,kilomètre,FR,lemmesTempsChronoFR
w_FR_VD_2013_38260,FR_VD,VD,2013,38260,km,ABR,kilomètre,FR,lemmesTempsChronoFR
w_FR_VD_2013_38270,FR_VD,VD,2013,38270,km,ABR,kilomètre,FR,lemmesTempsChronoFR
w_FR_VD_2013_38356,FR_VD,VD,2013,38356,km,ABR,kilomètre,FR,lemmesTempsChronoFR
w_FR_VD_2013_39700,FR_VD,VD,2013,39700,kilomètres,NOM,kilomètre,FR,lemmesTempsChronoFR
w_FR_VD_2013_44256,FR_VD,VD,2013,44256,kilomètres,NOM,kilomètre,FR,lemmesTempsChronoFR
w_FR_VD_2013_47837,FR_VD,VD,2013,47837,km,ABR,kilomètre,FR,lemmesTempsChronoFR
w_FR_VD_2013_48943,FR_VD,VD,2013,48943,kilomètres,NOM,kilomètre,FR,lemmesTempsChronoFR
w_FR_VD_2013_48960,FR_VD,VD,2013,48960,kilomètres,NOM,kilomètre,FR,lemmesTempsChronoFR
w_FR_VD_2013_89832,FR_VD,VD,2013,89832,kilomètres,NOM,kilomètre,FR,lemmesTempsChronoFR
w_FR_VD_2013_106112,FR_VD,VD,2013,106112,km,ABR,kilomètre,FR,lemmesTempsChronoFR
w_FR_VD_2013_111460,FR_VD,VD,2013,111460,km,ABR,kilomètre,FR,lemmesTempsChronoFR
w_FR_VD_2013_111472,FR_VD,VD,2013,111472,km,ABR,kilomètre,FR,lemmesTempsChronoFR
w_FR_VD_2013_115979,FR_VD,VD,2013,115979,km,ABR,kilomètre,FR,lemmesTempsChronoFR
w_FR_VD_2013_116289,FR_VD,VD,2013,116289,km,ABR,kilomètre,FR,lemmesTempsChronoFR
w_FR_VD_2013_147531,FR_VD,VD,2013,147531,km,ABR,kilomètre,FR,lemmesTempsChronoFR
w_FR_VD_2012_30211,FR_VD,VD,2012,30211,ralentissements,NOM,ralentissement,FR,lemmesTempsChronoFR
w_FR_BE_2013_69020,FR_BE,BE,2013,69020,ralentissement,NOM,ralentissement,FR,lemmesTempsChronoFR
w_FR_GE_2024_156568,FR_GE,GE,2024,156568,ralentissement,NOM,ralentissement,FR,lemmesTempsChronoFR
w_FR_GE_2024_157007,FR_GE,GE,2024,157007,ralentissement,NOM,ralentissement,FR,lemmesTempsChronoFR
w_FR_BE_2016_78731,FR_BE,BE,2016,78731,ralentissement,NOM,ralentissement,FR,lemmesTempsChronoFR
w_FR_VD_2011_12801,FR_VD,VD,2011,12801,ralentissements,NOM,ralentissement,FR,lemmesTempsChronoFR
w_FR_BE_2012_68375,FR_BE,BE,2012,68375,ralentissement,NOM,ralentissement,FR,lemmesTempsChronoFR
w_FR_VD_2008_11540,FR_VD,VD,2008,11540,ralentissements,NOM,ralentissement,FR,lemmesTempsChronoFR
w_FR_FR_2024_62620,FR_FR,FR,2024,62620,ralentissements,NOM,ralentissement,FR,lemmesTempsChronoFR
w_FR_BE_2010_68385,FR_BE,BE,2010,68385,ralentissement,NOM,ralentissement,FR,lemmesTempsChronoFR
w_FR_VD_2016_31831,FR_VD,VD,2016,31831,ralentissements,NOM,ralentissement,FR,lemmesTempsChronoFR
w_FR_BE_2024_21901,FR_BE,BE,2024,21901,ralentissement,NOM,ralentissement,FR,lemmesTempsChronoFR
w_FR_BE_2024_52822,FR_BE,BE,2024,52822,ralentissement,NOM,ralentissement,FR,lemmesTempsChronoFR
w_FR_VD_2013_30361,FR_VD,VD,2013,30361,ralentissements,NOM,ralentissement,FR,lemmesTempsChronoFR
w_FR_VD_2012_26628,FR_VD,VD,2012,26628,cadence,NOM,cadence,FR,lemmesTempsChronoFR
w_FR_VD_2012_26732,FR_VD,VD,2012,26732,cadence,NOM,cadence,FR,lemmesTempsChronoFR
w_FR_VD_2012_27166,FR_VD,VD,2012,27166,cadences,NOM,cadence,FR,lemmesTempsChronoFR
w_FR_VD_2012_27737,FR_VD,VD,2012,27737,cadence,NOM,cadence,FR,lemmesTempsChronoFR
w_FR_VD_2012_27764,FR_VD,VD,2012,27764,cadence,NOM,cadence,FR,lemmesTempsChronoFR
w_FR_VD_2012_27827,FR_VD,VD,2012,27827,cadence,NOM,cadence,FR,lemmesTempsChronoFR
w_FR_VD_2012_27853,FR_VD,VD,2012,27853,cadence,NOM,cadence,FR,lemmesTempsChronoFR
w_FR_VD_2012_27978,FR_VD,VD,2012,27978,cadence,NOM,cadence,FR,lemmesTempsChronoFR
w_FR_VD_2012_28073,FR_VD,VD,2012,28073,cadence,NOM,cadence,FR,lemmesTempsChronoFR
w_FR_VD_2012_34424,FR_VD,VD,2012,34424,cadence,NOM,cadence,FR,lemmesTempsChronoFR
w_FR_VD_2012_148518,FR_VD,VD,2012,148518,cadences,NOM,cadence,FR,lemmesTempsChronoFR
w_FR_VD_2012_153250,FR_VD,VD,2012,153250,cadence,NOM,cadence,FR,lemmesTempsChronoFR
w_FR_BE_2013_62425,FR_BE,BE,2013,62425,cadence,NOM,cadence,FR,lemmesTempsChronoFR
w_FR_BE_2013_62682,FR_BE,BE,2013,62682,Cadence,NOM,cadence,FR,lemmesTempsChronoFR
w_FR_BE_2013_62697,FR_BE,BE,2013,62697,cadence,NOM,cadence,FR,lemmesTempsChronoFR
w_FR_BE_2013_68354,FR_BE,BE,2013,68354,cadence,NOM,cadence,FR,lemmesTempsChronoFR
w_FR_BE_2013_68407,FR_BE,BE,2013,68407,cadence,NOM,cadence,FR,lemmesTempsChronoFR
w_FR_BE_2013_68463,FR_BE,BE,2013,68463,cadence,NOM,cadence,FR,lemmesTempsChronoFR
w_FR_BE_2013_68588,FR_BE,BE,2013,68588,cadence,NOM,cadence,FR,lemmesTempsChronoFR
w_FR_BE_2013_68670,FR_BE,BE,2013,68670,cadence,NOM,cadence,FR,lemmesTempsChronoFR
w_FR_GE_2024_116013,FR_GE,GE,2024,116013,cadence,NOM,cadence,FR,lemmesTempsChronoFR
w_FR_GE_2024_116024,FR_GE,GE,2024,116024,cadence,NOM,cadence,FR,lemmesTempsChronoFR
w_FR_GE_2024_116193,FR_GE,GE,2024,116193,Cadence,NOM,cadence,FR,lemmesTempsChronoFR
w_FR_GE_2024_117379,FR_GE,GE,2024,117379,cadence,NOM,cadence,FR,lemmesTempsChronoFR
w_FR_GE_2024_117423,FR_GE,GE,2024,117423,Cadence,NOM,cadence,FR,lemmesTempsChronoFR
w_FR_GE_2024_131073,FR_GE,GE,2024,131073,cadence,NOM,cadence,FR,lemmesTempsChronoFR
w_FR_GE_2024_131089,FR_GE,GE,2024,131089,cadence,NOM,cadence,FR,lemmesTempsChronoFR
w_FR_BE_2016_28476,FR_BE,BE,2016,28476,cadence,NOM,cadence,FR,lemmesTempsChronoFR
w_FR_BE_2016_71815,FR_BE,BE,2016,71815,Cadence,NOM,cadence,FR,lemmesTempsChronoFR
w_FR_BE_2016_72537,FR_BE,BE,2016,72537,cadence,NOM,cadence,FR,lemmesTempsChronoFR
w_FR_BE_2016_72779,FR_BE,BE,2016,72779,Cadence,NOM,cadence,FR,lemmesTempsChronoFR
w_FR_BE_2016_72794,FR_BE,BE,2016,72794,cadence,NOM,cadence,FR,lemmesTempsChronoFR
w_FR_BE_2016_78093,FR_BE,BE,2016,78093,cadence,NOM,cadence,FR,lemmesTempsChronoFR
w_FR_BE_2016_78146,FR_BE,BE,2016,78146,cadence,NOM,cadence,FR,lemmesTempsChronoFR
w_FR_BE_2016_78202,FR_BE,BE,2016,78202,cadence,NOM,cadence,FR,lemmesTempsChronoFR
w_FR_BE_2016_78327,FR_BE,BE,2016,78327,cadence,NOM,cadence,FR,lemmesTempsChronoFR
w_FR_BE_2016_78409,FR_BE,BE,2016,78409,cadence,NOM,cadence,FR,lemmesTempsChronoFR
w_FR_JU_2018_6881,FR_JU,JU,2018,6881,cadences,NOM,cadence,FR,lemmesTempsChronoFR
w_FR_VD_2011_9107,FR_VD,VD,2011,9107,cadence,NOM,cadence,FR,lemmesTempsChronoFR
w_FR_VD_2011_9211,FR_VD,VD,2011,9211,cadence,NOM,cadence,FR,lemmesTempsChronoFR
w_FR_VD_2011_9644,FR_VD,VD,2011,9644,cadences,NOM,cadence,FR,lemmesTempsChronoFR
w_FR_VD_2011_10213,FR_VD,VD,2011,10213,cadence,NOM,cadence,FR,lemmesTempsChronoFR
w_FR_VD_2011_10240,FR_VD,VD,2011,10240,cadence,NOM,cadence,FR,lemmesTempsChronoFR
w_FR_VD_2011_10303,FR_VD,VD,2011,10303,cadence,NOM,cadence,FR,lemmesTempsChronoFR
w_FR_VD_2011_10329,FR_VD,VD,2011,10329,cadence,NOM,cadence,FR,lemmesTempsChronoFR
w_FR_VD_2011_10454,FR_VD,VD,2011,10454,cadence,NOM,cadence,FR,lemmesTempsChronoFR
w_FR_VD_2011_10547,FR_VD,VD,2011,10547,cadence,NOM,cadence,FR,lemmesTempsChronoFR
w_FR_VD_2011_16520,FR_VD,VD,2011,16520,cadence,NOM,cadence,FR,lemmesTempsChronoFR
w_FR_VD_2011_119889,FR_VD,VD,2011,119889,cadences,NOM,cadence,FR,lemmesTempsChronoFR
w_FR_VD_2011_155597,FR_VD,VD,2011,155597,cadences,NOM,cadence,FR,lemmesTempsChronoFR
w_FR_BE_2012_61684,FR_BE,BE,2012,61684,cadence,NOM,cadence,FR,lemmesTempsChronoFR
w_FR_BE_2012_61913,FR_BE,BE,2012,61913,Cadence,NOM,cadence,FR,lemmesTempsChronoFR
w_FR_BE_2012_61928,FR_BE,BE,2012,61928,cadence,NOM,cadence,FR,lemmesTempsChronoFR
w_FR_BE_2012_67712,FR_BE,BE,2012,67712,cadence,NOM,cadence,FR,lemmesTempsChronoFR
w_FR_BE_2012_67765,FR_BE,BE,2012,67765,cadence,NOM,cadence,FR,lemmesTempsChronoFR
w_FR_BE_2012_67821,FR_BE,BE,2012,67821,cadence,NOM,cadence,FR,lemmesTempsChronoFR
w_FR_BE_2012_67946,FR_BE,BE,2012,67946,cadence,NOM,cadence,FR,lemmesTempsChronoFR
w_FR_BE_2012_68028,FR_BE,BE,2012,68028,cadence,NOM,cadence,FR,lemmesTempsChronoFR
w_FR_FR_2002_31423,FR_FR,FR,2002,31423,cadence,NOM,cadence,FR,lemmesTempsChronoFR
w_FR_FR_2002_121539,FR_FR,FR,2002,121539,cadence,NOM,cadence,FR,lemmesTempsChronoFR
w_FR_FR_2002_129922,FR_FR,FR,2002,129922,cadence,NOM,cadence,FR,lemmesTempsChronoFR
w_FR_FR_2002_130010,FR_FR,FR,2002,130010,cadence,NOM,cadence,FR,lemmesTempsChronoFR
w_FR_FR_2002_130104,FR_FR,FR,2002,130104,cadence,NOM,cadence,FR,lemmesTempsChronoFR
w_FR_FR_2002_130154,FR_FR,FR,2002,130154,cadence,NOM,cadence,FR,lemmesTempsChronoFR
w_FR_FR_2002_130173,FR_FR,FR,2002,130173,cadence,NOM,cadence,FR,lemmesTempsChronoFR
w_FR_VD_2022_26985,FR_VD,VD,2022,26985,cadence,NOM,cadence,FR,lemmesTempsChronoFR
w_FR_VD_2022_27110,FR_VD,VD,2022,27110,cadence,NOM,cadence,FR,lemmesTempsChronoFR
w_FR_VD_2022_27140,FR_VD,VD,2022,27140,cadence,NOM,cadence,FR,lemmesTempsChronoFR
w_FR_VD_2022_27281,FR_VD,VD,2022,27281,cadence,NOM,cadence,FR,lemmesTempsChronoFR
w_FR_VD_2022_27802,FR_VD,VD,2022,27802,cadences,NOM,cadence,FR,lemmesTempsChronoFR
w_FR_VD_2022_28871,FR_VD,VD,2022,28871,cadence,NOM,cadence,FR,lemmesTempsChronoFR
w_FR_VD_2022_28906,FR_VD,VD,2022,28906,cadence,NOM,cadence,FR,lemmesTempsChronoFR
w_FR_VD_2022_29097,FR_VD,VD,2022,29097,cadence,NOM,cadence,FR,lemmesTempsChronoFR
w_FR_VD_2022_29171,FR_VD,VD,2022,29171,cadence,NOM,cadence,FR,lemmesTempsChronoFR
w_FR_VD_2022_29235,FR_VD,VD,2022,29235,cadences,NOM,cadence,FR,lemmesTempsChronoFR
w_FR_VD_2022_29245,FR_VD,VD,2022,29245,cadence,NOM,cadence,FR,lemmesTempsChronoFR
w_FR_VD_2022_29259,FR_VD,VD,2022,29259,cadence,NOM,cadence,FR,lemmesTempsChronoFR
w_FR_VD_2022_29275,FR_VD,VD,2022,29275,cadence,NOM,cadence,FR,lemmesTempsChronoFR
w_FR_VD_2022_29285,FR_VD,VD,2022,29285,cadence,NOM,cadence,FR,lemmesTempsChronoFR
w_FR_VD_2022_29299,FR_VD,VD,2022,29299,cadence,NOM,cadence,FR,lemmesTempsChronoFR
w_FR_VD_2022_37633,FR_VD,VD,2022,37633,cadence,NOM,cadence,FR,lemmesTempsChronoFR
w_FR_VD_2022_163296,FR_VD,VD,2022,163296,cadence,NOM,cadence,FR,lemmesTempsChronoFR
w_FR_VD_2022_165299,FR_VD,VD,2022,165299,cadence,NOM,cadence,FR,lemmesTempsChronoFR
w_FR_VD_2022_170010,FR_VD,VD,2022,170010,cadences,NOM,cadence,FR,lemmesTempsChronoFR
w_FR_BE_2008_57766,FR_BE,BE,2008,57766,cadence,NOM,cadence,FR,lemmesTempsChronoFR
w_FR_BE_2008_58005,FR_BE,BE,2008,58005,Cadence,NOM,cadence,FR,lemmesTempsChronoFR
w_FR_BE_2008_58020,FR_BE,BE,2008,58020,cadence,NOM,cadence,FR,lemmesTempsChronoFR
w_FR_BE_2008_63959,FR_BE,BE,2008,63959,cadence,NOM,cadence,FR,lemmesTempsChronoFR
w_FR_BE_2008_64012,FR_BE,BE,2008,64012,cadence,NOM,cadence,FR,lemmesTempsChronoFR
w_FR_BE_2008_64068,FR_BE,BE,2008,64068,cadence,NOM,cadence,FR,lemmesTempsChronoFR
w_FR_BE_2008_64193,FR_BE,BE,2008,64193,cadence,NOM,cadence,FR,lemmesTempsChronoFR
w_FR_BE_2008_64275,FR_BE,BE,2008,64275,cadence,NOM,cadence,FR,lemmesTempsChronoFR
w_FR_VD_2008_8825,FR_VD,VD,2008,8825,cadence,NOM,cadence,FR,lemmesTempsChronoFR
w_FR_VD_2008_8929,FR_VD,VD,2008,8929,cadence,NOM,cadence,FR,lemmesTempsChronoFR
w_FR_VD_2008_9300,FR_VD,VD,2008,9300,cadences,NOM,cadence,FR,lemmesTempsChronoFR
w_FR_VD_2008_9601,FR_VD,VD,2008,9601,cadence,NOM,cadence,FR,lemmesTempsChronoFR
w_FR_VD_2008_9606,FR_VD,VD,2008,9606,cadence,NOM,cadence,FR,lemmesTempsChronoFR
w_FR_VD_2008_9778,FR_VD,VD,2008,9778,cadence,NOM,cadence,FR,lemmesTempsChronoFR
w_FR_VD_2008_14696,FR_VD,VD,2008,14696,cadence,NOM,cadence,FR,lemmesTempsChronoFR
w_FR_VD_2008_106691,FR_VD,VD,2008,106691,cadences,NOM,cadence,FR,lemmesTempsChronoFR
w_FR_VD_2008_131507,FR_VD,VD,2008,131507,cadences,NOM,cadence,FR,lemmesTempsChronoFR
w_FR_VD_2008_150978,FR_VD,VD,2008,150978,cadences,NOM,cadence,FR,lemmesTempsChronoFR
w_FR_NE_2011_4693,FR_NE,NE,2011,4693,cadence,NOM,cadence,FR,lemmesTempsChronoFR
w_FR_NE_2011_4893,FR_NE,NE,2011,4893,cadence,NOM,cadence,FR,lemmesTempsChronoFR
w_FR_NE_2011_10094,FR_NE,NE,2011,10094,cadence,NOM,cadence,FR,lemmesTempsChronoFR
w_FR_NE_2011_52332,FR_NE,NE,2011,52332,cadence,NOM,cadence,FR,lemmesTempsChronoFR
w_FR_NE_2011_52472,FR_NE,NE,2011,52472,cadence,NOM,cadence,FR,lemmesTempsChronoFR
w_FR_NE_2011_52774,FR_NE,NE,2011,52774,cadence,NOM,cadence,FR,lemmesTempsChronoFR
w_FR_NE_2011_80257,FR_NE,NE,2011,80257,cadence,NOM,cadence,FR,lemmesTempsChronoFR
w_FR_NE_2011_87829,FR_NE,NE,2011,87829,cadence,NOM,cadence,FR,lemmesTempsChronoFR
w_FR_NE_2011_90259,FR_NE,NE,2011,90259,cadences,NOM,cadence,FR,lemmesTempsChronoFR
w_FR_NE_2011_90769,FR_NE,NE,2011,90769,cadences,NOM,cadence,FR,lemmesTempsChronoFR
w_FR_NE_2011_112246,FR_NE,NE,2011,112246,cadence,NOM,cadence,FR,lemmesTempsChronoFR
w_FR_NE_2011_112288,FR_NE,NE,2011,112288,cadence,NOM,cadence,FR,lemmesTempsChronoFR
w_FR_NE_2011_112315,FR_NE,NE,2011,112315,cadence,NOM,cadence,FR,lemmesTempsChronoFR
w_FR_NE_2011_112351,FR_NE,NE,2011,112351,cadence,NOM,cadence,FR,lemmesTempsChronoFR
w_FR_NE_2011_112372,FR_NE,NE,2011,112372,cadence,NOM,cadence,FR,lemmesTempsChronoFR
w_FR_NE_2011_112410,FR_NE,NE,2011,112410,cadence,NOM,cadence,FR,lemmesTempsChronoFR
w_FR_NE_2011_112428,FR_NE,NE,2011,112428,cadence,NOM,cadence,FR,lemmesTempsChronoFR
w_FR_NE_2011_146318,FR_NE,NE,2011,146318,cadence,NOM,cadence,FR,lemmesTempsChronoFR
w_FR_NE_2011_146344,FR_NE,NE,2011,146344,cadence,NOM,cadence,FR,lemmesTempsChronoFR
w_FR_NE_2011_275201,FR_NE,NE,2011,275201,cadence,NOM,cadence,FR,lemmesTempsChronoFR
w_FR_NE_2011_279262,FR_NE,NE,2011,279262,cadence,NOM,cadence,FR,lemmesTempsChronoFR
w_FR_NE_2011_279584,FR_NE,NE,2011,279584,cadences,NOM,cadence,FR,lemmesTempsChronoFR
w_FR_NE_2011_281242,FR_NE,NE,2011,281242,cadences,NOM,cadence,FR,lemmesTempsChronoFR
w_FR_NE_2011_281766,FR_NE,NE,2011,281766,cadence,NOM,cadence,FR,lemmesTempsChronoFR
w_FR_NE_2011_281795,FR_NE,NE,2011,281795,cadence,NOM,cadence,FR,lemmesTempsChronoFR
w_FR_BE_2002_52486,FR_BE,BE,2002,52486,cadence,NOM,cadence,FR,lemmesTempsChronoFR
w_FR_BE_2002_52834,FR_BE,BE,2002,52834,Cadence,NOM,cadence,FR,lemmesTempsChronoFR
w_FR_BE_2002_52850,FR_BE,BE,2002,52850,cadence,NOM,cadence,FR,lemmesTempsChronoFR
w_FR_BE_2002_58050,FR_BE,BE,2002,58050,cadence,NOM,cadence,FR,lemmesTempsChronoFR
w_FR_FR_2024_56039,FR_FR,FR,2024,56039,cadence,NOM,cadence,FR,lemmesTempsChronoFR
w_FR_FR_2024_56071,FR_FR,FR,2024,56071,cadence,NOM,cadence,FR,lemmesTempsChronoFR
w_FR_FR_2024_56086,FR_FR,FR,2024,56086,cadence,NOM,cadence,FR,lemmesTempsChronoFR
w_FR_FR_2024_56098,FR_FR,FR,2024,56098,cadence,NOM,cadence,FR,lemmesTempsChronoFR
w_FR_FR_2024_56167,FR_FR,FR,2024,56167,cadence,NOM,cadence,FR,lemmesTempsChronoFR
w_FR_FR_2024_56223,FR_FR,FR,2024,56223,cadences,NOM,cadence,FR,lemmesTempsChronoFR
w_FR_FR_2024_56371,FR_FR,FR,2024,56371,cadence,NOM,cadence,FR,lemmesTempsChronoFR
w_FR_FR_2024_57753,FR_FR,FR,2024,57753,cadences,NOM,cadence,FR,lemmesTempsChronoFR
w_FR_FR_2024_57942,FR_FR,FR,2024,57942,cadence,NOM,cadence,FR,lemmesTempsChronoFR
w_FR_FR_2024_58104,FR_FR,FR,2024,58104,cadence,NOM,cadence,FR,lemmesTempsChronoFR
w_FR_FR_2024_58133,FR_FR,FR,2024,58133,cadences,NOM,cadence,FR,lemmesTempsChronoFR
w_FR_FR_2024_58171,FR_FR,FR,2024,58171,cadence,NOM,cadence,FR,lemmesTempsChronoFR
w_FR_VD_2018_26524,FR_VD,VD,2018,26524,cadence,NOM,cadence,FR,lemmesTempsChronoFR
w_FR_VD_2018_26649,FR_VD,VD,2018,26649,cadence,NOM,cadence,FR,lemmesTempsChronoFR
w_FR_VD_2018_26679,FR_VD,VD,2018,26679,cadence,NOM,cadence,FR,lemmesTempsChronoFR
w_FR_VD_2018_26819,FR_VD,VD,2018,26819,cadence,NOM,cadence,FR,lemmesTempsChronoFR
w_FR_VD_2018_27337,FR_VD,VD,2018,27337,cadences,NOM,cadence,FR,lemmesTempsChronoFR
w_FR_VD_2018_28398,FR_VD,VD,2018,28398,cadence,NOM,cadence,FR,lemmesTempsChronoFR
w_FR_VD_2018_28432,FR_VD,VD,2018,28432,cadence,NOM,cadence,FR,lemmesTempsChronoFR
w_FR_VD_2018_28621,FR_VD,VD,2018,28621,cadence,NOM,cadence,FR,lemmesTempsChronoFR
w_FR_VD_2018_28695,FR_VD,VD,2018,28695,cadence,NOM,cadence,FR,lemmesTempsChronoFR
w_FR_VD_2018_28759,FR_VD,VD,2018,28759,cadences,NOM,cadence,FR,lemmesTempsChronoFR
w_FR_VD_2018_28769,FR_VD,VD,2018,28769,cadence,NOM,cadence,FR,lemmesTempsChronoFR
w_FR_VD_2018_28783,FR_VD,VD,2018,28783,cadence,NOM,cadence,FR,lemmesTempsChronoFR
w_FR_VD_2018_28799,FR_VD,VD,2018,28799,cadence,NOM,cadence,FR,lemmesTempsChronoFR
w_FR_VD_2018_28809,FR_VD,VD,2018,28809,cadence,NOM,cadence,FR,lemmesTempsChronoFR
w_FR_VD_2018_28823,FR_VD,VD,2018,28823,cadence,NOM,cadence,FR,lemmesTempsChronoFR
w_FR_VD_2018_37019,FR_VD,VD,2018,37019,cadence,NOM,cadence,FR,lemmesTempsChronoFR
w_FR_VD_2018_162596,FR_VD,VD,2018,162596,cadence,NOM,cadence,FR,lemmesTempsChronoFR
w_FR_VD_2018_165404,FR_VD,VD,2018,165404,cadence,NOM,cadence,FR,lemmesTempsChronoFR
w_FR_VD_2018_169558,FR_VD,VD,2018,169558,cadences,NOM,cadence,FR,lemmesTempsChronoFR
w_FR_BE_2006_57994,FR_BE,BE,2006,57994,cadence,NOM,cadence,FR,lemmesTempsChronoFR
w_FR_BE_2006_58358,FR_BE,BE,2006,58358,Cadence,NOM,cadence,FR,lemmesTempsChronoFR
w_FR_BE_2006_58373,FR_BE,BE,2006,58373,cadence,NOM,cadence,FR,lemmesTempsChronoFR
w_FR_BE_2006_64284,FR_BE,BE,2006,64284,cadence,NOM,cadence,FR,lemmesTempsChronoFR
w_FR_BE_2006_64337,FR_BE,BE,2006,64337,cadence,NOM,cadence,FR,lemmesTempsChronoFR
w_FR_BE_2006_64393,FR_BE,BE,2006,64393,cadence,NOM,cadence,FR,lemmesTempsChronoFR
w_FR_BE_2006_64518,FR_BE,BE,2006,64518,cadence,NOM,cadence,FR,lemmesTempsChronoFR
w_FR_BE_2006_64600,FR_BE,BE,2006,64600,cadence,NOM,cadence,FR,lemmesTempsChronoFR
w_FR_BE_2010_61694,FR_BE,BE,2010,61694,cadence,NOM,cadence,FR,lemmesTempsChronoFR
w_FR_BE_2010_61923,FR_BE,BE,2010,61923,Cadence,NOM,cadence,FR,lemmesTempsChronoFR
w_FR_BE_2010_61938,FR_BE,BE,2010,61938,cadence,NOM,cadence,FR,lemmesTempsChronoFR
w_FR_BE_2010_67722,FR_BE,BE,2010,67722,cadence,NOM,cadence,FR,lemmesTempsChronoFR
w_FR_BE_2010_67775,FR_BE,BE,2010,67775,cadence,NOM,cadence,FR,lemmesTempsChronoFR
w_FR_BE_2010_67831,FR_BE,BE,2010,67831,cadence,NOM,cadence,FR,lemmesTempsChronoFR
w_FR_BE_2010_67956,FR_BE,BE,2010,67956,cadence,NOM,cadence,FR,lemmesTempsChronoFR
w_FR_BE_2010_68038,FR_BE,BE,2010,68038,cadence,NOM,cadence,FR,lemmesTempsChronoFR
w_FR_VD_2016_27212,FR_VD,VD,2016,27212,cadence,NOM,cadence,FR,lemmesTempsChronoFR
w_FR_VD_2016_27337,FR_VD,VD,2016,27337,cadence,NOM,cadence,FR,lemmesTempsChronoFR
w_FR_VD_2016_27369,FR_VD,VD,2016,27369,cadence,NOM,cadence,FR,lemmesTempsChronoFR
w_FR_VD_2016_27515,FR_VD,VD,2016,27515,cadence,NOM,cadence,FR,lemmesTempsChronoFR
w_FR_VD_2016_28038,FR_VD,VD,2016,28038,cadences,NOM,cadence,FR,lemmesTempsChronoFR
w_FR_VD_2016_29050,FR_VD,VD,2016,29050,cadence,NOM,cadence,FR,lemmesTempsChronoFR
w_FR_VD_2016_29084,FR_VD,VD,2016,29084,cadence,NOM,cadence,FR,lemmesTempsChronoFR
w_FR_VD_2016_29281,FR_VD,VD,2016,29281,cadence,NOM,cadence,FR,lemmesTempsChronoFR
w_FR_VD_2016_29355,FR_VD,VD,2016,29355,cadence,NOM,cadence,FR,lemmesTempsChronoFR
w_FR_VD_2016_29419,FR_VD,VD,2016,29419,cadences,NOM,cadence,FR,lemmesTempsChronoFR
w_FR_VD_2016_29429,FR_VD,VD,2016,29429,cadence,NOM,cadence,FR,lemmesTempsChronoFR
w_FR_VD_2016_29443,FR_VD,VD,2016,29443,cadence,NOM,cadence,FR,lemmesTempsChronoFR
w_FR_VD_2016_29459,FR_VD,VD,2016,29459,cadence,NOM,cadence,FR,lemmesTempsChronoFR
w_FR_VD_2016_29469,FR_VD,VD,2016,29469,cadence,NOM,cadence,FR,lemmesTempsChronoFR
w_FR_VD_2016_29483,FR_VD,VD,2016,29483,cadence,NOM,cadence,FR,lemmesTempsChronoFR
w_FR_VD_2016_35644,FR_VD,VD,2016,35644,cadence,NOM,cadence,FR,lemmesTempsChronoFR
w_FR_VD_2016_158688,FR_VD,VD,2016,158688,cadence,NOM,cadence,FR,lemmesTempsChronoFR
w_FR_VD_2016_161539,FR_VD,VD,2016,161539,cadence,NOM,cadence,FR,lemmesTempsChronoFR
w_FR_VD_2016_165752,FR_VD,VD,2016,165752,cadences,NOM,cadence,FR,lemmesTempsChronoFR
w_FR_BE_2024_19453,FR_BE,BE,2024,19453,cadence,NOM,cadence,FR,lemmesTempsChronoFR
w_FR_BE_2024_19460,FR_BE,BE,2024,19460,cadence,NOM,cadence,FR,lemmesTempsChronoFR
w_FR_BE_2024_20000,FR_BE,BE,2024,20000,cadences,NOM,cadence,FR,lemmesTempsChronoFR
w_FR_BE_2024_20360,FR_BE,BE,2024,20360,cadence,NOM,cadence,FR,lemmesTempsChronoFR
w_FR_BE_2024_20442,FR_BE,BE,2024,20442,cadence,NOM,cadence,FR,lemmesTempsChronoFR
w_FR_BE_2024_20464,FR_BE,BE,2024,20464,cadence,NOM,cadence,FR,lemmesTempsChronoFR
w_FR_BE_2024_20476,FR_BE,BE,2024,20476,cadence,NOM,cadence,FR,lemmesTempsChronoFR
w_FR_BE_2024_20484,FR_BE,BE,2024,20484,cadence,NOM,cadence,FR,lemmesTempsChronoFR
w_FR_BE_2024_20535,FR_BE,BE,2024,20535,cadences,NOM,cadence,FR,lemmesTempsChronoFR
w_FR_BE_2024_20652,FR_BE,BE,2024,20652,cadences,NOM,cadence,FR,lemmesTempsChronoFR
w_FR_BE_2024_44441,FR_BE,BE,2024,44441,cadence,NOM,cadence,FR,lemmesTempsChronoFR
w_FR_BE_2024_81539,FR_BE,BE,2024,81539,cadence,NOM,cadence,FR,lemmesTempsChronoFR
w_FR_VD_2013_26775,FR_VD,VD,2013,26775,cadence,NOM,cadence,FR,lemmesTempsChronoFR
w_FR_VD_2013_26879,FR_VD,VD,2013,26879,cadence,NOM,cadence,FR,lemmesTempsChronoFR
w_FR_VD_2013_27314,FR_VD,VD,2013,27314,cadences,NOM,cadence,FR,lemmesTempsChronoFR
w_FR_VD_2013_27887,FR_VD,VD,2013,27887,cadence,NOM,cadence,FR,lemmesTempsChronoFR
w_FR_VD_2013_27914,FR_VD,VD,2013,27914,cadence,NOM,cadence,FR,lemmesTempsChronoFR
w_FR_VD_2013_27977,FR_VD,VD,2013,27977,cadence,NOM,cadence,FR,lemmesTempsChronoFR
w_FR_VD_2013_28003,FR_VD,VD,2013,28003,cadence,NOM,cadence,FR,lemmesTempsChronoFR
w_FR_VD_2013_28126,FR_VD,VD,2013,28126,cadence,NOM,cadence,FR,lemmesTempsChronoFR
w_FR_VD_2013_28222,FR_VD,VD,2013,28222,cadence,NOM,cadence,FR,lemmesTempsChronoFR
w_FR_VD_2013_34581,FR_VD,VD,2013,34581,cadence,NOM,cadence,FR,lemmesTempsChronoFR
w_FR_VD_2013_148313,FR_VD,VD,2013,148313,cadences,NOM,cadence,FR,lemmesTempsChronoFR
w_FR_VD_2013_153048,FR_VD,VD,2013,153048,cadence,NOM,cadence,FR,lemmesTempsChronoFR
w_FR_VD_2012_9170,FR_VD,VD,2012,9170,attentes,NOM,attente,FR,lemmesTempsVecueFR
w_FR_VD_2012_9331,FR_VD,VD,2012,9331,attentes,NOM,attente,FR,lemmesTempsVecueFR
w_FR_VD_2012_10236,FR_VD,VD,2012,10236,attentes,NOM,attente,FR,lemmesTempsVecueFR
w_FR_VD_2012_13911,FR_VD,VD,2012,13911,attentes,NOM,attente,FR,lemmesTempsVecueFR
w_FR_VD_2012_17738,FR_VD,VD,2012,17738,attente,NOM,attente,FR,lemmesTempsVecueFR
w_FR_VD_2012_33795,FR_VD,VD,2012,33795,attentes,NOM,attente,FR,lemmesTempsVecueFR
w_FR_VD_2012_68093,FR_VD,VD,2012,68093,attente,NOM,attente,FR,lemmesTempsVecueFR
w_FR_VD_2012_68422,FR_VD,VD,2012,68422,attente,NOM,attente,FR,lemmesTempsVecueFR
w_FR_VD_2012_71560,FR_VD,VD,2012,71560,attentes,NOM,attente,FR,lemmesTempsVecueFR
w_FR_VD_2012_74640,FR_VD,VD,2012,74640,attente,NOM,attente,FR,lemmesTempsVecueFR
w_FR_VD_2012_76611,FR_VD,VD,2012,76611,attentes,NOM,attente,FR,lemmesTempsVecueFR
w_FR_VD_2012_86730,FR_VD,VD,2012,86730,attentes,NOM,attente,FR,lemmesTempsVecueFR
w_FR_VD_2012_86917,FR_VD,VD,2012,86917,attentes,NOM,attente,FR,lemmesTempsVecueFR
w_FR_VD_2012_87053,FR_VD,VD,2012,87053,attentes,NOM,attente,FR,lemmesTempsVecueFR
w_FR_VD_2012_118350,FR_VD,VD,2012,118350,attentes,NOM,attente,FR,lemmesTempsVecueFR
w_FR_VD_2012_124263,FR_VD,VD,2012,124263,attentes,NOM,attente,FR,lemmesTempsVecueFR
w_FR_VD_2012_128044,FR_VD,VD,2012,128044,attentes,NOM,attente,FR,lemmesTempsVecueFR
w_FR_VD_2012_128171,FR_VD,VD,2012,128171,attentes,NOM,attente,FR,lemmesTempsVecueFR
w_FR_VD_2012_128194,FR_VD,VD,2012,128194,attentes,NOM,attente,FR,lemmesTempsVecueFR
w_FR_VD_2012_130785,FR_VD,VD,2012,130785,attentes,NOM,attente,FR,lemmesTempsVecueFR
w_FR_VD_2012_161304,FR_VD,VD,2012,161304,attentes,NOM,attente,FR,lemmesTempsVecueFR
w_FR_VD_2012_167814,FR_VD,VD,2012,167814,attente,NOM,attente,FR,lemmesTempsVecueFR
w_FR_VD_2012_168516,FR_VD,VD,2012,168516,attentes,NOM,attente,FR,lemmesTempsVecueFR
w_FR_VD_2012_168866,FR_VD,VD,2012,168866,attentes,NOM,attente,FR,lemmesTempsVecueFR
w_FR_BE_2013_4899,FR_BE,BE,2013,4899,attente,NOM,attente,FR,lemmesTempsVecueFR
w_FR_BE_2013_28589,FR_BE,BE,2013,28589,attentes,NOM,attente,FR,lemmesTempsVecueFR
w_FR_BE_2013_43974,FR_BE,BE,2013,43974,attentes,NOM,attente,FR,lemmesTempsVecueFR
w_FR_BE_2013_44095,FR_BE,BE,2013,44095,attentes,NOM,attente,FR,lemmesTempsVecueFR
w_FR_BE_2013_100361,FR_BE,BE,2013,100361,attentes,NOM,attente,FR,lemmesTempsVecueFR
w_FR_GE_2024_19571,FR_GE,GE,2024,19571,attentes,NOM,attente,FR,lemmesTempsVecueFR
w_FR_GE_2024_32431,FR_GE,GE,2024,32431,attentes,NOM,attente,FR,lemmesTempsVecueFR
w_FR_GE_2024_32549,FR_GE,GE,2024,32549,attentes,NOM,attente,FR,lemmesTempsVecueFR
w_FR_GE_2024_76519,FR_GE,GE,2024,76519,attentes,NOM,attente,FR,lemmesTempsVecueFR
w_FR_GE_2024_77465,FR_GE,GE,2024,77465,attentes,NOM,attente,FR,lemmesTempsVecueFR
w_FR_GE_2024_81213,FR_GE,GE,2024,81213,attentes,NOM,attente,FR,lemmesTempsVecueFR
w_FR_GE_2024_81236,FR_GE,GE,2024,81236,attentes,NOM,attente,FR,lemmesTempsVecueFR
w_FR_GE_2024_99184,FR_GE,GE,2024,99184,attentes,NOM,attente,FR,lemmesTempsVecueFR
w_FR_GE_2024_104208,FR_GE,GE,2024,104208,attentes,NOM,attente,FR,lemmesTempsVecueFR
w_FR_GE_2024_113432,FR_GE,GE,2024,113432,attente,NOM,attente,FR,lemmesTempsVecueFR
w_FR_GE_2024_125327,FR_GE,GE,2024,125327,attente,NOM,attente,FR,lemmesTempsVecueFR
w_FR_GE_2024_188910,FR_GE,GE,2024,188910,attentes,NOM,attente,FR,lemmesTempsVecueFR
w_FR_GE_2024_192534,FR_GE,GE,2024,192534,attentes,NOM,attente,FR,lemmesTempsVecueFR
w_FR_BE_2016_3492,FR_BE,BE,2016,3492,attentes,NOM,attente,FR,lemmesTempsVecueFR
w_FR_BE_2016_3516,FR_BE,BE,2016,3516,attentes,NOM,attente,FR,lemmesTempsVecueFR
w_FR_BE_2016_4008,FR_BE,BE,2016,4008,attentes,NOM,attente,FR,lemmesTempsVecueFR
w_FR_BE_2016_6899,FR_BE,BE,2016,6899,attentes,NOM,attente,FR,lemmesTempsVecueFR
w_FR_BE_2016_8673,FR_BE,BE,2016,8673,attentes,NOM,attente,FR,lemmesTempsVecueFR
w_FR_BE_2016_32812,FR_BE,BE,2016,32812,attentes,NOM,attente,FR,lemmesTempsVecueFR
w_FR_BE_2016_35031,FR_BE,BE,2016,35031,attentes,NOM,attente,FR,lemmesTempsVecueFR
w_FR_BE_2016_112888,FR_BE,BE,2016,112888,attentes,NOM,attente,FR,lemmesTempsVecueFR
w_FR_JU_2018_1017,FR_JU,JU,2018,1017,attentes,NOM,attente,FR,lemmesTempsVecueFR
w_FR_JU_2018_12236,FR_JU,JU,2018,12236,attentes,NOM,attente,FR,lemmesTempsVecueFR
w_FR_VD_2011_15894,FR_VD,VD,2011,15894,attentes,NOM,attente,FR,lemmesTempsVecueFR
w_FR_VD_2011_46153,FR_VD,VD,2011,46153,attente,NOM,attente,FR,lemmesTempsVecueFR
w_FR_VD_2011_46483,FR_VD,VD,2011,46483,attente,NOM,attente,FR,lemmesTempsVecueFR
w_FR_VD_2011_49855,FR_VD,VD,2011,49855,attentes,NOM,attente,FR,lemmesTempsVecueFR
w_FR_VD_2011_52468,FR_VD,VD,2011,52468,attente,NOM,attente,FR,lemmesTempsVecueFR
w_FR_VD_2011_54499,FR_VD,VD,2011,54499,attentes,NOM,attente,FR,lemmesTempsVecueFR
w_FR_VD_2011_64486,FR_VD,VD,2011,64486,attentes,NOM,attente,FR,lemmesTempsVecueFR
w_FR_VD_2011_64694,FR_VD,VD,2011,64694,attentes,NOM,attente,FR,lemmesTempsVecueFR
w_FR_VD_2011_98433,FR_VD,VD,2011,98433,attentes,NOM,attente,FR,lemmesTempsVecueFR
w_FR_VD_2011_103623,FR_VD,VD,2011,103623,attentes,NOM,attente,FR,lemmesTempsVecueFR
w_FR_VD_2011_132693,FR_VD,VD,2011,132693,attentes,NOM,attente,FR,lemmesTempsVecueFR
w_FR_VD_2011_146056,FR_VD,VD,2011,146056,attentes,NOM,attente,FR,lemmesTempsVecueFR
w_FR_VD_2011_146223,FR_VD,VD,2011,146223,attentes,NOM,attente,FR,lemmesTempsVecueFR
w_FR_VD_2011_147068,FR_VD,VD,2011,147068,attentes,NOM,attente,FR,lemmesTempsVecueFR
w_FR_VD_2011_150523,FR_VD,VD,2011,150523,attentes,NOM,attente,FR,lemmesTempsVecueFR
w_FR_VD_2011_165255,FR_VD,VD,2011,165255,attentes,NOM,attente,FR,lemmesTempsVecueFR
w_FR_VD_2011_170207,FR_VD,VD,2011,170207,attentes,NOM,attente,FR,lemmesTempsVecueFR
w_FR_VD_2011_172047,FR_VD,VD,2011,172047,attentes,NOM,attente,FR,lemmesTempsVecueFR
w_FR_VD_2011_172174,FR_VD,VD,2011,172174,attentes,NOM,attente,FR,lemmesTempsVecueFR
w_FR_VD_2011_172197,FR_VD,VD,2011,172197,attentes,NOM,attente,FR,lemmesTempsVecueFR
w_FR_VD_2011_177601,FR_VD,VD,2011,177601,attente,NOM,attente,FR,lemmesTempsVecueFR
w_FR_VD_2011_178287,FR_VD,VD,2011,178287,attentes,NOM,attente,FR,lemmesTempsVecueFR
w_FR_VD_2011_178647,FR_VD,VD,2011,178647,attentes,NOM,attente,FR,lemmesTempsVecueFR
w_FR_VD_2011_187001,FR_VD,VD,2011,187001,attentes,NOM,attente,FR,lemmesTempsVecueFR
w_FR_BE_2012_4916,FR_BE,BE,2012,4916,attente,NOM,attente,FR,lemmesTempsVecueFR
w_FR_BE_2012_28606,FR_BE,BE,2012,28606,attentes,NOM,attente,FR,lemmesTempsVecueFR
w_FR_BE_2012_43991,FR_BE,BE,2012,43991,attentes,NOM,attente,FR,lemmesTempsVecueFR
w_FR_BE_2012_44112,FR_BE,BE,2012,44112,attentes,NOM,attente,FR,lemmesTempsVecueFR
w_FR_BE_2012_103502,FR_BE,BE,2012,103502,attentes,NOM,attente,FR,lemmesTempsVecueFR
w_FR_FR_2002_34142,FR_FR,FR,2002,34142,attente,NOM,attente,FR,lemmesTempsVecueFR
w_FR_FR_2002_37857,FR_FR,FR,2002,37857,attentes,NOM,attente,FR,lemmesTempsVecueFR
w_FR_FR_2002_42493,FR_FR,FR,2002,42493,attentes,NOM,attente,FR,lemmesTempsVecueFR
w_FR_FR_2002_54140,FR_FR,FR,2002,54140,attente,NOM,attente,FR,lemmesTempsVecueFR
w_FR_FR_2002_96693,FR_FR,FR,2002,96693,attente,NOM,attente,FR,lemmesTempsVecueFR
w_FR_FR_2002_133667,FR_FR,FR,2002,133667,attente,NOM,attente,FR,lemmesTempsVecueFR
w_FR_FR_2002_195522,FR_FR,FR,2002,195522,attentes,NOM,attente,FR,lemmesTempsVecueFR
w_FR_VD_2022_9527,FR_VD,VD,2022,9527,attentes,NOM,attente,FR,lemmesTempsVecueFR
w_FR_VD_2022_9688,FR_VD,VD,2022,9688,attentes,NOM,attente,FR,lemmesTempsVecueFR
w_FR_VD_2022_10577,FR_VD,VD,2022,10577,attentes,NOM,attente,FR,lemmesTempsVecueFR
w_FR_VD_2022_14410,FR_VD,VD,2022,14410,attentes,NOM,attente,FR,lemmesTempsVecueFR
w_FR_VD_2022_18704,FR_VD,VD,2022,18704,attente,NOM,attente,FR,lemmesTempsVecueFR
w_FR_VD_2022_72963,FR_VD,VD,2022,72963,attente,NOM,attente,FR,lemmesTempsVecueFR
w_FR_VD_2022_73317,FR_VD,VD,2022,73317,attente,NOM,attente,FR,lemmesTempsVecueFR
w_FR_VD_2022_76480,FR_VD,VD,2022,76480,attentes,NOM,attente,FR,lemmesTempsVecueFR
w_FR_VD_2022_79660,FR_VD,VD,2022,79660,attente,NOM,attente,FR,lemmesTempsVecueFR
w_FR_VD_2022_81660,FR_VD,VD,2022,81660,attentes,NOM,attente,FR,lemmesTempsVecueFR
w_FR_VD_2022_130101,FR_VD,VD,2022,130101,attentes,NOM,attente,FR,lemmesTempsVecueFR
w_FR_VD_2022_131642,FR_VD,VD,2022,131642,attentes,NOM,attente,FR,lemmesTempsVecueFR
w_FR_VD_2022_141866,FR_VD,VD,2022,141866,attentes,NOM,attente,FR,lemmesTempsVecueFR
w_FR_VD_2022_141997,FR_VD,VD,2022,141997,attentes,NOM,attente,FR,lemmesTempsVecueFR
w_FR_VD_2022_142020,FR_VD,VD,2022,142020,attentes,NOM,attente,FR,lemmesTempsVecueFR
w_FR_VD_2022_144634,FR_VD,VD,2022,144634,attentes,NOM,attente,FR,lemmesTempsVecueFR
w_FR_VD_2022_178550,FR_VD,VD,2022,178550,attentes,NOM,attente,FR,lemmesTempsVecueFR
w_FR_VD_2022_185413,FR_VD,VD,2022,185413,attente,NOM,attente,FR,lemmesTempsVecueFR
w_FR_VD_2022_186198,FR_VD,VD,2022,186198,attentes,NOM,attente,FR,lemmesTempsVecueFR
w_FR_VD_2022_186562,FR_VD,VD,2022,186562,attentes,NOM,attente,FR,lemmesTempsVecueFR
w_FR_VS_2019_20333,FR_VS,VS,2019,20333,attentes,NOM,attente,FR,lemmesTempsVecueFR
w_FR_VS_2019_32710,FR_VS,VS,2019,32710,attentes,NOM,attente,FR,lemmesTempsVecueFR
w_FR_VS_2019_51022,FR_VS,VS,2019,51022,attentes,NOM,attente,FR,lemmesTempsVecueFR
w_FR_VS_2019_51132,FR_VS,VS,2019,51132,attentes,NOM,attente,FR,lemmesTempsVecueFR
w_FR_VS_2019_51330,FR_VS,VS,2019,51330,attentes,NOM,attente,FR,lemmesTempsVecueFR
w_FR_VS_2019_57143,FR_VS,VS,2019,57143,attentes,NOM,attente,FR,lemmesTempsVecueFR
w_FR_VS_2019_86622,FR_VS,VS,2019,86622,attentes,NOM,attente,FR,lemmesTempsVecueFR
w_FR_BE_2008_4906,FR_BE,BE,2008,4906,attente,NOM,attente,FR,lemmesTempsVecueFR
w_FR_BE_2008_25797,FR_BE,BE,2008,25797,attentes,NOM,attente,FR,lemmesTempsVecueFR
w_FR_BE_2008_40767,FR_BE,BE,2008,40767,attentes,NOM,attente,FR,lemmesTempsVecueFR
w_FR_BE_2008_40888,FR_BE,BE,2008,40888,attentes,NOM,attente,FR,lemmesTempsVecueFR
w_FR_BE_2008_87170,FR_BE,BE,2008,87170,attentes,NOM,attente,FR,lemmesTempsVecueFR
w_FR_VD_2008_14088,FR_VD,VD,2008,14088,attentes,NOM,attente,FR,lemmesTempsVecueFR
w_FR_VD_2008_38976,FR_VD,VD,2008,38976,attente,NOM,attente,FR,lemmesTempsVecueFR
w_FR_VD_2008_42558,FR_VD,VD,2008,42558,attente,NOM,attente,FR,lemmesTempsVecueFR
w_FR_VD_2008_42888,FR_VD,VD,2008,42888,attente,NOM,attente,FR,lemmesTempsVecueFR
w_FR_VD_2008_46254,FR_VD,VD,2008,46254,attentes,NOM,attente,FR,lemmesTempsVecueFR
w_FR_VD_2008_48652,FR_VD,VD,2008,48652,attente,NOM,attente,FR,lemmesTempsVecueFR
w_FR_VD_2008_50643,FR_VD,VD,2008,50643,attentes,NOM,attente,FR,lemmesTempsVecueFR
w_FR_VD_2008_60982,FR_VD,VD,2008,60982,attentes,NOM,attente,FR,lemmesTempsVecueFR
w_FR_VD_2008_61183,FR_VD,VD,2008,61183,attentes,NOM,attente,FR,lemmesTempsVecueFR
w_FR_VD_2008_87762,FR_VD,VD,2008,87762,attentes,NOM,attente,FR,lemmesTempsVecueFR
w_FR_VD_2008_92843,FR_VD,VD,2008,92843,attentes,NOM,attente,FR,lemmesTempsVecueFR
w_FR_VD_2008_108909,FR_VD,VD,2008,108909,attentes,NOM,attente,FR,lemmesTempsVecueFR
w_FR_VD_2008_121965,FR_VD,VD,2008,121965,attentes,NOM,attente,FR,lemmesTempsVecueFR
w_FR_VD_2008_122132,FR_VD,VD,2008,122132,attentes,NOM,attente,FR,lemmesTempsVecueFR
w_FR_VD_2008_122977,FR_VD,VD,2008,122977,attentes,NOM,attente,FR,lemmesTempsVecueFR
w_FR_VD_2008_126432,FR_VD,VD,2008,126432,attentes,NOM,attente,FR,lemmesTempsVecueFR
w_FR_VD_2008_141165,FR_VD,VD,2008,141165,attentes,NOM,attente,FR,lemmesTempsVecueFR
w_FR_VD_2008_145889,FR_VD,VD,2008,145889,attentes,NOM,attente,FR,lemmesTempsVecueFR
w_FR_VD_2008_147562,FR_VD,VD,2008,147562,attentes,NOM,attente,FR,lemmesTempsVecueFR
w_FR_VD_2008_147689,FR_VD,VD,2008,147689,attentes,NOM,attente,FR,lemmesTempsVecueFR
w_FR_VD_2008_147712,FR_VD,VD,2008,147712,attentes,NOM,attente,FR,lemmesTempsVecueFR
w_FR_VD_2008_156005,FR_VD,VD,2008,156005,attente,NOM,attente,FR,lemmesTempsVecueFR
w_FR_VD_2008_156691,FR_VD,VD,2008,156691,attentes,NOM,attente,FR,lemmesTempsVecueFR
w_FR_VD_2008_157051,FR_VD,VD,2008,157051,attentes,NOM,attente,FR,lemmesTempsVecueFR
w_FR_VD_2008_165405,FR_VD,VD,2008,165405,attentes,NOM,attente,FR,lemmesTempsVecueFR
w_FR_NE_2011_9332,FR_NE,NE,2011,9332,attentes,NOM,attente,FR,lemmesTempsVecueFR
w_FR_NE_2011_256767,FR_NE,NE,2011,256767,attentes,NOM,attente,FR,lemmesTempsVecueFR
w_FR_NE_2011_257542,FR_NE,NE,2011,257542,attente,NOM,attente,FR,lemmesTempsVecueFR
w_FR_NE_2011_285273,FR_NE,NE,2011,285273,attente,NOM,attente,FR,lemmesTempsVecueFR
w_FR_NE_2011_286096,FR_NE,NE,2011,286096,attentes,NOM,attente,FR,lemmesTempsVecueFR
w_FR_BE_2002_4851,FR_BE,BE,2002,4851,attente,NOM,attente,FR,lemmesTempsVecueFR
w_FR_BE_2002_19673,FR_BE,BE,2002,19673,attente,NOM,attente,FR,lemmesTempsVecueFR
w_FR_BE_2002_24526,FR_BE,BE,2002,24526,attentes,NOM,attente,FR,lemmesTempsVecueFR
w_FR_BE_2002_37615,FR_BE,BE,2002,37615,attentes,NOM,attente,FR,lemmesTempsVecueFR
w_FR_BE_2002_37713,FR_BE,BE,2002,37713,attentes,NOM,attente,FR,lemmesTempsVecueFR
w_FR_BE_2002_75087,FR_BE,BE,2002,75087,attentes,NOM,attente,FR,lemmesTempsVecueFR
w_FR_FR_2024_61782,FR_FR,FR,2024,61782,attente,NOM,attente,FR,lemmesTempsVecueFR
w_FR_FR_2024_65152,FR_FR,FR,2024,65152,attentes,NOM,attente,FR,lemmesTempsVecueFR
w_FR_FR_2024_71593,FR_FR,FR,2024,71593,attentes,NOM,attente,FR,lemmesTempsVecueFR
w_FR_FR_2024_80919,FR_FR,FR,2024,80919,attentes,NOM,attente,FR,lemmesTempsVecueFR
w_FR_FR_2024_96104,FR_FR,FR,2024,96104,attente,NOM,attente,FR,lemmesTempsVecueFR
w_FR_VD_2018_9237,FR_VD,VD,2018,9237,attentes,NOM,attente,FR,lemmesTempsVecueFR
w_FR_VD_2018_9398,FR_VD,VD,2018,9398,attentes,NOM,attente,FR,lemmesTempsVecueFR
w_FR_VD_2018_10285,FR_VD,VD,2018,10285,attentes,NOM,attente,FR,lemmesTempsVecueFR
w_FR_VD_2018_14098,FR_VD,VD,2018,14098,attentes,NOM,attente,FR,lemmesTempsVecueFR
w_FR_VD_2018_18313,FR_VD,VD,2018,18313,attente,NOM,attente,FR,lemmesTempsVecueFR
w_FR_VD_2018_71948,FR_VD,VD,2018,71948,attente,NOM,attente,FR,lemmesTempsVecueFR
w_FR_VD_2018_72301,FR_VD,VD,2018,72301,attente,NOM,attente,FR,lemmesTempsVecueFR
w_FR_VD_2018_75420,FR_VD,VD,2018,75420,attentes,NOM,attente,FR,lemmesTempsVecueFR
w_FR_VD_2018_78570,FR_VD,VD,2018,78570,attente,NOM,attente,FR,lemmesTempsVecueFR
w_FR_VD_2018_80542,FR_VD,VD,2018,80542,attentes,NOM,attente,FR,lemmesTempsVecueFR
w_FR_VD_2018_130733,FR_VD,VD,2018,130733,attentes,NOM,attente,FR,lemmesTempsVecueFR
w_FR_VD_2018_132250,FR_VD,VD,2018,132250,attentes,NOM,attente,FR,lemmesTempsVecueFR
w_FR_VD_2018_138386,FR_VD,VD,2018,138386,attentes,NOM,attente,FR,lemmesTempsVecueFR
w_FR_VD_2018_142213,FR_VD,VD,2018,142213,attentes,NOM,attente,FR,lemmesTempsVecueFR
w_FR_VD_2018_142340,FR_VD,VD,2018,142340,attentes,NOM,attente,FR,lemmesTempsVecueFR
w_FR_VD_2018_142363,FR_VD,VD,2018,142363,attentes,NOM,attente,FR,lemmesTempsVecueFR
w_FR_VD_2018_144966,FR_VD,VD,2018,144966,attentes,NOM,attente,FR,lemmesTempsVecueFR
w_FR_VD_2018_180364,FR_VD,VD,2018,180364,attentes,NOM,attente,FR,lemmesTempsVecueFR
w_FR_VD_2018_187121,FR_VD,VD,2018,187121,attente,NOM,attente,FR,lemmesTempsVecueFR
w_FR_VD_2018_187905,FR_VD,VD,2018,187905,attentes,NOM,attente,FR,lemmesTempsVecueFR
w_FR_VD_2018_188268,FR_VD,VD,2018,188268,attentes,NOM,attente,FR,lemmesTempsVecueFR
w_FR_BE_2006_4904,FR_BE,BE,2006,4904,attente,NOM,attente,FR,lemmesTempsVecueFR
w_FR_BE_2006_25795,FR_BE,BE,2006,25795,attentes,NOM,attente,FR,lemmesTempsVecueFR
w_FR_BE_2006_40765,FR_BE,BE,2006,40765,attentes,NOM,attente,FR,lemmesTempsVecueFR
w_FR_BE_2006_40886,FR_BE,BE,2006,40886,attentes,NOM,attente,FR,lemmesTempsVecueFR
w_FR_BE_2006_86749,FR_BE,BE,2006,86749,attentes,NOM,attente,FR,lemmesTempsVecueFR
w_FR_BE_2010_4905,FR_BE,BE,2010,4905,attente,NOM,attente,FR,lemmesTempsVecueFR
w_FR_BE_2010_28595,FR_BE,BE,2010,28595,attentes,NOM,attente,FR,lemmesTempsVecueFR
w_FR_BE_2010_44001,FR_BE,BE,2010,44001,attentes,NOM,attente,FR,lemmesTempsVecueFR
w_FR_BE_2010_44122,FR_BE,BE,2010,44122,attentes,NOM,attente,FR,lemmesTempsVecueFR
w_FR_BE_2010_103479,FR_BE,BE,2010,103479,attentes,NOM,attente,FR,lemmesTempsVecueFR
w_FR_VD_2016_9450,FR_VD,VD,2016,9450,attentes,NOM,attente,FR,lemmesTempsVecueFR
w_FR_VD_2016_9611,FR_VD,VD,2016,9611,attentes,NOM,attente,FR,lemmesTempsVecueFR
w_FR_VD_2016_10505,FR_VD,VD,2016,10505,attentes,NOM,attente,FR,lemmesTempsVecueFR
w_FR_VD_2016_14231,FR_VD,VD,2016,14231,attentes,NOM,attente,FR,lemmesTempsVecueFR
w_FR_VD_2016_18107,FR_VD,VD,2016,18107,attente,NOM,attente,FR,lemmesTempsVecueFR
w_FR_VD_2016_68917,FR_VD,VD,2016,68917,attente,NOM,attente,FR,lemmesTempsVecueFR
w_FR_VD_2016_69275,FR_VD,VD,2016,69275,attente,NOM,attente,FR,lemmesTempsVecueFR
w_FR_VD_2016_72415,FR_VD,VD,2016,72415,attentes,NOM,attente,FR,lemmesTempsVecueFR
w_FR_VD_2016_75532,FR_VD,VD,2016,75532,attente,NOM,attente,FR,lemmesTempsVecueFR
w_FR_VD_2016_77525,FR_VD,VD,2016,77525,attentes,NOM,attente,FR,lemmesTempsVecueFR
w_FR_VD_2016_88374,FR_VD,VD,2016,88374,attentes,NOM,attente,FR,lemmesTempsVecueFR
w_FR_VD_2016_88695,FR_VD,VD,2016,88695,attentes,NOM,attente,FR,lemmesTempsVecueFR
w_FR_VD_2016_88896,FR_VD,VD,2016,88896,attentes,NOM,attente,FR,lemmesTempsVecueFR
w_FR_VD_2016_126901,FR_VD,VD,2016,126901,attentes,NOM,attente,FR,lemmesTempsVecueFR
w_FR_VD_2016_128425,FR_VD,VD,2016,128425,attentes,NOM,attente,FR,lemmesTempsVecueFR
w_FR_VD_2016_134466,FR_VD,VD,2016,134466,attentes,NOM,attente,FR,lemmesTempsVecueFR
w_FR_VD_2016_138276,FR_VD,VD,2016,138276,attentes,NOM,attente,FR,lemmesTempsVecueFR
w_FR_VD_2016_138403,FR_VD,VD,2016,138403,attentes,NOM,attente,FR,lemmesTempsVecueFR
w_FR_VD_2016_138426,FR_VD,VD,2016,138426,attentes,NOM,attente,FR,lemmesTempsVecueFR
w_FR_VD_2016_141057,FR_VD,VD,2016,141057,attentes,NOM,attente,FR,lemmesTempsVecueFR
w_FR_VD_2016_176673,FR_VD,VD,2016,176673,attentes,NOM,attente,FR,lemmesTempsVecueFR
w_FR_VD_2016_183334,FR_VD,VD,2016,183334,attente,NOM,attente,FR,lemmesTempsVecueFR
w_FR_VD_2016_184045,FR_VD,VD,2016,184045,attentes,NOM,attente,FR,lemmesTempsVecueFR
w_FR_VD_2016_184413,FR_VD,VD,2016,184413,attentes,NOM,attente,FR,lemmesTempsVecueFR
w_FR_BE_2024_2906,FR_BE,BE,2024,2906,attentes,NOM,attente,FR,lemmesTempsVecueFR
w_FR_BE_2024_2930,FR_BE,BE,2024,2930,attentes,NOM,attente,FR,lemmesTempsVecueFR
w_FR_BE_2024_3422,FR_BE,BE,2024,3422,attentes,NOM,attente,FR,lemmesTempsVecueFR
w_FR_BE_2024_6313,FR_BE,BE,2024,6313,attentes,NOM,attente,FR,lemmesTempsVecueFR
w_FR_BE_2024_8087,FR_BE,BE,2024,8087,attentes,NOM,attente,FR,lemmesTempsVecueFR
w_FR_BE_2024_23220,FR_BE,BE,2024,23220,attente,NOM,attente,FR,lemmesTempsVecueFR
w_FR_VD_2013_9285,FR_VD,VD,2013,9285,attentes,NOM,attente,FR,lemmesTempsVecueFR
w_FR_VD_2013_9446,FR_VD,VD,2013,9446,attentes,NOM,attente,FR,lemmesTempsVecueFR
w_FR_VD_2013_10355,FR_VD,VD,2013,10355,attentes,NOM,attente,FR,lemmesTempsVecueFR
w_FR_VD_2013_14050,FR_VD,VD,2013,14050,attentes,NOM,attente,FR,lemmesTempsVecueFR
w_FR_VD_2013_17879,FR_VD,VD,2013,17879,attente,NOM,attente,FR,lemmesTempsVecueFR
w_FR_VD_2013_33952,FR_VD,VD,2013,33952,attentes,NOM,attente,FR,lemmesTempsVecueFR
w_FR_VD_2013_68311,FR_VD,VD,2013,68311,attente,NOM,attente,FR,lemmesTempsVecueFR
w_FR_VD_2013_68640,FR_VD,VD,2013,68640,attente,NOM,attente,FR,lemmesTempsVecueFR
w_FR_VD_2013_71779,FR_VD,VD,2013,71779,attentes,NOM,attente,FR,lemmesTempsVecueFR
w_FR_VD_2013_74861,FR_VD,VD,2013,74861,attente,NOM,attente,FR,lemmesTempsVecueFR
w_FR_VD_2013_76835,FR_VD,VD,2013,76835,attentes,NOM,attente,FR,lemmesTempsVecueFR
w_FR_VD_2013_86960,FR_VD,VD,2013,86960,attentes,NOM,attente,FR,lemmesTempsVecueFR
w_FR_VD_2013_87147,FR_VD,VD,2013,87147,attentes,NOM,attente,FR,lemmesTempsVecueFR
w_FR_VD_2013_87283,FR_VD,VD,2013,87283,attentes,NOM,attente,FR,lemmesTempsVecueFR
w_FR_VD_2013_118580,FR_VD,VD,2013,118580,attentes,NOM,attente,FR,lemmesTempsVecueFR
w_FR_VD_2013_124502,FR_VD,VD,2013,124502,attentes,NOM,attente,FR,lemmesTempsVecueFR
w_FR_VD_2013_128289,FR_VD,VD,2013,128289,attentes,NOM,attente,FR,lemmesTempsVecueFR
w_FR_VD_2013_128416,FR_VD,VD,2013,128416,attentes,NOM,attente,FR,lemmesTempsVecueFR
w_FR_VD_2013_128439,FR_VD,VD,2013,128439,attentes,NOM,attente,FR,lemmesTempsVecueFR
w_FR_VD_2013_131033,FR_VD,VD,2013,131033,attentes,NOM,attente,FR,lemmesTempsVecueFR
w_FR_VD_2013_161159,FR_VD,VD,2013,161159,attentes,NOM,attente,FR,lemmesTempsVecueFR
w_FR_VD_2013_167677,FR_VD,VD,2013,167677,attente,NOM,attente,FR,lemmesTempsVecueFR
w_FR_VD_2013_168379,FR_VD,VD,2013,168379,attentes,NOM,attente,FR,lemmesTempsVecueFR
w_FR_VD_2013_168729,FR_VD,VD,2013,168729,attentes,NOM,attente,FR,lemmesTempsVecueFR
w_FR_VD_2012_146254,FR_VD,VD,2012,146254,confort,NOM,confort,FR,lemmesTempsVecueFR
w_FR_GE_2024_23950,FR_GE,GE,2024,23950,confort,NOM,confort,FR,lemmesTempsVecueFR
w_FR_GE_2024_57957,FR_GE,GE,2024,57957,confort,NOM,confort,FR,lemmesTempsVecueFR
w_FR_GE_2024_106572,FR_GE,GE,2024,106572,confort,NOM,confort,FR,lemmesTempsVecueFR
w_FR_GE_2024_108542,FR_GE,GE,2024,108542,confort,NOM,confort,FR,lemmesTempsVecueFR
w_FR_GE_2024_108587,FR_GE,GE,2024,108587,confort,NOM,confort,FR,lemmesTempsVecueFR
w_FR_GE_2024_108705,FR_GE,GE,2024,108705,confort,NOM,confort,FR,lemmesTempsVecueFR
w_FR_GE_2024_134792,FR_GE,GE,2024,134792,confort,NOM,confort,FR,lemmesTempsVecueFR
w_FR_GE_2024_171108,FR_GE,GE,2024,171108,confort,NOM,confort,FR,lemmesTempsVecueFR
w_FR_VD_2011_117658,FR_VD,VD,2011,117658,confort,NOM,confort,FR,lemmesTempsVecueFR
w_FR_FR_2002_58805,FR_FR,FR,2002,58805,confort,NOM,confort,FR,lemmesTempsVecueFR
w_FR_FR_2002_78142,FR_FR,FR,2002,78142,confort,NOM,confort,FR,lemmesTempsVecueFR
w_FR_FR_2002_78584,FR_FR,FR,2002,78584,confort,NOM,confort,FR,lemmesTempsVecueFR
w_FR_FR_2002_87414,FR_FR,FR,2002,87414,confort,NOM,confort,FR,lemmesTempsVecueFR
w_FR_FR_2002_87560,FR_FR,FR,2002,87560,confort,NOM,confort,FR,lemmesTempsVecueFR
w_FR_FR_2002_106073,FR_FR,FR,2002,106073,confort,NOM,confort,FR,lemmesTempsVecueFR
w_FR_FR_2002_106638,FR_FR,FR,2002,106638,confort,NOM,confort,FR,lemmesTempsVecueFR
w_FR_FR_2002_138551,FR_FR,FR,2002,138551,confort,NOM,confort,FR,lemmesTempsVecueFR
w_FR_FR_2002_139014,FR_FR,FR,2002,139014,confort,NOM,confort,FR,lemmesTempsVecueFR
w_FR_VD_2022_160418,FR_VD,VD,2022,160418,confort,NOM,confort,FR,lemmesTempsVecueFR
w_FR_VD_2022_168595,FR_VD,VD,2022,168595,confort,NOM,confort,FR,lemmesTempsVecueFR
w_FR_VD_2022_170230,FR_VD,VD,2022,170230,confort,NOM,confort,FR,lemmesTempsVecueFR
w_FR_VS_2019_55824,FR_VS,VS,2019,55824,confort,NOM,confort,FR,lemmesTempsVecueFR
w_FR_VS_2019_56096,FR_VS,VS,2019,56096,confort,NOM,confort,FR,lemmesTempsVecueFR
w_FR_VS_2019_61287,FR_VS,VS,2019,61287,confort,NOM,confort,FR,lemmesTempsVecueFR
w_FR_VS_2019_94174,FR_VS,VS,2019,94174,confort,NOM,confort,FR,lemmesTempsVecueFR
w_FR_VS_2019_94553,FR_VS,VS,2019,94553,confort,NOM,confort,FR,lemmesTempsVecueFR
w_FR_VS_2019_96782,FR_VS,VS,2019,96782,confort,NOM,confort,FR,lemmesTempsVecueFR
w_FR_VS_2019_99421,FR_VS,VS,2019,99421,confort,NOM,confort,FR,lemmesTempsVecueFR
w_FR_VS_2019_100488,FR_VS,VS,2019,100488,confort,NOM,confort,FR,lemmesTempsVecueFR
w_FR_VD_2008_104695,FR_VD,VD,2008,104695,confort,NOM,confort,FR,lemmesTempsVecueFR
w_FR_NE_2011_5470,FR_NE,NE,2011,5470,confort,NOM,confort,FR,lemmesTempsVecueFR
w_FR_NE_2011_28000,FR_NE,NE,2011,28000,confort,NOM,confort,FR,lemmesTempsVecueFR
w_FR_NE_2011_96450,FR_NE,NE,2011,96450,confort,NOM,confort,FR,lemmesTempsVecueFR
w_FR_NE_2011_101390,FR_NE,NE,2011,101390,confort,NOM,confort,FR,lemmesTempsVecueFR
w_FR_NE_2011_113568,FR_NE,NE,2011,113568,confort,NOM,confort,FR,lemmesTempsVecueFR
w_FR_NE_2011_117430,FR_NE,NE,2011,117430,confort,NOM,confort,FR,lemmesTempsVecueFR
w_FR_NE_2011_133404,FR_NE,NE,2011,133404,confort,NOM,confort,FR,lemmesTempsVecueFR
w_FR_NE_2011_154168,FR_NE,NE,2011,154168,confort,NOM,confort,FR,lemmesTempsVecueFR
w_FR_NE_2011_239616,FR_NE,NE,2011,239616,confort,NOM,confort,FR,lemmesTempsVecueFR
w_FR_FR_2024_7241,FR_FR,FR,2024,7241,confort,NOM,confort,FR,lemmesTempsVecueFR
w_FR_FR_2024_73464,FR_FR,FR,2024,73464,confort,NOM,confort,FR,lemmesTempsVecueFR
w_FR_FR_2024_74050,FR_FR,FR,2024,74050,confort,NOM,confort,FR,lemmesTempsVecueFR
w_FR_FR_2024_75223,FR_FR,FR,2024,75223,confort,NOM,confort,FR,lemmesTempsVecueFR
w_FR_FR_2024_120756,FR_FR,FR,2024,120756,confort,NOM,confort,FR,lemmesTempsVecueFR
w_FR_VD_2018_160296,FR_VD,VD,2018,160296,confort,NOM,confort,FR,lemmesTempsVecueFR
w_FR_VD_2018_169753,FR_VD,VD,2018,169753,confort,NOM,confort,FR,lemmesTempsVecueFR
w_FR_VD_2016_156349,FR_VD,VD,2016,156349,confort,NOM,confort,FR,lemmesTempsVecueFR
w_FR_VD_2016_165947,FR_VD,VD,2016,165947,confort,NOM,confort,FR,lemmesTempsVecueFR
w_FR_VD_2013_146038,FR_VD,VD,2013,146038,confort,NOM,confort,FR,lemmesTempsVecueFR
w_FR_VD_2012_39724,FR_VD,VD,2012,39724,expérience,NOM,expérience,FR,lemmesTempsVecueFR
w_FR_VD_2012_45392,FR_VD,VD,2012,45392,expérience,NOM,expérience,FR,lemmesTempsVecueFR
w_FR_VD_2012_46632,FR_VD,VD,2012,46632,expérience,NOM,expérience,FR,lemmesTempsVecueFR
w_FR_VD_2012_98259,FR_VD,VD,2012,98259,expérience,NOM,expérience,FR,lemmesTempsVecueFR
w_FR_VD_2012_98318,FR_VD,VD,2012,98318,expériences,NOM,expérience,FR,lemmesTempsVecueFR
w_FR_VD_2012_109160,FR_VD,VD,2012,109160,expériences,NOM,expérience,FR,lemmesTempsVecueFR
w_FR_VD_2012_124259,FR_VD,VD,2012,124259,Expériences,NOM,expérience,FR,lemmesTempsVecueFR
w_FR_VD_2012_149811,FR_VD,VD,2012,149811,expériences,NOM,expérience,FR,lemmesTempsVecueFR
w_FR_VD_2012_152472,FR_VD,VD,2012,152472,expériences,NOM,expérience,FR,lemmesTempsVecueFR
w_FR_VD_2012_153957,FR_VD,VD,2012,153957,expériences,NOM,expérience,FR,lemmesTempsVecueFR
w_FR_VD_2012_155834,FR_VD,VD,2012,155834,expériences,NOM,expérience,FR,lemmesTempsVecueFR
w_FR_VD_2012_160346,FR_VD,VD,2012,160346,expériences,NOM,expérience,FR,lemmesTempsVecueFR
w_FR_VD_2012_166257,FR_VD,VD,2012,166257,expériences,NOM,expérience,FR,lemmesTempsVecueFR
w_FR_VD_2012_169048,FR_VD,VD,2012,169048,expérience,NOM,expérience,FR,lemmesTempsVecueFR
w_FR_BE_2013_44803,FR_BE,BE,2013,44803,expériences,NOM,expérience,FR,lemmesTempsVecueFR
w_FR_BE_2013_69245,FR_BE,BE,2013,69245,expériences,NOM,expérience,FR,lemmesTempsVecueFR
w_FR_BE_2013_73751,FR_BE,BE,2013,73751,expériences,NOM,expérience,FR,lemmesTempsVecueFR
w_FR_GE_2024_103135,FR_GE,GE,2024,103135,expériences,NOM,expérience,FR,lemmesTempsVecueFR
w_FR_BE_2016_52346,FR_BE,BE,2016,52346,expériences,NOM,expérience,FR,lemmesTempsVecueFR
w_FR_BE_2016_78956,FR_BE,BE,2016,78956,expériences,NOM,expérience,FR,lemmesTempsVecueFR
w_FR_VD_2011_21043,FR_VD,VD,2011,21043,expérience,NOM,expérience,FR,lemmesTempsVecueFR
w_FR_VD_2011_26276,FR_VD,VD,2011,26276,expérience,NOM,expérience,FR,lemmesTempsVecueFR
w_FR_VD_2011_27612,FR_VD,VD,2011,27612,expérience,NOM,expérience,FR,lemmesTempsVecueFR
w_FR_VD_2011_73449,FR_VD,VD,2011,73449,expérience,NOM,expérience,FR,lemmesTempsVecueFR
w_FR_VD_2011_73508,FR_VD,VD,2011,73508,expériences,NOM,expérience,FR,lemmesTempsVecueFR
w_FR_VD_2011_84109,FR_VD,VD,2011,84109,expériences,NOM,expérience,FR,lemmesTempsVecueFR
w_FR_VD_2011_98429,FR_VD,VD,2011,98429,Expériences,NOM,expérience,FR,lemmesTempsVecueFR
w_FR_VD_2011_121159,FR_VD,VD,2011,121159,expériences,NOM,expérience,FR,lemmesTempsVecueFR
w_FR_VD_2011_123826,FR_VD,VD,2011,123826,expériences,NOM,expérience,FR,lemmesTempsVecueFR
w_FR_VD_2011_125345,FR_VD,VD,2011,125345,expériences,NOM,expérience,FR,lemmesTempsVecueFR
w_FR_VD_2011_127244,FR_VD,VD,2011,127244,expériences,NOM,expérience,FR,lemmesTempsVecueFR
w_FR_VD_2011_131759,FR_VD,VD,2011,131759,expériences,NOM,expérience,FR,lemmesTempsVecueFR
w_FR_VD_2011_176143,FR_VD,VD,2011,176143,expériences,NOM,expérience,FR,lemmesTempsVecueFR
w_FR_VD_2011_178816,FR_VD,VD,2011,178816,expérience,NOM,expérience,FR,lemmesTempsVecueFR
w_FR_VD_2011_186997,FR_VD,VD,2011,186997,Expériences,NOM,expérience,FR,lemmesTempsVecueFR
w_FR_BE_2012_44820,FR_BE,BE,2012,44820,expériences,NOM,expérience,FR,lemmesTempsVecueFR
w_FR_BE_2012_68587,FR_BE,BE,2012,68587,expériences,NOM,expérience,FR,lemmesTempsVecueFR
w_FR_BE_2012_73685,FR_BE,BE,2012,73685,expériences,NOM,expérience,FR,lemmesTempsVecueFR
w_FR_FR_2002_132542,FR_FR,FR,2002,132542,expériences,NOM,expérience,FR,lemmesTempsVecueFR
w_FR_FR_2002_151339,FR_FR,FR,2002,151339,expériences,NOM,expérience,FR,lemmesTempsVecueFR
w_FR_VD_2022_43175,FR_VD,VD,2022,43175,expérience,NOM,expérience,FR,lemmesTempsVecueFR
w_FR_VD_2022_48507,FR_VD,VD,2022,48507,expérience,NOM,expérience,FR,lemmesTempsVecueFR
w_FR_VD_2022_50328,FR_VD,VD,2022,50328,expérience,NOM,expérience,FR,lemmesTempsVecueFR
w_FR_VD_2022_120985,FR_VD,VD,2022,120985,expériences,NOM,expérience,FR,lemmesTempsVecueFR
w_FR_VD_2022_164227,FR_VD,VD,2022,164227,expériences,NOM,expérience,FR,lemmesTempsVecueFR
w_FR_VD_2022_167528,FR_VD,VD,2022,167528,expériences,NOM,expérience,FR,lemmesTempsVecueFR
w_FR_VD_2022_174372,FR_VD,VD,2022,174372,expériences,NOM,expérience,FR,lemmesTempsVecueFR
w_FR_VD_2022_177328,FR_VD,VD,2022,177328,expérience,NOM,expérience,FR,lemmesTempsVecueFR
w_FR_VD_2022_183577,FR_VD,VD,2022,183577,expériences,NOM,expérience,FR,lemmesTempsVecueFR
w_FR_VD_2022_186745,FR_VD,VD,2022,186745,expérience,NOM,expérience,FR,lemmesTempsVecueFR
w_FR_VS_2019_53178,FR_VS,VS,2019,53178,expériences,NOM,expérience,FR,lemmesTempsVecueFR
w_FR_VS_2019_55883,FR_VS,VS,2019,55883,expérience,NOM,expérience,FR,lemmesTempsVecueFR
w_FR_VS_2019_100548,FR_VS,VS,2019,100548,expérience,NOM,expérience,FR,lemmesTempsVecueFR
w_FR_VS_2019_106261,FR_VS,VS,2019,106261,expérience,NOM,expérience,FR,lemmesTempsVecueFR
w_FR_BE_2008_41567,FR_BE,BE,2008,41567,expériences,NOM,expérience,FR,lemmesTempsVecueFR
w_FR_BE_2008_41645,FR_BE,BE,2008,41645,expériences,NOM,expérience,FR,lemmesTempsVecueFR
w_FR_BE_2008_68918,FR_BE,BE,2008,68918,expériences,NOM,expérience,FR,lemmesTempsVecueFR
w_FR_BE_2008_88109,FR_BE,BE,2008,88109,expériences,NOM,expérience,FR,lemmesTempsVecueFR
w_FR_VD_2008_18970,FR_VD,VD,2008,18970,expérience,NOM,expérience,FR,lemmesTempsVecueFR
w_FR_VD_2008_24103,FR_VD,VD,2008,24103,expérience,NOM,expérience,FR,lemmesTempsVecueFR
w_FR_VD_2008_25230,FR_VD,VD,2008,25230,expérience,NOM,expérience,FR,lemmesTempsVecueFR
w_FR_VD_2008_59022,FR_VD,VD,2008,59022,expérience,NOM,expérience,FR,lemmesTempsVecueFR
w_FR_VD_2008_59477,FR_VD,VD,2008,59477,expérience,NOM,expérience,FR,lemmesTempsVecueFR
w_FR_VD_2008_69109,FR_VD,VD,2008,69109,expérience,NOM,expérience,FR,lemmesTempsVecueFR
w_FR_VD_2008_69171,FR_VD,VD,2008,69171,expérience,NOM,expérience,FR,lemmesTempsVecueFR
w_FR_VD_2008_69227,FR_VD,VD,2008,69227,expériences,NOM,expérience,FR,lemmesTempsVecueFR
w_FR_VD_2008_79693,FR_VD,VD,2008,79693,expériences,NOM,expérience,FR,lemmesTempsVecueFR
w_FR_VD_2008_87758,FR_VD,VD,2008,87758,Expériences,NOM,expérience,FR,lemmesTempsVecueFR
w_FR_VD_2008_154547,FR_VD,VD,2008,154547,expériences,NOM,expérience,FR,lemmesTempsVecueFR
w_FR_VD_2008_157220,FR_VD,VD,2008,157220,expérience,NOM,expérience,FR,lemmesTempsVecueFR
w_FR_VD_2008_165401,FR_VD,VD,2008,165401,Expériences,NOM,expérience,FR,lemmesTempsVecueFR
w_FR_NE_2011_131339,FR_NE,NE,2011,131339,expériences,NOM,expérience,FR,lemmesTempsVecueFR
w_FR_NE_2011_301906,FR_NE,NE,2011,301906,expériences,NOM,expérience,FR,lemmesTempsVecueFR
w_FR_BE_2002_38381,FR_BE,BE,2002,38381,expériences,NOM,expérience,FR,lemmesTempsVecueFR
w_FR_BE_2002_38457,FR_BE,BE,2002,38457,expériences,NOM,expérience,FR,lemmesTempsVecueFR
w_FR_BE_2002_62798,FR_BE,BE,2002,62798,expériences,NOM,expérience,FR,lemmesTempsVecueFR
w_FR_VD_2018_42508,FR_VD,VD,2018,42508,expérience,NOM,expérience,FR,lemmesTempsVecueFR
w_FR_VD_2018_47778,FR_VD,VD,2018,47778,expérience,NOM,expérience,FR,lemmesTempsVecueFR
w_FR_VD_2018_49563,FR_VD,VD,2018,49563,expérience,NOM,expérience,FR,lemmesTempsVecueFR
w_FR_VD_2018_107164,FR_VD,VD,2018,107164,expérience,NOM,expérience,FR,lemmesTempsVecueFR
w_FR_VD_2018_107223,FR_VD,VD,2018,107223,expériences,NOM,expérience,FR,lemmesTempsVecueFR
w_FR_VD_2018_119650,FR_VD,VD,2018,119650,expériences,NOM,expérience,FR,lemmesTempsVecueFR
w_FR_VD_2018_138382,FR_VD,VD,2018,138382,Expériences,NOM,expérience,FR,lemmesTempsVecueFR
w_FR_VD_2018_164441,FR_VD,VD,2018,164441,expériences,NOM,expérience,FR,lemmesTempsVecueFR
w_FR_VD_2018_167616,FR_VD,VD,2018,167616,expériences,NOM,expérience,FR,lemmesTempsVecueFR
w_FR_VD_2018_171140,FR_VD,VD,2018,171140,expériences,NOM,expérience,FR,lemmesTempsVecueFR
w_FR_VD_2018_174794,FR_VD,VD,2018,174794,expériences,NOM,expérience,FR,lemmesTempsVecueFR
w_FR_VD_2018_179221,FR_VD,VD,2018,179221,expériences,NOM,expérience,FR,lemmesTempsVecueFR
w_FR_VD_2018_185289,FR_VD,VD,2018,185289,expériences,NOM,expérience,FR,lemmesTempsVecueFR
w_FR_VD_2018_188450,FR_VD,VD,2018,188450,expérience,NOM,expérience,FR,lemmesTempsVecueFR
w_FR_BE_2006_41565,FR_BE,BE,2006,41565,expériences,NOM,expérience,FR,lemmesTempsVecueFR
w_FR_BE_2006_41643,FR_BE,BE,2006,41643,expériences,NOM,expérience,FR,lemmesTempsVecueFR
w_FR_BE_2006_68992,FR_BE,BE,2006,68992,expériences,NOM,expérience,FR,lemmesTempsVecueFR
w_FR_BE_2006_87688,FR_BE,BE,2006,87688,expériences,NOM,expérience,FR,lemmesTempsVecueFR
w_FR_BE_2010_44830,FR_BE,BE,2010,44830,expériences,NOM,expérience,FR,lemmesTempsVecueFR
w_FR_BE_2010_68597,FR_BE,BE,2010,68597,expériences,NOM,expérience,FR,lemmesTempsVecueFR
w_FR_BE_2010_73695,FR_BE,BE,2010,73695,expériences,NOM,expérience,FR,lemmesTempsVecueFR
w_FR_VD_2016_41199,FR_VD,VD,2016,41199,expérience,NOM,expérience,FR,lemmesTempsVecueFR
w_FR_VD_2016_46956,FR_VD,VD,2016,46956,expérience,NOM,expérience,FR,lemmesTempsVecueFR
w_FR_VD_2016_48441,FR_VD,VD,2016,48441,expérience,NOM,expérience,FR,lemmesTempsVecueFR
w_FR_VD_2016_103314,FR_VD,VD,2016,103314,expérience,NOM,expérience,FR,lemmesTempsVecueFR
w_FR_VD_2016_103373,FR_VD,VD,2016,103373,expériences,NOM,expérience,FR,lemmesTempsVecueFR
w_FR_VD_2016_115827,FR_VD,VD,2016,115827,expériences,NOM,expérience,FR,lemmesTempsVecueFR
w_FR_VD_2016_134462,FR_VD,VD,2016,134462,Expériences,NOM,expérience,FR,lemmesTempsVecueFR
w_FR_VD_2016_160559,FR_VD,VD,2016,160559,expériences,NOM,expérience,FR,lemmesTempsVecueFR
w_FR_VD_2016_163781,FR_VD,VD,2016,163781,expériences,NOM,expérience,FR,lemmesTempsVecueFR
w_FR_VD_2016_167358,FR_VD,VD,2016,167358,expériences,NOM,expérience,FR,lemmesTempsVecueFR
w_FR_VD_2016_171066,FR_VD,VD,2016,171066,expériences,NOM,expérience,FR,lemmesTempsVecueFR
w_FR_VD_2016_175556,FR_VD,VD,2016,175556,expériences,NOM,expérience,FR,lemmesTempsVecueFR
w_FR_VD_2016_181684,FR_VD,VD,2016,181684,expériences,NOM,expérience,FR,lemmesTempsVecueFR
w_FR_VD_2016_184582,FR_VD,VD,2016,184582,expérience,NOM,expérience,FR,lemmesTempsVecueFR
w_FR_BE_2024_31169,FR_BE,BE,2024,31169,expériences,NOM,expérience,FR,lemmesTempsVecueFR
w_FR_BE_2024_62321,FR_BE,BE,2024,62321,expériences,NOM,expérience,FR,lemmesTempsVecueFR
w_FR_BE_2024_63543,FR_BE,BE,2024,63543,expériences,NOM,expérience,FR,lemmesTempsVecueFR
w_FR_VD_2013_39891,FR_VD,VD,2013,39891,expérience,NOM,expérience,FR,lemmesTempsVecueFR
w_FR_VD_2013_45569,FR_VD,VD,2013,45569,expérience,NOM,expérience,FR,lemmesTempsVecueFR
w_FR_VD_2013_46812,FR_VD,VD,2013,46812,expérience,NOM,expérience,FR,lemmesTempsVecueFR
w_FR_VD_2013_98481,FR_VD,VD,2013,98481,expérience,NOM,expérience,FR,lemmesTempsVecueFR
w_FR_VD_2013_98540,FR_VD,VD,2013,98540,expériences,NOM,expérience,FR,lemmesTempsVecueFR
w_FR_VD_2013_109398,FR_VD,VD,2013,109398,expériences,NOM,expérience,FR,lemmesTempsVecueFR
w_FR_VD_2013_124498,FR_VD,VD,2013,124498,Expériences,NOM,expérience,FR,lemmesTempsVecueFR
w_FR_VD_2013_149606,FR_VD,VD,2013,149606,expériences,NOM,expérience,FR,lemmesTempsVecueFR
w_FR_VD_2013_152269,FR_VD,VD,2013,152269,expériences,NOM,expérience,FR,lemmesTempsVecueFR
w_FR_VD_2013_153755,FR_VD,VD,2013,153755,expériences,NOM,expérience,FR,lemmesTempsVecueFR
w_FR_VD_2013_155632,FR_VD,VD,2013,155632,expériences,NOM,expérience,FR,lemmesTempsVecueFR
w_FR_VD_2013_160194,FR_VD,VD,2013,160194,expériences,NOM,expérience,FR,lemmesTempsVecueFR
w_FR_VD_2013_166121,FR_VD,VD,2013,166121,expériences,NOM,expérience,FR,lemmesTempsVecueFR
w_FR_VD_2013_168911,FR_VD,VD,2013,168911,expérience,NOM,expérience,FR,lemmesTempsVecueFR
w_FR_BE_2013_102027,FR_BE,BE,2013,102027,ressentis,VER:pper,ressentir,FR,lemmesTempsVecueFR
w_FR_BE_2016_121324,FR_BE,BE,2016,121324,ressentis,VER:pper,ressentir,FR,lemmesTempsVecueFR
w_FR_BE_2012_105173,FR_BE,BE,2012,105173,ressentis,VER:pper,ressentir,FR,lemmesTempsVecueFR
w_FR_BE_2008_88851,FR_BE,BE,2008,88851,ressentis,VER:pper,ressentir,FR,lemmesTempsVecueFR
w_FR_NE_2011_149567,FR_NE,NE,2011,149567,ressent,VER:pres,ressentir,FR,lemmesTempsVecueFR
w_FR_BE_2002_78473,FR_BE,BE,2002,78473,ressentis,VER:pper,ressentir,FR,lemmesTempsVecueFR
w_FR_BE_2006_88430,FR_BE,BE,2006,88430,ressentis,VER:pper,ressentir,FR,lemmesTempsVecueFR
w_FR_BE_2010_105150,FR_BE,BE,2010,105150,ressentis,VER:pper,ressentir,FR,lemmesTempsVecueFR
w_FR_BE_2024_15356,FR_BE,BE,2024,15356,ressent,VER:pres,ressentir,FR,lemmesTempsVecueFR
w_FR_BE_2024_88724,FR_BE,BE,2024,88724,ressentis,VER:pper,ressentir,FR,lemmesTempsVecueFR
w_FR_VD_2012_13021,FR_VD,VD,2012,13021,agréable,ADJ,agréable,FR,lemmesTempsVecueFR
w_FR_VD_2012_14273,FR_VD,VD,2012,14273,agréable,ADJ,agréable,FR,lemmesTempsVecueFR
w_FR_VD_2012_20059,FR_VD,VD,2012,20059,agréables,ADJ,agréable,FR,lemmesTempsVecueFR
w_FR_VD_2012_50233,FR_VD,VD,2012,50233,agréables,ADJ,agréable,FR,lemmesTempsVecueFR
w_FR_VD_2012_54458,FR_VD,VD,2012,54458,agréables,ADJ,agréable,FR,lemmesTempsVecueFR
w_FR_GE_2024_5721,FR_GE,GE,2024,5721,agréables,ADJ,agréable,FR,lemmesTempsVecueFR
w_FR_GE_2024_16575,FR_GE,GE,2024,16575,agréables,ADJ,agréable,FR,lemmesTempsVecueFR
w_FR_GE_2024_24463,FR_GE,GE,2024,24463,agréable,ADJ,agréable,FR,lemmesTempsVecueFR
w_FR_GE_2024_26697,FR_GE,GE,2024,26697,agréables,ADJ,agréable,FR,lemmesTempsVecueFR
w_FR_GE_2024_26753,FR_GE,GE,2024,26753,agréable,ADJ,agréable,FR,lemmesTempsVecueFR
w_FR_GE_2024_90972,FR_GE,GE,2024,90972,agréable,ADJ,agréable,FR,lemmesTempsVecueFR
w_FR_GE_2024_132027,FR_GE,GE,2024,132027,agréables,ADJ,agréable,FR,lemmesTempsVecueFR
w_FR_GE_2024_200385,FR_GE,GE,2024,200385,agréables,ADJ,agréable,FR,lemmesTempsVecueFR
w_FR_BE_2016_79671,FR_BE,BE,2016,79671,agréable,ADJ,agréable,FR,lemmesTempsVecueFR
w_FR_JU_2018_7351,FR_JU,JU,2018,7351,agréables,ADJ,agréable,FR,lemmesTempsVecueFR
w_FR_VD_2011_3318,FR_VD,VD,2011,3318,agréables,ADJ,agréable,FR,lemmesTempsVecueFR
w_FR_VD_2011_34537,FR_VD,VD,2011,34537,agréables,ADJ,agréable,FR,lemmesTempsVecueFR
w_FR_VD_2011_149773,FR_VD,VD,2011,149773,agréable,ADJ,agréable,FR,lemmesTempsVecueFR
w_FR_VD_2011_159742,FR_VD,VD,2011,159742,agréables,ADJ,agréable,FR,lemmesTempsVecueFR
w_FR_FR_2002_132259,FR_FR,FR,2002,132259,agréable,ADJ,agréable,FR,lemmesTempsVecueFR
w_FR_FR_2002_156864,FR_FR,FR,2002,156864,agréables,ADJ,agréable,FR,lemmesTempsVecueFR
w_FR_VD_2022_13471,FR_VD,VD,2022,13471,agréable,ADJ,agréable,FR,lemmesTempsVecueFR
w_FR_VD_2022_14794,FR_VD,VD,2022,14794,agréable,ADJ,agréable,FR,lemmesTempsVecueFR
w_FR_VD_2022_19913,FR_VD,VD,2022,19913,agréables,ADJ,agréable,FR,lemmesTempsVecueFR
w_FR_VD_2022_54105,FR_VD,VD,2022,54105,agréables,ADJ,agréable,FR,lemmesTempsVecueFR
w_FR_VD_2022_59341,FR_VD,VD,2022,59341,agréables,ADJ,agréable,FR,lemmesTempsVecueFR
w_FR_VS_2019_10539,FR_VS,VS,2019,10539,agréables,ADJ,agréable,FR,lemmesTempsVecueFR
w_FR_VS_2019_11738,FR_VS,VS,2019,11738,agréable,ADJ,agréable,FR,lemmesTempsVecueFR
w_FR_VD_2008_3159,FR_VD,VD,2008,3159,agréables,ADJ,agréable,FR,lemmesTempsVecueFR
w_FR_VD_2008_31890,FR_VD,VD,2008,31890,agréables,ADJ,agréable,FR,lemmesTempsVecueFR
w_FR_VD_2008_125682,FR_VD,VD,2008,125682,agréable,ADJ,agréable,FR,lemmesTempsVecueFR
w_FR_VD_2008_135650,FR_VD,VD,2008,135650,agréables,ADJ,agréable,FR,lemmesTempsVecueFR
w_FR_NE_2011_99583,FR_NE,NE,2011,99583,agréable,ADJ,agréable,FR,lemmesTempsVecueFR
w_FR_VD_2018_13165,FR_VD,VD,2018,13165,agréable,ADJ,agréable,FR,lemmesTempsVecueFR
w_FR_VD_2018_14481,FR_VD,VD,2018,14481,agréable,ADJ,agréable,FR,lemmesTempsVecueFR
w_FR_VD_2018_19510,FR_VD,VD,2018,19510,agréables,ADJ,agréable,FR,lemmesTempsVecueFR
w_FR_VD_2018_53303,FR_VD,VD,2018,53303,agréables,ADJ,agréable,FR,lemmesTempsVecueFR
w_FR_VD_2018_58477,FR_VD,VD,2018,58477,agréables,ADJ,agréable,FR,lemmesTempsVecueFR
w_FR_VD_2016_13325,FR_VD,VD,2016,13325,agréable,ADJ,agréable,FR,lemmesTempsVecueFR
w_FR_VD_2016_14598,FR_VD,VD,2016,14598,agréable,ADJ,agréable,FR,lemmesTempsVecueFR
w_FR_VD_2016_20451,FR_VD,VD,2016,20451,agréables,ADJ,agréable,FR,lemmesTempsVecueFR
w_FR_VD_2016_52153,FR_VD,VD,2016,52153,agréables,ADJ,agréable,FR,lemmesTempsVecueFR
w_FR_VD_2016_57057,FR_VD,VD,2016,57057,agréables,ADJ,agréable,FR,lemmesTempsVecueFR
w_FR_BE_2024_22014,FR_BE,BE,2024,22014,agréable,ADJ,agréable,FR,lemmesTempsVecueFR
w_FR_BE_2024_23221,FR_BE,BE,2024,23221,agréables,ADJ,agréable,FR,lemmesTempsVecueFR
w_FR_BE_2024_27857,FR_BE,BE,2024,27857,agréables,ADJ,agréable,FR,lemmesTempsVecueFR
w_FR_BE_2024_28183,FR_BE,BE,2024,28183,agréables,ADJ,agréable,FR,lemmesTempsVecueFR
w_FR_BE_2024_53523,FR_BE,BE,2024,53523,agréables,ADJ,agréable,FR,lemmesTempsVecueFR
w_FR_BE_2024_53783,FR_BE,BE,2024,53783,agréable,ADJ,agréable,FR,lemmesTempsVecueFR
w_FR_BE_2024_54032,FR_BE,BE,2024,54032,agréable,ADJ,agréable,FR,lemmesTempsVecueFR
w_FR_VD_2013_13159,FR_VD,VD,2013,13159,agréable,ADJ,agréable,FR,lemmesTempsVecueFR
w_FR_VD_2013_14412,FR_VD,VD,2013,14412,agréable,ADJ,agréable,FR,lemmesTempsVecueFR
w_FR_VD_2013_20199,FR_VD,VD,2013,20199,agréables,ADJ,agréable,FR,lemmesTempsVecueFR
w_FR_VD_2013_50425,FR_VD,VD,2013,50425,agréables,ADJ,agréable,FR,lemmesTempsVecueFR
w_FR_VD_2013_54658,FR_VD,VD,2013,54658,agréables,ADJ,agréable,FR,lemmesTempsVecueFR
